title,store,original_price,current_price,unit_price,unit,image_url
"Cūkgaļas lāpstiņa bez kaula, ar ādu, 1 kg",maxima.lv,5.29,2.49,2.49,€/kg,https://www.maxima.lv/uploads/sale/2026/sales_page/09/24//cukgalas-lapstina-bez-kaula-ar-adu-00241-0924164633.png?1790257593
"Lasis, 1 kg, atdzesēts",maxima.lv,11.99,7.99,7.99,€/kg,https://www.maxima.lv/uploads/sale/2026/sales_page/09/24//lasis-00242-0924164633.png?1790257593
"Tilzītes siers CESVAINE, 1 kg, 50%",maxima.lv,12.99,5.99,5.99,€/kg,https://www.maxima.lv/uploads/sale/2026/sales_page/09/24//tilzites-siers-cesvaine-00243-0924164633.png?1790257593
Kaķu barībai WHISKAS,maxima.lv,,,,,https://www.maxima.lv/uploads/sale/2026/sales_page/09/24//kaku-baribai-whiskas-00244-0924164633.png?1790257593
"Gāzēts dzēriens COCA-COLA, FANTA vai SPRITE, 330 ml, trīs veidi (1,48 €/l); (3,00 €/l)",maxima.lv,,0.49,1.48,€/l,https://www.maxima.lv/uploads/sale/2026/sales_page/09/24//gazets-dzeriens-coca-cola-fanta-vai-sprite-00245-0924164633.png?1790257593
"Čipsi ĀDAŽU DRAUGU PAKA, 180 g, ar siera vai tomātu garšu.  (7,17 €/kg); (8,83 €/kg); (16,61 €/kg)",maxima.lv,,1.29,7.17,€/kg,https://www.maxima.lv/uploads/sale/2026/sales_page/09/24//cipsi-adazu-draugu-paka-00246-0928154602.png?1790599562
"Biezpiens WELL DONE, 1 kg, 9%.",maxima.lv,,3.49,3.49,€/kg,https://www.maxima.lv/uploads/sale/2026/sales_page/09/24//biezpiens-well-done-00247-0924164635.png?1790257595
"Kūtī dētas vistu olas ZEMNIEKU, 1 iepak./10 gab., A kategorija.  (0,16 €/gab.); (0,18 €/gab.); (0,27 €/gab.)",maxima.lv,,1.59,,,https://www.maxima.lv/uploads/sale/2026/sales_page/09/24//kuti-detas-vistu-olas-zemnieku-00248-0928154602.png?1790599562
"Burkāni, 1 kg",maxima.lv,0.69,0.29,0.29,€/kg,https://www.maxima.lv/uploads/sale/2026/sales_page/09/24//burkani-00249-0924164635.png?1790257595
"Mellenes spainītī, 400 g (12,48 €/kg)",maxima.lv,5.49,4.99,12.48,€/kg,https://www.maxima.lv/uploads/sale/2026/sales_page/09/24//mellenes-spainiti-00250-0924164635.png?1790257595
"Latvijas garie gurķi, 1 gab.",maxima.lv,0.98,0.69,,,https://www.maxima.lv/uploads/sale/2026/sales_page/09/24//latvijas-garie-gurki-00251-0924164635.png?1790257595
"Latvijas āboli, 1 kg",maxima.lv,,1.29,1.29,€/kg,https://www.maxima.lv/uploads/sale/2026/sales_page/09/24//latvijas-aboli-00252-0924164635.png?1790257595
"Bumbieri PACHAM, 1 kg",maxima.lv,,1.99,1.99,€/kg,https://www.maxima.lv/uploads/sale/2026/sales_page/09/24//bumbieri-pacham-00253-0924164635.png?1790257595
"Avokado HASS, 750 g
                            (4,65 €/kg)",maxima.lv,,3.49,4.65,€/kg,https://www.maxima.lv/uploads/sale/2026/sales_page/09/24//avokado-hass-00254-0924164635.png?1790257595
"Citroni WELL DONE, 500 g
                            (3,38 €/kg)",maxima.lv,,1.69,3.38,€/kg,https://www.maxima.lv/uploads/sale/2026/sales_page/09/24//citroni-well-done-00255-0924164635.png?1790257595
"Dzeltenie kivi, 500 g
                            (7,90 €/kg)",maxima.lv,,3.95,7.90,€/kg,https://www.maxima.lv/uploads/sale/2026/sales_page/09/24//dzeltenie-kivi-00256-0924164649.png?1790257609
"Sarkanais pomelo, 1 gab.",maxima.lv,,2.69,,,https://www.maxima.lv/uploads/sale/2026/sales_page/09/24//sarkanais-pomelo-00257-0924164649.png?1790257609
"Paprika MIX WELL DONE, 500 g
                            (3,98 €/kg)",maxima.lv,,1.99,3.98,€/kg,https://www.maxima.lv/uploads/sale/2026/sales_page/09/24//paprika-mix-well-done-00258-0924164649.png?1790257609
"Salāti ROMIEŠU, 1 gab.",maxima.lv,,1.59,,,https://www.maxima.lv/uploads/sale/2026/sales_page/09/24//salati-romiesu-00259-0924164649.png?1790257609
"Salātu maisījums WELL DONE, 150 g, trīs veidi
                            (9,93 €/kg)",maxima.lv,,1.49,9.93,€/kg,https://www.maxima.lv/uploads/sale/2026/sales_page/09/24//salatu-maisijums-well-done-00260-0924164649.png?1790257609
"Latvijas tomātu asorti, 1 kg",maxima.lv,,2.69,2.69,€/kg,https://www.maxima.lv/uploads/sale/2026/sales_page/09/24//latvijas-tomatu-asorti-00261-0924164649.png?1790257609
"Ķiploki, 100 g
                            (7,90 €/kg)",maxima.lv,,0.79,7.90,€/kg,https://www.maxima.lv/uploads/sale/2026/sales_page/09/24//kiploki-00262-0924164649.png?1790257609
"Sīpoli, 1 kg",maxima.lv,,0.69,0.69,€/kg,https://www.maxima.lv/uploads/sale/2026/sales_page/09/24//sipoli-00263-0924164649.png?1790257609
"Zaļie cukīni, 1 kg",maxima.lv,,1.29,1.29,€/kg,https://www.maxima.lv/uploads/sale/2026/sales_page/09/24//zalie-cukini-00264-0924164649.png?1790257609
"Sarkanie kartupeļi, 2,5 kg",maxima.lv,,1.69,0.68,€/kg,https://www.maxima.lv/uploads/sale/2026/sales_page/09/24//sarkanie-kartupeli-00265-0924164649.png?1790257609
"Rutki, 1 kg",maxima.lv,,0.99,0.99,€/kg,https://www.maxima.lv/uploads/sale/2026/sales_page/09/24//rutki-00266-0924164623.png?1790257583
"Melones VIDUSĀZIJAS, 1 kg",maxima.lv,1.19,0.79,0.79,€/kg,https://www.maxima.lv/uploads/sale/2026/sales_page/09/24//melones-vidusazijas-00267-0924164623.png?1790257583
"Tumšās plūmes LEPOTIKA, 1 kg",maxima.lv,1.29,0.89,0.89,€/kg,https://www.maxima.lv/uploads/sale/2026/sales_page/09/24//tumsas-plumes-lepotika-00268-0924164623.png?1790257583
"Kāposti, 1 kg",maxima.lv,0.69,0.39,0.39,€/kg,https://www.maxima.lv/uploads/sale/2026/sales_page/09/24//kaposti-00269-0924164623.png?1790257583
"Lielie bumbieri CONFERENCE, 1 kg",maxima.lv,1.99,1.49,1.49,€/kg,https://www.maxima.lv/uploads/sale/2026/sales_page/09/24//lielie-bumbieri-conference-00270-0924164623.png?1790257583
"Gaišās vīnogas bez kauliņiem THOMPSON, 500 g (2,98 €/kg)",maxima.lv,1.99,1.49,2.98,€/kg,https://www.maxima.lv/uploads/sale/2026/sales_page/09/24//gaisas-vinogas-bez-kauliniem-thompson-00271-0924164623.png?1790257583
"Lielie apelsīni VALENCIA, 1 kg",maxima.lv,1.99,1.29,1.29,€/kg,https://www.maxima.lv/uploads/sale/2026/sales_page/09/24//lielie-apelsini-valencia-00272-0924164623.png?1790257583
"Dzeltenie tomāti, 1 kg",maxima.lv,2.99,2.19,2.19,€/kg,https://www.maxima.lv/uploads/sale/2026/sales_page/09/24//dzeltenie-tomati-00273-0924164623.png?1790257583
"Baltā paprika, 1 kg",maxima.lv,2.49,1.99,1.99,€/kg,https://www.maxima.lv/uploads/sale/2026/sales_page/09/24//balta-paprika-00274-0924164623.png?1790257583
"Saldā kukurūza, 1 gab.",maxima.lv,1.19,0.79,,,https://www.maxima.lv/uploads/sale/2026/sales_page/09/24//salda-kukuruza-00275-0924164623.png?1790257583
"Latvijas lapu salāti, 1 gab., divi veidi",maxima.lv,1.19,0.89,,,https://www.maxima.lv/uploads/sale/2026/sales_page/09/24//latvijas-lapu-salati-00276-0924164616.png?1790257576
"Štovēti kāposti ar karamelizētiem sīpoliem DIMDIŅI, 500 g (3,18 €/kg)",maxima.lv,2.19,1.59,3.18,€/kg,https://www.maxima.lv/uploads/sale/2026/sales_page/09/24//stoveti-kaposti-ar-karamelizetiem-sipoliem-dimdini-00277-0924164616.png?1790257576
Puķu sīpoliņiem,maxima.lv,,,,,https://www.maxima.lv/uploads/sale/2026/sales_page/09/24//puku-sipoliniem-00278-0924164616.png?1790257576
"Telpaugs ORHIDEJA MIX, 1 gab., dažādas krāsas",maxima.lv,8.99,4.99,,,https://www.maxima.lv/uploads/sale/2026/sales_page/09/24//telpaugs-orhideja-mix-00279-0924164616.png?1790257576
"Grieztie ziedi ROZES, 1 iepak./11 gab.  (0,36 €/gab.)",maxima.lv,5.99,3.99,,,https://www.maxima.lv/uploads/sale/2026/sales_page/09/24//grieztie-ziedi-rozes-00280-0924164616.png?1790257576
"Piens TALSU, 1 l, 2,5%",maxima.lv,1.19,0.89,0.89,€/l,https://www.maxima.lv/uploads/sale/2026/sales_page/09/24//piens-talsu-00281-0924164616.png?1790257576
"Skābais krējums EXPORTA, 360 g, 12% (3,58 €/kg); (5,14 €/kg)",maxima.lv,,1.29,3.58,€/kg,https://www.maxima.lv/uploads/sale/2026/sales_page/09/24//skabais-krejums-exporta-00282-0924164616.png?1790257576
"Kausētais siers LACTIMA šķēlēs, 2x 100 g, BURGER vai SANDWICH (7,45 €/kg)",maxima.lv,2.98,1.49,14.90,€/kg,https://www.maxima.lv/uploads/sale/2026/sales_page/09/24//kausetais-siers-lactima-skeles-00283-0924164616.png?1790257576
"Augu dzēriens ALPRO, 1 l, trīs veidi",maxima.lv,,2.29,2.29,€/l,https://www.maxima.lv/uploads/sale/2026/sales_page/09/24//augu-dzeriens-alpro-00284-0924164616.png?1790257576
"Kefirs LIMBAŽU PIENS, 1 kg, 2,5%",maxima.lv,1.69,1.19,1.19,€/kg,https://www.maxima.lv/uploads/sale/2026/sales_page/09/24//kefirs-limbazu-piens-00285-0924164616.png?1790257576
"Sviests VALMIERA, 180 g, 82% (7,72 €/kg); (17,72 €/kg)",maxima.lv,,1.39,7.72,€/kg,https://www.maxima.lv/uploads/sale/2026/sales_page/09/24//sviests-valmiera-00286-0924164626.png?1790257586
"Brokastu majonēze SPILVA, 250 g (3,96 €/kg); (5,56 €/kg)",maxima.lv,,0.99,3.96,€/kg,https://www.maxima.lv/uploads/sale/2026/sales_page/09/24//brokastu-majoneze-spilva-00287-0924164626.png?1790257586
"Biezpiens TALSU, 300 g, 9% (4,97 €/kg)",maxima.lv,1.99,1.49,4.97,€/kg,https://www.maxima.lv/uploads/sale/2026/sales_page/09/24//biezpiens-talsu-00288-0924164626.png?1790257586
"Proteīna dzēriens PIENA SPĒKS ar zemeņu garšu, 460 g (3,02 €/kg)",maxima.lv,1.79,1.39,3.02,€/kg,https://www.maxima.lv/uploads/sale/2026/sales_page/09/24//proteina-dzeriens-piena-speks-ar-zemenu-garsu-00289-0924164626.png?1790257586
"Jogurta dzēriens ACTIVIA, 300 g, zemeņu-kivi vai aveņu-granātābolu (3,97 €/kg); (5,30 €/kg)",maxima.lv,,1.19,3.97,€/kg,https://www.maxima.lv/uploads/sale/2026/sales_page/09/24//jogurta-dzeriens-activia-00290-0924164626.png?1790257586
"Jogurts ACTIVIA, 1 iepak./4x 120 g, zemeņu vai ķiršu (4,98 €/kg); (7,27 €/kg)",maxima.lv,,2.39,19.92,€/kg,https://www.maxima.lv/uploads/sale/2026/sales_page/09/24//jogurts-activia-00291-0924164619.png?1790257579
"Biezpiena deserts LATGALE, 160 g, persiku vai upeņu (4,94 €/kg)",maxima.lv,1.19,0.79,4.94,€/kg,https://www.maxima.lv/uploads/sale/2026/sales_page/09/24//biezpiena-deserts-latgale-00292-0924164619.png?1790257579
"Jogurta dzēriens ACTIMEL, 1 iepak./12x 100 g, zemeņu-kazeņu-melleņu (3,33 €/kg); (4,99 €/kg)",maxima.lv,,3.99,39.90,€/kg,https://www.maxima.lv/uploads/sale/2026/sales_page/09/24//jogurta-dzeriens-actimel-00293-0924164619.png?1790257579
Graudainajam biezpienam ANNELE,maxima.lv,,,,,https://www.maxima.lv/uploads/sale/2026/sales_page/09/24//graudainajam-biezpienam-annele-00294-0924164619.png?1790257579
"Holandes vai Tilzītes siers SMILTENE šķēlēs, 300 g, 45% (9,97 €/kg); (16,63 €/kg)",maxima.lv,,2.99,9.97,€/kg,https://www.maxima.lv/uploads/sale/2026/sales_page/09/24//holandes-vai-tilzites-siers-smiltene-skeles-00295-0924164619.png?1790257579
"Siers GOUDA LANDANA ar amoliņu, 1 kg",maxima.lv,16.99,11.99,11.99,€/kg,https://www.maxima.lv/uploads/sale/2026/sales_page/09/24//siers-gouda-landana-ar-amolinu-00296-0924164619.png?1790257579
"Cāļa krūtiņas mazās filejas WELL DONE, 400 g, audzēts bez antibiotikām (7,48 €/kg)",maxima.lv,3.50,2.99,7.48,€/kg,https://www.maxima.lv/uploads/sale/2026/sales_page/09/24//cala-krutinas-mazas-filejas-well-done-00297-0924164619.png?1790257579
"Cūkgaļas maltās gaļas masa RGK, 300 g (3,97 €/kg)",maxima.lv,2.29,1.19,3.97,€/kg,https://www.maxima.lv/uploads/sale/2026/sales_page/09/24//cukgalas-maltas-galas-masa-rgk-00298-0924164620.png?1790257580
"Cāļa pusspārnu augšdaļas ĶEKAVA, 500 g (3,58 €/kg)",maxima.lv,2.19,1.79,3.58,€/kg,https://www.maxima.lv/uploads/sale/2026/sales_page/09/24//cala-pussparnu-augsdalas-kekava-00299-0924164620.png?1790257580
"Cūkgaļas krūtiņa šķēlēs WELL DONE, 250 g (5,56 €/kg)",maxima.lv,1.65,1.39,5.56,€/kg,https://www.maxima.lv/uploads/sale/2026/sales_page/09/24//cukgalas-krutina-skeles-well-done-00300-0924164620.png?1790257580
"Cūkgaļas gulašs KGS, 400 g (5,73 €/kg)",maxima.lv,2.89,2.29,5.72,€/kg,https://www.maxima.lv/uploads/sale/2026/sales_page/09/24//cukgalas-gulass-kgs-00301-0924164631.png?1790257591
"Cāļa šķiņķi grieķu jogurta marinādē RĪGAS MIESNIEKS, 400 g (7,48 €/kg)",maxima.lv,3.99,2.99,7.48,€/kg,https://www.maxima.lv/uploads/sale/2026/sales_page/09/24//cala-skinki-grieku-jogurta-marinade-rigas-miesnieks-00302-0924164631.png?1790257591
"Cūkgaļas desiņas ar sieru WELL DONE, 400 g (5,98 €/kg)",maxima.lv,3.49,2.39,5.98,€/kg,https://www.maxima.lv/uploads/sale/2026/sales_page/09/24//cukgalas-desinas-ar-sieru-well-done-00303-0924164631.png?1790257591
"Cūkas krūtiņa grilam BULGOGI RGK, 425 g, atdzesēta (10,56 €/kg)",maxima.lv,5.49,4.49,10.56,€/kg,https://www.maxima.lv/uploads/sale/2026/sales_page/09/24//cukas-krutina-grilam-bulgogi-rgk-00304-0924164631.png?1790257591
"Cūkgaļas krūtiņas gabaliņi armēņu gaumē aerogrilam LIDO, 400 g (12,48 €/kg)",maxima.lv,5.99,4.99,12.48,€/kg,https://www.maxima.lv/uploads/sale/2026/sales_page/09/24//cukgalas-krutinas-gabalini-armenu-gaume-aerogrilam-lido-00305-0924164631.png?1790257591
"Cūkgaļas ribiņas Teksasas gaumē NŌO, 1 kg",maxima.lv,9.99,5.99,5.99,€/kg,https://www.maxima.lv/uploads/sale/2026/sales_page/09/24//cukgalas-ribinas-teksasas-gaume-noo-00306-0924164631.png?1790257591
"Cāļa pusspārni BUFFALO marinādē WELL DONE, 500 g (5,38 €/kg)",maxima.lv,3.99,2.69,5.38,€/kg,https://www.maxima.lv/uploads/sale/2026/sales_page/09/24//cala-pussparni-buffalo-marinade-well-done-00307-0924164631.png?1790257591
"Pangasijas filejas WELL DONE, 180 g, atdzesētas (14,94 €/kg)",maxima.lv,3.99,2.69,14.94,€/kg,https://www.maxima.lv/uploads/sale/2026/sales_page/09/24//pangasijas-filejas-well-done-00308-0924164631.png?1790257591
"Arktiskā palija, 1 kg, ķidāta, atdzesēta",maxima.lv,12.99,10.99,10.99,€/kg,https://www.maxima.lv/uploads/sale/2026/sales_page/09/24//arktiska-palija-00309-0924164631.png?1790257591
"Garneles WELL DONE, 300 g, 60/80, vārītas, atkausētas (10,97 €/kg)",maxima.lv,5.99,3.29,10.97,€/kg,https://www.maxima.lv/uploads/sale/2026/sales_page/09/24//garneles-well-done-00310-0924164631.png?1790257591
"Vārīta augstākā labuma Doktordesa RGK, 2x 400 g (3,24 €/kg)",maxima.lv,5.18,2.59,6.48,€/kg,https://www.maxima.lv/uploads/sale/2026/sales_page/09/24//varita-augstaka-labuma-doktordesa-rgk-00311-0924164621.png?1790257581
"Vārīta cāļa filejas rulete ar olu ĶEKAVA, 380 g (7,87 €/kg); (10,50 €/kg)",maxima.lv,,2.99,7.87,€/kg,https://www.maxima.lv/uploads/sale/2026/sales_page/09/24//varita-cala-filejas-rulete-ar-olu-kekava-00312-0924164621.png?1790257581
"Karsti kūpināta cūkgaļas zupas izlase KGS, 1 kg, fasēta",maxima.lv,2.99,1.49,1.49,€/kg,https://www.maxima.lv/uploads/sale/2026/sales_page/09/24//karsti-kupinata-cukgalas-zupas-izlase-kgs-00313-0924164621.png?1790257581
"Tītara gaļas vai Doktora mini cīsiņi RGK, 300 g vai 500 g (no 5,38 €/kg); (no 7,98 €/kg)",maxima.lv,,2.69,8.97,€/kg,https://www.maxima.lv/uploads/sale/2026/sales_page/09/24//titara-galas-vai-doktora-mini-cisini-rgk-00314-0924164621.png?1790257581
"Mārtiņa desiņas CEP&AM! RĪGAS MIESNIEKS, 300 g, klasiskās vai ar sieru (7,97 €/kg); (no 11,30 €/kg)",maxima.lv,,2.39,7.97,€/kg,https://www.maxima.lv/uploads/sale/2026/sales_page/09/24//martina-desinas-cep-am-rigas-miesnieks-00315-0924164621.png?1790257581
"Auksti kūpinātas mini salami desiņas RGK, 250 g, klasiskās vai Itāļu (11,96 €/kg); (17,16 €/kg)",maxima.lv,,2.99,11.96,€/kg,https://www.maxima.lv/uploads/sale/2026/sales_page/09/24//auksti-kupinatas-mini-salami-desinas-rgk-00316-0924164628.png?1790257588
"Surimi nūjiņu un dārzeņu salāti VIČI ENSALADA, 400 g (5,98 €/kg); (8,98 €/kg)",maxima.lv,,2.39,5.98,€/kg,https://www.maxima.lv/uploads/sale/2026/sales_page/09/24//surimi-nujinu-un-darzenu-salati-vici-ensalada-00317-0924164628.png?1790257588
"Surimi nūjiņas VIČI CLASSIC, 2x 150 g, atdzesētas (7,30 €/kg)",maxima.lv,4.38,2.19,14.60,€/kg,https://www.maxima.lv/uploads/sale/2026/sales_page/09/24//surimi-nujinas-vici-classic-00318-0924164628.png?1790257588
"Siļķu fileja eļļā EDEGA TRADICINE, 1 kg",maxima.lv,,4.99,4.99,€/kg,https://www.maxima.lv/uploads/sale/2026/sales_page/09/24//silku-fileja-ella-edega-tradicine-00319-0924164628.png?1790257588
"Siļķu fileja eļļā ELANDERS, 210 g, klasiskā vai ar zaļumiem (8,05 €/kg)",maxima.lv,2.19,1.69,8.05,€/kg,https://www.maxima.lv/uploads/sale/2026/sales_page/09/24//silku-fileja-ella-elanders-00320-0924164628.png?1790257588
"Ikru smēriņš NORVEN, 160 g, ar garnelēm vai lasi (12,44 €/kg)",maxima.lv,2.79,1.99,12.44,€/kg,https://www.maxima.lv/uploads/sale/2026/sales_page/09/24//ikru-smerins-norven-00321-0924164628.png?1790257588
"Siļķu salāti ar bietēm KAIJA, 280 g (7,11 €/kg); (8,89 €/kg)",maxima.lv,,1.99,7.11,€/kg,https://www.maxima.lv/uploads/sale/2026/sales_page/09/24//silku-salati-ar-bietem-kaija-00322-0924164628.png?1790257588
"Medus kūka, 300 g (10,63 €/kg)",maxima.lv,3.59,3.19,10.63,€/kg,https://www.maxima.lv/uploads/sale/2026/sales_page/09/24//medus-kuka-00323-0924164628.png?1790257588
"Cēzara salāti ar vistas fileju, 250 g (11,96 €/kg)",maxima.lv,3.49,2.99,11.96,€/kg,https://www.maxima.lv/uploads/sale/2026/sales_page/09/24//cezara-salati-ar-vistas-fileju-00324-0924164628.png?1790257588
"Plānās pankūkas, 420 g (4,74 €/kg)",maxima.lv,2.49,1.99,4.74,€/kg,https://www.maxima.lv/uploads/sale/2026/sales_page/09/24//planas-pankukas-00325-0924164628.png?1790257588
"Kāpostu salāti ar surimi, 200 g (7,95 €/kg)",maxima.lv,1.99,1.59,7.95,€/kg,https://www.maxima.lv/uploads/sale/2026/sales_page/09/24//kapostu-salati-ar-surimi-00326-0924164638.png?1790257598
"Rasols ar desu, 200 g (5,95 €/kg)",maxima.lv,1.35,1.19,5.95,€/kg,https://www.maxima.lv/uploads/sale/2026/sales_page/09/24//rasols-ar-desu-00327-0924164638.png?1790257598
"Griēķu salāti ar sieru, 300 g (8,97 €/kg)",maxima.lv,3.29,2.69,8.97,€/kg,https://www.maxima.lv/uploads/sale/2026/sales_page/09/24//grieku-salati-ar-sieru-00328-0924164638.png?1790257598
"Cāļu aknīņas ar kartupeļu biezeni, 350 g (7,69 €/kg)",maxima.lv,2.99,2.69,7.69,€/kg,https://www.maxima.lv/uploads/sale/2026/sales_page/09/24//calu-akninas-ar-kartupelu-biezeni-00329-0924164638.png?1790257598
"Vistas gaļas kotletes, 1 iepak./2x 100 g (10,95 €/kg)",maxima.lv,2.79,2.19,21.90,€/kg,https://www.maxima.lv/uploads/sale/2026/sales_page/09/24//vistas-galas-kotletes-00330-0924164638.png?1790257598
"Torte KARAMEĻU ŠOKOLĀDES, 1 kg",maxima.lv,11.99,10.79,10.79,€/kg,https://www.maxima.lv/uploads/sale/2026/sales_page/09/24//torte-karamelu-sokolades-00331-0924164638.png?1790257598
"Siera biezpiena kūka KŪKO LATVIJAS MAIZNIEKS, 950 g (9,25 €/kg)",maxima.lv,10.99,8.79,9.25,€/kg,https://www.maxima.lv/uploads/sale/2026/sales_page/09/24//siera-biezpiena-kuka-kuko-latvijas-maiznieks-00332-0924164638.png?1790257598
"Eklēri ar pistāciju krēmu, 1 iepak./2x 60 g (14,92 €/kg)",maxima.lv,1.99,1.79,29.83,€/kg,https://www.maxima.lv/uploads/sale/2026/sales_page/09/24//ekleri-ar-pistaciju-kremu-00333-0924164638.png?1790257598
"Kūkas KARTUPELĪŠI PELLIJA, 300 g (9,63 €/kg)",maxima.lv,3.29,2.89,9.63,€/kg,https://www.maxima.lv/uploads/sale/2026/sales_page/09/24//kukas-kartupelisi-pellija-00334-0924164638.png?1790257598
"Biezpiena kūka SVĒTKU LATVIJAS MAIZNIEKS, 450 g (11,09 €/kg)",maxima.lv,6.49,4.99,11.09,€/kg,https://www.maxima.lv/uploads/sale/2026/sales_page/09/24//biezpiena-kuka-svetku-latvijas-maiznieks-00335-0924164638.png?1790257598
"Sendvičs ar vistas kebabu, marinētu gurķi un sieru FOOD ON FOOT, 255 g (10,94 €/kg)",maxima.lv,3.49,2.79,10.94,€/kg,https://www.maxima.lv/uploads/sale/2026/sales_page/09/24//sendvics-ar-vistas-kebabu-marinetu-gurki-un-sieru-food-on-foot-00336-0924164633.png?1790257593
"Pankūkas MAMMA, 200 g, biezpiena vai banānu-biezpiena (11,95 €/kg)",maxima.lv,2.99,2.39,11.95,€/kg,https://www.maxima.lv/uploads/sale/2026/sales_page/09/24//pankukas-mamma-00337-0924164633.png?1790257593
"Upeņu krēms ar vaniļas mērci, 130 g (11,46 €/kg)",maxima.lv,1.79,1.49,11.46,€/kg,https://www.maxima.lv/uploads/sale/2026/sales_page/09/24//upenu-krems-ar-vanilas-merci-00338-0924164633.png?1790257593
"Maizīte SAMSA ar vistas gaļu, 80 g (9,88 €/kg)",maxima.lv,0.99,0.79,9.88,€/kg,https://www.maxima.lv/uploads/sale/2026/sales_page/09/24//maizite-samsa-ar-vistas-galu-00339-0924164633.png?1790257593
"Biezpiena bumbiņa ar marakujas pildījumu, 3x 40 g (8,33 €/kg)",maxima.lv,1.17,1.00,25.00,€/kg,https://www.maxima.lv/uploads/sale/2026/sales_page/09/24//biezpiena-bumbina-ar-marakujas-pildijumu-00340-0924164633.png?1790257593
"Smalkmaizīte ar ogu pildījumu, 110 g (5,36 €/kg)",maxima.lv,0.79,0.59,5.36,€/kg,https://www.maxima.lv/uploads/sale/2026/sales_page/09/24//smalkmaizite-ar-ogu-pildijumu-00341-0924164612.png?1790257572
Maizēm LATVIJAS MAIZNIEKS MAIZIŅŠ,maxima.lv,,,,,https://www.maxima.lv/uploads/sale/2026/sales_page/09/24//maizem-latvijas-maiznieks-maizins-00342-0924164612.png?1790257572
Maizēm DRUVA,maxima.lv,,,,,https://www.maxima.lv/uploads/sale/2026/sales_page/09/24//maizem-druva-00343-0924164612.png?1790257572
Maizēm LATVIJĀ CEPTS!,maxima.lv,,,,,https://www.maxima.lv/uploads/sale/2026/sales_page/09/24//maizem-latvija-cepts-00344-0924164612.png?1790257572
Tostermaizēm FAZER GARDĀ,maxima.lv,,,,,https://www.maxima.lv/uploads/sale/2026/sales_page/09/24//tostermaizem-fazer-garda-00345-0924164612.png?1790257572
"Saldējums MANHATTAN, 705 g vai 742 g, šokolādes-karameļu ar zemesriekstiem (no 6,05 €/kg); (no 10,77 €/kg)",maxima.lv,,4.49,6.37,€/kg,https://www.maxima.lv/uploads/sale/2026/sales_page/09/24//saldejums-manhattan-00346-0924164613.png?1790257573
"Saldējums TIO, 240 g, šokolādes vai vaniļas (5,38 €/kg); (no 9,96 €/kg)",maxima.lv,,1.29,5.38,€/kg,https://www.maxima.lv/uploads/sale/2026/sales_page/09/24//saldejums-tio-00347-0924164613.png?1790257573
"Saldējums MR. BIG, 84 g vai 90 g, trīs veidi (no 6,56 €/kg); (no 13,22 €/kg)",maxima.lv,,0.59,7.02,€/kg,https://www.maxima.lv/uploads/sale/2026/sales_page/09/24//saldejums-mr-big-00348-0924164613.png?1790257573
Saldējumiem DRUVA,maxima.lv,,,,,https://www.maxima.lv/uploads/sale/2026/sales_page/09/24//saldejumiem-druva-00349-0924164613.png?1790257573
"Kartupeļu pankūkas AVIKO, 600 g (3,32 €/kg); (4,32 €/kg)",maxima.lv,,1.99,3.32,€/kg,https://www.maxima.lv/uploads/sale/2026/sales_page/09/24//kartupelu-pankukas-aviko-00350-0924164613.png?1790257573
"HOT DOG stila pica RĪGAS MIESNIEKS, 531 g vai 551 g, siera vai salami (no 8,15 €/kg); (no 12,69 €/kg)",maxima.lv,,4.49,8.46,€/kg,https://www.maxima.lv/uploads/sale/2026/sales_page/09/24//hot-dog-stila-pica-rigas-miesnieks-00351-0924164613.png?1790257573
"Pelmeņi MINI ar cāļa gaļu RĪGAS MIESNIEKS, 2x 450 g (3,77 €/kg)",maxima.lv,6.78,3.39,7.53,€/kg,https://www.maxima.lv/uploads/sale/2026/sales_page/09/24//pelmeni-mini-ar-cala-galu-rigas-miesnieks-00352-0924164613.png?1790257573
"Pelmeņi KHINKALI ar gaļu VIČI, 2x 400 g (6,61 €/kg)",maxima.lv,10.58,5.29,13.22,€/kg,https://www.maxima.lv/uploads/sale/2026/sales_page/09/24//pelmeni-khinkali-ar-galu-vici-00353-0924164613.png?1790257573
"Konservēti zaļie zirnīši BONDUELLE, 400 g (3,48 €/kg); (5,13 €/kg)",maxima.lv,,1.39,3.48,€/kg,https://www.maxima.lv/uploads/sale/2026/sales_page/09/24//konserveti-zalie-zirnisi-bonduelle-00354-0924164613.png?1790257573
"Olīvas ARTE OLIVA, 300 g, trīs veidi (5,17 €/kg)",maxima.lv,1.89,1.55,5.17,€/kg,https://www.maxima.lv/uploads/sale/2026/sales_page/09/24//olivas-arte-oliva-00355-0924164613.png?1790257573
Smēriņiem un mērcēm WELL DONE PREMIUM,maxima.lv,,,,,https://www.maxima.lv/uploads/sale/2026/sales_page/09/24//smeriniem-un-mercem-well-done-premium-00356-0924164618.png?1790257578
"Tomātu mērce SPILVA, 510 g (3,12 €/kg); (4,69 €/kg)",maxima.lv,,1.59,3.12,€/kg,https://www.maxima.lv/uploads/sale/2026/sales_page/09/24//tomatu-merce-spilva-00357-0924164618.png?1790257578
"Salātu mērce SPILVA, 375 g, Ķiploku vai Cēzara (7,07 €/kg); (no 9,84 €/kg)",maxima.lv,,2.65,7.07,€/kg,https://www.maxima.lv/uploads/sale/2026/sales_page/09/24//salatu-merce-spilva-00358-0924164618.png?1790257578
"Rapšu eļļa FLORIOL, 1 l",maxima.lv,,2.49,2.49,€/l,https://www.maxima.lv/uploads/sale/2026/sales_page/09/24//rapsu-ella-floriol-00359-0924164618.png?1790257578
"Griķi DOBELE, 1 iepak./4x 125 g (2,38 €/kg); (3,58 €/kg)",maxima.lv,,1.19,9.52,€/kg,https://www.maxima.lv/uploads/sale/2026/sales_page/09/24//griki-dobele-00360-0924164618.png?1790257578
"Makaroni ITALPASTA, 500 g, četri veidi (2,58 €/kg)",maxima.lv,1.59,1.29,2.58,€/kg,https://www.maxima.lv/uploads/sale/2026/sales_page/09/24//makaroni-italpasta-00361-0924164618.png?1790257578
Graudu pārslām,maxima.lv,,,,,https://www.maxima.lv/uploads/sale/2026/sales_page/09/24//graudu-parslam-00362-0924164618.png?1790257578
Ātri pagatavojamām nūdelēm SUN YAN,maxima.lv,,,,,https://www.maxima.lv/uploads/sale/2026/sales_page/09/24//atri-pagatavojamam-nudelem-sun-yan-00363-0924164618.png?1790257578
"Aprikožu vai aveņu ievārījums SPILVA, 380 g (9,18 €/kg); (no 13,03 €/kg)",maxima.lv,,3.49,9.18,€/kg,https://www.maxima.lv/uploads/sale/2026/sales_page/09/24//aprikozu-vai-avenu-ievarijums-spilva-00364-0924164618.png?1790257578
"Brokastu pārslas KELLOGG'S CORN FLAKES, 375 g (9,31 €/kg); (14,11 €/kg)",maxima.lv,,3.49,9.31,€/kg,https://www.maxima.lv/uploads/sale/2026/sales_page/09/24//brokastu-parslas-kellogg-s-corn-flakes-00365-0924164618.png?1790257578
"Tortiljas SANTA MARIA, 371 g, lielās (6,17 €/kg); (8,71 €/kg)",maxima.lv,,2.29,6.17,€/kg,https://www.maxima.lv/uploads/sale/2026/sales_page/09/24//tortiljas-santa-maria-00366-0924164641.png?1790257601
"Konfekšu kārba TOFFIFEE, 125 g (18,32 €/kg)",maxima.lv,2.69,2.29,18.32,€/kg,https://www.maxima.lv/uploads/sale/2026/sales_page/09/24//konfeksu-karba-toffifee-00367-0924164641.png?1790257601
"Šokolāde PERGALE, 200 g, četri veidi (14,95 €/kg)",maxima.lv,3.99,2.99,14.95,€/kg,https://www.maxima.lv/uploads/sale/2026/sales_page/09/24//sokolade-pergale-00368-0924164641.png?1790257601
"Želejkonfektes SQUIDGERS ROWNTREES, 120 g (9,92 €/kg)",maxima.lv,1.49,1.19,9.92,€/kg,https://www.maxima.lv/uploads/sale/2026/sales_page/09/24//zelejkonfektes-squidgers-rowntrees-00369-0924164641.png?1790257601
Košļājamajām konfektēm MAMBA,maxima.lv,,,,,https://www.maxima.lv/uploads/sale/2026/sales_page/09/24//koslajamajam-konfektem-mamba-00370-0924164641.png?1790257601
"Īrisa konfektes ar kakao CHOCO HITS!, 120 g, MINIONS vai STITCH (14,08 €/kg)",maxima.lv,2.49,1.69,14.08,€/kg,https://www.maxima.lv/uploads/sale/2026/sales_page/09/24//irisa-konfektes-ar-kakao-choco-hits-00371-0924164641.png?1790257601
"Konfektes ROSHEN, 1 kg, CANDY NUT, MILKY SPLASH vai LAZY COW",maxima.lv,6.49,5.19,5.19,€/kg,https://www.maxima.lv/uploads/sale/2026/sales_page/09/24//konfektes-roshen-00372-0924164641.png?1790257601
"Želejkonfektes MOZAIKA, 1 kg, ananasa vai citronu-apelsīnu šķēles",maxima.lv,6.99,4.69,4.69,€/kg,https://www.maxima.lv/uploads/sale/2026/sales_page/09/24//zelejkonfektes-mozaika-00373-0924164641.png?1790257601
"Mafini ZAFIRA ar vaniļas garšu, 1 kg",maxima.lv,7.99,6.29,6.29,€/kg,https://www.maxima.lv/uploads/sale/2026/sales_page/09/24//mafini-zafira-ar-vanilas-garsu-00374-0924164641.png?1790257601
"Cepumi KANĒĻA TRIJSTŪRĪŠI, 1 kg",maxima.lv,7.29,4.99,4.99,€/kg,https://www.maxima.lv/uploads/sale/2026/sales_page/09/24//cepumi-kanela-trijsturisi-00375-0924164641.png?1790257601
"Kraukšķi ĀDAŽU siera bumbas, 165 g (10,24 €/kg); (18,12 €/kg)",maxima.lv,,1.69,10.24,€/kg,https://www.maxima.lv/uploads/sale/2026/sales_page/09/24//kraukski-adazu-siera-bumbas-00376-0924164643.png?1790257603
"Kartupeļu čipsi LAY'S OVEN BAKED, 110 g, ar jogurta-zaļumu vai gailēnu garšu (16,27 €/kg); (24,45 €/kg)",maxima.lv,,1.79,16.27,€/kg,https://www.maxima.lv/uploads/sale/2026/sales_page/09/24//kartupelu-cipsi-lay-s-oven-baked-00377-0924164643.png?1790257603
"Zemesrieksti ARIMEX, 1 kg, grauzdēti, sālīti",maxima.lv,,3.99,3.99,€/kg,https://www.maxima.lv/uploads/sale/2026/sales_page/09/24//zemesrieksti-arimex-00378-0924164643.png?1790257603
"Lazdu rieksti ARIMEX, 500 g (17,98 €/kg); (27,98 €/kg)",maxima.lv,,8.99,17.98,€/kg,https://www.maxima.lv/uploads/sale/2026/sales_page/09/24//lazdu-rieksti-arimex-00379-0924164643.png?1790257603
"Vafeļu torte RETRO SELGA, 350 g (10,26 €/kg); (14,83 €/kg)",maxima.lv,,3.59,10.26,€/kg,https://www.maxima.lv/uploads/sale/2026/sales_page/09/24//vafelu-torte-retro-selga-00380-0924164643.png?1790257603
"Cepumi SUPER MONIKA FRIENDY, 600 g (3,32 €/kg)",maxima.lv,2.99,1.99,3.32,€/kg,https://www.maxima.lv/uploads/sale/2026/sales_page/09/24//cepumi-super-monika-friendy-00381-0924164643.png?1790257603
"Sāļīti klinģerīši un salmiņi MIO&RIO, 2x 300 g (2,82 €/kg)",maxima.lv,3.38,1.69,5.63,€/kg,https://www.maxima.lv/uploads/sale/2026/sales_page/09/24//saliti-klingerisi-un-salmini-mio-rio-00382-0924164643.png?1790257603
"Biezpiens FARM MILK, 180 g, 0,5%
                            (3,83 €/kg)",maxima.lv,,0.69,3.83,€/kg,https://www.maxima.lv/uploads/sale/2026/sales_page/09/24//biezpiens-farm-milk-00383-0924164643.png?1790257603
"Piens FARM MILK, 1 l, 2%",maxima.lv,,0.54,0.54,€/l,https://www.maxima.lv/uploads/sale/2026/sales_page/09/24//piens-farm-milk-00384-0924164643.png?1790257603
"Makaroni EXTRA LINE, 400 g, SPAGHETTI vai CORNETTI RIGATII
                            (1,25 €/kg)",maxima.lv,,0.50,1.25,€/kg,https://www.maxima.lv/uploads/sale/2026/sales_page/09/24//makaroni-extra-line-00385-0924164643.png?1790257603
"Kūtī dētas vistu olas, 1 iepak./10 gab.",maxima.lv,,1.81,,,https://www.maxima.lv/uploads/sale/2026/sales_page/09/24//kuti-detas-vistu-olas-00386-0924164636.png?1790257596
"Baltmaize MANA MAIZE, 300 g
                            (1,03 €/kg)",maxima.lv,,0.31,1.03,€/kg,https://www.maxima.lv/uploads/sale/2026/sales_page/09/24//baltmaize-mana-maize-00387-0924164636.png?1790257596
"Rapšu eļļa EXTRA LIN, 1 l",maxima.lv,,1.49,1.49,€/l,https://www.maxima.lv/uploads/sale/2026/sales_page/09/24//rapsu-ella-extra-lin-00388-0924164636.png?1790257596
"Melnā tēja LIPTON YELLOW LABEL, 1 iepak./100x 2 g (24,95 €/kg); (39,95 €/kg)",maxima.lv,,4.99,2495.00,€/kg,https://www.maxima.lv/uploads/sale/2026/sales_page/09/24//melna-teja-lipton-yellow-label-00389-0924164636.png?1790257596
"Kafijas kapsulas STARBUCKS PUMPKIN SPICE LATTE, 1 iepak./6 porcijas, 129 g (43,33 €/kg)",maxima.lv,5.99,5.59,43.33,€/kg,https://www.maxima.lv/uploads/sale/2026/sales_page/09/24//kafijas-kapsulas-starbucks-pumpkin-spice-latte-00390-0924164636.png?1790257596
"Šķīstošā kafija NESCAFE CREMA, 200 g (34,95 €/kg)",maxima.lv,7.99,6.99,34.95,€/kg,https://www.maxima.lv/uploads/sale/2026/sales_page/09/24//skistosa-kafija-nescafe-crema-00391-0924164609.png?1790257569
"Kafijas dzēriens LÖFBERGS ICE, 230 ml, CREAMY COOKIE vai CAPPUCCINO VANILLA (6,04 €/l); (8,65 €/l)",maxima.lv,1.99,1.39,6.04,€/l,https://www.maxima.lv/uploads/sale/2026/sales_page/09/24//kafijas-dzeriens-loefbergs-ice-00392-0924164609.png?1790257569
"Ledus tēja LIMPO ar persiku garšu, 1 l",maxima.lv,1.39,1.19,1.19,€/l,https://www.maxima.lv/uploads/sale/2026/sales_page/09/24//ledus-teja-limpo-ar-persiku-garsu-00393-0924164609.png?1790257569
Sulām un nektāriem WELL DONE PET pudelēs,maxima.lv,,,,,https://www.maxima.lv/uploads/sale/2026/sales_page/09/24//sulam-un-nektariem-well-done-pet-pudeles-00394-0924164609.png?1790257569
"Gāzēts dzēriens SAIRME, 500 ml, TARHŪNS vai PEAR (2,78 €/l)",maxima.lv,1.99,1.39,2.78,€/l,https://www.maxima.lv/uploads/sale/2026/sales_page/09/24//gazets-dzeriens-sairme-00395-0924164609.png?1790257569
"Sīrups MIO&RIO, 500 ml, ar meža zemeņu vai ķiršu garšu (1,38 €/l)",maxima.lv,0.99,0.69,1.38,€/l,https://www.maxima.lv/uploads/sale/2026/sales_page/09/24//sirups-mio-rio-00396-0924164609.png?1790257569
"Viegli gāzēts dzeramais ūdens AKVILE, 1,5 l, ar sarkano ogu vai citronu garšu (0,53 €/l); (0,70 €/l)",maxima.lv,,0.79,0.53,€/l,https://www.maxima.lv/uploads/sale/2026/sales_page/09/24//viegli-gazets-dzeramais-udens-akvile-00397-0924164609.png?1790257569
"Cālis WELL DONE, 1 kg, fasēts",maxima.lv,,3.32,3.32,€/kg,https://www.maxima.lv/uploads/sale/2026/sales_page/09/24//calis-well-done-00398-0924164609.png?1790257569
"Karsti kūpināta cūkgaļas karbonāde WELL DONE, 100 g
                            (12,90 €/kg)",maxima.lv,,1.29,12.90,€/kg,https://www.maxima.lv/uploads/sale/2026/sales_page/09/24//karsti-kupinata-cukgalas-karbonade-well-done-00399-0924164609.png?1790257569
"Vītināta desa Dižciltīgā WELL DONE, 200 g
                            (17,45 €/kg)",maxima.lv,,3.49,17.45,€/kg,https://www.maxima.lv/uploads/sale/2026/sales_page/09/24//vitinata-desa-dizciltiga-well-done-00400-0924164609.png?1790257569
"Vītināta cūkgaļa PROSCUTTO CRUDO GLI AFFETTATI, 100 g
                            (27,90 €/kg)",maxima.lv,,2.79,27.90,€/kg,https://www.maxima.lv/uploads/sale/2026/sales_page/09/24//vitinata-cukgala-proscutto-crudo-gli-affettati-00401-0924164610.png?1790257570
"Argentīnas heks bez galvas un astes WELL DONE, 700 g
                            (5,56 €/kg)",maxima.lv,,3.89,5.56,€/kg,https://www.maxima.lv/uploads/sale/2026/sales_page/09/24//argentinas-heks-bez-galvas-un-astes-well-done-00402-0924164610.png?1790257570
"Surimi nūjiņas ar krabju garšu WELL DONE, 300 g
                            (6,63 €/kg)",maxima.lv,,1.99,6.63,€/kg,https://www.maxima.lv/uploads/sale/2026/sales_page/09/24//surimi-nujinas-ar-krabju-garsu-well-done-00403-0924164610.png?1790257570
"Lēni vārīta plucināta liellopu gaļa WELL DONE, 600 g
                            (16,65 €/kg)",maxima.lv,,9.99,16.65,€/kg,https://www.maxima.lv/uploads/sale/2026/sales_page/09/24//leni-varita-plucinata-liellopu-gala-well-done-00404-0924164610.png?1790257570
"Ātri pagatavojamā maltīte PRESTO, 300 g, trīs veidi
                            (9,97 €/kg)",maxima.lv,,2.99,9.97,€/kg,https://www.maxima.lv/uploads/sale/2026/sales_page/09/24//atri-pagatavojama-maltite-presto-00405-0924164610.png?1790257570
"Tilzītes vai Gouda siers WELL DONE šķēlēs, 400 g, 45% vai 48%
                            (9,98 €/kg)",maxima.lv,,3.99,9.98,€/kg,https://www.maxima.lv/uploads/sale/2026/sales_page/09/24//tilzites-vai-gouda-siers-well-done-skeles-00406-0924164610.png?1790257570
"Majonēze WELL DONE CLASSIC, 390 g, 73%
                            (4,85 €/kg)",maxima.lv,,1.89,4.85,€/kg,https://www.maxima.lv/uploads/sale/2026/sales_page/09/24//majoneze-well-done-classic-00407-0924164610.png?1790257570
"Torte SKUDRU PŪZNIS, 700 g
                            (9,99 €/kg)",maxima.lv,,6.99,9.99,€/kg,https://www.maxima.lv/uploads/sale/2026/sales_page/09/24//torte-skudru-puznis-00408-0924164610.png?1790257570
"Picas mikla ar tomātu mērci WELL DONE, 600 g
                            (4,65 €/kg)",maxima.lv,,2.79,4.65,€/kg,https://www.maxima.lv/uploads/sale/2026/sales_page/09/24//picas-mikla-ar-tomatu-merci-well-done-00409-0924164610.png?1790257570
"Kārtainā bezrauga mikla WELL DONE, 500 g
                            (3,98 €/kg)",maxima.lv,,1.99,3.98,€/kg,https://www.maxima.lv/uploads/sale/2026/sales_page/09/24//kartaina-bezrauga-mikla-well-done-00410-0924164610.png?1790257570
"Olīvu izspaidu eļļa GOCCIA D'ORO, 1 l",maxima.lv,,6.79,6.79,€/l,https://www.maxima.lv/uploads/sale/2026/sales_page/09/24//olivu-izspaidu-ella-goccia-d-oro-00411-0924164612.png?1790257572
"Maigais kečups HELLMANN'S CLASSIC, 477 g
                            (6,27 €/kg)",maxima.lv,,2.99,6.27,€/kg,https://www.maxima.lv/uploads/sale/2026/sales_page/09/24//maigais-kecups-hellmann-s-classic-00412-0924164612.png?1790257572
"Makreles fileja WELL DONE, 170 g, tomātu mērcē vai eļļā
                            (11,71 €/kg)",maxima.lv,,1.99,11.71,€/kg,https://www.maxima.lv/uploads/sale/2026/sales_page/09/24//makreles-fileja-well-done-00413-0924164612.png?1790257572
"Gargraudu vai tvaicēti rīsi WELL DONE, 1 iepak./4x 100 g
                            (2,48 €/kg)",maxima.lv,,0.99,9.90,€/kg,https://www.maxima.lv/uploads/sale/2026/sales_page/09/24//gargraudu-vai-tvaiceti-risi-well-done-00414-0924164612.png?1790257572
"Kviešu milti WELL DONE 550D, 2 kg",maxima.lv,,1.29,0.64,€/kg,https://www.maxima.lv/uploads/sale/2026/sales_page/09/24//kviesu-milti-well-done-550d-00415-0924164612.png?1790257572
"Pilngraudu musli HERKULESS, 350 g, šokolādes-riekstu vai zemeņu-mandeļu
                            (6,26 €/kg)",maxima.lv,,2.19,6.26,€/kg,https://www.maxima.lv/uploads/sale/2026/sales_page/09/24//pilngraudu-musli-herkuless-00416-0924164621.png?1790257581
"Dzeramais ūdens EVEREST, 1,5 l, gāzēts vai negāzēts",maxima.lv,,0.65,0.43,€/l,https://www.maxima.lv/uploads/sale/2026/sales_page/09/24//dzeramais-udens-everest-00417-0924164621.png?1790257581
"Gāzēts dzēriens SUN SET TONIKS, 1,5 l",maxima.lv,,1.19,0.79,€/l,https://www.maxima.lv/uploads/sale/2026/sales_page/09/24//gazets-dzeriens-sun-set-toniks-00418-0924164621.png?1790257581
"Kvasa dzēriens SENČU, 1,5 l",maxima.lv,,1.25,0.83,€/l,https://www.maxima.lv/uploads/sale/2026/sales_page/09/24//kvasa-dzeriens-sencu-00419-0924164621.png?1790257581
"Konfektes NUTS, 1 kg",maxima.lv,,5.99,5.99,€/kg,https://www.maxima.lv/uploads/sale/2026/sales_page/09/24//konfektes-nuts-00420-0924164621.png?1790257581
"Šokolādes ola KINDER SURPRISE, 20 g
                            (57,50 €/kg)",maxima.lv,,1.15,57.50,€/kg,https://www.maxima.lv/uploads/sale/2026/sales_page/09/24//sokolades-ola-kinder-surprise-00421-0924164625.png?1790257585
"Krekeri PĒTERGAILIS, 72 g, ar siera vai krējuma-sīpolu garšu
                            (10,97 €/kg)",maxima.lv,,0.79,10.97,€/kg,https://www.maxima.lv/uploads/sale/2026/sales_page/09/24//krekeri-petergailis-00422-0924164625.png?1790257585
"Kafijas pupiņas LAVAZZA, 1 kg, ROSSA vai CREMA E AROMA",maxima.lv,,21.99,21.99,€/kg,https://www.maxima.lv/uploads/sale/2026/sales_page/09/24//kafijas-pupinas-lavazza-00423-0924164625.png?1790257585
"Šokolādes trifeles STRAUME PURE CHOCOLATE, 108 g, divi veidi
                            (30,46 €/kg)",maxima.lv,,3.29,30.46,€/kg,https://www.maxima.lv/uploads/sale/2026/sales_page/09/24//sokolades-trifeles-straume-pure-chocolate-00424-0924164625.png?1790257585
"Grauzdēti zemesrieksti ESTRELLA ar skābā krējuma garšu, 140 g
                            (12,07 €/kg)",maxima.lv,,1.69,12.07,€/kg,https://www.maxima.lv/uploads/sale/2026/sales_page/09/24//grauzdeti-zemesrieksti-estrella-ar-skaba-krejuma-garsu-00425-0924164625.png?1790257585
"Maltā kafija LAVAZZA, 250 g, ORO vai ESPRESSO
                            (27,96 €/kg)",maxima.lv,,6.99,27.96,€/kg,https://www.maxima.lv/uploads/sale/2026/sales_page/09/24//malta-kafija-lavazza-00426-0924164625.png?1790257585
"Maltā kafija JACOBS KRÖNUNG, 500 g
                            (17,18 €/kg)",maxima.lv,,8.59,17.18,€/kg,https://www.maxima.lv/uploads/sale/2026/sales_page/09/24//malta-kafija-jacobs-kroenung-00427-0924164625.png?1790257585
"Silikona smiltis kaķu tualetei CLEAN & TIDY, 3,8 l",maxima.lv,,3.29,0.87,€/l,https://www.maxima.lv/uploads/sale/2026/sales_page/09/24//silikona-smiltis-kaku-tualetei-clean-tidy-00428-0924164625.png?1790257585
Bērnu pārtikai ORGANIX,maxima.lv,,,,,https://www.maxima.lv/uploads/sale/2026/sales_page/09/24//bernu-partikai-organix-00429-0924164625.png?1790257585
"Mitrās salvetes PAMPERS SENSITIVE, 1 iepak./4x 52 gab.  (0,03 €/gab.); (0,05 €/gab.)",maxima.lv,,6.49,,,https://www.maxima.lv/uploads/sale/2026/sales_page/09/24//mitras-salvetes-pampers-sensitive-00430-0924164625.png?1790257585
"Autiņbiksītes PAMPERS PANTS PREMIUM CARE, 1 iepak./34 gab., S5, 11-17 kg (0,41 €/gab.); (0,68 €/gab.)",maxima.lv,,13.99,0.82,€/kg,https://www.maxima.lv/uploads/sale/2026/sales_page/09/24//autinbiksites-pampers-pants-premium-care-00431-0924164629.png?1790257589
"Autiņbiksītes HUGGIES EXTRA CARE, 1 iepak./72 gab., S3, 6-10 kg (0,22 €/gab.); (0,32 €/gab.)",maxima.lv,,15.99,1.60,€/kg,https://www.maxima.lv/uploads/sale/2026/sales_page/09/24//autinbiksites-huggies-extra-care-00432-0924164629.png?1790257589
"Sausā kaķu barība PURINA ONE STERILCAT ar liellopa garšu, 1,4 kg (4,99 €/kg); (7,78 €/kg)",maxima.lv,,6.99,4.99,€/kg,https://www.maxima.lv/uploads/sale/2026/sales_page/09/24//sausa-kaku-bariba-purina-one-sterilcat-ar-liellopa-garsu-00433-0924164629.png?1790257589
"Konservēta suņu barība PIPER, 800 g, trīs veidi (3,49 €/kg); (4,99 €/kg)",maxima.lv,,2.79,3.49,€/kg,https://www.maxima.lv/uploads/sale/2026/sales_page/09/24//konserveta-sunu-bariba-piper-00434-0924164630.png?1790257590
Kaķu un suņu gardumiem,maxima.lv,,,,,https://www.maxima.lv/uploads/sale/2026/sales_page/09/24//kaku-un-sunu-gardumiem-00435-0924164630.png?1790257590
"Veļas mazgāšanas želeja vai kapsulas ARIEL STAIN REMOVAL, 1,575 l/35 m. r.  vai 1 iepak./19 gab., 0,63 €/gab., 1,05 €/gab.  (7,61 €/l); (12,69 €/l)",maxima.lv,,11.99,7.61,€/l,https://www.maxima.lv/uploads/sale/2026/sales_page/09/24//velas-mazgasanas-zeleja-vai-kapsulas-ariel-stain-removal-00436-0924164630.png?1790257590
"Veļas balinātājs ACE CLASSIC, 1 l",maxima.lv,,1.79,1.79,€/l,https://www.maxima.lv/uploads/sale/2026/sales_page/09/24//velas-balinatajs-ace-classic-00437-0924164630.png?1790257590
"Tualetes papīrs GRITE BLOSSOM, 1 iepak./24 ruļļi, trīs slāņi (0,17 €/rullis); (0,54 €/rullis)",maxima.lv,,3.99,,,https://www.maxima.lv/uploads/sale/2026/sales_page/09/24//tualetes-papirs-grite-blossom-00438-0924164630.png?1790257590
"Trauku mazgājamās mašīnas kapsulas FINISH QUANTUM LEMON, 1 iepak./60 gab.  (0,23 €/gab.); (0,47 €/gab.)",maxima.lv,,13.99,,,https://www.maxima.lv/uploads/sale/2026/sales_page/09/24//trauku-mazgajamas-masinas-kapsulas-finish-quantum-lemon-00439-0924164630.png?1790257590
"Tualetes tīrīšanas līdzeklis DOMESTOS CITRUS FRESH, 750 ml (2,65 €/l); (4,92 €/l)",maxima.lv,,1.99,2.65,€/l,https://www.maxima.lv/uploads/sale/2026/sales_page/09/24//tualetes-tirisanas-lidzeklis-domestos-citrus-fresh-00440-0924164630.png?1790257590
"Tīrīšanas līdzeklis caurulēm HELPER, 1 l",maxima.lv,,1.49,1.49,€/l,https://www.maxima.lv/uploads/sale/2026/sales_page/09/24//tirisanas-lidzeklis-caurulem-helper-00441-0924164636.png?1790257596
"Griešanas dēlīšu komplekts ar stativu UNIWELL, 1 iepak./4 gab.  (1,75 €/gab.); (3,00 €/gab.)",maxima.lv,,6.99,,,https://www.maxima.lv/uploads/sale/2026/sales_page/09/24//griesanas-delisu-komplekts-ar-stativu-uniwell-00442-0924164636.png?1790257596
"Krūze ar salmiņu UNIWELL, 1 gab., 1200 ml",maxima.lv,,5.99,4.99,€/l,https://www.maxima.lv/uploads/sale/2026/sales_page/09/24//kruze-ar-salminu-uniwell-00443-0924164636.png?1790257596
"Koka paplāte UNIWELL ACACIA, 1 gab., 25 cm",maxima.lv,,4.49,,,https://www.maxima.lv/uploads/sale/2026/sales_page/09/24//koka-paplate-uniwell-acacia-00444-0924164636.png?1790257596
"Bambusa griešanas dēlis UNIWELL, 1 gab., 45x35 cm",maxima.lv,,5.99,,,https://www.maxima.lv/uploads/sale/2026/sales_page/09/24//bambusa-griesanas-delis-uniwell-00445-0924164636.png?1790257596
"Termokrūze UNIWELL, 1 gab., 360 ml",maxima.lv,,4.99,13.86,€/l,https://www.maxima.lv/uploads/sale/2026/sales_page/09/24//termokruze-uniwell-00446-0924164647.png?1790257607
"Krūze ar apakštasīti AURORA LUXURY, 1 gab., 225 ml",maxima.lv,,4.99,22.18,€/l,https://www.maxima.lv/uploads/sale/2026/sales_page/09/24//kruze-ar-apakstasiti-aurora-luxury-00447-0924164647.png?1790257607
"Sviesta trauks AURORA ACACIA, 1 gab., 17x12 cm",maxima.lv,,7.99,,,https://www.maxima.lv/uploads/sale/2026/sales_page/09/24//sviesta-trauks-aurora-acacia-00448-0924164647.png?1790257607
"Filtra krūze AQUAPHOR FRESH MFP+, 1 gab.",maxima.lv,,7.69,,,https://www.maxima.lv/uploads/sale/2026/sales_page/09/24//filtra-kruze-aquaphor-fresh-mfp-00449-0924164647.png?1790257607
"Ūdens filtra kasete AQUAPHOR MAXFOR+, 1 gab.",maxima.lv,,2.99,,,https://www.maxima.lv/uploads/sale/2026/sales_page/09/24//udens-filtra-kasete-aquaphor-maxfor-00450-0924164647.png?1790257607
"Šķīvjiem, bļodām, glāzēm un krūzēm",maxima.lv,,,,,https://www.maxima.lv/uploads/sale/2026/sales_page/09/24//skivjiem-blodam-glazem-un-kruzem-00451-0924164647.png?1790257607
"Panna FISKARS ESSENTIAL, 1 gab., Ø28 cm",maxima.lv,,20.99,,,https://www.maxima.lv/uploads/sale/2026/sales_page/09/24//panna-fiskars-essential-00452-0924164647.png?1790257607
"Bļoda ar vāku UNIWELL, 1 gab., Ø20 cm",maxima.lv,,4.99,,,https://www.maxima.lv/uploads/sale/2026/sales_page/09/24//bloda-ar-vaku-uniwell-00453-0924164647.png?1790257607
"Sautēšanas katls ar vāku ILAJA, 1 gab., 600 ml",maxima.lv,,2.99,4.98,€/l,https://www.maxima.lv/uploads/sale/2026/sales_page/09/24//sautesanas-katls-ar-vaku-ilaja-00454-0924164647.png?1790257607
"Mērces katliņu un pannas komplekts ar noņemamu rokturi UNIWELL, 1 iepak./5 priekšmeti",maxima.lv,,22.99,,,https://www.maxima.lv/uploads/sale/2026/sales_page/09/24//merces-katlinu-un-pannas-komplekts-ar-nonemamu-rokturi-uniwell-00455-0924164647.png?1790257607
"Katls ar vāku UNIWELL, 1 gab., Ø20 cm, 3,4 l",maxima.lv,,12.99,3.82,€/l,https://www.maxima.lv/uploads/sale/2026/sales_page/09/24//katls-ar-vaku-uniwell-00456-0924164645.png?1790257605
"Mērces katliņš ar vāku UNIWELL, 1 gab., Ø16 cm, 1,6 l",maxima.lv,,8.99,5.62,€/l,https://www.maxima.lv/uploads/sale/2026/sales_page/09/24//merces-katlins-ar-vaku-uniwell-00457-0924164645.png?1790257605
"Karstā gaisa cepamkatls HENSKE, 1 gab.",maxima.lv,,39.99,,,https://www.maxima.lv/uploads/sale/2026/sales_page/09/24//karsta-gaisa-cepamkatls-henske-00458-0924164645.png?1790257605
"Rokas mikseris HENSKE HM02, 1 gab.",maxima.lv,,16.99,,,https://www.maxima.lv/uploads/sale/2026/sales_page/09/24//rokas-mikseris-henske-hm02-00459-0924164645.png?1790257605
"Elektriskā stikla tējkanna HENSKE HHB1710, 1 gab.",maxima.lv,,11.99,,,https://www.maxima.lv/uploads/sale/2026/sales_page/09/24//elektriska-stikla-tejkanna-henske-hhb1710-00460-0924164645.png?1790257605
"Sviestmaižu panna HENSKE, 1 gab.",maxima.lv,,16.99,,,https://www.maxima.lv/uploads/sale/2026/sales_page/09/24//sviestmaizu-panna-henske-00461-0924164645.png?1790257605
"Elektriskais grils HENSKE ZM-908B, 1 gab.",maxima.lv,,24.99,,,https://www.maxima.lv/uploads/sale/2026/sales_page/09/24//elektriskais-grils-henske-zm-908b-00462-0924164645.png?1790257605
"Elektriskā tējkanna HENSKE KE01411A-GS, 1 gab.",maxima.lv,,14.99,,,https://www.maxima.lv/uploads/sale/2026/sales_page/09/24//elektriska-tejkanna-henske-ke01411a-gs-00463-0924164645.png?1790257605
"Smalcinātājs ar piederumiem HENSKE, 1 gab.",maxima.lv,,21.99,,,https://www.maxima.lv/uploads/sale/2026/sales_page/09/24//smalcinatajs-ar-piederumiem-henske-00464-0924164645.png?1790257605
"Rokas blenderis HENSKE HB02, 1 gab.",maxima.lv,,14.99,,,https://www.maxima.lv/uploads/sale/2026/sales_page/09/24//rokas-blenderis-henske-hb02-00465-0924164645.png?1790257605
"Piena putotājs HENSKE ar stativu, 1 gab.",maxima.lv,,4.99,,,https://www.maxima.lv/uploads/sale/2026/sales_page/09/24//piena-putotajs-henske-ar-stativu-00466-0924164626.png?1790257586
"Kancelejas precēm, (izņemot kartēm un atlantiem)",maxima.lv,,,,,https://www.maxima.lv/uploads/sale/2026/sales_page/09/24//kancelejas-precem-00467-0924164626.png?1790257586
Hermētiskajiem un beramo produktu traukiem,maxima.lv,,,,,https://www.maxima.lv/uploads/sale/2026/sales_page/09/24//hermetiskajiem-un-beramo-produktu-traukiem-00468-0924164626.png?1790257586
"Baterijām, spuldzēm un pagarinātājiem, (izņemot automobiļu spuldzēm)",maxima.lv,,,,,https://www.maxima.lv/uploads/sale/2026/sales_page/09/24//baterijam-spuldzem-un-pagarinatajiem-00469-0924164626.png?1790257586
Mājas čībām,maxima.lv,,,,,https://www.maxima.lv/uploads/sale/2026/sales_page/09/24//majas-cibam-00470-0924164626.png?1790257586
Lietussargiem,maxima.lv,,,,,https://www.maxima.lv/uploads/sale/2026/sales_page/09/24//lietussargiem-00471-0924164615.png?1790257575
"Gurķi MiDi, 400 g (2,98 €/kg)",maxima.lv,1.69,1.19,2.98,€/kg,https://www.maxima.lv/uploads/sale//gurki-midi-00472-1001082608.png?1790832368
"Vītināta desa FUET ESPANOL ELPOZO, 2x 170 g (10,56 €/kg)",maxima.lv,7.18,3.59,21.12,€/kg,https://www.maxima.lv/uploads/sale//vitinata-desa-fuet-espanol-elpozo-00473-1001082608.png?1790832368
"Cāļa pusspārni GARDIE ĶEKAVA, 1 kg",maxima.lv,6.99,3.99,3.99,€/kg,https://www.maxima.lv/uploads/sale//cala-pussparni-gardie-kekava-00474-1001082608.png?1790832368
"Saldējums MINI ALMOND MAGNUM, 1 iepak./6x 46 g (9,02 €/kg); (21,70 €/kg)",maxima.lv,,2.49,54.13,€/kg,https://www.maxima.lv/uploads/sale//saldejums-mini-almond-magnum-00475-1001082608.png?1790832368
Saldumiem ROSHEN,maxima.lv,,,,,https://www.maxima.lv/uploads/sale//saldumiem-roshen-00476-1001082608.png?1790832368
Šķīstošajai kafijai JACOBS,maxima.lv,,,,,https://www.maxima.lv/uploads/sale//skistosajai-kafijai-jacobs-00477-1001082608.png?1790832368
Datortehnikai un piederumiem,maxima.lv,,,,,https://www.maxima.lv/uploads/sale//datortehnikai-un-piederumiem-00478-1001082608.png?1790832368
Sadzīves ķīmijai,maxima.lv,,,,,https://www.maxima.lv/uploads/sale//sadzives-kimijai-00479-1001082608.png?1790832368
"Enerģijas dzērieniem RED BULL, 250 ml",maxima.lv,,,,,https://www.maxima.lv/uploads/sale//energijas-dzerieniem-red-bull-250-ml-00480-1001082608.png?1790832368
Jog. SKYR ISLANDES bez pied.  400g (3.73 €/kg); (4.63 €/kg),maxima.lv,,1.49,3.72,€/kg,https://www.maxima.lv/uploads/sale/2026/sales_page/09/14//jog-skyr-islandes-bez-pied-400g-00001-0923100115.png?1790146875
Saldais krējums RASA 35% 500ml (5.98 €/l); (7.70 €/l),maxima.lv,,2.99,5.98,€/l,https://www.maxima.lv/uploads/sale/2026/sales_page/09/14//saldais-krejums-rasa-35-500ml-00002-0923100119.png?1790146879
Biezpiens 5% JAUNPILS 275g (6.15 €/kg); (7.60 €/kg),maxima.lv,,1.69,6.15,€/kg,https://www.maxima.lv/uploads/sale/2026/sales_page/09/14//biezpiens-5-jaunpils-275g-00003-0923100119.png?1790146879
Graudainais biezpiens BALTAIS 7% 500g (4.78 €/kg); (5.98 €/kg),maxima.lv,,2.39,4.78,€/kg,https://www.maxima.lv/uploads/sale/2026/sales_page/09/14//graudainais-biezpiens-baltais-7-500g-00004-0923100119.png?1790146879
Grieķu salātu siers BALTAIS 20% 250g (9.96 €/kg); (11.96 €/kg),maxima.lv,,2.49,9.96,€/kg,https://www.maxima.lv/uploads/sale/2026/sales_page/09/14//grieku-salatu-siers-baltais-20-250g-00006-0923100119.png?1790146879
Sk. krējums BALTAIS 20% 500g (3.98 €/kg); (5.78 €/kg),maxima.lv,,1.99,3.98,€/kg,https://www.maxima.lv/uploads/sale/2026/sales_page/09/14//sk-krejums-baltais-20-500g-00007-0923100119.png?1790146879
Krēmsiers BALTAIS KLASISKAIS 150g (9.93 €/kg); (11.93 €/kg),maxima.lv,,1.49,9.93,€/kg,https://www.maxima.lv/uploads/sale/2026/sales_page/09/23//kremsiers-baltais-klasiskais-150g-00008-0923100119.png?1790146879
Biezpiena sieriņš KĀRUMS ar mango 45g (9.33 €/kg); (11.56 €/kg),maxima.lv,,0.42,9.33,€/kg,https://www.maxima.lv/uploads/sale/2026/sales_page/09/23//biezpiena-sierins-karums-ar-mango-45g-00009-0923100119.png?1790146879
Jog. TURKU BALTAIS bez piedevām 300g (3.30 €/kg); (4.83 €/kg),maxima.lv,,0.99,3.30,€/kg,https://www.maxima.lv/uploads/sale/2026/sales_page/09/14//jog-turku-baltais-bez-piedevam-300g-00010-0923100119.png?1790146879
"Piens LIMBAŽU 2,5% 1,5L (0.93 €/l); (1.35 €/l)",maxima.lv,,1.39,0.93,€/l,https://www.maxima.lv/uploads/sale/2026/sales_page/09/14//piens-limbazu-2-5-1-5l-00011-0923100119.png?1790146879
Jog. MULLER MIX ar šok. bumb. 130g (6.08 €/kg); (7.62 €/kg),maxima.lv,,0.79,6.08,€/kg,https://www.maxima.lv/uploads/sale/2026/sales_page/09/23//jog-muller-mix-ar-sok-bumb-130g-00012-0923100121.png?1790146881
Jog. MULLER MIX makad.  ar šok. zvaigz. 130g (6.08 €/kg); (7.62 €/kg),maxima.lv,,0.79,6.08,€/kg,https://www.maxima.lv/uploads/sale/2026/sales_page/09/23//jog-muller-mix-makad-ar-sok-zvaigz-130g-00013-0923100121.png?1790146881
Biezpiena sieriņš KĀRUMS vaniļas 45g (9.33 €/kg); (11.56 €/kg),maxima.lv,,0.42,9.33,€/kg,https://www.maxima.lv/uploads/sale/2026/sales_page/09/23//biezpiena-sierins-karums-vanilas-45g-00015-0923100121.png?1790146881
Biezpiena sieriņš KĀRUMS kokosr.  45g (9.33 €/kg); (11.56 €/kg),maxima.lv,,0.42,9.33,€/kg,https://www.maxima.lv/uploads/sale/2026/sales_page/09/14//biezpiena-sierins-karums-kokosr-45g-00016-0923100121.png?1790146881
Biezpiena sieriņš KĀRUMS šokolādes 45g (9.33 €/kg); (11.56 €/kg),maxima.lv,,0.42,9.33,€/kg,https://www.maxima.lv/uploads/sale/2026/sales_page/09/23//biezpiena-sierins-karums-sokolades-45g-00018-0923100121.png?1790146881
Skābpiena dzēriens AYRAN Baltais 500ml (1.98 €/l); (2.78 €/l),maxima.lv,,0.99,1.98,€/l,https://www.maxima.lv/uploads/sale/2026/sales_page/09/14//skabpiena-dzeriens-ayran-baltais-500ml-00019-0923100121.png?1790146881
Kausētais siers DZINTARS klasiskais 200g (8.95 €/kg); (11.45 €/kg),maxima.lv,,1.79,8.95,€/kg,https://www.maxima.lv/uploads/sale/2026/sales_page/09/14//kausetais-siers-dzintars-klasiskais-200g-00020-0923100121.png?1790146881
Kausētais siers DZINTARS ar šķiņķi 200g (8.95 €/kg); (11.75 €/kg),maxima.lv,,1.79,8.95,€/kg,https://www.maxima.lv/uploads/sale/2026/sales_page/09/14//kausetais-siers-dzintars-ar-skinki-200g-00021-0923100121.png?1790146881
"Vājpiena biezpiens bez laktozes 0,5%275g (7.24 €/kg); (10.73 €/kg)",maxima.lv,,1.99,7.24,€/kg,https://www.maxima.lv/uploads/sale/2026/sales_page/09/23//vajpiena-biezpiens-bez-laktozes-0-5-275g-00022-0923100121.png?1790146881
Skābais krējums SMILTENE 15% 400g (3.73 €/kg); (4.73 €/kg),maxima.lv,,1.49,3.72,€/kg,https://www.maxima.lv/uploads/sale/2026/sales_page/09/14//skabais-krejums-smiltene-15-400g-00023-0923100121.png?1790146881
Piena dz. MULLERMILCH karam. cep. šok.  400g (2.98 €/kg); (4.13 €/kg),maxima.lv,,1.19,2.98,€/kg,https://www.maxima.lv/uploads/sale/2026/sales_page/09/14//piena-dz-mullermilch-karam-cep-sok-400g-00024-0923100118.png?1790146878
Rīvēts siers picai DZIUGAS 43% 200g (13.45 €/kg); (15.95 €/kg),maxima.lv,,2.69,13.45,€/kg,https://www.maxima.lv/uploads/sale/2026/sales_page/09/23//rivets-siers-picai-dziugas-43-200g-00025-0923100118.png?1790146878
Rīvēts siers salātiem DZIUGAS 40% 200g (13.45 €/kg); (15.95 €/kg),maxima.lv,,2.69,13.45,€/kg,https://www.maxima.lv/uploads/sale/2026/sales_page/09/23//rivets-siers-salatiem-dziugas-40-200g-00026-0923100118.png?1790146878
Rīv. siers makaroniem DZIUGAS 42% 200g (13.45 €/kg); (15.95 €/kg),maxima.lv,,2.69,13.45,€/kg,https://www.maxima.lv/uploads/sale/2026/sales_page/09/23//riv-siers-makaroniem-dziugas-42-200g-00027-0923100118.png?1790146878
Biezpiena sieriņš KĀRUMS zemeņu 45g (9.33 €/kg); (11.56 €/kg),maxima.lv,,0.42,9.33,€/kg,https://www.maxima.lv/uploads/sale/2026/sales_page/09/14//biezpiena-sierins-karums-zemenu-45g-00028-0923100110.png?1790146870
Rīvēts puscietais siers SMILTENE 250g (11.96 €/kg); (15.96 €/kg),maxima.lv,,2.99,11.96,€/kg,https://www.maxima.lv/uploads/sale/2026/sales_page/09/23//rivets-puscietais-siers-smiltene-250g-00029-0923100110.png?1790146870
Jogurts Mix ar vafelēm MULLER 130g (6.08 €/kg); (7.62 €/kg),maxima.lv,,0.79,6.08,€/kg,https://www.maxima.lv/uploads/sale/2026/sales_page/09/23//jogurts-mix-ar-vafelem-muller-130g-00031-0923100110.png?1790146870
Biezp. sieriņš KĀRUMS magoņu plomb.  45g (9.33 €/kg); (11.56 €/kg),maxima.lv,,0.42,9.33,€/kg,https://www.maxima.lv/uploads/sale/2026/sales_page/09/14//biezp-sierins-karums-magonu-plomb-45g-00032-0923100110.png?1790146870
Siers Liesais SMILTENE 16% šķēlēs150g (13.27 €/kg); (18.60 €/kg),maxima.lv,,1.99,13.27,€/kg,https://www.maxima.lv/uploads/sale/2026/sales_page/09/23//siers-liesais-smiltene-16-skeles150g-00034-0923100110.png?1790146870
Siers Holandes SMILTENE 45% šķēlēs 150g (13.27 €/kg); (18.60 €/kg),maxima.lv,,1.99,13.27,€/kg,https://www.maxima.lv/uploads/sale/2026/sales_page/09/23//siers-holandes-smiltene-45-skeles-150g-00035-0923100110.png?1790146870
Siers Maasdamer SMILTENE 45% šķēlēs 150g (13.27 €/kg); (18.60 €/kg),maxima.lv,,1.99,13.27,€/kg,https://www.maxima.lv/uploads/sale/2026/sales_page/09/23//siers-maasdamer-smiltene-45-skeles-150g-00036-0923100110.png?1790146870
Biezpiena sieriņš banānu KĀRUMS 45g (9.33 €/kg); (11.56 €/kg),maxima.lv,,0.42,9.33,€/kg,https://www.maxima.lv/uploads/sale/2026/sales_page/09/14//biezpiena-sierins-bananu-karums-45g-00037-0923100110.png?1790146870
Biezpiena sieriņš KĀRUMS melleņu 45g (9.33 €/kg); (11.56 €/kg),maxima.lv,,0.42,9.33,€/kg,https://www.maxima.lv/uploads/sale/2026/sales_page/09/23//biezpiena-sierins-karums-mellenu-45g-00038-0923100104.png?1790146864
Raudz. piena prod. LAKTO bez laktozes 200g (4.95 €/kg); (6.25 €/kg),maxima.lv,,0.99,4.95,€/kg,https://www.maxima.lv/uploads/sale/2026/sales_page/09/14//raudz-piena-prod-lakto-bez-laktozes-200g-00039-0923100104.png?1790146864
Raudz. prod. LAKTO meža zem. bez lakt. 200g (4.95 €/kg); (6.25 €/kg),maxima.lv,,0.99,4.95,€/kg,https://www.maxima.lv/uploads/sale/2026/sales_page/09/14//raudz-prod-lakto-meza-zem-bez-lakt-200g-00040-0923100104.png?1790146864
Raudz. prod. LAKTO aveņu bez lakt. 200g (4.95 €/kg); (6.25 €/kg),maxima.lv,,0.99,4.95,€/kg,https://www.maxima.lv/uploads/sale/2026/sales_page/09/14//raudz-prod-lakto-avenu-bez-lakt-200g-00041-0923100104.png?1790146864
Proteīna biezp. krēms vaniļ. BALTAIS 200g (6.95 €/kg); (8.45 €/kg),maxima.lv,,1.39,6.95,€/kg,https://www.maxima.lv/uploads/sale/2026/sales_page/09/23//proteina-biezp-krems-vanil-baltais-200g-00042-0923100104.png?1790146864
Proteīna biezp. krēms zemeņu BALTAIS 200g (6.95 €/kg); (8.45 €/kg),maxima.lv,,1.39,6.95,€/kg,https://www.maxima.lv/uploads/sale/2026/sales_page/09/23//proteina-biezp-krems-zemenu-baltais-200g-00043-0923100104.png?1790146864
Biezp. sieriņš bez lakt. KĀRUMS persik. 40g (10.50 €/kg); (13.00 €/kg),maxima.lv,,0.42,10.50,€/kg,https://www.maxima.lv/uploads/sale/2026/sales_page/09/14//biezp-sierins-bez-lakt-karums-persik-40g-00044-0923100104.png?1790146864
Biezp. sieriņš bez lakt. KĀRUMS vaniļ. 40g (10.50 €/kg); (13.00 €/kg),maxima.lv,,0.42,10.50,€/kg,https://www.maxima.lv/uploads/sale/2026/sales_page/09/14//biezp-sierins-bez-lakt-karums-vanil-40g-00045-0923100104.png?1790146864
Biezp. sieriņš bez lakt. KĀRUMS aveņu 40g (10.50 €/kg); (13.00 €/kg),maxima.lv,,0.42,10.50,€/kg,https://www.maxima.lv/uploads/sale/2026/sales_page/09/14//biezp-sierins-bez-lakt-karums-avenu-40g-00046-0923100104.png?1790146864
Piens RASĒNS zemeņu mazāk cukura 200ml (2.95 €/l); (3.95 €/l),maxima.lv,,0.59,2.95,€/l,https://www.maxima.lv/uploads/sale/2026/sales_page/09/14//piens-rasens-zemenu-mazak-cukura-200ml-00047-0923100104.png?1790146864
Piena dzēr. MULLERMILCH Prot. cepumu 400g (4.48 €/kg); (5.98 €/kg),maxima.lv,,1.79,4.48,€/kg,https://www.maxima.lv/uploads/sale/2026/sales_page/09/14//piena-dzer-mullermilch-prot-cepumu-400g-00048-0923100116.png?1790146876
Piena dzēriens MULLERMILCH aveņu 400g (2.98 €/kg); (4.13 €/kg),maxima.lv,,1.19,2.98,€/kg,https://www.maxima.lv/uploads/sale/2026/sales_page/09/14//piena-dzeriens-mullermilch-avenu-400g-00049-0923100116.png?1790146876
Piena dzēr. MULLERMILCH Protein aveņu400g (4.48 €/kg); (5.98 €/kg),maxima.lv,,1.79,4.48,€/kg,https://www.maxima.lv/uploads/sale/2026/sales_page/09/14//piena-dzer-mullermilch-protein-avenu400g-00050-0923100116.png?1790146876
Jog. dzer. ProteinFit BALTAIS vaniļas 250g (5.16 €/kg); (6.76 €/kg),maxima.lv,,1.29,5.16,€/kg,https://www.maxima.lv/uploads/sale/2026/sales_page/09/23//jog-dzer-proteinfit-baltais-vanilas-250g-00051-0923100116.png?1790146876
Jog. dzer. ProteinFit BALTAIS zemeņu 250g (5.16 €/kg); (6.76 €/kg),maxima.lv,,1.29,5.16,€/kg,https://www.maxima.lv/uploads/sale/2026/sales_page/09/23//jog-dzer-proteinfit-baltais-zemenu-250g-00052-0923100116.png?1790146876
Siers Tilsiter JAUNPILS šķēlēs 150g (11.27 €/kg); (13.27 €/kg),maxima.lv,,1.69,11.27,€/kg,https://www.maxima.lv/uploads/sale/2026/sales_page/09/14//siers-tilsiter-jaunpils-skeles-150g-00053-0923100112.png?1790146872
Siers Kurzemes JAUNPILS šķēlēs 150g (11.27 €/kg); (13.27 €/kg),maxima.lv,,1.69,11.27,€/kg,https://www.maxima.lv/uploads/sale/2026/sales_page/09/14//siers-kurzemes-jaunpils-skeles-150g-00054-0923100112.png?1790146872
Siers Gouda JAUNPILS šķēlēs 150g (11.27 €/kg); (13.27 €/kg),maxima.lv,,1.69,11.27,€/kg,https://www.maxima.lv/uploads/sale/2026/sales_page/09/14//siers-gouda-jaunpils-skeles-150g-00055-0923100112.png?1790146872
Siers Edam JAUNPILS šķēlēs 150g (11.27 €/kg); (13.27 €/kg),maxima.lv,,1.69,11.27,€/kg,https://www.maxima.lv/uploads/sale/2026/sales_page/09/14//siers-edam-jaunpils-skeles-150g-00056-0923100112.png?1790146872
Saldais biezp. BALTAIS Tutti Frutti 180g (5.50 €/kg); (7.17 €/kg),maxima.lv,,0.99,5.50,€/kg,https://www.maxima.lv/uploads/sale/2026/sales_page/09/23//saldais-biezp-baltais-tutti-frutti-180g-00057-0923100112.png?1790146872
Saldais biezpiens BALTAIS Dubai šok. 180g (6.61 €/kg); (8.28 €/kg),maxima.lv,,1.19,6.61,€/kg,https://www.maxima.lv/uploads/sale/2026/sales_page/09/23//saldais-biezpiens-baltais-dubai-sok-180g-00058-0923100112.png?1790146872
Šok. pudiņš MERTINGER ar putukrējumu 125g (3.92 €/kg); (5.20 €/kg),maxima.lv,,0.49,3.92,€/kg,https://www.maxima.lv/uploads/sale/2026/sales_page/09/14//sok-pudins-mertinger-ar-putukrejumu-125g-00059-0923100113.png?1790146873
Zem. pudiņš MERTINGER ar putukrējumu 125g (3.92 €/kg); (5.20 €/kg),maxima.lv,,0.49,3.92,€/kg,https://www.maxima.lv/uploads/sale/2026/sales_page/09/14//zem-pudins-mertinger-ar-putukrejumu-125g-00060-0923100113.png?1790146873
Van. pudiņš MERTINGER ar putukrējumu 125g (3.92 €/kg); (5.20 €/kg),maxima.lv,,0.49,3.92,€/kg,https://www.maxima.lv/uploads/sale/2026/sales_page/09/14//van-pudins-mertinger-ar-putukrejumu-125g-00061-0923100113.png?1790146873
Jogurts Protein LAKTO ķiršu 200g (4.95 €/kg); (6.45 €/kg),maxima.lv,,0.99,4.95,€/kg,https://www.maxima.lv/uploads/sale/2026/sales_page/09/14//jogurts-protein-lakto-kirsu-200g-00062-0923100113.png?1790146873
Raudz. piena produkts LAKTO barbeļu 450g (3.09 €/kg); (3.98 €/kg),maxima.lv,,1.39,3.09,€/kg,https://www.maxima.lv/uploads/sale/2026/sales_page/09/14//raudz-piena-produkts-lakto-barbelu-450g-00063-0923100113.png?1790146873
Jogurts Protein LAKTO aveņu-sēklu 200g (4.95 €/kg); (6.45 €/kg),maxima.lv,,0.99,4.95,€/kg,https://www.maxima.lv/uploads/sale/2026/sales_page/09/14//jogurts-protein-lakto-avenu-seklu-200g-00064-0923100113.png?1790146873
Kaus. siers DZINTARS lociņu-skābkrēj. 200g (8.95 €/kg); (11.75 €/kg),maxima.lv,,1.79,8.95,€/kg,https://www.maxima.lv/uploads/sale/2026/sales_page/09/14//kaus-siers-dzintars-locinu-skabkrej-200g-00065-0923100113.png?1790146873
Jogurts Protein LAKTO mango-marak.  200g (4.95 €/kg); (6.45 €/kg),maxima.lv,,0.99,4.95,€/kg,https://www.maxima.lv/uploads/sale/2026/sales_page/09/14//jogurts-protein-lakto-mango-marak-200g-00066-0923100113.png?1790146873
Kaus. siers DZINTARS ceptu sīp. -gail. 200g (8.95 €/kg); (11.75 €/kg),maxima.lv,,1.79,8.95,€/kg,https://www.maxima.lv/uploads/sale/2026/sales_page/09/14//kaus-siers-dzintars-ceptu-sip-gail-200g-00067-0923100113.png?1790146873
"Piens RASĒNS UHT 1,5% 200ml (2.95 €/l); (3.95 €/l)",maxima.lv,,0.59,2.95,€/l,https://www.maxima.lv/uploads/sale/2026/sales_page/09/14//piens-rasens-uht-1-5-200ml-00068-0923100113.png?1790146873
Biezp. ar skābo krēj. Protein BALTAIS 500g (4.78 €/kg); (5.98 €/kg),maxima.lv,,2.39,4.78,€/kg,https://www.maxima.lv/uploads/sale/2026/sales_page/09/14//biezp-ar-skabo-krej-protein-baltais-500g-00070-0923100115.png?1790146875
Deserts KĀRUMS Pann. Cotta mang. mar. 140g (4.93 €/kg); (9.21 €/kg),maxima.lv,,0.69,4.93,€/kg,https://www.maxima.lv/uploads/sale/2026/sales_page/09/14//deserts-karums-pann-cotta-mang-mar-140g-00077-0923100115.png?1790146875
Deserts KĀRUMS Panna Cotta ķiršu 140g (4.93 €/kg); (9.21 €/kg),maxima.lv,,0.69,4.93,€/kg,https://www.maxima.lv/uploads/sale/2026/sales_page/09/14//deserts-karums-panna-cotta-kirsu-140g-00078-0923100116.png?1790146876
Deserts KĀRUMS Panna Cotta zemeņu 140g (4.93 €/kg); (9.21 €/kg),maxima.lv,,0.69,4.93,€/kg,https://www.maxima.lv/uploads/sale/2026/sales_page/09/14//deserts-karums-panna-cotta-zemenu-140g-00079-0923100116.png?1790146876
Biezp. kr. Prot. BALTAIS Stracciatella 200g (6.95 €/kg); (8.45 €/kg),maxima.lv,,1.39,6.95,€/kg,https://www.maxima.lv/uploads/sale/2026/sales_page/09/23//biezp-kr-prot-baltais-stracciatella-200g-00080-0923100116.png?1790146876
Biezpiena sieriņš KĀRUMS riekstu 45g (9.33 €/kg); (11.56 €/kg),maxima.lv,,0.42,9.33,€/kg,https://www.maxima.lv/uploads/sale/2026/sales_page/09/23//biezpiena-sierins-karums-riekstu-45g-00089-0923100116.png?1790146876
Skābais krēms TUKUMA 20% 400g plēvē (2.48 €/kg); (3.38 €/kg),maxima.lv,,0.99,2.48,€/kg,https://www.maxima.lv/uploads/sale/2026/sales_page/09/14//skabais-krems-tukuma-20-400g-pleve-00090-0923100116.png?1790146876
Siers MOZZARELLA GALBANI 125g (5.41 €/kg); (7.23 €/kg),maxima.lv,,1.19,9.52,€/kg,https://www.maxima.lv/uploads/sale/2026/sales_page/09/23//siers-mozzarella-galbani-125g-00091-0923100107.png?1790146867
"Kefīrs LIMBAŽU 2,5% 1,5kg (1.13 €/kg); (1.66 €/kg)",maxima.lv,,1.69,1.13,€/kg,https://www.maxima.lv/uploads/sale/2026/sales_page/09/14//kefirs-limbazu-2-5-1-5kg-00093-0923100107.png?1790146867
Biezpiens JAUNPILS pilnpiena 9% 275g (6.51 €/kg); (7.96 €/kg),maxima.lv,,1.79,6.51,€/kg,https://www.maxima.lv/uploads/sale/2026/sales_page/09/14//biezpiens-jaunpils-pilnpiena-9-275g-00094-0923100107.png?1790146867
"Biezpiens JAUNPILS vājpiena 0,5% 275g (5.78 €/kg); (7.24 €/kg)",maxima.lv,,1.59,5.78,€/kg,https://www.maxima.lv/uploads/sale/2026/sales_page/09/14//biezpiens-jaunpils-vajpiena-0-5-275g-00095-0923100107.png?1790146867
Siers DŽIUGAS MILD 40% 12 mēn. izt. 180g (17.72 €/kg); (22.17 €/kg),maxima.lv,,3.19,17.72,€/kg,https://www.maxima.lv/uploads/sale/2026/sales_page/09/23//siers-dziugas-mild-40-12-men-izt-180g-00096-0923100107.png?1790146867
Siers DŽIUGAS PIQUANT40% 18 mēn. izt. 180g (18.83 €/kg); (23.28 €/kg),maxima.lv,,3.39,18.83,€/kg,https://www.maxima.lv/uploads/sale/2026/sales_page/09/23//siers-dziugas-piquant40-18-men-izt-180g-00097-0923100107.png?1790146867
Siers DŽIUGAS GOLD izturēts 36 mēn.  180g (21.06 €/kg); (27.72 €/kg),maxima.lv,,3.79,21.06,€/kg,https://www.maxima.lv/uploads/sale/2026/sales_page/09/23//siers-dziugas-gold-izturets-36-men-180g-00098-0923100107.png?1790146867
Raudz. piena prod. LAKTO klasisk. 450g (3.09 €/kg); (3.98 €/kg),maxima.lv,,1.39,3.09,€/kg,https://www.maxima.lv/uploads/sale/2026/sales_page/09/14//raudz-piena-prod-lakto-klasisk-450g-00099-0923100107.png?1790146867
Raudz. piena prod. LAKTO smiltsērk. 450g (3.09 €/kg); (3.98 €/kg),maxima.lv,,1.39,3.09,€/kg,https://www.maxima.lv/uploads/sale/2026/sales_page/09/14//raudz-piena-prod-lakto-smiltserk-450g-00100-0923100107.png?1790146867
Kausētais siers DZINTARS ar barav. 200g (8.95 €/kg); (11.75 €/kg),maxima.lv,,1.79,8.95,€/kg,https://www.maxima.lv/uploads/sale/2026/sales_page/09/14//kausetais-siers-dzintars-ar-barav-200g-00101-0923100109.png?1790146869
Skābais krējums VALMIERA 20% 450g (4.42 €/kg); (5.31 €/kg),maxima.lv,,1.99,4.42,€/kg,https://www.maxima.lv/uploads/sale/2026/sales_page/09/14//skabais-krejums-valmiera-20-450g-00102-0923100109.png?1790146869
Saldais biezpiens BALTAIS vaniļas 180g (5.50 €/kg); (7.17 €/kg),maxima.lv,,0.99,5.50,€/kg,https://www.maxima.lv/uploads/sale/2026/sales_page/09/23//saldais-biezpiens-baltais-vanilas-180g-00103-0923100109.png?1790146869
Sald. biezpiens BALTAIS ar rozīnēm 180g (5.50 €/kg); (7.17 €/kg),maxima.lv,,0.99,5.50,€/kg,https://www.maxima.lv/uploads/sale/2026/sales_page/09/23//sald-biezpiens-baltais-ar-rozinem-180g-00104-0923100109.png?1790146869
Biezpiens 5% VALMIERAS 180 g (6.61 €/kg); (8.61 €/kg),maxima.lv,,1.19,6.61,€/kg,https://www.maxima.lv/uploads/sale/2026/sales_page/09/14//biezpiens-5-valmieras-180-g-00105-0923100109.png?1790146869
Biezpiens 9% VALMIERAS 180 g (6.61 €/kg); (8.83 €/kg),maxima.lv,,1.19,6.61,€/kg,https://www.maxima.lv/uploads/sale/2026/sales_page/09/14//biezpiens-9-valmieras-180-g-00106-0923100109.png?1790146869
Biezpiena sieriņš KĀRUMS citronu 45g (9.33 €/kg); (11.56 €/kg),maxima.lv,,0.42,9.33,€/kg,https://www.maxima.lv/uploads/sale/2026/sales_page/09/23//biezpiena-sierins-karums-citronu-45g-00107-0923100109.png?1790146869
Siers DŽIUGAS DELICATE 40% 24mēn.  180g (19.94 €/kg); (26.61 €/kg),maxima.lv,,3.59,19.94,€/kg,https://www.maxima.lv/uploads/sale/2026/sales_page/09/23//siers-dziugas-delicate-40-24men-180g-00108-0923100109.png?1790146869
Saldais krējums RASA 35% 200ml (6.95 €/kg); (8.45 €/kg),maxima.lv,,1.39,6.95,€/l,https://www.maxima.lv/uploads/sale/2026/sales_page/09/14//saldais-krejums-rasa-35-200ml-00109-0923100109.png?1790146869
Skābais krējums JAUNPILS ZELTA 20% 400g (4.23 €/kg); (5.98 €/kg),maxima.lv,,1.69,4.22,€/kg,https://www.maxima.lv/uploads/sale/2026/sales_page/09/14//skabais-krejums-jaunpils-zelta-20-400g-00110-0923100109.png?1790146869
"Piens RASĒNS karameļu 1,5% 200ml (2.95 €/l); (3.95 €/l)",maxima.lv,,0.59,2.95,€/l,https://www.maxima.lv/uploads/sale/2026/sales_page/09/14//piens-rasens-karamelu-1-5-200ml-00111-0923100106.png?1790146866
"Piens RASĒNS šokolādes 1,5% 200ml (2.95 €/l); (3.95 €/l)",maxima.lv,,0.59,2.95,€/l,https://www.maxima.lv/uploads/sale/2026/sales_page/09/14//piens-rasens-sokolades-1-5-200ml-00112-0923100106.png?1790146866
"Piens RASĒNS banānu 1,5% 200ml (2.95 €/l); (3.95 €/l)",maxima.lv,,0.59,2.95,€/l,https://www.maxima.lv/uploads/sale/2026/sales_page/09/14//piens-rasens-bananu-1-5-200ml-00113-0923100106.png?1790146866
"Piens RASĒNS zemeņu 1,5% 200ml (2.95 €/l); (3.95 €/l)",maxima.lv,,0.59,2.95,€/l,https://www.maxima.lv/uploads/sale/2026/sales_page/09/14//piens-rasens-zemenu-1-5-200ml-00114-0923100106.png?1790146866
Piena dzēriens MULLERMILCH ar zem.  400g (2.98 €/kg); (4.13 €/kg),maxima.lv,,1.19,2.98,€/kg,https://www.maxima.lv/uploads/sale/2026/sales_page/09/14//piena-dzeriens-mullermilch-ar-zem-400g-00115-0923100106.png?1790146866
Piena dzēriens MULLERMILCH banānu 400g (2.98 €/kg); (4.13 €/kg),maxima.lv,,1.19,2.98,€/kg,https://www.maxima.lv/uploads/sale/2026/sales_page/09/14//piena-dzeriens-mullermilch-bananu-400g-00116-0923100106.png?1790146866
Piena dzēriens MULLERMILCH šokolād.  400g (2.98 €/kg); (4.13 €/kg),maxima.lv,,1.19,2.98,€/kg,https://www.maxima.lv/uploads/sale/2026/sales_page/09/14//piena-dzeriens-mullermilch-sokolad-400g-00117-0923100106.png?1790146866
"Biezpiens EXPORTA 0,5% 250g (5.56 €/kg); (7.56 €/kg)",maxima.lv,,1.39,5.56,€/kg,https://www.maxima.lv/uploads/sale/2026/sales_page/09/23//biezpiens-exporta-0-5-250g-00118-0923100106.png?1790146866
Biezpiens EXPORTA 9% pilnpiena 250g (6.36 €/kg); (7.96 €/kg),maxima.lv,,1.59,6.36,€/kg,https://www.maxima.lv/uploads/sale/2026/sales_page/09/23//biezpiens-exporta-9-pilnpiena-250g-00119-0923100106.png?1790146866
Jogurts GRIEĶU bez piedevām 400g (3.73 €/kg); (4.38 €/kg),maxima.lv,,1.49,3.72,€/kg,https://www.maxima.lv/uploads/sale/2026/sales_page/09/14//jogurts-grieku-bez-piedevam-400g-00120-0923100106.png?1790146866
Piena dz. MULLERMILCH kokosr. pistāc.  400g (2.98 €/kg); (4.13 €/kg),maxima.lv,,1.19,2.98,€/kg,https://www.maxima.lv/uploads/sale/2026/sales_page/09/14//piena-dz-mullermilch-kokosr-pistac-400g-00121-0923100112.png?1790146872
Raudz. piena prod. LAKTO mell. av.  450g (3.09 €/kg); (3.98 €/kg),maxima.lv,,1.39,3.09,€/kg,https://www.maxima.lv/uploads/sale/2026/sales_page/09/14//raudz-piena-prod-lakto-mell-av-450g-00122-0923100112.png?1790146872
Biskv.  batoniņi KINDER MAXI KING 3x35g (18.95 €/kg); (28.48 €/kg),maxima.lv,,1.99,56.86,€/kg,https://www.maxima.lv/uploads/sale/2026/sales_page/09/14//biskv-batonini-kinder-maxi-king-3x35g-00123-0923100112.png?1790146872
Raudz. piena prod. LAKTO m. zem.  450g (3.09 €/kg); (3.98 €/kg),maxima.lv,,1.39,3.09,€/kg,https://www.maxima.lv/uploads/sale/2026/sales_page/09/14//raudz-piena-prod-lakto-m-zem-450g-00124-0923100112.png?1790146872
Dušas želeja OLD SPICE Whitewater 400ml (8.72 €/l); (9.47 €/l),maxima.lv,,3.49,8.72,€/l,https://www.maxima.lv/uploads/sale/2026/sales_page/04/29//dusas-zeleja-old-spice-whitewater-400ml-00007-0505113542.png?1777970142
Tr. mazg. līdz. FAIRY Lemon 900ml (3.32 €/l); (3.99 €/l),maxima.lv,,2.99,3.32,€/l,https://www.maxima.lv/uploads/sale/2026/sales_page/04/29//tr-mazg-lidz-fairy-lemon-900ml-00010-0721164023.png?1784641223
Trauku mazg. maš. tīrīš. līdz SOMAT 3 m. r.  (1.76 €/gab); (2896.67 €/gab),maxima.lv,,5.29,,,https://www.maxima.lv/uploads/sale/2026/sales_page/04/29//trauku-mazg-mas-tiris-lidz-somat-3-m-r-00013-0505113529.png?1777970129
Tr. mazg. līdz. FAIRY Pomergranate 900ml (3.32 €/l); (5.54 €/l),maxima.lv,,2.99,3.32,€/l,https://www.maxima.lv/uploads/sale/2026/sales_page/04/29//tr-mazg-lidz-fairy-pomergranate-900ml-00016-0721164023.png?1784641223
Tualetes papīrs GRITE Blossom 3k.  8r.  (0.32 €/gab); (0.59 €/gab),maxima.lv,,2.59,,,https://www.maxima.lv/uploads/sale/2026/sales_page/04/29//tualetes-papirs-grite-blossom-3k-8r-00019-0928165602.png?1790603762
Tīr. līdz.  KVADRO kaļķ.  rūsas noņ.  700ml (4.84 €/l); (7.13 €/l),maxima.lv,,3.39,4.84,€/l,https://www.maxima.lv/uploads/sale/2026/sales_page/04/29//tir-lidz-kvadro-kalk-rusas-non-700ml-00026-0519110519.png?1779177919
Tīr. līdz. cepeškr. grila&plīt. KVADRO 700ml (5.13 €/l); (7.79 €/l),maxima.lv,,3.59,5.13,€/l,https://www.maxima.lv/uploads/sale/2026/sales_page/04/29//tir-lidz-cepeskr-grila-plit-kvadro-700ml-00027-0505113529.png?1777970129
Roku kr.  NIVEA Aloe Vera&Jojoba Oil 75ml (30.53 €/l); (50.53 €/l),maxima.lv,,2.29,30.53,€/l,https://www.maxima.lv/uploads/sale/2026/sales_page/04/29//roku-kr-nivea-aloe-vera-jojoba-oil-75ml-00030-0505113529.png?1777970129
Ikd. ieliktn. LIBRESSE Normal Multi 58gab.  (0.04 €/gab); (0.06 €/gab),maxima.lv,,2.49,,,https://www.maxima.lv/uploads/sale/2026/sales_page/04/29//ikd-ieliktn-libresse-normal-multi-58gab-00036-0505113529.png?1777970129
Dušas želeja L'ANGELICA kokosr.  500ml (7.18 €/l); (10.98 €/l),maxima.lv,,3.59,7.18,€/l,https://www.maxima.lv/uploads/sale/2026/sales_page/04/29//dusas-zeleja-l-angelica-kokosr-500ml-00038-0505113529.png?1777970129
Mazg. līdz.  JOHNSON'S Top-to-Toe 500ml (7.98 €/l); (13.18 €/l),maxima.lv,,3.99,7.98,€/l,https://www.maxima.lv/uploads/sale/2026/sales_page/04/29//mazg-lidz-johnson-s-top-to-toe-500ml-00041-0505113532.png?1777970132
Mitrinošs gēls GARNIER Aloe sejai 50ml (99.80 €/l); (175.80 €/l),maxima.lv,,4.99,99.80,€/l,https://www.maxima.lv/uploads/sale/2026/sales_page/04/29//mitrinoss-gels-garnier-aloe-sejai-50ml-00043-0505113532.png?1777970132
Protēžu fiks. krēms COREGA Gum Care 40g (124.75 €/kg); (189.75 €/kg),maxima.lv,,4.99,124.75,€/kg,https://www.maxima.lv/uploads/sale/2026/sales_page/04/29//protezu-fiks-krems-corega-gum-care-40g-00053-0505113532.png?1777970132
Sejas kr. L'OREAL Hyaluron Spec. dien. 50ml (149.80 €/l); (259.80 €/l),maxima.lv,,7.49,149.80,€/l,https://www.maxima.lv/uploads/sale/2026/sales_page/04/29//sejas-kr-l-oreal-hyaluron-spec-dien-50ml-00055-0505113532.png?1777970132
Acu kr. L'OREAL Hyaluron Specialist 15ml (499.33 €/l); (866.00 €/l),maxima.lv,,7.49,499.33,€/l,https://www.maxima.lv/uploads/sale/2026/sales_page/04/29//acu-kr-l-oreal-hyaluron-specialist-15ml-00057-0505113532.png?1777970132
Maska GARNIER Hyaluronic Aloe salvete (2.29 €/gab); (3850.00 €/gab),maxima.lv,,2.29,,,https://www.maxima.lv/uploads/sale/2026/sales_page/04/29//maska-garnier-hyaluronic-aloe-salvete-00061-0505113532.png?1777970132
Mutes skal. līdz. LISTERINE Mild Taste 1L (6.49 €/l); (10.99 €/l),maxima.lv,,6.49,6.49,€/l,https://www.maxima.lv/uploads/sale/2026/sales_page/04/29//mutes-skal-lidz-listerine-mild-taste-1l-00069-0505113532.png?1777970132
Dezinfekc. līdz. KVADRO 70% etanols 700ml (5.70 €/l); (8.56 €/l),maxima.lv,,3.99,5.70,€/l,https://www.maxima.lv/uploads/sale/2026/sales_page/04/29//dezinfekc-lidz-kvadro-70-etanols-700ml-00072-0505113532.png?1777970132
Micel. ūd. GARNIER Hyaluronic Aloe 400ml (14.97 €/l); (27.98 €/l),maxima.lv,,5.99,14.98,€/l,https://www.maxima.lv/uploads/sale/2026/sales_page/04/29//micel-ud-garnier-hyaluronic-aloe-400ml-00074-0505113532.png?1777970132
Dušas želeja NIVEA Care&Apricot 500ml (7.98 €/l); (13.58 €/l),maxima.lv,,3.99,7.98,€/l,https://www.maxima.lv/uploads/sale/2026/sales_page/04/29//dusas-zeleja-nivea-care-apricot-500ml-00076-0505113532.png?1777970132
Lūpu balzams DZINTARS Dubulti aizsarg. 4g (572.50 €/gab); (897.50 €/gab),maxima.lv,,2.29,572.50,€/kg,https://www.maxima.lv/uploads/sale/2026/sales_page/04/29//lupu-balzams-dzintars-dubulti-aizsarg-4g-00077-0505113543.png?1777970143
Toniks DZINTARS Roja mitrin. sejai 200ml (24.95 €/l); (38.45 €/l),maxima.lv,,4.99,24.95,€/l,https://www.maxima.lv/uploads/sale/2026/sales_page/04/29//toniks-dzintars-roja-mitrin-sejai-200ml-00082-0505113544.png?1777970144
Sejas krēms DZINTARS Roja mitrinošs 50ml (155.80 €/l); (239.80 €/l),maxima.lv,,7.79,155.80,€/l,https://www.maxima.lv/uploads/sale/2026/sales_page/04/29//sejas-krems-dzintars-roja-mitrinoss-50ml-00083-0505113544.png?1777970144
Sejas krēms DZINTARS Roja barojošs 50ml (169.80 €/l); (259.80 €/l),maxima.lv,,8.49,169.80,€/l,https://www.maxima.lv/uploads/sale/2026/sales_page/04/29//sejas-krems-dzintars-roja-barojoss-50ml-00084-0505113544.png?1777970144
Mazg. līdz. grīdai VICI Spring Blossom 1L (2.39 €/l); (3.19 €/l),maxima.lv,,2.39,2.39,€/l,https://www.maxima.lv/uploads/sale/2026/sales_page/04/29//mazg-lidz-gridai-vici-spring-blossom-1l-00087-0505113544.png?1777970144
Traipu tīr. līdz. MAYERI pre-wash 250ml (12.76 €/l); (19.96 €/l),maxima.lv,,3.19,12.76,€/l,https://www.maxima.lv/uploads/sale/2026/sales_page/04/29//traipu-tir-lidz-mayeri-pre-wash-250ml-00096-0505113544.png?1777970144
Veļas mazg. lap. DR. BECKMANN Color 25m. r.  (0.20 €/gab); (0.28 €/gab),maxima.lv,,4.99,,,https://www.maxima.lv/uploads/sale/2026/sales_page/04/29//velas-mazg-lap-dr-beckmann-color-25m-r-00098-0505113544.png?1777970144
Ķermeņa skrubis BIO2YOU Kafija 200ml (19.95 €/l); (40.95 €/l),maxima.lv,,3.99,19.95,€/l,https://www.maxima.lv/uploads/sale/2026/sales_page/04/29//kermena-skrubis-bio2you-kafija-200ml-00106-0505113544.png?1777970144
Tualetes bloks SANO Lavender 55g (39.82 €/kg); (58.00 €/kg),maxima.lv,,2.19,39.82,€/kg,https://www.maxima.lv/uploads/sale/2026/sales_page/04/29//tualetes-bloks-sano-lavender-55g-00107-0505113544.png?1777970144
Tīrīšanas līdz. KVADRO universālais 700ml (3.70 €/l); (5.70 €/l),maxima.lv,,2.59,3.70,€/l,https://www.maxima.lv/uploads/sale/2026/sales_page/04/29//tirisanas-lidz-kvadro-universalais-700ml-00111-0505113535.png?1777970135
Dez. NIVEA Black&White Inv. zīm. siev. 50ml (59.80 €/l); (115.80 €/l),maxima.lv,,2.99,59.80,€/l,https://www.maxima.lv/uploads/sale/2026/sales_page/04/29//dez-nivea-black-white-inv-zim-siev-50ml-00113-0505113535.png?1777970135
Dez. NIVEA Men Black&White Orig. zīm. 50ml (59.80 €/l); (115.80 €/l),maxima.lv,,2.99,59.80,€/l,https://www.maxima.lv/uploads/sale/2026/sales_page/04/29//dez-nivea-men-black-white-orig-zim-50ml-00114-0505113535.png?1777970135
Hig. pak. LIBRESSE Ultra Normal Mega 38gb.  (0.13 €/gab); (0.18 €/gab),maxima.lv,,4.99,,,https://www.maxima.lv/uploads/sale/2026/sales_page/04/29//hig-pak-libresse-ultra-normal-mega-38gb-00115-0505113535.png?1777970135
"Veļas pulv. ARIEL Color 20m. r.  1,1kg (6.17 €/kg); (10.90 €/kg)",maxima.lv,,6.79,6.17,€/kg,https://www.maxima.lv/uploads/sale/2026/sales_page/04/29//velas-pulv-ariel-color-20m-r-1-1kg-00116-0505113535.png?1777970135
"Veļas pulv. ARIEL MSpring 20m. r.  1,1kg (6.17 €/kg); (10.90 €/kg)",maxima.lv,,6.79,6.17,€/kg,https://www.maxima.lv/uploads/sale/2026/sales_page/04/29//velas-pulv-ariel-mspring-20m-r-1-1kg-00117-0505113535.png?1777970135
Matu maska REVIVOR Betula 500ml (9.18 €/l); (13.18 €/l),maxima.lv,,4.59,9.18,€/l,https://www.maxima.lv/uploads/sale/2026/sales_page/04/29//matu-maska-revivor-betula-500ml-00128-0820110602.png?1787213162
Veļas balinātājs MAYERI Liilia 1L (1.45 €/l); (1.99 €/l),maxima.lv,,1.45,1.45,€/l,https://www.maxima.lv/uploads/sale/2026/sales_page/04/29//velas-balinatajs-mayeri-liilia-1l-00129-0820112602.png?1787214362
Šķīst. tabletes HERB'S Vitamin C 20gab.  (0.06 €/gab); (0.10 €/gab),maxima.lv,,1.19,,,https://www.maxima.lv/uploads/sale/2026/sales_page/04/29//skist-tabletes-herb-s-vitamin-c-20gab-00133-0505113535.png?1777970135
Veļas mazg. līdz. PERWOLL Color 20m. r. 1L (4.99 €/l); (8.69 €/l),maxima.lv,,4.99,4.99,€/l,https://www.maxima.lv/uploads/sale/2026/sales_page/04/29//velas-mazg-lidz-perwoll-color-20m-r-1l-00145-0505113535.png?1777970135
Veļ. mazg. līdz. BONUX Magnolia 18m. r. 900ml (5.10 €/l); (6.99 €/l),maxima.lv,,4.59,5.10,€/l,https://www.maxima.lv/uploads/sale/2026/sales_page/04/29//vel-mazg-lidz-bonux-magnolia-18m-r-900ml-00151-0519104033.png?1779176433
"Veļas pulv. BONUX Ice Fresh 18m. r. 1,17kg (4.01 €/kg); (5.89 €/kg)",maxima.lv,,4.69,4.01,€/kg,https://www.maxima.lv/uploads/sale/2026/sales_page/04/29//velas-pulv-bonux-ice-fresh-18m-r-1-17kg-00152-0505113530.png?1777970130
Kondic. SYOSS Intense Plex intens. 250ml (17.96 €/l); (29.96 €/l),maxima.lv,,4.49,17.96,€/l,https://www.maxima.lv/uploads/sale/2026/sales_page/04/29//kondic-syoss-intense-plex-intens-250ml-00153-0505113530.png?1777970130
"Veļas pulv. BONUX Magnolia 18m. r. 1,17kg (4.01 €/kg); (5.89 €/kg)",maxima.lv,,4.69,4.01,€/kg,https://www.maxima.lv/uploads/sale/2026/sales_page/04/29//velas-pulv-bonux-magnolia-18m-r-1-17kg-00154-0505113530.png?1777970130
Veļas mazg. līdz. BONUX Ice Fr. 18m. r. 900ml (5.10 €/l); (6.99 €/l),maxima.lv,,4.59,5.10,€/l,https://www.maxima.lv/uploads/sale/2026/sales_page/04/29//velas-mazg-lidz-bonux-ice-fr-18m-r-900ml-00155-0519110519.png?1779177919
Tr. mazg. kaps. FAIRY Platinum Lem. 45gab.  (0.36 €/gab); (0.57 €/gab),maxima.lv,,15.99,,,https://www.maxima.lv/uploads/sale/2026/sales_page/04/29//tr-mazg-kaps-fairy-platinum-lem-45gab-00167-0721164023.png?1784641223
Tr. mazg. kaps. FAIRY All in One Lem. 56gb.  (0.22 €/gab); (0.50 €/gab),maxima.lv,,12.49,,,https://www.maxima.lv/uploads/sale/2026/sales_page/04/29//tr-mazg-kaps-fairy-all-in-one-lem-56gb-00168-0721164023.png?1784641223
Lūpu maska LANEIGE Berry 20g (649.50 €/kg); (1149.50 €/kg),maxima.lv,,12.99,649.50,€/kg,https://www.maxima.lv/uploads/sale/2026/sales_page/04/29//lupu-maska-laneige-berry-20g-00169-0505113521.png?1777970121
Papīra dvieļi BLOOM Jumbo 2sl. 1r. 500lap.  (2.89 €/gab); (4.70 €/gab),maxima.lv,,2.89,,,https://www.maxima.lv/uploads/sale/2026/sales_page/04/29//papira-dvieli-bloom-jumbo-2sl-1r-500lap-00170-0505113521.png?1777970121
Uztura bagātināt. Kolagēna peptīdi 300g (39.97 €/kg); (73.30 €/kg),maxima.lv,,11.99,39.97,€/kg,https://www.maxima.lv/uploads/sale/2026/sales_page/04/29//uztura-bagatinat-kolagena-peptidi-300g-00174-0505113521.png?1777970121
Tual. atsv. DOMESTOS Pow. 5 Lime 3x50g (22.60 €/kg); (41.93 €/kg),maxima.lv,,3.39,67.80,€/kg,https://www.maxima.lv/uploads/sale/2026/sales_page/04/29//tual-atsv-domestos-pow-5-lime-3x50g-00176-0505113521.png?1777970121
Kondicionieris GLISS Liquid Silk 200ml (15.95 €/l); (26.95 €/l),maxima.lv,,3.19,15.95,€/l,https://www.maxima.lv/uploads/sale/2026/sales_page/04/29//kondicionieris-gliss-liquid-silk-200ml-00179-0505113521.png?1777970121
Šampūns GLISS Liquid Silk 400ml (9.97 €/l); (17.23 €/l),maxima.lv,,3.99,9.98,€/l,https://www.maxima.lv/uploads/sale/2026/sales_page/04/29//sampuns-gliss-liquid-silk-400ml-00180-0505113521.png?1777970121
Kondicionier. PANTENE Thick&Strong 275ml (14.51 €/l); (24.69 €/l),maxima.lv,,3.99,14.51,€/l,https://www.maxima.lv/uploads/sale/2026/sales_page/04/29//kondicionier-pantene-thick-strong-275ml-00182-0505113521.png?1777970121
Šampūns PANTENE Thick&Strong 400ml (9.97 €/l); (16.73 €/l),maxima.lv,,3.99,9.98,€/l,https://www.maxima.lv/uploads/sale/2026/sales_page/04/29//sampuns-pantene-thick-strong-400ml-00183-0505113521.png?1777970121
Prezervatīvi DUREX Sensual 10gab.  (0.90 €/gab); (1359.00 €/gab),maxima.lv,,8.99,,,https://www.maxima.lv/uploads/sale/2026/sales_page/04/29//prezervativi-durex-sensual-10gab-00192-0505113522.png?1777970122
Ziepes BIO2YOU Kivi 250g (11.96 €/kg); (19.96 €/kg),maxima.lv,,2.99,11.96,€/kg,https://www.maxima.lv/uploads/sale/2026/sales_page/04/29//ziepes-bio2you-kivi-250g-00195-0505113522.png?1777970122
Ziepes BIO2YOU Kazas piens 250g (11.96 €/kg); (19.96 €/kg),maxima.lv,,2.99,11.96,€/kg,https://www.maxima.lv/uploads/sale/2026/sales_page/04/29//ziepes-bio2you-kazas-piens-250g-00196-0505113522.png?1777970122
Tr. mazg. līdz. hipo. MAYERI Aloe Vera 500ml (2.78 €/l); (3.78 €/l),maxima.lv,,1.39,2.78,€/l,https://www.maxima.lv/uploads/sale/2026/sales_page/04/29//tr-mazg-lidz-hipo-mayeri-aloe-vera-500ml-00197-0505113522.png?1777970122
Lūpu maska ​​LANEIGE Apple Lime 20g (649.50 €/kg); (1149.50 €/kg),maxima.lv,,12.99,649.50,€/kg,https://www.maxima.lv/uploads/sale/2026/sales_page/04/29//lupu-maska-laneige-apple-lime-20g-00202-0505113522.png?1777970122
Lūpu maska ​​LANEIGE Grapefruit 20g (649.50 €/kg); (1149.50 €/kg),maxima.lv,,12.99,649.50,€/kg,https://www.maxima.lv/uploads/sale/2026/sales_page/04/29//lupu-maska-laneige-grapefruit-20g-00203-0505113522.png?1777970122
Tr. mazg. maš. kaps. SOMAT Excell. 4in1 30gab (0.33 €/gab); (0.50 €/gab),maxima.lv,,9.99,,,https://www.maxima.lv/uploads/sale/2026/sales_page/04/29//tr-mazg-mas-kaps-somat-excell-4in1-30gab-00205-0505113522.png?1777970122
Mitrās salvet. PAMPERS Sensitive 4x52gab.  (0.03 €/gab); (0.05 €/gab),maxima.lv,,6.49,,,https://www.maxima.lv/uploads/sale/2026/sales_page/04/29//mitras-salvet-pampers-sensitive-4x52gab-00206-0721164023.png?1784641223
Veļas mazgāš. kaps. ARIEL Extra Clean 60gb (333.17 €/gab); (0.56 €/gab),maxima.lv,,19.99,,,https://www.maxima.lv/uploads/sale/2026/sales_page/04/29//velas-mazgas-kaps-ariel-extra-clean-60gb-00207-0505113522.png?1777970122
Veļas mazgāš. kapsulas ARIEL Color 70gb (285.57 €/gab); (0.53 €/gab),maxima.lv,,19.99,,,https://www.maxima.lv/uploads/sale/2026/sales_page/04/29//velas-mazgas-kapsulas-ariel-color-70gb-00208-0505113522.png?1777970122
"Veļ. mīkst. LENOR Gold Orchid 59m. r. 1,239L (4.51 €/l); (7.09 €/l)",maxima.lv,,5.59,4.51,€/l,https://www.maxima.lv/uploads/sale/2026/sales_page/04/29//vel-mikst-lenor-gold-orchid-59m-r-1-239l-00215-0505113534.png?1777970134
Sejas maskas BIODANCE Collagen 34gx4gb (4.25 €/gab); (6.12 €/gab),maxima.lv,,16.99,,,https://www.maxima.lv/uploads/sale/2026/sales_page/04/29//sejas-maskas-biodance-collagen-34gx4gb-00216-0710154602.png?1783687562
Trauku mazg. līdz. FAIRY Pure&Clean 900ml (3.32 €/l); (3.99 €/l),maxima.lv,,2.99,3.32,€/l,https://www.maxima.lv/uploads/sale/2026/sales_page/04/29//trauku-mazg-lidz-fairy-pure-clean-900ml-00225-0721164023.png?1784641223
Notekcaur. tīrīš. granulas EKOnomis 250g (11.96 €/kg); (19.96 €/kg),maxima.lv,,2.99,11.96,€/kg,https://www.maxima.lv/uploads/sale/2026/sales_page/04/29//notekcaur-tiris-granulas-ekonomis-250g-00226-0505113534.png?1777970134
Tr. mazg. kaps. FAIRY Plat. Lem. Miracl. 31gb.  (0.40 €/gab); (0.90 €/gab),maxima.lv,,12.49,,,https://www.maxima.lv/uploads/sale/2026/sales_page/04/29//tr-mazg-kaps-fairy-plat-lem-miracl-31gb-00227-0721164023.png?1784641223
Gaisa atsv. MAYERI Sandalwood Whisp. 300ml (8.30 €/l); (11.63 €/l),maxima.lv,,2.49,8.30,€/l,https://www.maxima.lv/uploads/sale/2026/sales_page/04/29//gaisa-atsv-mayeri-sandalwood-whisp-300ml-00244-0505113534.png?1777970134
Zobu pasta PARODONTAX CLASSIC 75ml (53.20 €/l); (57.20 €/l),maxima.lv,,3.99,53.20,€/l,https://www.maxima.lv/uploads/sale/2026/sales_page/04/29//zobu-pasta-parodontax-classic-75ml-00251-0505113534.png?1777970134
Tual. tīr. līdz.  SANO Anti-Kalk WC 750ml (4.52 €/l); (7.05 €/l),maxima.lv,,3.39,4.52,€/l,https://www.maxima.lv/uploads/sale/2026/sales_page/04/29//tual-tir-lidz-sano-anti-kalk-wc-750ml-00254-0820112101.png?1787214061
Matu laka NIVEA apjoma palielin. 250ml (15.96 €/l); (31.16 €/l),maxima.lv,,3.99,15.96,€/l,https://www.maxima.lv/uploads/sale/2026/sales_page/04/29//matu-laka-nivea-apjoma-palielin-250ml-00255-0505113540.png?1777970140
Matu putas NIVEA apjoma palielin.  150ml (26.60 €/l); (47.27 €/l),maxima.lv,,3.99,26.60,€/l,https://www.maxima.lv/uploads/sale/2026/sales_page/04/29//matu-putas-nivea-apjoma-palielin-150ml-00256-0505113540.png?1777970140
Ķerm. krēms NIVEA Soft intens. mitrin. 75ml (35.87 €/l); (61.20 €/l),maxima.lv,,2.69,35.87,€/l,https://www.maxima.lv/uploads/sale/2026/sales_page/04/29//kerm-krems-nivea-soft-intens-mitrin-75ml-00259-0505113540.png?1777970140
Balzams pēc skūš.  NIVEA 100ml (79.90 €/l); (133.90 €/l),maxima.lv,,7.99,79.90,€/l,https://www.maxima.lv/uploads/sale/2026/sales_page/04/29//balzams-pec-skus-nivea-100ml-00260-0505113540.png?1777970140
Gaisa ats. rez. AIRWICK FM Orange fl. 250ml (23.96 €/l); (34.36 €/l),maxima.lv,,5.99,23.96,€/l,https://www.maxima.lv/uploads/sale/2026/sales_page/04/29//gaisa-ats-rez-airwick-fm-orange-fl-250ml-00262-0505113540.png?1777970140
"Lūpu balzams NIVEA ESSENTIAL 4,8g (0.48 €/kg); (0.81 €/kg)",maxima.lv,,2.29,477.08,€/kg,https://www.maxima.lv/uploads/sale/2026/sales_page/04/29//lupu-balzams-nivea-essential-4-8g-00265-0505113540.png?1777970140
Hig. tamponi O. B. PRO COMF. SUPER 32gab.  (0.16 €/gab); (255.94 €/gab),maxima.lv,,4.99,,,https://www.maxima.lv/uploads/sale/2026/sales_page/04/29//hig-tamponi-o-b-pro-comf-super-32gab-00266-0505113540.png?1777970140
Dezod. FA PINK PASSION izsmidz. 150ml (18.60 €/l); (31.27 €/l),maxima.lv,,2.79,18.60,€/l,https://www.maxima.lv/uploads/sale/2026/sales_page/04/29//dezod-fa-pink-passion-izsmidz-150ml-00267-0729084101.png?1785303661
Hig. tamponi TAMPAX COMPAK SUPER 16gab.  (0.25 €/gab); (0.36 €/gab),maxima.lv,,3.99,,,https://www.maxima.lv/uploads/sale/2026/sales_page/04/29//hig-tamponi-tampax-compak-super-16gab-00269-0505113524.png?1777970124
Hig. tamponi TAMPAX COMPAK SUPER+ 16gab.  (0.25 €/gab); (0.36 €/gab),maxima.lv,,3.99,,,https://www.maxima.lv/uploads/sale/2026/sales_page/04/29//hig-tamponi-tampax-compak-super-16gab-00271-0512092519.png?1778567119
Vienr. skuvekļi BIC 3 SENSITIVE 4gab.  (0.50 €/gab); (0.87 €/gab),maxima.lv,,1.99,,,https://www.maxima.lv/uploads/sale/2026/sales_page/04/29//vienr-skuvekli-bic-3-sensitive-4gab-00273-0505113524.png?1777970124
Dezodor. FA Pink Passion rull. siev. 50ml (55.80 €/l); (93.80 €/l),maxima.lv,,2.79,55.80,€/l,https://www.maxima.lv/uploads/sale/2026/sales_page/04/29//dezodor-fa-pink-passion-rull-siev-50ml-00274-0729084101.png?1785303661
Ikd. ielikt. TENA Discr.  Ultra Mini 28gab.  (0.12 €/gab); (178.21 €/gab),maxima.lv,,3.49,,,https://www.maxima.lv/uploads/sale/2026/sales_page/04/29//ikd-ielikt-tena-discr-ultra-mini-28gab-00275-0505113524.png?1777970124
Dezod. NIVEA PEARL&BEAUTY rull. siev. 50ml (55.80 €/l); (59.80 €/l),maxima.lv,,2.79,55.80,€/l,https://www.maxima.lv/uploads/sale/2026/sales_page/04/29//dezod-nivea-pearl-beauty-rull-siev-50ml-00276-0505113524.png?1777970124
Dezod. NIVEA PEARL&BEAUTY izsmidz. 150ml (19.93 €/l); (38.60 €/l),maxima.lv,,2.99,19.93,€/l,https://www.maxima.lv/uploads/sale/2026/sales_page/04/29//dezod-nivea-pearl-beauty-izsmidz-150ml-00277-0505113524.png?1777970124
Hig. paketes NATURELLA ULTRA NOR. + 20gab.  (0.15 €/gab); (0.23 €/gab),maxima.lv,,2.99,,,https://www.maxima.lv/uploads/sale/2026/sales_page/04/29//hig-paketes-naturella-ultra-nor-20gab-00278-0505113524.png?1777970124
Lubrikants DUREX PLAY AL. VERA 2in1 200ml (39.95 €/l); (62.45 €/l),maxima.lv,,7.99,39.95,€/l,https://www.maxima.lv/uploads/sale/2026/sales_page/04/29//lubrikants-durex-play-al-vera-2in1-200ml-00279-0505113524.png?1777970124
Tualetes bloks SANO Sanobon Blue 55g (39.82 €/kg); (58.00 €/kg),maxima.lv,,2.19,39.82,€/kg,https://www.maxima.lv/uploads/sale/2026/sales_page/04/29//tualetes-bloks-sano-sanobon-blue-55g-00281-0505113541.png?1777970141
Dušas želeja FA SPORT 400ml (7.97 €/l); (13.22 €/l),maxima.lv,,3.19,7.98,€/l,https://www.maxima.lv/uploads/sale/2026/sales_page/04/29//dusas-zeleja-fa-sport-400ml-00284-0729082102.png?1785302462
Mut. sk. līdz. COLGATE Plax Cool Mint 500ml (9.98 €/l); (16.98 €/l),maxima.lv,,4.99,9.98,€/l,https://www.maxima.lv/uploads/sale/2026/sales_page/04/29//mut-sk-lidz-colgate-plax-cool-mint-500ml-00287-0505113541.png?1777970141
Šampūns H&S CLASSIC CLEAN 400ml (12.47 €/l); (13.22 €/l),maxima.lv,,4.99,12.48,€/l,https://www.maxima.lv/uploads/sale/2026/sales_page/04/29//sampuns-h-s-classic-clean-400ml-00288-0505113541.png?1777970141
Šampūns H&S MENTHOL 400ml (12.47 €/l); (13.22 €/l),maxima.lv,,4.99,12.48,€/l,https://www.maxima.lv/uploads/sale/2026/sales_page/04/29//sampuns-h-s-menthol-400ml-00289-0505113541.png?1777970141
Dezod. NIVEA FRESH rull. vīr. 50ml (55.80 €/l); (59.80 €/l),maxima.lv,,2.79,55.80,€/l,https://www.maxima.lv/uploads/sale/2026/sales_page/04/29//dezod-nivea-fresh-rull-vir-50ml-00291-0505113541.png?1777970141
Traipu tīr. līdz. SANO Oxygen Stain 750ml (6.12 €/l); (11.05 €/l),maxima.lv,,4.59,6.12,€/l,https://www.maxima.lv/uploads/sale/2026/sales_page/04/29//traipu-tir-lidz-sano-oxygen-stain-750ml-00292-0505113541.png?1777970141
Dez. REXONA Aloe Vera 48h rull. siev. 50ml (57.80 €/l); (97.80 €/l),maxima.lv,,2.89,57.80,€/l,https://www.maxima.lv/uploads/sale/2026/sales_page/04/29//dez-rexona-aloe-vera-48h-rull-siev-50ml-00293-0505113541.png?1777970141
Tual. tīr. līdz. HARPIC Pow. Plus Citr. 750ml (3.45 €/l); (6.52 €/l),maxima.lv,,2.59,3.45,€/l,https://www.maxima.lv/uploads/sale/2026/sales_page/04/29//tual-tir-lidz-harpic-pow-plus-citr-750ml-00295-0505113541.png?1777970141
Zobu pasta SPLAT Biocalcium 100ml (32.90 €/l); (54.90 €/l),maxima.lv,,3.29,32.90,€/l,https://www.maxima.lv/uploads/sale/2026/sales_page/04/29//zobu-pasta-splat-biocalcium-100ml-00299-0505113541.png?1777970141
Tīr. līdz. KVADRO vannas istabai 730ml (3.55 €/l); (4.92 €/l),maxima.lv,,2.59,3.55,€/l,https://www.maxima.lv/uploads/sale/2026/sales_page/04/29//tir-lidz-kvadro-vannas-istabai-730ml-00303-0505113538.png?1777970138
Virtuves un tauku tīr. līdz. KVADRO 730ml (3.55 €/l); (4.92 €/l),maxima.lv,,2.59,3.55,€/l,https://www.maxima.lv/uploads/sale/2026/sales_page/04/29//virtuves-un-tauku-tir-lidz-kvadro-730ml-00304-0505113538.png?1777970138
Šķidrās ziepes DOVE SILK rez. 500ml (4.58 €/l); (8.38 €/l),maxima.lv,,2.29,4.58,€/l,https://www.maxima.lv/uploads/sale/2026/sales_page/04/29//skidras-ziepes-dove-silk-rez-500ml-00305-0505113538.png?1777970138
Matu laka SYOSS Max Hold 300ml (19.97 €/l); (33.30 €/l),maxima.lv,,5.99,19.97,€/l,https://www.maxima.lv/uploads/sale/2026/sales_page/04/29//matu-laka-syoss-max-hold-300ml-00306-0505113538.png?1777970138
Tabletes COREGA protēžu tīrīšanai 30gab.  (0.15 €/gab); (0.23 €/gab),maxima.lv,,4.49,,,https://www.maxima.lv/uploads/sale/2026/sales_page/04/29//tabletes-corega-protezu-tirisanai-30gab-00310-0505113538.png?1777970138
Gaisa ats. rez. AIRWICK FM Moon Lily. 250ml (23.96 €/l); (34.36 €/l),maxima.lv,,5.99,23.96,€/l,https://www.maxima.lv/uploads/sale/2026/sales_page/04/29//gaisa-ats-rez-airwick-fm-moon-lily-250ml-00311-0505113538.png?1777970138
Skaloš. līdz. trauku mazg. maš. FINISH 800ml (6.24 €/l); (10.49 €/l),maxima.lv,,4.99,6.24,€/l,https://www.maxima.lv/uploads/sale/2026/sales_page/04/29//skalos-lidz-trauku-mazg-mas-finish-800ml-00312-0505113538.png?1777970138
Uroloģ. ieliktņi SENI LADY Plus 15gab.  (0.30 €/gab); (372.67 €/gab),maxima.lv,,4.49,,,https://www.maxima.lv/uploads/sale/2026/sales_page/04/29//urolog-ieliktni-seni-lady-plus-15gab-00315-0505113538.png?1777970138
Ikdienas ieliktnīši CAREFREE Aloe 76gab.  (0.06 €/gab); (86.71 €/gab),maxima.lv,,4.49,,,https://www.maxima.lv/uploads/sale/2026/sales_page/04/29//ikdienas-ieliktnisi-carefree-aloe-76gab-00316-0505113538.png?1777970138
Mutes skal. līdz.  LISTERINE Coolmint 1L (6.49 €/l); (10.99 €/l),maxima.lv,,6.49,6.49,€/l,https://www.maxima.lv/uploads/sale/2026/sales_page/04/29//mutes-skal-lidz-listerine-coolmint-1l-00321-0505113538.png?1777970138
Šampūns H&S APPLE FRESH 400ml (12.47 €/l); (13.22 €/l),maxima.lv,,4.99,12.48,€/l,https://www.maxima.lv/uploads/sale/2026/sales_page/04/29//sampuns-h-s-apple-fresh-400ml-00325-0505113525.png?1777970125
Trauku mazg. tabl. TRI-BIO 25gab.  (0.24 €/gab); (0.42 €/gab),maxima.lv,,5.99,,,https://www.maxima.lv/uploads/sale/2026/sales_page/04/29//trauku-mazg-tabl-tri-bio-25gab-00326-0505113525.png?1777970125
Prezervatīvi LIFESTYLES ORIG. SKYN 10gab.  (0.80 €/gab); (1.25 €/gab),maxima.lv,,7.99,,,https://www.maxima.lv/uploads/sale/2026/sales_page/04/29//prezervativi-lifestyles-orig-skyn-10gab-00328-0505113525.png?1777970125
Paladziņi SENI SOFT 40x60cm 30 gab.  (0.30 €/gab); (0.40 €/gab),maxima.lv,,8.99,,,https://www.maxima.lv/uploads/sale/2026/sales_page/04/29//paladzini-seni-soft-40x60cm-30-gab-00329-0519110519.png?1779177919
Dezod. OLD SPICE WOLFTHORN zīmuļv. 50ml (67.80 €/l); (73.80 €/l),maxima.lv,,3.39,67.80,€/l,https://www.maxima.lv/uploads/sale/2026/sales_page/04/29//dezod-old-spice-wolfthorn-zimulv-50ml-00330-0505113525.png?1777970125
Dušas žel. PALMOLIVE REFRESHING 500ml (7.98 €/l); (13.38 €/l),maxima.lv,,3.99,7.98,€/l,https://www.maxima.lv/uploads/sale/2026/sales_page/04/29//dusas-zel-palmolive-refreshing-500ml-00331-0505113525.png?1777970125
Starpzobu diegs JORDAN Flosser 3in1 50gb (0.06 €/gab); (91.39 €/gab),maxima.lv,,1.99,,,https://www.maxima.lv/uploads/sale/2026/sales_page/04/29//starpzobu-diegs-jordan-flosser-3in1-50gb-00332-0505113525.png?1777970125
Izsmidz. dez. NIVEA Men B&W Original 250ml (15.96 €/l); (29.96 €/l),maxima.lv,,3.99,15.96,€/l,https://www.maxima.lv/uploads/sale/2026/sales_page/04/29//izsmidz-dez-nivea-men-b-w-original-250ml-00333-0505113525.png?1777970125
Papīra dvieļi GRITE Blossom 2k.  120lap.  (13.25 €/gab); (17.92 €/gab),maxima.lv,,1.59,,,https://www.maxima.lv/uploads/sale/2026/sales_page/04/29//papira-dvieli-grite-blossom-2k-120lap-00334-0505113525.png?1777970125
Higiēn. paketes LADY ANION Day Use 10gab.  (0.25 €/gab); (0.41 €/gab),maxima.lv,,2.49,,,https://www.maxima.lv/uploads/sale/2026/sales_page/04/29//higien-paketes-lady-anion-day-use-10gab-00335-0505113525.png?1777970125
Hig. paketes LADY ANION Night Use 8gab.  (0.31 €/gab); (0.51 €/gab),maxima.lv,,2.49,,,https://www.maxima.lv/uploads/sale/2026/sales_page/04/29//hig-paketes-lady-anion-night-use-8gab-00336-0505113526.png?1777970126
Stiklu tīrīšanas līdz.  CLIN Lemon 500ml (3.98 €/l); (4.58 €/l),maxima.lv,,1.99,3.98,€/l,https://www.maxima.lv/uploads/sale/2026/sales_page/04/29//stiklu-tirisanas-lidz-clin-lemon-500ml-00338-0505113526.png?1777970126
Izsm. dez. REXONA Invis. B&W 48h vīr. 150ml (19.27 €/l); (32.60 €/l),maxima.lv,,2.89,19.27,€/l,https://www.maxima.lv/uploads/sale/2026/sales_page/04/29//izsm-dez-rexona-invis-b-w-48h-vir-150ml-00340-0505113533.png?1777970133
Tual. tīr. līdz.  DOMESTOS Lime 700ml (2.84 €/l); (6.21 €/l),maxima.lv,,1.99,2.84,€/l,https://www.maxima.lv/uploads/sale/2026/sales_page/04/29//tual-tir-lidz-domestos-lime-700ml-00341-0505113533.png?1777970133
Tualetes papīrs ZEWA Moll White 3k.  12r.  (0.42 €/gab); (0.71 €/gab),maxima.lv,,4.99,,,https://www.maxima.lv/uploads/sale/2026/sales_page/04/29//tualetes-papirs-zewa-moll-white-3k-12r-00342-0820114101.png?1787215261
Zobu pasta ELMEX bērniem 0-6 gadiem 50ml (57.80 €/l); (105.80 €/l),maxima.lv,,2.89,57.80,€/l,https://www.maxima.lv/uploads/sale/2026/sales_page/04/29//zobu-pasta-elmex-berniem-0-6-gadiem-50ml-00343-0505113545.png?1777970145
Zobu pasta ELMEX Sensitive 75ml (59.87 €/l); (117.20 €/l),maxima.lv,,4.49,59.87,€/l,https://www.maxima.lv/uploads/sale/2026/sales_page/04/29//zobu-pasta-elmex-sensitive-75ml-00344-0505113545.png?1777970145
Dušas želeja NIVEA Men Sport vīr. 500ml (7.98 €/l); (13.58 €/l),maxima.lv,,3.99,7.98,€/l,https://www.maxima.lv/uploads/sale/2026/sales_page/04/29//dusas-zeleja-nivea-men-sport-vir-500ml-00346-0505113545.png?1777970145
Dezodor.  OLD SPICE WHITEWATER zīm.  50ml (67.80 €/l); (73.80 €/l),maxima.lv,,3.39,67.80,€/l,https://www.maxima.lv/uploads/sale/2026/sales_page/04/29//dezodor-old-spice-whitewater-zim-50ml-00350-0505113545.png?1777970145
Autiņb. biksīt. PAMPERS S5 12-17kg 48gab.  (0.31 €/gab); (0.45 €/gab),maxima.lv,,14.99,0.88,€/kg,https://www.maxima.lv/uploads/sale/2026/sales_page/05/05//autinb-biksit-pampers-s5-12-17kg-48gab-00560-0721164023.png?1784641223
Tr. mazg. līdz. FAIRY Apple 900ml (3.32 €/l); (3.99 €/l),maxima.lv,,2.99,3.32,€/l,https://www.maxima.lv/uploads/sale/2026/sales_page/05/05//tr-mazg-lidz-fairy-apple-900ml-00562-0721164023.png?1784641223
Tr. mazg. līdz. FAIRY Sens. Tea T&Mint 900ml (3.32 €/l); (3.99 €/l),maxima.lv,,2.99,3.32,€/l,https://www.maxima.lv/uploads/sale/2026/sales_page/05/05//tr-mazg-lidz-fairy-sens-tea-t-mint-900ml-00563-0721164023.png?1784641223
Attīr. krēms CIF Lemon ar mikrod.  540g (4.06 €/kg); (7.02 €/kg),maxima.lv,,2.19,4.06,€/kg,https://www.maxima.lv/uploads/sale/2026/sales_page/05/05//attir-krems-cif-lemon-ar-mikrod-540g-00565-0820111102.png?1787213462
Traipu tīrīšanas līdz.  VANISH Gold 200ml (22.95 €/l); (33.45 €/l),maxima.lv,,4.59,22.95,€/l,https://www.maxima.lv/uploads/sale/2026/sales_page/05/05//traipu-tirisanas-lidz-vanish-gold-200ml-00567-0505113537.png?1777970137
Veļ. mazg. kaps.  MAYERI Sensitive 32m. r.  (0.25 €/gab); (0.34 €/gab),maxima.lv,,7.99,,,https://www.maxima.lv/uploads/sale/2026/sales_page/05/05//vel-mazg-kaps-mayeri-sensitive-32m-r-00568-0505113537.png?1777970137
Tīr.  līdz.  CIF kaļķakm. noņemš.  435ml (6.18 €/l); (14.46 €/l),maxima.lv,,2.69,6.18,€/l,https://www.maxima.lv/uploads/sale/2026/sales_page/05/05//tir-lidz-cif-kalkakm-nonems-435ml-00569-0820112101.png?1787214061
Tīr.  līdz.  pelējuma noņemš.  CIF 435ml (6.18 €/l); (14.46 €/l),maxima.lv,,2.69,6.18,€/l,https://www.maxima.lv/uploads/sale/2026/sales_page/05/05//tir-lidz-pelejuma-nonems-cif-435ml-00570-0820112101.png?1787214061
Tīr . līdz.  plīts&grila virsmām CIF 435ml (6.18 €/l); (14.46 €/l),maxima.lv,,2.69,6.18,€/l,https://www.maxima.lv/uploads/sale/2026/sales_page/05/05//tir-lidz-plits-grila-virsmam-cif-435ml-00571-0820112101.png?1787214061
Mitrais tual. pap.  ZEWA Aloe Vera 42gab.  (0.05 €/gab); (0.08 €/gab),maxima.lv,,2.29,,,https://www.maxima.lv/uploads/sale/2026/sales_page/05/05//mitrais-tual-pap-zewa-aloe-vera-42gab-00572-0820114101.png?1787215261
Tr. mazg. līdz. PUR Raspberry 450ml (3.76 €/l); (5.22 €/l),maxima.lv,,1.69,3.76,€/l,https://www.maxima.lv/uploads/sale/2026/sales_page/05/05//tr-mazg-lidz-pur-raspberry-450ml-00573-0505113537.png?1777970137
Tīrīš. līdz. vann. CILLIT BANG 750ml (5.59 €/l); (10.92 €/l),maxima.lv,,4.19,5.59,€/l,https://www.maxima.lv/uploads/sale/2026/sales_page/05/05//tiris-lidz-vann-cillit-bang-750ml-00574-0505113537.png?1777970137
Autiņb. PAMPERS PC S2 4-8kg 68gab (0.21 €/gab); (0.26 €/gab),maxima.lv,,13.99,1.75,€/kg,https://www.maxima.lv/uploads/sale/2026/sales_page/05/05//autinb-pampers-pc-s2-4-8kg-68gab-00575-0721164022.png?1784641222
Traipu tīr. līdz. VANISH Oxi Act.  Pink 1L (5.39 €/l); (8.29 €/l),maxima.lv,,5.39,5.39,€/l,https://www.maxima.lv/uploads/sale/2026/sales_page/05/05//traipu-tir-lidz-vanish-oxi-act-pink-1l-00576-0505113527.png?1777970127
Traipu tīr. līdz. VANISH Oxi Act.  White 1L (5.39 €/l); (8.29 €/l),maxima.lv,,5.39,5.39,€/l,https://www.maxima.lv/uploads/sale/2026/sales_page/05/05//traipu-tir-lidz-vanish-oxi-act-white-1l-00577-0505113527.png?1777970127
Traipu tīr. līdz. VANISH Oxi Act. Pink 470g (12.74 €/kg); (23.38 €/kg),maxima.lv,,5.99,12.74,€/kg,https://www.maxima.lv/uploads/sale/2026/sales_page/05/05//traipu-tir-lidz-vanish-oxi-act-pink-470g-00578-0505113527.png?1777970127
"Veļ. mazg. līdz. WOOLITE Colors 30m. r. 1,8L (3.88 €/l); (6.83 €/l)",maxima.lv,,6.99,3.88,€/l,https://www.maxima.lv/uploads/sale/2026/sales_page/05/05//vel-mazg-lidz-woolite-colors-30m-r-1-8l-00579-0820113102.png?1787214662
"Veļ. mazg. līdz. WOOLITE Darks 30m. r. 1,8L (3.88 €/l); (6.83 €/l)",maxima.lv,,6.99,3.88,€/l,https://www.maxima.lv/uploads/sale/2026/sales_page/05/05//vel-mazg-lidz-woolite-darks-30m-r-1-8l-00580-0820113601.png?1787214961
"Šķidr. mazgāš. līdz. WOOLITE Delicate 1,8L (3.88 €/l); (6.83 €/l)",maxima.lv,,6.99,3.88,€/l,https://www.maxima.lv/uploads/sale/2026/sales_page/05/05//skidr-mazgas-lidz-woolite-delicate-1-8l-00581-0820113601.png?1787214961
Veļas pulv. BEST4HOME Universal 37m. r. 3kg (1.33 €/kg); (1.66 €/kg),maxima.lv,,3.99,1.33,€/kg,https://www.maxima.lv/uploads/sale/2026/sales_page/05/05//velas-pulv-best4home-universal-37m-r-3kg-00582-0505113527.png?1777970127
Veļ. mazg. līdz. BEST4HOME Univ. 18m. r. 1. 5L (1.79 €/l); (2.26 €/l),maxima.lv,,2.69,0.54,€/l,https://www.maxima.lv/uploads/sale/2026/sales_page/05/05//vel-mazg-lidz-best4home-univ-18m-r-1-5l-00583-0505113527.png?1777970127
Veļas mīkstin. koncentr. BEST4HOME28m. r. 1L (2.19 €/l); (2.79 €/l),maxima.lv,,2.19,2.19,€/l,https://www.maxima.lv/uploads/sale/2026/sales_page/05/05//velas-mikstin-koncentr-best4home28m-r-1l-00584-0505113527.png?1777970127
Matu eļļa PANTENE Repair&Protect 100ml (65.90 €/l); (109.90 €/l),maxima.lv,,6.59,65.90,€/l,https://www.maxima.lv/uploads/sale/2026/sales_page/05/05//matu-ella-pantene-repair-protect-100ml-00585-0505113527.png?1777970127
Autiņb. biksīt. PAMPERS S3 6-11kg 62gab.  (0.24 €/gab); (0.35 €/gab),maxima.lv,,14.99,1.36,€/kg,https://www.maxima.lv/uploads/sale/2026/sales_page/05/05//autinb-biksit-pampers-s3-6-11kg-62gab-00587-0721164022.png?1784641222
Autiņb. biksīt. PAMPERS S7 17+kg 38gab.  (0.39 €/gab); (0.56 €/gab),maxima.lv,,14.99,,,https://www.maxima.lv/uploads/sale/2026/sales_page/05/05//autinb-biksit-pampers-s7-17-kg-38gab-00588-0721164022.png?1784641222
Attīroš. putas DZINTARS Roja sejai 150ml (29.93 €/l); (50.60 €/l),maxima.lv,,4.49,29.93,€/l,https://www.maxima.lv/uploads/sale/2026/sales_page/05/05//attiros-putas-dzintars-roja-sejai-150ml-00589-0505113528.png?1777970128
Tual. bloks skal. tvertnei SANO viol. 150g (29.27 €/kg); (39.93 €/kg),maxima.lv,,4.39,29.27,€/kg,https://www.maxima.lv/uploads/sale/2026/sales_page/05/05//tual-bloks-skal-tvertnei-sano-viol-150g-00590-0820112602.png?1787214362
Gaisa atsvaidz. AIRWICK Raspb. Lime 237ml (16.84 €/l); (27.38 €/l),maxima.lv,,3.99,16.84,€/l,https://www.maxima.lv/uploads/sale/2026/sales_page/05/05//gaisa-atsvaidz-airwick-raspb-lime-237ml-00591-0820114101.png?1787215261
Gaisa atsv. AIRWICK Rainy Eucal. &Fr. 237ml (16.84 €/l); (27.38 €/l),maxima.lv,,3.99,16.84,€/l,https://www.maxima.lv/uploads/sale/2026/sales_page/05/05//gaisa-atsv-airwick-rainy-eucal-fr-237ml-00592-0820113601.png?1787214961
Gaisa atsv. AIRWICK Fr. Dew&Wh. Jasmin237ml (16.84 €/l); (27.38 €/l),maxima.lv,,3.99,16.84,€/l,https://www.maxima.lv/uploads/sale/2026/sales_page/05/05//gaisa-atsv-airwick-fr-dew-wh-jasmin237ml-00593-0820113601.png?1787214961
"Veļ. mazg. līdz. WOOLITE White 30m. r. 1,8L (3.88 €/l); (6.83 €/l)",maxima.lv,,6.99,3.88,€/l,https://www.maxima.lv/uploads/sale/2026/sales_page/05/05//vel-mazg-lidz-woolite-white-30m-r-1-8l-00594-0820113601.png?1787214961
Veļas mazg. lap. DR. BECKMANN Univer. 25m. r.  (0.20 €/gab); (0.28 €/gab),maxima.lv,,4.99,,,https://www.maxima.lv/uploads/sale/2026/sales_page/05/05//velas-mazg-lap-dr-beckmann-univer-25m-r-00595-0505113528.png?1777970128
Autiņb. biksīt. PAMPERS S8 19+kg 32gab.  (0.47 €/gab); (0.67 €/gab),maxima.lv,,14.99,,,https://www.maxima.lv/uploads/sale/2026/sales_page/05/05//autinb-biksit-pampers-s8-19-kg-32gab-00596-0721164022.png?1784641222
Tual. bloks KOLORADO Roll Ar. Lemon 2x51g (22.45 €/kg); (29.31 €/kg),maxima.lv,,2.29,44.90,€/kg,https://www.maxima.lv/uploads/sale/2026/sales_page/05/05//tual-bloks-kolorado-roll-ar-lemon-2x51g-00597-0505113542.png?1777970142
Tual. bloks KOLORADO Roll Ar. Flowers2x51g (22.45 €/kg); (29.31 €/kg),maxima.lv,,2.29,44.90,€/kg,https://www.maxima.lv/uploads/sale/2026/sales_page/05/05//tual-bloks-kolorado-roll-ar-flowers2x51g-00598-0505113542.png?1777970142
Tual. bloks KOLORADO Roll Ar. Lavend. 2x51g (22.45 €/kg); (29.31 €/kg),maxima.lv,,2.29,44.90,€/kg,https://www.maxima.lv/uploads/sale/2026/sales_page/05/05//tual-bloks-kolorado-roll-ar-lavend-2x51g-00599-0505113542.png?1777970142
Tualet. ūd. LA RIVE Her Choice siev. 100ml (69.90 €/l); (119.90 €/l),maxima.lv,,6.99,69.90,€/l,https://www.maxima.lv/uploads/sale/2026/sales_page/05/05//tualet-ud-la-rive-her-choice-siev-100ml-00600-0505113542.png?1777970142
Notekcauruļu tīrīš. granulas SANO 200g (19.95 €/kg); (27.95 €/kg),maxima.lv,,3.99,19.95,€/kg,https://www.maxima.lv/uploads/sale/2026/sales_page/05/05//notekcaurulu-tiris-granulas-sano-200g-00601-0820112602.png?1787214362
Autiņb. PAMPERS PC S1 2-5kg 72gab.  (0.19 €/gab); (0.24 €/gab),maxima.lv,,13.99,2.80,€/kg,https://www.maxima.lv/uploads/sale/2026/sales_page/05/05//autinb-pampers-pc-s1-2-5kg-72gab-00602-0721164022.png?1784641222
"Veļas mīkst. SILAN FreshSky 130m. r. 2,86L (3.14 €/l); (4.65 €/l)",maxima.lv,,8.99,3.14,€/l,https://www.maxima.lv/uploads/sale/2026/sales_page/05/05//velas-mikst-silan-freshsky-130m-r-2-86l-00603-0611105519.png?1781164519
"Veļas mīkst. SILAN DreamyL. 126m. r. 2,772L (3.24 €/l); (4.79 €/l)",maxima.lv,,8.99,3.24,€/l,https://www.maxima.lv/uploads/sale/2026/sales_page/05/05//velas-mikst-silan-dreamyl-126m-r-2-772l-00604-0611131521.png?1781172921
"Veļas mīkst. SILAN Sensitive 130m. r. 2,86L (3.14 €/l); (4.65 €/l)",maxima.lv,,8.99,3.14,€/l,https://www.maxima.lv/uploads/sale/2026/sales_page/05/05//velas-mikst-silan-sensitive-130m-r-2-86l-00605-0611131521.png?1781172921
"V. mazg. līdz. WOOLITE Col. Fruity30m. r. 1,8L (3.88 €/l); (6.83 €/l)",maxima.lv,,6.99,3.88,€/l,https://www.maxima.lv/uploads/sale/2026/sales_page/05/05//v-mazg-lidz-woolite-col-fruity30m-r-1-8l-00606-0820113601.png?1787214961
Tual. bloks skal. tvertnei KOLORADO 2x45g (16.56 €/kg); (23.22 €/kg),maxima.lv,,1.49,33.11,€/kg,https://www.maxima.lv/uploads/sale/2026/sales_page/05/05//tual-bloks-skal-tvertnei-kolorado-2x45g-00607-0820112602.png?1787214362
Papīra dvieļi ZEWA Premium 2k.  120lap.  (0.02 €/gab); (0.03 €/gab),maxima.lv,,2.29,,,https://www.maxima.lv/uploads/sale/2026/sales_page/05/05//papira-dvieli-zewa-premium-2k-120lap-00608-0820114604.png?1787215564
"Veļ. mazg. līdz. PERSIL Lav. Col.  80m. r. 3,6L (5.55 €/l); (9.72 €/l)",maxima.lv,,19.99,5.55,€/l,https://www.maxima.lv/uploads/sale/2026/sales_page/05/05//vel-mazg-lidz-persil-lav-col-80m-r-3-6l-00609-0505113523.png?1777970123
"Veļas pulveris PERSIL Color 20m. r.  1,1kg (6.35 €/kg); (9.08 €/kg)",maxima.lv,,6.99,6.35,€/kg,https://www.maxima.lv/uploads/sale/2026/sales_page/05/05//velas-pulveris-persil-color-20m-r-1-1kg-00610-0505113523.png?1777970123
"Veļ. mazg. līdz. PERSIL Regular 88m. r. 3,96L (5.05 €/l); (8.84 €/l)",maxima.lv,,19.99,5.05,€/l,https://www.maxima.lv/uploads/sale/2026/sales_page/05/05//vel-mazg-lidz-persil-regular-88m-r-3-96l-00611-0505113523.png?1777970123
Saimn. ziepes KASTANIS universālas 150g (7.93 €/kg); (11.27 €/kg),maxima.lv,,1.19,7.93,€/kg,https://www.maxima.lv/uploads/sale/2026/sales_page/05/05//saimn-ziepes-kastanis-universalas-150g-00612-0505113523.png?1777970123
Saimn. ziepes KASTANIS Sensitive/Baby150g (7.93 €/kg); (11.27 €/kg),maxima.lv,,1.19,7.93,€/kg,https://www.maxima.lv/uploads/sale/2026/sales_page/05/05//saimn-ziepes-kastanis-sensitive-baby150g-00613-0505113523.png?1777970123
Veļ. mazg. kaps. PERSIL Discs Col.  13m. r.  (0.50 €/gab); (0.77 €/gab),maxima.lv,,6.49,,,https://www.maxima.lv/uploads/sale/2026/sales_page/05/05//vel-mazg-kaps-persil-discs-col-13m-r-00614-0505113523.png?1777970123
Veļ. pulveris PERSIL Freshness 18m. r. 990g (7.06 €/kg); (10.09 €/kg),maxima.lv,,6.99,7.06,€/kg,https://www.maxima.lv/uploads/sale/2026/sales_page/05/05//vel-pulveris-persil-freshness-18m-r-990g-00615-0505113523.png?1777970123
"Veļ. mazg. līdz. PERSIL Lavender 40m. r. 1,8L (6.66 €/l); (9.99 €/l)",maxima.lv,,11.99,6.66,€/l,https://www.maxima.lv/uploads/sale/2026/sales_page/05/05//vel-mazg-lidz-persil-lavender-40m-r-1-8l-00616-0505113539.png?1777970139
Tīrīš. līdz. THE PINK STUFF grīdām 750ml (3.99 €/l); (6.39 €/l),maxima.lv,,2.99,3.99,€/l,https://www.maxima.lv/uploads/sale/2026/sales_page/05/05//tiris-lidz-the-pink-stuff-gridam-750ml-00617-0505113539.png?1777970139
Tīrīš. pasta THE PINK STUFF multif. 850g (4.34 €/kg); (7.05 €/kg),maxima.lv,,3.69,4.34,€/kg,https://www.maxima.lv/uploads/sale/2026/sales_page/05/05//tiris-pasta-the-pink-stuff-multif-850g-00618-0505113539.png?1777970139
Tīrīš. līdz. THE PINK STUFF multif. 750ml (3.19 €/l); (5.32 €/l),maxima.lv,,2.39,3.19,€/l,https://www.maxima.lv/uploads/sale/2026/sales_page/05/05//tiris-lidz-the-pink-stuff-multif-750ml-00619-0505113539.png?1777970139
Tīr. putas THE PINK STUFF vannasist. 750ml (3.45 €/l); (5.32 €/l),maxima.lv,,2.59,3.45,€/l,https://www.maxima.lv/uploads/sale/2026/sales_page/05/05//tir-putas-the-pink-stuff-vannasist-750ml-00620-0505113539.png?1777970139
Gaisa atsv. AMBI PUR Gold Orchid 185ml (21.57 €/l); (32.38 €/l),maxima.lv,,3.99,21.57,€/l,https://www.maxima.lv/uploads/sale/2026/sales_page/05/05//gaisa-atsv-ambi-pur-gold-orchid-185ml-00621-0528092517.png?1779949517
Tual. papīrs BLOOM Comfort Orange 3k. 16r.  (0.29 €/gab); (0.41 €/gab),maxima.lv,,3.99,,,https://www.maxima.lv/uploads/sale/2026/sales_page/05/05//tual-papirs-bloom-comfort-orange-3k-16r-00622-0611103523.png?1781163323
Kaps. tr. m. maš.  SOMAT Exc. Prem. 5in1 42gb.  (0.40 €/gab); (0.76 €/gab),maxima.lv,,16.99,,,https://www.maxima.lv/uploads/sale/2026/sales_page/05/05//kaps-tr-m-mas-somat-exc-prem-5in1-42gb-00623-0505113539.png?1777970139
Veļ. mazg. kaps. PERSIL Discs Reg.  13m. r.  (0.50 €/gab); (0.77 €/gab),maxima.lv,,6.49,,,https://www.maxima.lv/uploads/sale/2026/sales_page/05/05//vel-mazg-kaps-persil-discs-reg-13m-r-00624-0505113539.png?1777970139
Tual. atsv. DOMESTOS Pow. 5 Ocean 3x50g (22.60 €/kg); (41.93 €/kg),maxima.lv,,3.39,67.80,€/kg,https://www.maxima.lv/uploads/sale/2026/sales_page/05/05//tual-atsv-domestos-pow-5-ocean-3x50g-00625-0505113539.png?1777970139
Veļ. mazg. kap. MAYERI Color hipoaler. 32m. r (0.25 €/gab); (0.34 €/gab),maxima.lv,,7.99,,,https://www.maxima.lv/uploads/sale/2026/sales_page/05/05//vel-mazg-kap-mayeri-color-hipoaler-32m-r-00626-0505113540.png?1777970140
Tual. tīr. želeja THE PINK STUFF 750ml (3.45 €/l); (5.32 €/l),maxima.lv,,2.59,3.45,€/l,https://www.maxima.lv/uploads/sale/2026/sales_page/05/05//tual-tir-zeleja-the-pink-stuff-750ml-00627-0505113540.png?1777970140
"Veļ. mazg. līdz. KASTANIS Effect 67m. r. 2,7L (4.22 €/l); (5.55 €/l)",maxima.lv,,11.39,4.22,€/l,https://www.maxima.lv/uploads/sale/2026/sales_page/05/05//vel-mazg-lidz-kastanis-effect-67m-r-2-7l-00629-0820111102.png?1787213462
"Veļ. mazg. līdz. KASTANIS Color 67m. r. 2,7L (4.22 €/l); (5.55 €/l)",maxima.lv,,11.39,4.22,€/l,https://www.maxima.lv/uploads/sale/2026/sales_page/05/05//vel-mazg-lidz-kastanis-color-67m-r-2-7l-00630-0820111102.png?1787213462
Trauku mazg. maš. tabl. FINISH Power 85gab.  (0.18 €/gab); (0.49 €/gab),maxima.lv,,14.99,,,https://www.maxima.lv/uploads/sale/2026/sales_page/05/05//trauku-mazg-mas-tabl-finish-power-85gab-00631-0820113102.png?1787214662
"Veļas mazg. līdz. ARIEL Color 70m. r.  3,15L (5.71 €/l); (10.16 €/l)",maxima.lv,,17.99,5.71,€/l,https://www.maxima.lv/uploads/sale/2026/sales_page/05/05//velas-mazg-lidz-ariel-color-70m-r-3-15l-00632-0505113526.png?1777970126
"Veļas mazg. līdz. ARIEL MSpr.  70m. r.  3,15L (5.71 €/l); (10.16 €/l)",maxima.lv,,17.99,5.71,€/l,https://www.maxima.lv/uploads/sale/2026/sales_page/05/05//velas-mazg-lidz-ariel-mspr-70m-r-3-15l-00633-0505113526.png?1777970126
"Veļ. mīkst. LENOR Lotus Flow.  59m. r. 1,239L (4.51 €/l); (7.09 €/l)",maxima.lv,,5.59,4.51,€/l,https://www.maxima.lv/uploads/sale/2026/sales_page/05/05//vel-mikst-lenor-lotus-flow-59m-r-1-239l-00634-0505113526.png?1777970126
"Veļas mīkst. LENOR Spring 71m. r.  1,491L (3.75 €/l); (5.90 €/l)",maxima.lv,,5.59,3.75,€/l,https://www.maxima.lv/uploads/sale/2026/sales_page/05/05//velas-mikst-lenor-spring-71m-r-1-491l-00635-0505113526.png?1777970126
Smaržu gran. LENOR Gold Orchid 22m. r. 270g (28.11 €/kg); (38.48 €/kg),maxima.lv,,6.99,25.89,€/kg,https://www.maxima.lv/uploads/sale/2026/sales_page/05/05//smarzu-gran-lenor-gold-orchid-22m-r-270g-00636-0519110519.png?1779177919
Trauku mazg. līdz. maš. FINISH higiēn. 250ml (21.96 €/l); (32.76 €/l),maxima.lv,,5.49,21.96,€/l,https://www.maxima.lv/uploads/sale/2026/sales_page/05/05//trauku-mazg-lidz-mas-finish-higien-250ml-00637-0505113536.png?1777970136
Papīra dvieļi ZEWA W&W Design 2 ruļļi (1.80 €/gab); (2.75 €/gab),maxima.lv,,3.59,,,https://www.maxima.lv/uploads/sale/2026/sales_page/05/05//papira-dvieli-zewa-w-w-design-2-rulli-00638-0505113536.png?1777970136
Gaisa ats. rez. AIRWICK FM White fl.  250ml (23.96 €/l); (34.36 €/l),maxima.lv,,5.99,23.96,€/l,https://www.maxima.lv/uploads/sale/2026/sales_page/05/05//gaisa-ats-rez-airwick-fm-white-fl-250ml-00639-0505113536.png?1777970136
Trauku mazg. līdz. MAYERI Sensitive 500ml (2.78 €/l); (3.78 €/l),maxima.lv,,1.39,2.78,€/l,https://www.maxima.lv/uploads/sale/2026/sales_page/05/05//trauku-mazg-lidz-mayeri-sensitive-500ml-00640-0505113536.png?1777970136
Tīr. līdz.  SANO Forte Plus plītij 750ml (5.99 €/l); (8.92 €/l),maxima.lv,,4.49,5.99,€/l,https://www.maxima.lv/uploads/sale/2026/sales_page/05/05//tir-lidz-sano-forte-plus-plitij-750ml-00641-0820112602.png?1787214362
Tual. tīr. līdz. HARPIC Pow. Plus Orig. 750ml (3.45 €/l); (6.52 €/l),maxima.lv,,2.59,3.45,€/l,https://www.maxima.lv/uploads/sale/2026/sales_page/05/05//tual-tir-lidz-harpic-pow-plus-orig-750ml-00642-0505113536.png?1777970136
Tual. tīr. līdz.  DOMESTOS Atlantic 750ml (2.39 €/l); (4.92 €/l),maxima.lv,,1.79,2.39,€/l,https://www.maxima.lv/uploads/sale/2026/sales_page/05/05//tual-tir-lidz-domestos-atlantic-750ml-00643-0505113536.png?1777970136
Dušas želeja FA YOGHURT ALOE VERA 400ml (7.97 €/l); (13.22 €/l),maxima.lv,,3.19,7.98,€/l,https://www.maxima.lv/uploads/sale/2026/sales_page/05/05//dusas-zeleja-fa-yoghurt-aloe-vera-400ml-00644-0729083602.png?1785303362
"Trauku mazg. līdz. maš.  FINISH sāls 1,5kg (2.33 €/kg); (3.73 €/kg)",maxima.lv,,3.49,2.33,€/kg,https://www.maxima.lv/uploads/sale/2026/sales_page/05/05//trauku-mazg-lidz-mas-finish-sals-1-5kg-00645-0505113536.png?1777970136
Tual. tīr. līdz. HARPIC Power Plus Cl. 750ml (3.45 €/l); (6.52 €/l),maxima.lv,,2.59,3.45,€/l,https://www.maxima.lv/uploads/sale/2026/sales_page/05/05//tual-tir-lidz-harpic-power-plus-cl-750ml-00646-0505113533.png?1777970133
Zobu pasta SPLAT Ultracomplex 100ml (32.90 €/l); (54.90 €/l),maxima.lv,,3.29,32.90,€/l,https://www.maxima.lv/uploads/sale/2026/sales_page/05/05//zobu-pasta-splat-ultracomplex-100ml-00647-0505113533.png?1777970133
Ūdens mīkstinātājs CALGON 750ml (9.32 €/l); (15.32 €/l),maxima.lv,,6.99,9.32,€/l,https://www.maxima.lv/uploads/sale/2026/sales_page/05/05//udens-mikstinatajs-calgon-750ml-00648-0505113533.png?1777970133
Trauku mazg. līdz. PUR Aloe Vera 450ml (3.76 €/l); (5.22 €/l),maxima.lv,,1.69,3.76,€/l,https://www.maxima.lv/uploads/sale/2026/sales_page/05/05//trauku-mazg-lidz-pur-aloe-vera-450ml-00649-0505113533.png?1777970133
Trauku mazg. līdz. PUR Hands&Nails 450ml (3.76 €/l); (5.22 €/l),maxima.lv,,1.69,3.76,€/l,https://www.maxima.lv/uploads/sale/2026/sales_page/05/05//trauku-mazg-lidz-pur-hands-nails-450ml-00650-0505113533.png?1777970133
Tual. tīr. līdz. HARPIC Power+Hygien.  750ml (3.45 €/l); (6.52 €/l),maxima.lv,,2.59,3.45,€/l,https://www.maxima.lv/uploads/sale/2026/sales_page/05/05//tual-tir-lidz-harpic-power-hygien-750ml-00651-0505113533.png?1777970133
Tīrīšanas līdz. CILLIT BANG Limesc.  750ml (5.59 €/l); (10.92 €/l),maxima.lv,,4.19,5.59,€/l,https://www.maxima.lv/uploads/sale/2026/sales_page/05/05//tirisanas-lidz-cillit-bang-limesc-750ml-00652-0505113533.png?1777970133
Tīr. līdz. CILLIT BANG Grease&Smudg. 750ml (5.59 €/l); (10.92 €/l),maxima.lv,,4.19,5.59,€/l,https://www.maxima.lv/uploads/sale/2026/sales_page/05/05//tir-lidz-cillit-bang-grease-smudg-750ml-00653-0505113521.png?1777970121
Tīr. līdz. CILLIT BANG Bleach&Hygien. 750ml (5.59 €/l); (10.92 €/l),maxima.lv,,4.19,5.59,€/l,https://www.maxima.lv/uploads/sale/2026/sales_page/05/05//tir-lidz-cillit-bang-bleach-hygien-750ml-00654-0505113521.png?1777970121
Mitrās salv. WATERWIPES zīdaiņiem 48gab.  (0.06 €/gab); (0.10 €/gab),maxima.lv,,2.99,,,https://www.maxima.lv/uploads/sale/2026/sales_page/05/07//mitras-salv-waterwipes-zidainiem-48gab-00655-0507110018.png?1778140818
Tr. m. maš. kaps. FINISH Ultimat. Lemon 55gb.  (0.31 €/gab); (0.62 €/gab),maxima.lv,,16.99,,,https://www.maxima.lv/uploads/sale/2026/sales_page/05/07//tr-m-mas-kaps-finish-ultimat-lemon-55gb-00656-0507110018.png?1778140818
Tr. m. maš. kaps. FINISH Ult. Plus Lemon 51gb (0.33 €/gab); (0.67 €/gab),maxima.lv,,16.99,,,https://www.maxima.lv/uploads/sale/2026/sales_page/05/07//tr-m-mas-kaps-finish-ult-plus-lemon-51gb-00657-0507110018.png?1778140818
"Veļas mīkst. COCCOLINO Sens. 74m. r. 1,702L (3.17 €/l); (4.81 €/l)",maxima.lv,,5.39,3.17,€/l,https://www.maxima.lv/uploads/sale/2026/sales_page/05/07//velas-mikst-coccolino-sens-74m-r-1-702l-00658-0507110018.png?1778140818
"Veļas mīkst. COCCOLINO Blue 74m. r. 1,702L (3.17 €/l); (4.81 €/l)",maxima.lv,,5.39,3.17,€/l,https://www.maxima.lv/uploads/sale/2026/sales_page/05/07//velas-mikst-coccolino-blue-74m-r-1-702l-00659-0507110018.png?1778140818
"Veļas mīkst. COCCOLINO Lily 74m. r. 1,702L (3.17 €/l); (4.81 €/l)",maxima.lv,,5.39,3.17,€/l,https://www.maxima.lv/uploads/sale/2026/sales_page/05/07//velas-mikst-coccolino-lily-74m-r-1-702l-00660-0507110018.png?1778140818
Autiņb. PAMPERS Pants S6 13-19kg 42gab.  (0.36 €/gab); (0.51 €/gab),maxima.lv,,14.99,0.79,€/kg,https://www.maxima.lv/uploads/sale/2026/sales_page/05/07//autinb-pampers-pants-s6-13-19kg-42gab-00661-0507110018.png?1778140818
Autiņb.  PAMPERS Pants S4 9-15kg 54gab.  (0.28 €/gab); (0.40 €/gab),maxima.lv,,14.99,1.00,€/kg,https://www.maxima.lv/uploads/sale/2026/sales_page/05/07//autinb-pampers-pants-s4-9-15kg-54gab-00662-0507110018.png?1778140818
Līdz. pret lid./rāp. ins. COBRA Super 400ml (7.48 €/l); (8.88 €/l),maxima.lv,,2.99,7.48,€/l,https://www.maxima.lv/uploads/sale/2026/sales_page/05/11//lidz-pret-lid-rap-ins-cobra-super-400ml-00663-0820112101.png?1787214061
Trauku mazg. līdz. TRI-BIO Eko 840ml (3.56 €/l); (5.70 €/l),maxima.lv,,2.99,3.56,€/l,https://www.maxima.lv/uploads/sale/2026/sales_page/05/11//trauku-mazg-lidz-tri-bio-eko-840ml-00664-0511170023.png?1778508023
Prezervatīvi ONE TOUCH LONG LOVE 12gab.  (0.42 €/gab); (774.17 €/gab),maxima.lv,,4.99,,,https://www.maxima.lv/uploads/sale/2026/sales_page/05/11//prezervativi-one-touch-long-love-12gab-00665-0511170023.png?1778508023
Ķerm. skrubis BIO2YOU greipfrūts 200ml (19.95 €/l); (40.95 €/l),maxima.lv,,3.99,19.95,€/l,https://www.maxima.lv/uploads/sale/2026/sales_page/05/19//kerm-skrubis-bio2you-greipfruts-200ml-00666-0519114018.png?1779180018
Krēms NIVEA MEN vīriešiem 75ml (33.20 €/l); (57.20 €/l),maxima.lv,,2.49,33.20,€/l,https://www.maxima.lv/uploads/sale/2026/sales_page/05/11//krems-nivea-men-viriesiem-75ml-00667-0511170023.png?1778508023
Micel. ūd. NIVEA MicellAir jutīg. ād. 400ml (12.47 €/l); (23.73 €/l),maxima.lv,,4.99,12.48,€/l,https://www.maxima.lv/uploads/sale/2026/sales_page/05/11//micel-ud-nivea-micellair-jutig-ad-400ml-00668-0511170023.png?1778508023
Veļas mazg. maš. tīrīšanas līdz . K2r 2gb (1.85 €/gab); (2745.00 €/gab),maxima.lv,,3.69,,,https://www.maxima.lv/uploads/sale/2026/sales_page/05/11//velas-mazg-mas-tirisanas-lidz-k2r-2gb-00669-0511170023.png?1778508023
Tīr. līdz. FROSCH Anti-Kalk Raspber.  500ml (5.98 €/l); (8.80 €/l),maxima.lv,,2.99,5.98,€/l,https://www.maxima.lv/uploads/sale/2026/sales_page/05/11//tir-lidz-frosch-anti-kalk-raspber-500ml-00670-0511170023.png?1778508023
Prezervatīvi LIFESTYLES SKYN ELITE 3gab (1.16 €/gab); (1796.67 €/gab),maxima.lv,,3.49,,,https://www.maxima.lv/uploads/sale/2026/sales_page/05/11//prezervativi-lifestyles-skyn-elite-3gab-00671-0511170023.png?1778508023
Kosm. salv. ZEWA Softis Soft Sens. 4k. 80gb.  (0.02 €/gab); (0.04 €/gab),maxima.lv,,1.79,,,https://www.maxima.lv/uploads/sale/2026/sales_page/05/19//kosm-salv-zewa-softis-soft-sens-4k-80gb-00672-0519115521.png?1779180921
Izsm. dez. DOVE Invisible Care siev. 150ml (19.93 €/l); (38.60 €/l),maxima.lv,,2.99,19.93,€/l,https://www.maxima.lv/uploads/sale/2026/sales_page/05/11//izsm-dez-dove-invisible-care-siev-150ml-00675-0511170026.png?1778508026
Zob. pasta COLGATE Advanced Charcoal 75ml (26.53 €/l); (39.87 €/l),maxima.lv,,1.99,26.53,€/l,https://www.maxima.lv/uploads/sale/2026/sales_page/05/11//zob-pasta-colgate-advanced-charcoal-75ml-00679-0511170026.png?1778508026
Zobu past. COLGATE MaxWhite Charcoal 75ml (53.20 €/l); (89.20 €/l),maxima.lv,,3.99,53.20,€/l,https://www.maxima.lv/uploads/sale/2026/sales_page/05/11//zobu-past-colgate-maxwhite-charcoal-75ml-00680-0511170026.png?1778508026
Traipu tīr. līdz. VANISH Oxi Act. Wh.  470g (12.74 €/kg); (23.38 €/kg),maxima.lv,,5.99,12.74,€/kg,https://www.maxima.lv/uploads/sale/2026/sales_page/05/11//traipu-tir-lidz-vanish-oxi-act-wh-470g-00681-0511170026.png?1778508026
Izsm. dezod. REXONA Blue Poppy siev.  150ml (19.27 €/l); (32.60 €/l),maxima.lv,,2.89,19.27,€/l,https://www.maxima.lv/uploads/sale/2026/sales_page/05/11//izsm-dezod-rexona-blue-poppy-siev-150ml-00682-0511170026.png?1778508026
Sej. kr. L'OREAL Hyaluron Spec. nakts 50ml (149.80 €/l); (259.80 €/l),maxima.lv,,7.49,149.80,€/l,https://www.maxima.lv/uploads/sale/2026/sales_page/05/11//sej-kr-l-oreal-hyaluron-spec-nakts-50ml-00684-0511170026.png?1778508026
Gaisa atsvaidzin.  AMBI PUR Cotton 8 ml (461.25 €/l); (823.75 €/l),maxima.lv,,3.69,461.25,€/l,https://www.maxima.lv/uploads/sale/2026/sales_page/05/11//gaisa-atsvaidzin-ambi-pur-cotton-8-ml-00686-0511170026.png?1778508026
Hig. pak. BELLA Perfecta Blue soft 20gab.  (0.11 €/gab); (179.50 €/gab),maxima.lv,,2.29,,,https://www.maxima.lv/uploads/sale/2026/sales_page/05/11//hig-pak-bella-perfecta-blue-soft-20gab-00687-0511170026.png?1778508026
Hig. pak. BELLA Perfecta Ultra Green 20gb.  (0.11 €/gab); (179.50 €/gab),maxima.lv,,2.29,,,https://www.maxima.lv/uploads/sale/2026/sales_page/05/11//hig-pak-bella-perfecta-ultra-green-20gb-00688-0511170028.png?1778508028
Virt.  papīra dv.  ZEWA JUMBO 3k.  230lap.  (1.73 €/gab); (6.69 €/gab),maxima.lv,,3.99,,,https://www.maxima.lv/uploads/sale/2026/sales_page/05/19//virt-papira-dv-zewa-jumbo-3k-230lap-00690-0820114101.png?1787215261
Vienr. skuv. WILKINSON Sword Xtreme3 3+1gb (0.87 €/gab); (1547.50 €/gab),maxima.lv,,3.49,,,https://www.maxima.lv/uploads/sale/2026/sales_page/05/11//vienr-skuv-wilkinson-sword-xtreme3-3-1gb-00691-0511170028.png?1778508028
Šampūns SYOSS Color 440ml (10.20 €/l); (17.02 €/l),maxima.lv,,4.49,10.20,€/l,https://www.maxima.lv/uploads/sale/2026/sales_page/05/11//sampuns-syoss-color-440ml-00692-0511170028.png?1778508028
Balzams SYOSS Color matiem 440ml (10.20 €/l); (17.02 €/l),maxima.lv,,4.49,10.20,€/l,https://www.maxima.lv/uploads/sale/2026/sales_page/05/11//balzams-syoss-color-matiem-440ml-00693-0511170028.png?1778508028
Zobu pasta BLANX O3X balinoša 75ml (73.20 €/l); (131.87 €/l),maxima.lv,,5.49,73.20,€/l,https://www.maxima.lv/uploads/sale/2026/sales_page/05/11//zobu-pasta-blanx-o3x-balinosa-75ml-00694-0511170028.png?1778508028
Zobu pasta BIOREPAIR Junior 7-14g 75ml (53.20 €/l); (93.20 €/l),maxima.lv,,3.99,285.00,€/kg,https://www.maxima.lv/uploads/sale/2026/sales_page/05/11//zobu-pasta-biorepair-junior-7-14g-75ml-00695-0511170028.png?1778508028
Sejas skrubis HIMALAYA aktīvā ogle 75ml (30.53 €/l); (51.87 €/l),maxima.lv,,2.29,30.53,€/l,https://www.maxima.lv/uploads/sale/2026/sales_page/05/11//sejas-skrubis-himalaya-aktiva-ogle-75ml-00697-0511170028.png?1778508028
Zobu pasta BIOREPAIR Gums Protect. 75ml (57.20 €/l); (91.87 €/l),maxima.lv,,4.29,57.20,€/l,https://www.maxima.lv/uploads/sale/2026/sales_page/05/11//zobu-pasta-biorepair-gums-protect-75ml-00702-0511170031.png?1778508031
Tīr. līdz. grīd. TRI-BIO mājdz. draudz. 840ml (3.20 €/l); (5.58 €/l),maxima.lv,,2.69,3.20,€/l,https://www.maxima.lv/uploads/sale/2026/sales_page/05/11//tir-lidz-grid-tri-bio-majdz-draudz-840ml-00703-0511170031.png?1778508031
Dušas želeja OLD SPICE Tiger Claw 400ml (8.72 €/l); (14.97 €/l),maxima.lv,,3.49,8.72,€/l,https://www.maxima.lv/uploads/sale/2026/sales_page/05/11//dusas-zeleja-old-spice-tiger-claw-400ml-00704-0511170031.png?1778508031
Tualetes bloks BREF Pa Lemon 2x50g (0.03 €/kg); (55.90 €/kg),maxima.lv,,3.39,67.80,€/kg,https://www.maxima.lv/uploads/sale/2026/sales_page/05/11//tualetes-bloks-bref-pa-lemon-2x50g-00705-0511170031.png?1778508031
Ziepes DOVE Nourishing 90g (10.56 €/kg); (18.33 €/kg),maxima.lv,,0.95,10.56,€/kg,https://www.maxima.lv/uploads/sale/2026/sales_page/05/11//ziepes-dove-nourishing-90g-00707-0511170031.png?1778508031
Zobu pasta ELMEX Sensitive Complete 75ml (79.87 €/l); (154.53 €/l),maxima.lv,,5.99,79.87,€/l,https://www.maxima.lv/uploads/sale/2026/sales_page/05/11//zobu-pasta-elmex-sensitive-complete-75ml-00708-0511170031.png?1778508031
Mitrās salv. VORTEX vannas istabai 48gab.  (0.04 €/gab); (58.13 €/gab),maxima.lv,,1.79,,,https://www.maxima.lv/uploads/sale/2026/sales_page/05/11//mitras-salv-vortex-vannas-istabai-48gab-00710-0511170031.png?1778508031
Mitrās salvetes VORTEX virtuvei 48gab.  (0.04 €/gab); (58.13 €/gab),maxima.lv,,1.79,,,https://www.maxima.lv/uploads/sale/2026/sales_page/05/11//mitras-salvetes-vortex-virtuvei-48gab-00711-0511170031.png?1778508031
Mitrās salvetes VORTEX mēbelēm 48gab.  (0.04 €/gab); (58.13 €/gab),maxima.lv,,1.79,,,https://www.maxima.lv/uploads/sale/2026/sales_page/05/11//mitras-salvetes-vortex-mebelem-48gab-00712-0511170031.png?1778508031
Roku un nagu krēms NEUTROGENA 75ml (59.87 €/l); (93.20 €/l),maxima.lv,,4.49,59.87,€/l,https://www.maxima.lv/uploads/sale/2026/sales_page/05/11//roku-un-nagu-krems-neutrogena-75ml-00713-0511170031.png?1778508031
Veļas mīkst. SILAN Magic Magn. 35m. r. 770ml (4.40 €/l); (6.74 €/l),maxima.lv,,3.39,4.40,€/l,https://www.maxima.lv/uploads/sale/2026/sales_page/05/11//velas-mikst-silan-magic-magn-35m-r-770ml-00714-0511170032.png?1778508032
Veļas mīkst. SILAN Dreamy Lot. 35m. r. 770ml (4.40 €/l); (6.74 €/l),maxima.lv,,3.39,4.40,€/l,https://www.maxima.lv/uploads/sale/2026/sales_page/05/11//velas-mikst-silan-dreamy-lot-35m-r-770ml-00715-0511170032.png?1778508032
Veļas mīkst. SILAN Relax. Mald. 35m. r. 770ml (4.40 €/l); (6.74 €/l),maxima.lv,,3.39,4.40,€/l,https://www.maxima.lv/uploads/sale/2026/sales_page/05/11//velas-mikst-silan-relax-mald-35m-r-770ml-00717-0511170032.png?1778508032
Veļ. mazg. līdz. PERSIL Color 22m. r.  990ml (7.06 €/l); (10.09 €/l),maxima.lv,,6.99,7.06,€/l,https://www.maxima.lv/uploads/sale/2026/sales_page/05/11//vel-mazg-lidz-persil-color-22m-r-990ml-00719-0511170032.png?1778508032
Veļ. mazg. līdz. PERSIL Sensit.  20m. r. 900ml (7.77 €/l); (11.10 €/l),maxima.lv,,6.99,7.77,€/l,https://www.maxima.lv/uploads/sale/2026/sales_page/05/11//vel-mazg-lidz-persil-sensit-20m-r-900ml-00720-0511170032.png?1778508032
Veļ. mazg. kaps. PERSIL Discs Stain 11m. r.  (0.59 €/gab); (908.18 €/gab),maxima.lv,,6.49,,,https://www.maxima.lv/uploads/sale/2026/sales_page/05/11//vel-mazg-kaps-persil-discs-stain-11m-r-00721-0511170032.png?1778508032
"Veļ. mazg. līdz. PERSIL Sensitiv. 40m. r. 1,8L (7.22 €/l); (9.99 €/l)",maxima.lv,,12.99,7.22,€/l,https://www.maxima.lv/uploads/sale/2026/sales_page/05/11//vel-mazg-lidz-persil-sensitiv-40m-r-1-8l-00722-0511170032.png?1778508032
Veļas mazg. līdz. PERWOLL Blossom 20m. r. 1L (4.99 €/l); (8.69 €/l),maxima.lv,,4.99,4.99,€/l,https://www.maxima.lv/uploads/sale/2026/sales_page/05/11//velas-mazg-lidz-perwoll-blossom-20m-r-1l-00723-0511170032.png?1778508032
Veļas mazg. līdz. PERWOLL Black 20m. r. 1L (4.99 €/l); (8.69 €/l),maxima.lv,,4.99,4.99,€/l,https://www.maxima.lv/uploads/sale/2026/sales_page/05/11//velas-mazg-lidz-perwoll-black-20m-r-1l-00724-0511170034.png?1778508034
"Veļ. mīkst. SILAN Dreamy Lotus 50m. r. 1,1L (4.26 €/l); (6.90 €/l)",maxima.lv,,4.69,4.26,€/l,https://www.maxima.lv/uploads/sale/2026/sales_page/05/11//vel-mikst-silan-dreamy-lotus-50m-r-1-1l-00725-0511170034.png?1778508034
Šampūns SYOSS Intense Plex 440ml (10.20 €/l); (17.02 €/l),maxima.lv,,4.49,10.20,€/l,https://www.maxima.lv/uploads/sale/2026/sales_page/05/11//sampuns-syoss-intense-plex-440ml-00726-0511170034.png?1778508034
Dušas žel. DOVE Deeply Nourishing 400ml (9.97 €/l); (18.73 €/l),maxima.lv,,3.99,9.98,€/l,https://www.maxima.lv/uploads/sale/2026/sales_page/05/11//dusas-zel-dove-deeply-nourishing-400ml-00727-0511170034.png?1778508034
Roku krēms ORGANIC SHOP Tropical 75ml (33.20 €/l); (39.87 €/l),maxima.lv,,2.49,33.20,€/l,https://www.maxima.lv/uploads/sale/2026/sales_page/05/11//roku-krems-organic-shop-tropical-75ml-00728-0511170034.png?1778508034
Dez. REXONA Bright Bouq. 72h zīm. siev. 50ml (57.80 €/l); (115.80 €/l),maxima.lv,,2.89,57.80,€/l,https://www.maxima.lv/uploads/sale/2026/sales_page/05/11//dez-rexona-bright-bouq-72h-zim-siev-50ml-00729-0727105101.png?1785138661
Tual. tīrīš. putas DOMESTOS Floral 435ml (6.87 €/l); (13.77 €/l),maxima.lv,,2.99,6.87,€/l,https://www.maxima.lv/uploads/sale/2026/sales_page/05/11//tual-tiris-putas-domestos-floral-435ml-00730-0511170034.png?1778508034
Gaisa atsvaidz. AMBI PUR Ocean Mist 185ml (21.56 €/l); (32.38 €/l),maxima.lv,,3.99,21.57,€/l,https://www.maxima.lv/uploads/sale/2026/sales_page/05/11//gaisa-atsvaidz-ambi-pur-ocean-mist-185ml-00731-0814091101.png?1786687861
Uztura bagāt. PHARMA MARKET D3+K2 60gab.  (0.06 €/gab); (96.50 €/gab),maxima.lv,,3.79,,,https://www.maxima.lv/uploads/sale/2026/sales_page/05/11//uztura-bagat-pharma-market-d3-k2-60gab-00733-0511170034.png?1778508034
Tual. bloki BREF Pow. Akt. Lem. Ocean 4x50g (0.03 €/kg); (43.45 €/kg),maxima.lv,,5.69,113.80,€/kg,https://www.maxima.lv/uploads/sale/2026/sales_page/05/11//tual-bloki-bref-pow-akt-lem-ocean-4x50g-00734-0511170035.png?1778508035
Zobu pasta ORAL-B Junior 6-12 gadi 75ml (39.87 €/l); (71.87 €/l),maxima.lv,,2.99,39.87,€/l,https://www.maxima.lv/uploads/sale/2026/sales_page/05/19//zobu-pasta-oral-b-junior-6-12-gadi-75ml-00737-0519115521.png?1779180921
Mitrās salvetes VORTEX stiklam 48gab.  (0.04 €/gab); (58.13 €/gab),maxima.lv,,1.79,,,https://www.maxima.lv/uploads/sale/2026/sales_page/05/11//mitras-salvetes-vortex-stiklam-48gab-00738-0511170035.png?1778508035
Roku krēms DZINTARS Kolka mitrinošs 75ml (30.53 €/l); (47.87 €/l),maxima.lv,,2.29,30.53,€/l,https://www.maxima.lv/uploads/sale/2026/sales_page/05/11//roku-krems-dzintars-kolka-mitrinoss-75ml-00740-0511170035.png?1778508035
Prezervatīvi DUREX Sensual 3gab.  (1.00 €/gab); (1530.00 €/gab),maxima.lv,,2.99,,,https://www.maxima.lv/uploads/sale/2026/sales_page/05/11//prezervativi-durex-sensual-3gab-00742-0511170035.png?1778508035
Šampūns L'OREAL ELSEVE Full Resist 400ml (11.72 €/l); (19.48 €/l),maxima.lv,,4.69,11.72,€/l,https://www.maxima.lv/uploads/sale/2026/sales_page/05/11//sampuns-l-oreal-elseve-full-resist-400ml-00743-0511170035.png?1778508035
Veļ. mazg. līdz. PERWOLL Light Col. 20m. r. 1L (4.99 €/l); (8.69 €/l),maxima.lv,,4.99,4.99,€/l,https://www.maxima.lv/uploads/sale/2026/sales_page/05/11//vel-mazg-lidz-perwoll-light-col-20m-r-1l-00746-0511170035.png?1778508035
Univ. tīrīš. līdzekl. MAYERI Rhubard 500ml (3.98 €/l); (6.58 €/l),maxima.lv,,1.99,3.98,€/l,https://www.maxima.lv/uploads/sale/2026/sales_page/05/11//univ-tiris-lidzekl-mayeri-rhubard-500ml-00747-0511170035.png?1778508035
Kondic. L'OREAL ELSEVE Full Resist 200ml (16.95 €/l); (28.45 €/l),maxima.lv,,3.39,16.95,€/l,https://www.maxima.lv/uploads/sale/2026/sales_page/05/11//kondic-l-oreal-elseve-full-resist-200ml-00748-0511170035.png?1778508035
Sejas skrubis NEUTROGENA Clear&Rad. 150ml (38.60 €/l); (59.93 €/l),maxima.lv,,5.79,38.60,€/l,https://www.maxima.lv/uploads/sale/2026/sales_page/05/11//sejas-skrubis-neutrogena-clear-rad-150ml-00749-0511170035.png?1778508035
Smaržu granulas LENOR Spring 22m. r.  270g (25.89 €/kg); (40.70 €/kg),maxima.lv,,6.99,25.89,€/kg,https://www.maxima.lv/uploads/sale/2026/sales_page/05/11//smarzu-granulas-lenor-spring-22m-r-270g-00750-0511170035.png?1778508035
Zobu birst. ORAL-B Pro-3D Wh. Medium 2gb.  (2.99 €/gab); (4990.00 €/gab),maxima.lv,,2.99,,,https://www.maxima.lv/uploads/sale/2026/sales_page/05/19//zobu-birst-oral-b-pro-3d-wh-medium-2gb-00751-0519115521.png?1779180921
Mut. sk. līdz. FOREST BALSAM salv. eks. 500ml (7.18 €/l); (11.98 €/l),maxima.lv,,3.59,7.18,€/l,https://www.maxima.lv/uploads/sale/2026/sales_page/05/11//mut-sk-lidz-forest-balsam-salv-eks-500ml-00752-0511170037.png?1778508037
Šampūns NIVEA Men Strong Power 500ml (9.98 €/l); (17.98 €/l),maxima.lv,,4.99,9.98,€/l,https://www.maxima.lv/uploads/sale/2026/sales_page/05/11//sampuns-nivea-men-strong-power-500ml-00754-0511170037.png?1778508037
Univ. tīrīš. līdz. MAYERI Fresh Mint 500ml (3.98 €/l); (6.58 €/l),maxima.lv,,1.99,3.98,€/l,https://www.maxima.lv/uploads/sale/2026/sales_page/05/11//univ-tiris-lidz-mayeri-fresh-mint-500ml-00755-0511170026.png?1778508026
Gaisa atsvaidzinātājs MAYERI Rose 300ml (8.30 €/l); (11.63 €/l),maxima.lv,,2.49,8.30,€/l,https://www.maxima.lv/uploads/sale/2026/sales_page/05/11//gaisa-atsvaidzinatajs-mayeri-rose-300ml-00756-0511170026.png?1778508026
Gaisa atsvaidzinātājs MAYERI Bambo. 300ml (8.30 €/l); (11.63 €/l),maxima.lv,,2.49,8.30,€/l,https://www.maxima.lv/uploads/sale/2026/sales_page/05/11//gaisa-atsvaidzinatajs-mayeri-bambo-300ml-00757-0511170025.png?1778508025
Tual. tīr. līdz. SEAL Anti-Limescale 700ml (3.41 €/l); (5.70 €/l),maxima.lv,,2.39,3.41,€/l,https://www.maxima.lv/uploads/sale/2026/sales_page/05/11//tual-tir-lidz-seal-anti-limescale-700ml-00758-0511170025.png?1778508025
Zobu diegs ORAL-B Essential Mint 50m (2290.00 €/gab); (3490.00 €/gab),maxima.lv,,2.29,,,https://www.maxima.lv/uploads/sale/2026/sales_page/05/19//zobu-diegs-oral-b-essential-mint-50m-00760-0519115521.png?1779180921
Dušas želeja PALMOLIVE Fig&Milk 500ml (7.98 €/l); (13.98 €/l),maxima.lv,,3.99,7.98,€/l,https://www.maxima.lv/uploads/sale/2026/sales_page/05/11//dusas-zeleja-palmolive-fig-milk-500ml-00761-0511170025.png?1778508025
Veļas mazg. kapsulas PERSIL Color 70m. r.  (0.31 €/gab); (0.57 €/gab),maxima.lv,,21.99,,,https://www.maxima.lv/uploads/sale/2026/sales_page/05/11//velas-mazg-kapsulas-persil-color-70m-r-00762-0511170025.png?1778508025
Veļas mazg. kaps. PERSIL Universal 70m. r.  (0.31 €/gab); (0.57 €/gab),maxima.lv,,21.99,,,https://www.maxima.lv/uploads/sale/2026/sales_page/05/11//velas-mazg-kaps-persil-universal-70m-r-00763-0511170025.png?1778508025
Tual. bloki BREF Pow. Aktiv Flowers 4x50g (0.03 €/kg); (43.45 €/kg),maxima.lv,,5.69,113.80,€/kg,https://www.maxima.lv/uploads/sale/2026/sales_page/05/11//tual-bloki-bref-pow-aktiv-flowers-4x50g-00764-0511170025.png?1778508025
Tual. bloki BREF Color Akt. Lavender 2x50g (0.04 €/kg); (59.90 €/kg),maxima.lv,,3.79,75.80,€/kg,https://www.maxima.lv/uploads/sale/2026/sales_page/05/11//tual-bloki-bref-color-akt-lavender-2x50g-00765-0511170025.png?1778508025
Tual. bloki BREF Col. Akt. Eucalyptus 2x50g (0.04 €/kg); (59.90 €/kg),maxima.lv,,3.79,75.80,€/kg,https://www.maxima.lv/uploads/sale/2026/sales_page/05/11//tual-bloki-bref-col-akt-eucalyptus-2x50g-00766-0511170025.png?1778508025
"Veļas mazg. l. COCCOLINO Speed 54m. r. 2,16L (0.19 €/l); (314.63 €/l)",maxima.lv,,10.49,4.86,€/l,https://www.maxima.lv/uploads/sale/2026/sales_page/05/11//velas-mazg-l-coccolino-speed-54m-r-2-16l-00767-0511170025.png?1778508025
"Veļas mazg. l. COCCOLINE Ultra 54m. r. 2,16L (0.19 €/l); (314.63 €/l)",maxima.lv,,10.49,4.86,€/l,https://www.maxima.lv/uploads/sale/2026/sales_page/05/11//velas-mazg-l-coccoline-ultra-54m-r-2-16l-00768-0511170025.png?1778508025
"Veļas mazg. l. COCCOLINO Odor 54m. r. 2,16L (0.19 €/l); (314.63 €/l)",maxima.lv,,10.49,4.86,€/l,https://www.maxima.lv/uploads/sale/2026/sales_page/05/11//velas-mazg-l-coccolino-odor-54m-r-2-16l-00769-0511170029.png?1778508029
Tual. bloki BREF Color Aktiv Flower 2x50g (0.04 €/kg); (59.90 €/kg),maxima.lv,,3.79,75.80,€/kg,https://www.maxima.lv/uploads/sale/2026/sales_page/05/11//tual-bloki-bref-color-aktiv-flower-2x50g-00770-0511170029.png?1778508029
Tual. bloki BREF Pow. Akt. Fruitopia 2x50g (0.03 €/kg); (55.90 €/kg),maxima.lv,,3.39,67.80,€/kg,https://www.maxima.lv/uploads/sale/2026/sales_page/05/11//tual-bloki-bref-pow-akt-fruitopia-2x50g-00771-0511170029.png?1778508029
Stiklu tīrīšanas līdzeklis KVADRO 700ml (3.14 €/l); (4.86 €/l),maxima.lv,,2.29,3.27,€/l,https://www.maxima.lv/uploads/sale/2026/sales_page/05/11//stiklu-tirisanas-lidzeklis-kvadro-700ml-00772-0511170029.png?1778508029
Tīr. līdz. pelējuma noņemš. KVADRO 700ml (4.84 €/l); (7.70 €/l),maxima.lv,,3.39,4.84,€/l,https://www.maxima.lv/uploads/sale/2026/sales_page/05/11//tir-lidz-pelejuma-nonems-kvadro-700ml-00773-0511170029.png?1778508029
Depilāc. vaska strēmeles VEET sejai 20gb.  (0.25 €/gab); (0.40 €/gab),maxima.lv,,4.99,,,https://www.maxima.lv/uploads/sale/2026/sales_page/05/19//depilac-vaska-stremeles-veet-sejai-20gb-00782-0519113518.png?1779179718
Zobu birste COLGATE ZIG-ZAG MEDIUM (1.19 €/gab); (1990.00 €/gab),maxima.lv,,1.19,,,https://www.maxima.lv/uploads/sale/2026/sales_page/05/11//zobu-birste-colgate-zig-zag-medium-00783-0511170029.png?1778508029
Tual. bloks skal. tvertnei SANO zils 150g (29.27 €/kg); (39.93 €/kg),maxima.lv,,4.39,29.27,€/kg,https://www.maxima.lv/uploads/sale/2026/sales_page/05/11//tual-bloks-skal-tvertnei-sano-zils-150g-00784-0820112101.png?1787214061
Skūšanās žel. NIVEA jutīgai ādai 200ml (19.95 €/l); (34.95 €/l),maxima.lv,,3.99,19.95,€/l,https://www.maxima.lv/uploads/sale/2026/sales_page/05/11//skusanas-zel-nivea-jutigai-adai-200ml-00786-0511170029.png?1778508029
Ķermeņa krēms NIVEA Creme 150ml (21.27 €/l); (35.27 €/l),maxima.lv,,3.19,21.27,€/l,https://www.maxima.lv/uploads/sale/2026/sales_page/05/11//kermena-krems-nivea-creme-150ml-00787-0511170029.png?1778508029
Zobu pasta LACALUT SENSITIVE 75ml (39.87 €/l); (66.53 €/l),maxima.lv,,2.99,39.87,€/l,https://www.maxima.lv/uploads/sale/2026/sales_page/05/11//zobu-pasta-lacalut-sensitive-75ml-00791-0511170029.png?1778508029
Šampūns SCHAUMA vīriešiem 400ml (7.47 €/l); (13.72 €/l),maxima.lv,,2.99,7.48,€/l,https://www.maxima.lv/uploads/sale/2026/sales_page/05/11//sampuns-schauma-viriesiem-400ml-00793-0511170028.png?1778508028
Tests grūtniecības noteikš.  MARIA STRIP (1.29 €/gab); (1890.00 €/gab),maxima.lv,,1.29,,,https://www.maxima.lv/uploads/sale/2026/sales_page/05/11//tests-grutniecibas-noteiks-maria-strip-00797-0511170028.png?1778508028
Univers. tīr. līdz. AJAX ceriņu smarža 1L (2.99 €/l); (4.29 €/l),maxima.lv,,2.99,2.99,€/l,https://www.maxima.lv/uploads/sale/2026/sales_page/05/19//univers-tir-lidz-ajax-cerinu-smarza-1l-00800-0820113102.png?1787214662
Ikd. ieliktn. NATURELLA Light Camom. 100gb.  (0.04 €/gab); (0.07 €/gab),maxima.lv,,4.49,,,https://www.maxima.lv/uploads/sale/2026/sales_page/05/11//ikd-ieliktn-naturella-light-camom-100gb-00802-0511170028.png?1778508028
Tualetes ūdens LA RIVE Cabana vīr.  90ml (77.67 €/l); (133.22 €/l),maxima.lv,,6.99,77.67,€/l,https://www.maxima.lv/uploads/sale/2026/sales_page/05/11//tualetes-udens-la-rive-cabana-vir-90ml-00803-0511170022.png?1778508022
Tīrīš. līdz. caurulēm TIRET Turbo 500ml (7.98 €/l); (16.78 €/l),maxima.lv,,3.99,7.98,€/l,https://www.maxima.lv/uploads/sale/2026/sales_page/06/26//tiris-lidz-caurulem-tiret-turbo-500ml-00804-0820113601.png?1787214961
Zobu pasta PRESIDENT SENSITIVE 75ml (39.87 €/l); (74.53 €/l),maxima.lv,,2.99,39.87,€/l,https://www.maxima.lv/uploads/sale/2026/sales_page/05/11//zobu-pasta-president-sensitive-75ml-00806-0511170022.png?1778508022
Matu putas SYOSS Volume Lift 250ml (23.96 €/l); (39.96 €/l),maxima.lv,,5.99,23.96,€/l,https://www.maxima.lv/uploads/sale/2026/sales_page/05/11//matu-putas-syoss-volume-lift-250ml-00808-0511170022.png?1778508022
Tual. bloks skal. tvertnei SANO zaļš 150g (29.27 €/kg); (38.60 €/kg),maxima.lv,,4.39,29.27,€/kg,https://www.maxima.lv/uploads/sale/2026/sales_page/05/11//tual-bloks-skal-tvertnei-sano-zals-150g-00809-0820112602.png?1787214362
Tīr. līdz. logiem AJAX Triple Act.  500ml (4.38 €/l); (6.30 €/l),maxima.lv,,2.19,4.38,€/l,https://www.maxima.lv/uploads/sale/2026/sales_page/05/19//tir-lidz-logiem-ajax-triple-act-500ml-00810-0820113102.png?1787214662
Sejas mazg. putas HIMALAYA nīma 150ml (25.27 €/l); (41.93 €/l),maxima.lv,,3.79,25.27,€/l,https://www.maxima.lv/uploads/sale/2026/sales_page/05/11//sejas-mazg-putas-himalaya-nima-150ml-00812-0511170022.png?1778508022
Dez. NIVEA Men Black&White Pow. rull. 50ml (59.80 €/l); (115.80 €/l),maxima.lv,,2.99,59.80,€/l,https://www.maxima.lv/uploads/sale/2026/sales_page/05/11//dez-nivea-men-black-white-pow-rull-50ml-00813-0511170022.png?1778508022
Zobu birste JORDAN 6–9g.  1gab.  (1.99 €/gab); (3290.00 €/gab),maxima.lv,,1.99,221.11,€/kg,https://www.maxima.lv/uploads/sale/2026/sales_page/05/11//zobu-birste-jordan-6-9g-1gab-00816-0511170022.png?1778508022
Šampūns SYOSS ANTI-GREASE sausais 200ml (22.45 €/l); (37.45 €/l),maxima.lv,,4.49,22.45,€/l,https://www.maxima.lv/uploads/sale/2026/sales_page/05/11//sampuns-syoss-anti-grease-sausais-200ml-00817-0511170022.png?1778508022
Ziepes PALMOLIVE CHAMOMILE&VITAMIN E 90g (7.22 €/kg); (10.56 €/kg),maxima.lv,,0.65,7.22,€/kg,https://www.maxima.lv/uploads/sale/2026/sales_page/05/11//ziepes-palmolive-chamomile-vitamin-e-90g-00818-0511170022.png?1778508022
Hig. pak. LIBRESSE Ultra Long Mega 36gab (0.12 €/gab); (194.17 €/gab),maxima.lv,,4.49,,,https://www.maxima.lv/uploads/sale/2026/sales_page/05/19//hig-pak-libresse-ultra-long-mega-36gab-00819-0519115521.png?1779180921
Zobu pasta SENSODYNE REPAIR&PROTECT 75ml (77.20 €/l); (119.87 €/l),maxima.lv,,5.79,77.20,€/l,https://www.maxima.lv/uploads/sale/2026/sales_page/06/26//zobu-pasta-sensodyne-repair-protect-75ml-00820-0626091602.png?1782454562
Hig. pak. LADY ANION Active plānas 15gab.  (0.17 €/gab); (272.67 €/gab),maxima.lv,,2.49,,,https://www.maxima.lv/uploads/sale/2026/sales_page/05/11//hig-pak-lady-anion-active-planas-15gab-00825-0511170022.png?1778508022
Logu tīrīšanas līdzeklis CLIN Blue 500ml (3.98 €/l); (4.58 €/l),maxima.lv,,1.99,3.98,€/l,https://www.maxima.lv/uploads/sale/2026/sales_page/06/26//logu-tirisanas-lidzeklis-clin-blue-500ml-00826-0626091602.png?1782454562
Vienr. skuv.  BIC MISS SOLEIL COLOUR 4gab.  (0.97 €/gab); (1622.50 €/gab),maxima.lv,,3.89,,,https://www.maxima.lv/uploads/sale/2026/sales_page/05/11//vienr-skuv-bic-miss-soleil-colour-4gab-00830-0511170023.png?1778508023
Autiņb. PAMPERS Pants S6 13-19kg 42gab.  (0.36 €/gab); (0.51 €/gab),maxima.lv,,14.99,0.79,€/kg,https://www.maxima.lv/uploads/sale/2026/sales_page/05/13//autinb-pampers-pants-s6-13-19kg-42gab-00831-0513085016.png?1778651416
Autiņb.  PAMPERS Pants S4 9-15kg 54gab.  (0.28 €/gab); (0.40 €/gab),maxima.lv,,14.99,1.00,€/kg,https://www.maxima.lv/uploads/sale/2026/sales_page/05/13//autinb-pampers-pants-s4-9-15kg-54gab-00832-0513085016.png?1778651416
Ikd. ieliktn. DISCREET Water Lily 100gab.  (0.05 €/gab); (0.06 €/gab),maxima.lv,,4.69,,,https://www.maxima.lv/uploads/sale/2026/sales_page/06/25//ikd-ieliktn-discreet-water-lily-100gab-00839-0820114604.png?1787215564
Hig. paketes NATURELLA Night Duo 14gab.  (0.21 €/gab); (0.34 €/gab),maxima.lv,,2.99,,,https://www.maxima.lv/uploads/sale/2026/sales_page/06/25//hig-paketes-naturella-night-duo-14gab-00840-0625163605.png?1782394565
Hig. paketes NATURELLA ULT. SUPER+ 16gab.  (0.19 €/gab); (0.29 €/gab),maxima.lv,,2.99,,,https://www.maxima.lv/uploads/sale/2026/sales_page/06/25//hig-paketes-naturella-ult-super-16gab-00841-0625163605.png?1782394565
Dušas želeja DOVE Rebalancing 400ml (11.23 €/l); (18.73 €/l),maxima.lv,,4.49,11.22,€/l,https://www.maxima.lv/uploads/sale/2026/sales_page/06/30//dusas-zeleja-dove-rebalancing-400ml-00842-0820114604.png?1787215564
Izsm. dez. REXONA Bright Bouquet 48h 150ml (19.27 €/l); (32.60 €/l),maxima.lv,,2.89,19.27,€/l,https://www.maxima.lv/uploads/sale/2026/sales_page/06/25//izsm-dez-rexona-bright-bouquet-48h-150ml-00843-0625163605.png?1782394565
Dezod. REXONA Cobalt 48h zīmulis vīr. 50ml (57.80 €/l); (97.80 €/l),maxima.lv,,2.89,57.80,€/l,https://www.maxima.lv/uploads/sale/2026/sales_page/06/25//dezod-rexona-cobalt-48h-zimulis-vir-50ml-00844-0625163605.png?1782394565
Krēmziepes SEAL Dobeles Ceriņzieds 1L (3.79 €/l); (5.69 €/l),maxima.lv,,3.79,3.79,€/l,https://www.maxima.lv/uploads/sale/2026/sales_page/06/25//kremziepes-seal-dobeles-cerinzieds-1l-00845-0820114604.png?1787215564
Dušas želeja KEFF Salty Caramel 500ml (7.98 €/l); (10.98 €/l),maxima.lv,,3.99,7.98,€/l,https://www.maxima.lv/uploads/sale/2026/sales_page/06/25//dusas-zeleja-keff-salty-caramel-500ml-00846-0820115104.png?1787215864
Nakts krēms NIVEA 65+ pretgrumbu 50ml (149.80 €/l); (253.80 €/l),maxima.lv,,7.49,149.80,€/l,https://www.maxima.lv/uploads/sale/2026/sales_page/06/30//nakts-krems-nivea-65-pretgrumbu-50ml-00848-0820115104.png?1787215864
Zobu pasta COLGATE Triple Action 125ml (2.99 €/gab); (4.89 €/gab),maxima.lv,,2.99,23.92,€/l,https://www.maxima.lv/uploads/sale/2026/sales_page/06/25//zobu-pasta-colgate-triple-action-125ml-00849-0820115602.png?1787216162
Zobu birste COLGATE SLIM SOFT BLACK (2.89 €/gab); (4.89 €/gab),maxima.lv,,2.89,,,https://www.maxima.lv/uploads/sale/2026/sales_page/06/25//zobu-birste-colgate-slim-soft-black-00850-0625163605.png?1782394565
Rezerves uzgaļi Oral-B Sensitive 4 gab.  (4.00 €/gab); (6.25 €/gab),maxima.lv,,15.99,,,https://www.maxima.lv/uploads/sale/2026/sales_page/06/25//rezerves-uzgali-oral-b-sensitive-4-gab-00851-0820115602.png?1787216162
"SENSODYNE zobu pasta Fluoride, 75ml (57.20 €/l); (89.20 €/l)",maxima.lv,,4.29,57.20,€/l,https://www.maxima.lv/uploads/sale/2026/sales_page/06/25//sensodyne-zobu-pasta-fluoride-75ml-00852-0820115602.png?1787216162
Zobu pasta PARODONTAX Complete 75ml (90.53 €/l); (139.87 €/l),maxima.lv,,6.79,90.53,€/l,https://www.maxima.lv/uploads/sale/2026/sales_page/06/25//zobu-pasta-parodontax-complete-75ml-00853-0820115602.png?1787216162
Balzams GLISS Oil Nutritive 200ml (16.95 €/l); (28.45 €/l),maxima.lv,,3.39,16.95,€/l,https://www.maxima.lv/uploads/sale/2026/sales_page/06/25//balzams-gliss-oil-nutritive-200ml-00855-0820115602.png?1787216162
Izsmidz. kondic. GLISS Liquid Silk 200ml (22.45 €/l); (37.45 €/l),maxima.lv,,4.49,22.45,€/l,https://www.maxima.lv/uploads/sale/2026/sales_page/06/25//izsmidz-kondic-gliss-liquid-silk-200ml-00856-0625163606.png?1782394566
Izsmidz. kondic. GLISS Oil Nutritive 200ml (22.45 €/l); (37.45 €/l),maxima.lv,,4.49,22.45,€/l,https://www.maxima.lv/uploads/sale/2026/sales_page/06/25//izsmidz-kondic-gliss-oil-nutritive-200ml-00857-0625163606.png?1782394566
Šampūns GLISS Oil Nutritive 400ml (9.97 €/l); (18.73 €/l),maxima.lv,,3.99,9.98,€/l,https://www.maxima.lv/uploads/sale/2026/sales_page/06/25//sampuns-gliss-oil-nutritive-400ml-00859-0914134102.png?1789382462
Hig. paketes LIBRESSE SUPER DUO 16gab.  (0.13 €/gab); (0.22 €/gab),maxima.lv,,2.15,,,https://www.maxima.lv/uploads/sale/2026/sales_page/06/25//hig-paketes-libresse-super-duo-16gab-00860-0625163606.png?1782394566
Ikdien. ieliktnīši BELLA Panty Soft 60gb.  (0.03 €/gab); (0.04 €/gab),maxima.lv,,1.65,,,https://www.maxima.lv/uploads/sale/2026/sales_page/06/25//ikdien-ieliktnisi-bella-panty-soft-60gb-00861-0820115602.png?1787216162
Ikd. ieliktn. CAREFREE Cotton Fresh 76gab.  (0.06 €/gab); (0.09 €/gab),maxima.lv,,4.49,,,https://www.maxima.lv/uploads/sale/2026/sales_page/06/25//ikd-ieliktn-carefree-cotton-fresh-76gab-00862-0625163606.png?1782394566
Sej. krēms L'OREAL REVITAL.  LAS. dien. 50ml (239.80 €/l); (479.80 €/l),maxima.lv,,11.99,239.80,€/l,https://www.maxima.lv/uploads/sale/2026/sales_page/06/26//sej-krems-l-oreal-revital-las-dien-50ml-00863-0716084603.png?1784180763
Matu ser. L'OREAL ELSEVE Hyal. Pure 102ml (58.73 €/l); (117.55 €/l),maxima.lv,,5.99,58.73,€/l,https://www.maxima.lv/uploads/sale/2026/sales_page/06/26//matu-ser-l-oreal-elseve-hyal-pure-102ml-00864-0716084603.png?1784180763
Gaisa atsv. AIRWICK FMP Cherry Blos. 250ml (13.16 €/l); (22.76 €/l),maxima.lv,,3.29,13.16,€/l,https://www.maxima.lv/uploads/sale/2026/sales_page/06/26//gaisa-atsv-airwick-fmp-cherry-blos-250ml-00865-0626133101.png?1782469861
Gaisa atsv. AIRWICK FMP Spring Del.  250ml (13.16 €/l); (22.76 €/l),maxima.lv,,3.29,13.16,€/l,https://www.maxima.lv/uploads/sale/2026/sales_page/06/26//gaisa-atsv-airwick-fmp-spring-del-250ml-00866-0626133101.png?1782469861
Dienas krēms NIVEA 65+ pretgrumbu 50ml (149.80 €/l); (253.80 €/l),maxima.lv,,7.49,149.80,€/l,https://www.maxima.lv/uploads/sale/2026/sales_page/06/30//dienas-krems-nivea-65-pretgrumbu-50ml-00868-0820115104.png?1787215864
"Šķidr. mazgāš. līdz. WOOLITE Perfume 1,8L (3.33 €/l); (6.66 €/l)",maxima.lv,,5.99,3.33,€/l,https://www.maxima.lv/uploads/sale/2026/sales_page/06/30//skidr-mazgas-lidz-woolite-perfume-1-8l-00869-0630085101.png?1782798661
Tr. m. maš. kaps. FINISH Ultimat. Lemon 55gb.  (0.31 €/gab); (0.62 €/gab),maxima.lv,,16.99,,,https://www.maxima.lv/uploads/sale/2026/sales_page/06/30//tr-m-mas-kaps-finish-ultimat-lemon-55gb-00870-0630150102.png?1782820862
Tr. m. maš. kaps. FINISH Ult. Plus Lemon 51gb (0.33 €/gab); (0.67 €/gab),maxima.lv,,16.99,,,https://www.maxima.lv/uploads/sale/2026/sales_page/06/30//tr-m-mas-kaps-finish-ult-plus-lemon-51gb-00871-0630150102.png?1782820862
Autiņb.  MOONY Airfit S 4-8kg 70gab.  (0.24 €/gab); (0.29 €/gab),maxima.lv,,16.99,2.12,€/kg,https://www.maxima.lv/uploads/sale/2026/sales_page/07/10//autinb-moony-airfit-s-4-8kg-70gab-00872-0710172103.png?1783693263
Autiņb. biks. MOONY M 6-12kg 52gab.  (0.33 €/gab); (0.38 €/gab),maxima.lv,,16.99,1.42,€/kg,https://www.maxima.lv/uploads/sale/2026/sales_page/07/10//autinb-biks-moony-m-6-12kg-52gab-00873-0710172103.png?1783693263
Autiņb. biks. MOONY boy L 9-14kg 44 gab.  (0.39 €/gab); (0.45 €/gab),maxima.lv,,16.99,1.21,€/kg,https://www.maxima.lv/uploads/sale/2026/sales_page/07/10//autinb-biks-moony-boy-l-9-14kg-44-gab-00874-0710172103.png?1783693263
Autiņb. biks. MOONY boy XL 12-22kg 38gab.  (0.45 €/gab); (0.53 €/gab),maxima.lv,,16.99,0.77,€/kg,https://www.maxima.lv/uploads/sale/2026/sales_page/07/10//autinb-biks-moony-boy-xl-12-22kg-38gab-00875-0710172103.png?1783693263
Autiņb. biks. MOONY girl L 9-14kg 44 gab.  (0.39 €/gab); (0.45 €/gab),maxima.lv,,16.99,1.21,€/kg,https://www.maxima.lv/uploads/sale/2026/sales_page/07/10//autinb-biks-moony-girl-l-9-14kg-44-gab-00876-0710172103.png?1783693263
Autiņb. biks. MOONY girl XL 12-22kg 38gab.  (0.45 €/gab); (0.53 €/gab),maxima.lv,,16.99,0.77,€/kg,https://www.maxima.lv/uploads/sale/2026/sales_page/07/10//autinb-biks-moony-girl-xl-12-22kg-38gab-00877-0710172103.png?1783693263
Tr. mazg. kaps. FAIRY Plat. Plus Lem.  40gab.  (0.40); (0.70),maxima.lv,27.99,15.99,,,https://www.maxima.lv/uploads/sale/2026/sales_page/07/22//tr-mazg-kaps-fairy-plat-plus-lem-40gab-00881-0722151603.png?1784722563
Autiņb. PEPPINS Comfy S2 4-8kg 30gab.  (0.14 €/gab); (0.18 €/gab),maxima.lv,,4.29,0.54,€/kg,https://www.maxima.lv/uploads/sale/2026/sales_page/08/11//autinb-peppins-comfy-s2-4-8kg-30gab-00887-0811100601.png?1786431961
Autiņb. PEPPINS Comfy S4 9-14kg 41gab.  (0.16 €/gab); (0.18 €/gab),maxima.lv,,6.59,0.47,€/kg,https://www.maxima.lv/uploads/sale/2026/sales_page/08/11//autinb-peppins-comfy-s4-9-14kg-41gab-00888-0811100601.png?1786431961
Autiņb. PEPPINS Comfy S3 6-10kg 49gab.  (0.14 €/gab); (0.16 €/gab),maxima.lv,,6.99,0.70,€/kg,https://www.maxima.lv/uploads/sale/2026/sales_page/08/11//autinb-peppins-comfy-s3-6-10kg-49gab-00889-0811101101.png?1786432261
Autiņb. PEPPINS Comfy S5 11-16kg 35gab.  (0.18 €/gab); (0.21 €/gab),maxima.lv,,6.39,0.40,€/kg,https://www.maxima.lv/uploads/sale/2026/sales_page/08/11//autinb-peppins-comfy-s5-11-16kg-35gab-00890-0811101101.png?1786432261
Līdz. bērn.  pret odiem un ērc.  MAGA 100ML (29.90 €/l); (39.90 €/l),maxima.lv,,2.99,29.90,€/l,https://www.maxima.lv/uploads/sale/2026/sales_page/09/03//lidz-bern-pret-odiem-un-erc-maga-100ml-00895-0903154105.png?1788439265
Līdz. odiem un ērcēm MAGA Pro 150ml (33.27 €/l); (42.60 €/l),maxima.lv,,4.99,33.27,€/l,https://www.maxima.lv/uploads/sale/2026/sales_page/09/03//lidz-odiem-un-ercem-maga-pro-150ml-00896-0903154105.png?1788439265
Līdz. pret odiem ērcēm MAGA Super 100ml (29.90 €/l); (39.90 €/l),maxima.lv,,2.99,29.90,€/l,https://www.maxima.lv/uploads/sale/2026/sales_page/09/03//lidz-pret-odiem-ercem-maga-super-100ml-00897-0903154105.png?1788439265
Odu un ērču repelents MAGA 100ml (26.90 €/l); (34.90 €/l),maxima.lv,,2.69,26.90,€/l,https://www.maxima.lv/uploads/sale/2026/sales_page/09/03//odu-un-ercu-repelents-maga-100ml-00898-0903154105.png?1788439265
Papīra dvieļi GRITE Orchidea 3k. 230lap.  (0.01 €/gab); (0.02 €/gab),maxima.lv,,2.29,,,https://www.maxima.lv/uploads/sale/2026/sales_page/09/03//papira-dvieli-grite-orchidea-3k-230lap-00899-0903154105.png?1788439265
Tualetes papīrs LAMBI 3k.  8 r.  (0.44 €/gab); (0.70 €/gab),maxima.lv,,3.49,,,https://www.maxima.lv/uploads/sale/2026/sales_page/09/29//tualetes-papirs-lambi-3k-8-r-00902-0929075102.png?1790657462
Papīra dvieļi SERLA 2k. 135lap.  (0.70 €/gab); (1.00 €/gab),maxima.lv,,1.39,,,https://www.maxima.lv/uploads/sale/2026/sales_page/09/29//papira-dvieli-serla-2k-135lap-00903-0929075102.png?1790657462
Pap. dvieļi LAMBI Clas. Plus 2k. 135lap. 2r.  (0.80 €/gab); (1.35 €/gab),maxima.lv,,1.59,,,https://www.maxima.lv/uploads/sale/2026/sales_page/09/29//pap-dvieli-lambi-clas-plus-2k-135lap-2r-00904-0929075102.png?1790657462
Papīra dvieļi SERLA 2k.  100lap.  (0.70 €/gab); (1.00 €/gab),maxima.lv,,1.39,,,https://www.maxima.lv/uploads/sale/2026/sales_page/09/29//papira-dvieli-serla-2k-100lap-00905-0929075102.png?1790657462
Kart. plāksnes LONGCHIPS medus BBQ 75g (9.20 €/kg); (10.53 €/kg),maxima.lv,,0.69,9.20,€/kg,https://www.maxima.lv/uploads/sale/2026/sales_page/08/31//kart-plaksnes-longchips-medus-bbq-75g-00573-0831115602.png?1788166562
Krēmsiers PHILADELPHIA Protein 175g (15.94 €/kg); (24.51 €/kg),maxima.lv,,2.79,15.94,€/kg,https://www.maxima.lv/uploads/sale/2026/sales_page/08/31//kremsiers-philadelphia-protein-175g-00574-0831115602.png?1788166562
Šok. batoniņš Berry Whip SNICKERS 40g (32.25 €/kg); (49.75 €/kg),maxima.lv,,1.29,32.25,€/kg,https://www.maxima.lv/uploads/sale/2026/sales_page/08/31//sok-batonins-berry-whip-snickers-40g-00575-0831115602.png?1788166562
Šokolādes batoniņš Almond SNICKERS 45g (28.67 €/kg); (44.22 €/kg),maxima.lv,,1.29,28.67,€/kg,https://www.maxima.lv/uploads/sale/2026/sales_page/08/31//sokolades-batonins-almond-snickers-45g-00576-0831115602.png?1788166562
Želejas konf. banānu Peelerz AMOS 65g (21.38 €/kg); (30.62 €/kg),maxima.lv,,1.39,21.38,€/kg,https://www.maxima.lv/uploads/sale/2026/sales_page/08/31//zelejas-konf-bananu-peelerz-amos-65g-00577-0831165109.png?1788184269
Želejas konf. ar augļu garšu SKITTLES 50g (39.80 €/kg); (59.80 €/kg),maxima.lv,,1.99,39.80,€/kg,https://www.maxima.lv/uploads/sale/2026/sales_page/08/31//zelejas-konf-ar-auglu-garsu-skittles-50g-00579-0831165109.png?1788184269
Kliņģ. gabal. Čedera siera g. CKRACKZEL 85g (16.35 €/kg); (22.24 €/kg),maxima.lv,,1.39,16.35,€/kg,https://www.maxima.lv/uploads/sale/2026/sales_page/08/31//kling-gabal-cedera-siera-g-ckrackzel-85g-00580-0831165109.png?1788184269
Kliņģ. gabal. ķiploku maiz. g. CKRACKZEL 85g (16.35 €/kg); (22.24 €/kg),maxima.lv,,1.39,16.35,€/kg,https://www.maxima.lv/uploads/sale/2026/sales_page/08/31//kling-gabal-kiploku-maiz-g-ckrackzel-85g-00581-0831165106.png?1788184266
Kukurūzas uzkoda TAKIS Blue Heat 100g (24.90 €/kg); (49.90 €/kg),maxima.lv,,2.49,24.90,€/kg,https://www.maxima.lv/uploads/sale/2026/sales_page/08/31//kukuruzas-uzkoda-takis-blue-heat-100g-00582-0831115602.png?1788166562
Šok. bat braunijs un zemesr. SNICKERS 45g (28.67 €/kg); (44.22 €/kg),maxima.lv,,1.29,28.67,€/kg,https://www.maxima.lv/uploads/sale/2026/sales_page/08/31//sok-bat-braunijs-un-zemesr-snickers-45g-00583-0831115602.png?1788166562
Augļu tējas garšas ledenes SKITTLES 54g (36.85 €/kg); (55.37 €/kg),maxima.lv,,1.99,36.85,€/kg,https://www.maxima.lv/uploads/sale/2026/sales_page/08/31//auglu-tejas-garsas-ledenes-skittles-54g-00584-0831165106.png?1788184266
Augļu garšas ledenes SKITTLES 54g (36.85 €/kg); (55.37 €/kg),maxima.lv,,1.99,36.85,€/kg,https://www.maxima.lv/uploads/sale/2026/sales_page/08/31//auglu-garsas-ledenes-skittles-54g-00585-0831165106.png?1788184266
"Dzēr. ALLDEYNN Collagen Grapefr.  0,33L D (3.61 €/l); (5.42 €/l)",maxima.lv,,1.19,3.61,€/l,https://www.maxima.lv/uploads/sale/2026/sales_page/08/31//dzer-alldeynn-collagen-grapefr-0-33l-d-00586-0831165106.png?1788184266
Želejas konf. Peach Burst 4D AMOS 65g (21.38 €/kg); (30.62 €/kg),maxima.lv,,1.39,21.38,€/kg,https://www.maxima.lv/uploads/sale/2026/sales_page/08/31//zelejas-konf-peach-burst-4d-amos-65g-00587-0831165106.png?1788184266
"Dzēriens ALLDEYNN Collagen Peach 0,33L D (3.61 €/l); (5.42 €/l)",maxima.lv,,1.19,3.61,€/l,https://www.maxima.lv/uploads/sale/2026/sales_page/08/31//dzeriens-alldeynn-collagen-peach-0-33l-d-00588-0831165106.png?1788184266
Pelmeņi Carbonara BULDAK 700g (11.41 €/kg); (14.27 €/kg),maxima.lv,,7.99,11.41,€/kg,https://www.maxima.lv/uploads/sale/2026/sales_page/09/02//pelmeni-carbonara-buldak-700g-00589-0902153605.png?1788352565
"Šokolādes groziņi REESE'S 39,5g (32.66 €/kg); (65.57 €/kg)",maxima.lv,,1.29,32.66,€/kg,https://www.maxima.lv/uploads/sale/2026/sales_page/08/31//sokolades-grozini-reese-s-39-5g-00590-0831165106.png?1788184266
Želejas konf.  Mermaid Jewels AMOS 65g (21.38 €/kg); (30.62 €/kg),maxima.lv,,1.39,21.38,€/kg,https://www.maxima.lv/uploads/sale/2026/sales_page/08/31//zelejas-konf-mermaid-jewels-amos-65g-00591-0831115602.png?1788166562
Saldēti pelmeņi BULDAK ar kimči 700g (11.41 €/kg); (14.27 €/kg),maxima.lv,,7.99,11.41,€/kg,https://www.maxima.lv/uploads/sale/2026/sales_page/08/31//saldeti-pelmeni-buldak-ar-kimci-700g-00592-0831115604.png?1788166564
"Gāz. dzēr.  COCA-COLA Cherry 0,33L skārd. D (1.79 €/l); (3.00 €/l)",maxima.lv,,0.59,1.79,€/l,https://www.maxima.lv/uploads/sale/2026/sales_page/08/31//gaz-dzer-coca-cola-cherry-0-33l-skard-d-00593-0831115604.png?1788166564
Košļ. konf. Mini Chew. Shot MINECRAFT 6x15g (22.11 €/kg); (33.22 €/kg),maxima.lv,,1.99,132.67,€/kg,https://www.maxima.lv/uploads/sale/2026/sales_page/08/31//kosl-konf-mini-chew-shot-minecraft-6x15g-00594-0831115604.png?1788166564
"Gāzēts dzēr.  COCA-COLA Zero-Zero 0,33L D (1.79 €/l); (3.00 €/l)",maxima.lv,,0.59,1.79,€/l,https://www.maxima.lv/uploads/sale/2026/sales_page/08/31//gazets-dzer-coca-cola-zero-zero-0-33l-d-00595-0831115604.png?1788166564
Želejas konf. zemeņu Peelerz AMOS 65g (21.38 €/kg); (30.62 €/kg),maxima.lv,,1.39,21.38,€/kg,https://www.maxima.lv/uploads/sale/2026/sales_page/08/31//zelejas-konf-zemenu-peelerz-amos-65g-00596-0831165106.png?1788184266
Auzu dzēriens OATLY Matcha 250ml (6.76 €/l); (9.96 €/l),maxima.lv,,1.69,6.76,€/l,https://www.maxima.lv/uploads/sale/2026/sales_page/08/31//auzu-dzeriens-oatly-matcha-250ml-00597-0831165106.png?1788184266
Auzu dzēriens OATLY Matcha 1L (3.49 €/l); (4.49 €/l),maxima.lv,,3.49,3.49,€/l,https://www.maxima.lv/uploads/sale/2026/sales_page/08/31//auzu-dzeriens-oatly-matcha-1l-00598-0831165106.png?1788184266
Liellopa steiks nog. 60d.  Strip 220g (54.95 €/kg); (74.95 €/kg),maxima.lv,,10.99,49.95,€/kg,https://www.maxima.lv/uploads/sale/2026/sales_page/08/31//liellopa-steiks-nog-60d-strip-220g-00599-0831115604.png?1788166564
Liellopa steiks nog. 60d. Tenderloin 200g (59.95 €/kg); (79.95 €/kg),maxima.lv,,11.99,59.95,€/kg,https://www.maxima.lv/uploads/sale/2026/sales_page/08/31//liellopa-steiks-nog-60d-tenderloin-200g-00600-0831165104.png?1788184264
"Gāzēts dzēriens FANTA Lychee 0,5L PET D (2.98 €/l); (4.98 €/l)",maxima.lv,,1.49,2.98,€/l,https://www.maxima.lv/uploads/sale/2026/sales_page/08/31//gazets-dzeriens-fanta-lychee-0-5l-pet-d-00601-0831115604.png?1788166564
"Gāz. dzēr. FANTA Passion Fruit 0,5L PET D (2.98 €/l); (4.98 €/l)",maxima.lv,,1.49,2.98,€/l,https://www.maxima.lv/uploads/sale/2026/sales_page/08/31//gaz-dzer-fanta-passion-fruit-0-5l-pet-d-00602-0831115604.png?1788166564
"Gāz. dz. SPRITE Chill Zero 0,33L skārd. D (1.79 €/l); (3.00 €/l)",maxima.lv,,0.59,1.79,€/l,https://www.maxima.lv/uploads/sale/2026/sales_page/08/31//gaz-dz-sprite-chill-zero-0-33l-skard-d-00603-0831115604.png?1788166564
"Gāzēts dzēriens FANTA Melon 0,5L PET D (2.98 €/l); (4.98 €/l)",maxima.lv,,1.49,2.98,€/l,https://www.maxima.lv/uploads/sale/2026/sales_page/08/31//gazets-dzeriens-fanta-melon-0-5l-pet-d-00604-0831115604.png?1788166564
"Gāz. d. FANTA Crimson Cherry 0,33L skārd. D (1.79 €/l); (3.00 €/l)",maxima.lv,,0.59,1.79,€/l,https://www.maxima.lv/uploads/sale/2026/sales_page/08/31//gaz-d-fanta-crimson-cherry-0-33l-skard-d-00605-0831115604.png?1788166564
Brok. pārsl. Cini Minis prot. NESTLE 340g (8.79 €/kg); (12.62 €/kg),maxima.lv,,2.99,8.79,€/kg,https://www.maxima.lv/uploads/sale/2026/sales_page/08/31//brok-parsl-cini-minis-prot-nestle-340g-00606-0831115606.png?1788166566
"Gāz. dz. FANTA Banana Chocolate 0,5L PET D (2.98 €/l); (4.98 €/l)",maxima.lv,,1.49,2.98,€/l,https://www.maxima.lv/uploads/sale/2026/sales_page/08/31//gaz-dz-fanta-banana-chocolate-0-5l-pet-d-00607-0831115606.png?1788166566
Kart. plāksnes LONGCHIPS cepta cāļa g. 75g (9.20 €/kg); (10.53 €/kg),maxima.lv,,0.69,9.20,€/kg,https://www.maxima.lv/uploads/sale/2026/sales_page/08/31//kart-plaksnes-longchips-cepta-cala-g-75g-00608-0831115606.png?1788166566
Brok. pārslas Lion proteīna NESTLE 340g (8.79 €/kg); (12.62 €/kg),maxima.lv,,2.99,8.79,€/kg,https://www.maxima.lv/uploads/sale/2026/sales_page/08/31//brok-parslas-lion-proteina-nestle-340g-00609-0831115606.png?1788166566
Proteīna bat. Peanut Cloud BAREBELLS 55g (43.45 €/kg); (59.82 €/kg),maxima.lv,,2.39,43.45,€/kg,https://www.maxima.lv/uploads/sale/2026/sales_page/08/31//proteina-bat-peanut-cloud-barebells-55g-00610-0831115606.png?1788166566
"Gāz. dzēriens ELYNDI Pink Peach 0,5L D (3.61 €/l); (6.03 €/l)",maxima.lv,,1.19,2.38,€/l,https://www.maxima.lv/uploads/sale/2026/sales_page/08/31//gaz-dzeriens-elyndi-pink-peach-0-5l-d-00611-0831165104.png?1788184264
"Gāz. dzēriens ELYNDI Apple&Kiwi 0,5L D (3.61 €/l); (6.03 €/l)",maxima.lv,,1.19,2.38,€/l,https://www.maxima.lv/uploads/sale/2026/sales_page/08/31//gaz-dzeriens-elyndi-apple-kiwi-0-5l-d-00612-0831115606.png?1788166566
"Gāzēts dzēriens OKF Lychee 0,35L (2.26 €/l); (4.54 €/l)",maxima.lv,,0.79,2.26,€/l,https://www.maxima.lv/uploads/sale/2026/sales_page/08/31//gazets-dzeriens-okf-lychee-0-35l-00613-0831165104.png?1788184264
"Gāzēts dzēriens OKF Green Apple 0,35L (2.26 €/l); (4.54 €/l)",maxima.lv,,0.79,2.26,€/l,https://www.maxima.lv/uploads/sale/2026/sales_page/08/31//gazets-dzeriens-okf-green-apple-0-35l-00614-0831165104.png?1788184264
"Gāzēts dzēriens OKF Melon 0,35L (2.26 €/l); (4.54 €/l)",maxima.lv,,0.79,2.26,€/l,https://www.maxima.lv/uploads/sale/2026/sales_page/08/31//gazets-dzeriens-okf-melon-0-35l-00615-0831165104.png?1788184264
"Gāzēts dzēriens OKF Grape 0,35L (2.26 €/l); (4.54 €/l)",maxima.lv,,0.79,2.26,€/l,https://www.maxima.lv/uploads/sale/2026/sales_page/08/31//gazets-dzeriens-okf-grape-0-35l-00616-0831165104.png?1788184264
"Gāzēts dzēriens OKF Peach 0,35L (2.26 €/l); (4.54 €/l)",maxima.lv,,0.79,2.26,€/l,https://www.maxima.lv/uploads/sale/2026/sales_page/08/31//gazets-dzeriens-okf-peach-0-35l-00617-0831165104.png?1788184264
Siers Sinfonia ar Prosecco FDM 150g (23.27 €/kg); (33.27 €/kg),maxima.lv,,3.49,23.27,€/kg,https://www.maxima.lv/uploads/sale/2026/sales_page/09/03//siers-sinfonia-ar-prosecco-fdm-150g-00618-0903104103.png?1788421263
Siers ar trifelēm FIOR DI MASO 170g (20.53 €/kg); (29.35 €/kg),maxima.lv,,3.49,20.53,€/kg,https://www.maxima.lv/uploads/sale/2026/sales_page/09/03//siers-ar-trifelem-fior-di-maso-170g-00619-0903104103.png?1788421263
Siers Sinfonia ar sarkanu vīnu FDM 150g (23.27 €/kg); (33.27 €/kg),maxima.lv,,3.49,23.27,€/kg,https://www.maxima.lv/uploads/sale/2026/sales_page/09/03//siers-sinfonia-ar-sarkanu-vinu-fdm-150g-00620-0903104103.png?1788421263
Cīsiņi 67 Lil' Bitez ar mērci ĀDAŽI 430g (5.33 €/kg); (8.35 €/kg),maxima.lv,,2.29,5.33,€/kg,https://www.maxima.lv/uploads/sale/2026/sales_page/08/31//cisini-67-lil-bitez-ar-merci-adazi-430g-00621-0831115606.png?1788166566
Nageti 67 Nuggz ar mērci ĀDAŽI 500g (5.98 €/kg); (7.98 €/kg),maxima.lv,,2.99,5.98,€/kg,https://www.maxima.lv/uploads/sale/2026/sales_page/08/31//nageti-67-nuggz-ar-merci-adazi-500g-00622-0831115606.png?1788166566
Kukurūzas uzkoda TAKIS Buckin Ranch 100g (24.90 €/kg); (34.90 €/kg),maxima.lv,,2.49,24.90,€/kg,https://www.maxima.lv/uploads/sale/2026/sales_page/08/31//kukuruzas-uzkoda-takis-buckin-ranch-100g-00623-0831115606.png?1788166566
Kūpināts liellopa šķiņķis Fit NOO 90g (18.78 €/kg); (31.00 €/kg),maxima.lv,,1.69,18.78,€/kg,https://www.maxima.lv/uploads/sale/2026/sales_page/08/31//kupinats-liellopa-skinkis-fit-noo-90g-00624-0831165104.png?1788184264
Siers Camembert TUREK High Protein 120g (13.52 €/kg); (19.12 €/kg),maxima.lv,,1.69,14.08,€/kg,https://www.maxima.lv/uploads/sale/2026/sales_page/08/31//siers-camembert-turek-high-protein-120g-00625-0831165104.png?1788184264
Cepumi Bts ar karam. pank. garšu OREO 157g (10.76 €/kg); (15.86 €/kg),maxima.lv,,1.69,10.76,€/kg,https://www.maxima.lv/uploads/sale/2026/sales_page/08/31//cepumi-bts-ar-karam-pank-garsu-oreo-157g-00626-0831115606.png?1788166566
Majonēze HELLMANN'S ar trifelēm 250ml (7.96 €/kg); (12.76 €/kg),maxima.lv,,1.99,7.96,€/l,https://www.maxima.lv/uploads/sale/2026/sales_page/09/02//majoneze-hellmann-s-ar-trifelem-250ml-00627-0902153605.png?1788352565
Želej. konfektes persiku HOLEE MOLEE! 70g (21.29 €/kg); (32.71 €/kg),maxima.lv,,1.49,21.29,€/kg,https://www.maxima.lv/uploads/sale/2026/sales_page/08/31//zelej-konfektes-persiku-holee-molee-70g-00628-0831115610.png?1788166570
Želejas konfektes mango HOLEE MOLEE! 70g (21.29 €/kg); (32.71 €/kg),maxima.lv,,1.49,21.29,€/kg,https://www.maxima.lv/uploads/sale/2026/sales_page/08/31//zelejas-konfektes-mango-holee-molee-70g-00629-0831115610.png?1788166570
Žel. konfektes vīnogu HOLEE MOLEE! 70g (21.29 €/kg); (32.71 €/kg),maxima.lv,,1.49,21.29,€/kg,https://www.maxima.lv/uploads/sale/2026/sales_page/08/31//zel-konfektes-vinogu-holee-molee-70g-00630-0831115610.png?1788166570
Led. sula ar zemeņ. garš. CHUPA CHUPS 250ml (5.96 €/l); (7.96 €/l),maxima.lv,,1.49,5.96,€/l,https://www.maxima.lv/uploads/sale/2026/sales_page/09/03//led-sula-ar-zemen-gars-chupa-chups-250ml-00631-0903105609.png?1788422169
Karsti kūpināts cāļa šķiņķis Fit NOO 90g (14.37 €/kg); (22.11 €/kg),maxima.lv,,1.29,14.33,€/kg,https://www.maxima.lv/uploads/sale/2026/sales_page/08/31//karsti-kupinats-cala-skinkis-fit-noo-90g-00632-0831115610.png?1788166570
Led. sula ar kolas garš. CHUPA CHUPS 250ml (5.96 €/l); (7.96 €/l),maxima.lv,,1.49,5.96,€/l,https://www.maxima.lv/uploads/sale/2026/sales_page/09/03//led-sula-ar-kolas-gars-chupa-chups-250ml-00633-0903105609.png?1788422169
"Dzēr. ALLDEYNN Collag. ķiršu-āb. g.  0,33L D (3.61 €/l); (5.42 €/l)",maxima.lv,,1.19,3.61,€/l,https://www.maxima.lv/uploads/sale/2026/sales_page/08/31//dzer-alldeynn-collag-kirsu-ab-g-0-33l-d-00634-0831165104.png?1788184264
Karsti kūpin. tītara fileja Fit NOO 90g (16.56 €/kg); (25.44 €/kg),maxima.lv,,1.49,16.56,€/kg,https://www.maxima.lv/uploads/sale/2026/sales_page/08/31//karsti-kupin-titara-fileja-fit-noo-90g-00635-0831115610.png?1788166570
Proteīna kokteilis QNT zemeņu 330ml (8.45 €/l); (12.09 €/l),maxima.lv,,2.79,8.45,€/l,https://www.maxima.lv/uploads/sale/2026/sales_page/08/31//proteina-kokteilis-qnt-zemenu-330ml-00636-0831115610.png?1788166570
Proteīna kokteilis QNT šokolādes 330ml (8.45 €/l); (12.09 €/l),maxima.lv,,2.79,8.45,€/l,https://www.maxima.lv/uploads/sale/2026/sales_page/08/31//proteina-kokteilis-qnt-sokolades-330ml-00637-0831115610.png?1788166570
Proteīna kokteilis QNT vaniļas 330ml (8.45 €/l); (12.09 €/l),maxima.lv,,2.79,8.45,€/l,https://www.maxima.lv/uploads/sale/2026/sales_page/08/31//proteina-kokteilis-qnt-vanilas-330ml-00638-0831115610.png?1788166570
"Liellopa gaļas uzkoda JACK LINK'S 22,5g (70.67 €/kg); (110.67 €/kg)",maxima.lv,,1.59,70.67,€/kg,https://www.maxima.lv/uploads/sale/2026/sales_page/09/07//liellopa-galas-uzkoda-jack-link-s-22-5g-00640-0907163102.png?1788787862
"Enerģ. dz. RED BULL White Edition 0,25L D (6.03 €/l); (9.06 €/l)",maxima.lv,,1.99,7.96,€/l,https://www.maxima.lv/uploads/sale/2026/sales_page/08/31//energ-dz-red-bull-white-edition-0-25l-d-00641-0831115610.png?1788166570
Kolag. baton. šok. aven. kokosr. ALLDEYNN 40g (39.75 €/kg); (54.75 €/kg),maxima.lv,,1.59,39.75,€/kg,https://www.maxima.lv/uploads/sale/2026/sales_page/08/31//kolag-baton-sok-aven-kokosr-alldeynn-40g-00642-0831165111.png?1788184271
"Enerģ. dzēr. RED BULL Blue Edition 0,25L D (7.96 €/l); (11.96 €/l)",maxima.lv,,1.99,7.96,€/l,https://www.maxima.lv/uploads/sale/2026/sales_page/08/31//energ-dzer-red-bull-blue-edition-0-25l-d-00643-0831115610.png?1788166570
Kolag. baton. šok. mango kokosr. ALLDEYNN40g (39.75 €/kg); (54.75 €/kg),maxima.lv,,1.59,39.75,€/kg,https://www.maxima.lv/uploads/sale/2026/sales_page/08/31//kolag-baton-sok-mango-kokosr-alldeynn40g-00644-0831165111.png?1788184271
Kolagēna šots ALLDEYNN 80ml (18.63 €/l); (28.63 €/l),maxima.lv,,1.49,18.62,€/l,https://www.maxima.lv/uploads/sale/2026/sales_page/08/31//kolagena-sots-alldeynn-80ml-00645-0831165102.png?1788184262
"En. dz. RED BULL Pink Ed. Sugarfree 0,25L D (7.96 €/l); (11.96 €/l)",maxima.lv,,1.99,7.96,€/l,https://www.maxima.lv/uploads/sale/2026/sales_page/08/31//en-dz-red-bull-pink-ed-sugarfree-0-25l-d-00646-0831115608.png?1788166568
Proteīna bat. Cinnamon Bun BAREBELLS 55g (43.45 €/kg); (59.82 €/kg),maxima.lv,,2.39,43.45,€/kg,https://www.maxima.lv/uploads/sale/2026/sales_page/08/31//proteina-bat-cinnamon-bun-barebells-55g-00647-0831115608.png?1788166568
Eletrolītu pulver. citrus. laim. PUNCHY 34g (235.00 €/kg); (323.24 €/kg),maxima.lv,,7.99,235.00,€/kg,https://www.maxima.lv/uploads/sale/2026/sales_page/08/31//eletrolitu-pulver-citrus-laim-punchy-34g-00648-0831165102.png?1788184262
"Elektrolītu pulver. meža ogu PUNCHY 35,7g (223.81 €/kg); (307.84 €/kg)",maxima.lv,,7.99,223.81,€/kg,https://www.maxima.lv/uploads/sale/2026/sales_page/09/22//elektrolitu-pulver-meza-ogu-punchy-35-7g-00649-0922162101.png?1790083261
Elektrolītu pulver. tropu gaum. PUNCHY 34g (235.00 €/kg); (323.24 €/kg),maxima.lv,,7.99,235.00,€/kg,https://www.maxima.lv/uploads/sale/2026/sales_page/08/31//elektrolitu-pulver-tropu-gaum-punchy-34g-00650-0831165102.png?1788184262
"Enerģ. dz. PERFECTTED Matcha ķiršu 0,25L D (8.76 €/l); (11.96 €/l)",maxima.lv,,2.19,8.76,€/l,https://www.maxima.lv/uploads/sale/2026/sales_page/08/31//energ-dz-perfectted-matcha-kirsu-0-25l-d-00651-0831165102.png?1788184262
"En. dz. PERFECTTED Matcha zemeņu 0,25L D (8.76 €/l); (11.96 €/l)",maxima.lv,,2.19,8.76,€/l,https://www.maxima.lv/uploads/sale/2026/sales_page/08/31//en-dz-perfectted-matcha-zemenu-0-25l-d-00652-0831165102.png?1788184262
Plāni sv. cepumi Minions kafijas garš. 80g (18.63 €/kg); (24.88 €/kg),maxima.lv,,1.49,18.62,€/kg,https://www.maxima.lv/uploads/sale/2026/sales_page/08/31//plani-sv-cepumi-minions-kafijas-gars-80g-00653-0831165102.png?1788184262
Kausētais siers PRESIDENT ar sēnēm 120g (8.25 €/kg); (16.58 €/kg),maxima.lv,,0.99,8.25,€/kg,https://www.maxima.lv/uploads/sale/2026/sales_page/08/31//kausetais-siers-president-ar-senem-120g-00654-0831115608.png?1788166568
Kausētais siers PRESIDENT ar zaļum. 120g (8.25 €/kg); (16.58 €/kg),maxima.lv,,0.99,8.25,€/kg,https://www.maxima.lv/uploads/sale/2026/sales_page/08/31//kausetais-siers-president-ar-zalum-120g-00655-0831115608.png?1788166568
Biskvīta maiz. banānu garšas pild. A1 62g (12.74 €/kg); (15.97 €/kg),maxima.lv,,0.79,12.74,€/kg,https://www.maxima.lv/uploads/sale/2026/sales_page/08/31//biskvita-maiz-bananu-garsas-pild-a1-62g-00656-0831165102.png?1788184262
Kartup. plāksn. LONGCHIPS salami picas 75g (9.20 €/kg); (10.53 €/kg),maxima.lv,,0.69,9.20,€/kg,https://www.maxima.lv/uploads/sale/2026/sales_page/08/31//kartup-plaksn-longchips-salami-picas-75g-00657-0831115608.png?1788166568
Krekeri ķiploka un kvinojas Bibizan 300g (8.97 €/kg); (11.63 €/kg),maxima.lv,,2.69,8.97,€/kg,https://www.maxima.lv/uploads/sale/2026/sales_page/08/31//krekeri-kiploka-un-kvinojas-bibizan-300g-00658-0831165102.png?1788184262
3D persiku saldējums uz koc.  BOUJEE 75g (19.87 €/kg); (26.53 €/kg),maxima.lv,,1.99,26.53,€/kg,https://www.maxima.lv/uploads/sale/2026/sales_page/09/02//3d-persiku-saldejums-uz-koc-boujee-75g-00660-0908170102.png?1788876062
Krekeri trifeles un šķiņķa Bibizan 300g (8.97 €/kg); (11.63 €/kg),maxima.lv,,2.69,8.97,€/kg,https://www.maxima.lv/uploads/sale/2026/sales_page/08/31//krekeri-trifeles-un-skinka-bibizan-300g-00661-0831165102.png?1788184262
Kart. plāksn. LONGCHIPS rozmar. olīveļļ. 75g (9.20 €/kg); (10.53 €/kg),maxima.lv,,0.69,9.20,€/kg,https://www.maxima.lv/uploads/sale/2026/sales_page/08/31//kart-plaksn-longchips-rozmar-olivell-75g-00662-0831115608.png?1788166568
Šķiedrv. kolag. kompl. ACORUS BALANCE 300g (26.63 €/kg); (53.30 €/kg),maxima.lv,,7.99,26.63,€/kg,https://www.maxima.lv/uploads/sale/2026/sales_page/08/31//skiedrv-kolag-kompl-acorus-balance-300g-00663-0831165102.png?1788184262
"Gāz. dz. SCHWEPPES Pink Grapefruit 0,33L D (2.09 €/l); (3.79 €/l)",maxima.lv,,0.69,2.09,€/l,https://www.maxima.lv/uploads/sale/2026/sales_page/08/31//gaz-dz-schweppes-pink-grapefruit-0-33l-d-00664-0831115608.png?1788166568
"3D zemeņu saldējums uz kociņa BOUJEE 75g (19.87 €/kg); (26,53 €/kg)",maxima.lv,,1.99,26.53,€/kg,https://www.maxima.lv/uploads/sale/2026/sales_page/09/02//3d-zemenu-saldejums-uz-kocina-boujee-75g-00665-0908165602.png?1788875762
3D mango saldējums uz kociņa BOUJEE 75g (19.87 €/kg); (26.53 €/kg),maxima.lv,,1.99,26.53,€/kg,https://www.maxima.lv/uploads/sale/2026/sales_page/09/02//3d-mango-saldejums-uz-kocina-boujee-75g-00666-0908170102.png?1788876062
"Gāz. dz. SCHWEPPES Orange Passion 0,33L D (2.09 €/l); (3.79 €/l)",maxima.lv,,0.69,2.09,€/l,https://www.maxima.lv/uploads/sale/2026/sales_page/08/31//gaz-dz-schweppes-orange-passion-0-33l-d-00667-0831115608.png?1788166568
Piena šokolāde Caramel Nut CADBURY 200g (18.92 €/kg); (33.28 €/kg),maxima.lv,,3.69,18.45,€/kg,https://www.maxima.lv/uploads/sale/2026/sales_page/08/31//piena-sokolade-caramel-nut-cadbury-200g-00668-0831115608.png?1788166568
Piena šokolāde Nutty Crisp CADBURY 180g (18.92 €/kg); (33.28 €/kg),maxima.lv,,3.69,20.50,€/kg,https://www.maxima.lv/uploads/sale/2026/sales_page/08/31//piena-sokolade-nutty-crisp-cadbury-180g-00669-0831115608.png?1788166568
Piena šokolāde CADBURY Biscoff 195g (18.92 €/kg); (33.28 €/kg),maxima.lv,,3.69,18.92,€/kg,https://www.maxima.lv/uploads/sale/2026/sales_page/08/31//piena-sokolade-cadbury-biscoff-195g-00670-0831115612.png?1788166572
Šokolādes bat. lazdu riekstu TWIX 46g (25.87 €/kg); (38.91 €/kg),maxima.lv,,1.19,25.87,€/kg,https://www.maxima.lv/uploads/sale/2026/sales_page/09/02//sokolades-bat-lazdu-riekstu-twix-46g-00671-0902153605.png?1788352565
Žel. konf. Fruit Lollies ROWNTREES 130g (9.92 €/kg); (15.31 €/kg),maxima.lv,,1.29,9.92,€/kg,https://www.maxima.lv/uploads/sale/2026/sales_page/08/31//zel-konf-fruit-lollies-rowntrees-130g-00672-0831115612.png?1788166572
Žel. konf. Sour Watermelon ROWNTREES 130g (9.92 €/kg); (15.31 €/kg),maxima.lv,,1.29,9.92,€/kg,https://www.maxima.lv/uploads/sale/2026/sales_page/08/31//zel-konf-sour-watermelon-rowntrees-130g-00673-0831115612.png?1788166572
"Dzēr. GATORADE Isotonic Blue Rasp. 0,5L D (2.78 €/l); (3.58 €/l)",maxima.lv,,1.39,2.78,€/l,https://www.maxima.lv/uploads/sale/2026/sales_page/08/31//dzer-gatorade-isotonic-blue-rasp-0-5l-d-00674-0831115602.png?1788166562
"Dzēriens GATORADE Isotonic Lemon 0,5L D (2.78 €/l); (3.58 €/l)",maxima.lv,,1.39,2.78,€/l,https://www.maxima.lv/uploads/sale/2026/sales_page/08/31//dzeriens-gatorade-isotonic-lemon-0-5l-d-00675-0831115602.png?1788166562
Kreatīna želejkonfektes VPLAB 60gab.  (0.13 €/kg); (0.18 €/kg),maxima.lv,,7.99,,,https://www.maxima.lv/uploads/sale/2026/sales_page/08/31//kreatina-zelejkonfektes-vplab-60gab-00676-0831165108.png?1788184268
"Dzēriens GATORADE Isotonic Orange 0,5L D (2.78 €/l); (3.58 €/l)",maxima.lv,,1.39,2.78,€/l,https://www.maxima.lv/uploads/sale/2026/sales_page/08/31//dzeriens-gatorade-isotonic-orange-0-5l-d-00677-0831115602.png?1788166562
Šokol. baton. White Multipack LION 5x30g (13.27 €/kg); (23.27 €/kg),maxima.lv,,1.99,66.33,€/kg,https://www.maxima.lv/uploads/sale/2026/sales_page/08/31//sokol-baton-white-multipack-lion-5x30g-00678-0831165108.png?1788184268
Šok. bat. BlackWhite Multipack LION 5x30g (13.27 €/kg); (23.27 €/kg),maxima.lv,,1.99,66.33,€/kg,https://www.maxima.lv/uploads/sale/2026/sales_page/08/31//sok-bat-blackwhite-multipack-lion-5x30g-00679-0831165108.png?1788184268
Kruasana tostermaiz. New York Bakery 380g (10.50 €/kg); (13.13 €/kg),maxima.lv,,3.99,10.50,€/kg,https://www.maxima.lv/uploads/sale/2026/sales_page/08/31//kruasana-tostermaiz-new-york-bakery-380g-00680-0831165108.png?1788184268
Dateles DAVE&JON'S šokolādes 125g (18.32 €/kg); (23.92 €/kg),maxima.lv,,2.29,18.32,€/kg,https://www.maxima.lv/uploads/sale/2026/sales_page/08/31//dateles-dave-jon-s-sokolades-125g-00681-0831165108.png?1788184268
Dateles DAVE&JON'S zemeņu kokt. 25g (18.32 €/kg); (23.92 €/kg),maxima.lv,,2.29,91.60,€/kg,https://www.maxima.lv/uploads/sale/2026/sales_page/08/31//dateles-dave-jon-s-zemenu-kokt-25g-00682-0831165108.png?1788184268
Dateles DAVE&JON'S Sweet Peach 125g (18.32 €/kg); (23.92 €/kg),maxima.lv,,2.29,18.32,€/kg,https://www.maxima.lv/uploads/sale/2026/sales_page/08/31//dateles-dave-jon-s-sweet-peach-125g-00683-0831165109.png?1788184269
