title,store,original_price,current_price,unit_price,unit,image_url
Sviests Rimi 82% tauku 200g,rimi.lv,2.79,1.19,5.95,€/kg,"https://rimibaltic-res.cloudinary.com/image/upload/b_white,c_limit,dpr_auto,f_webp,q_auto:low,w_auto/d_ecommerce:backend-fallback.png/MAT_817284_PCE_LV"
Šķīstošā kafija Jacobs Kronung 200g,rimi.lv,15.89,7.69,38.45,€/kg,"https://rimibaltic-res.cloudinary.com/image/upload/b_white,c_limit,dpr_auto,f_webp,q_auto:low,w_auto/d_ecommerce:backend-fallback.png/MAT_124199_PCE_LV"
Skābais krējums Valmiera 20% 450g,rimi.lv,2.39,1.49,3.31,€/kg,"https://rimibaltic-res.cloudinary.com/image/upload/b_white,c_limit,dpr_auto,f_webp,q_auto:low,w_auto/d_ecommerce:backend-fallback.png/MAT_286794_PCE_LV"
Papīra dvielis Zewa Everyday Jumbo XXL,rimi.lv,5.39,3.19,,,"https://rimibaltic-res.cloudinary.com/image/upload/b_white,c_limit,dpr_auto,f_webp,q_auto:low,w_auto/d_ecommerce:backend-fallback.png/MAT_7310001_PCE_LV"
"Tualetes papīrs Rimi 32 ruļļi, 3slāņi, 140sl.",rimi.lv,12.99,5.59,,,"https://rimibaltic-res.cloudinary.com/image/upload/b_white,c_limit,dpr_auto,f_webp,q_auto:low,w_auto/d_ecommerce:backend-fallback.png/MAT_816242_PCE_LV"
Kafijas pupiņas Merrild Barista Cremoso 1kg,rimi.lv,29.99,15.49,15.49,€/kg,"https://rimibaltic-res.cloudinary.com/image/upload/b_white,c_limit,dpr_auto,f_webp,q_auto:low,w_auto/d_ecommerce:backend-fallback.png/MAT_1014027_PCE_LV"
Saldējums Milka ar piena šok. 200ml/141g,rimi.lv,6.49,3.99,28.30,€/kg,"https://rimibaltic-res.cloudinary.com/image/upload/b_white,c_limit,dpr_auto,f_webp,q_auto:low,w_auto/d_ecommerce:backend-fallback.png/MAT_948018_PCE_LV"
Siers Holandes 500g,rimi.lv,7.99,3.49,6.98,€/kg,"https://rimibaltic-res.cloudinary.com/image/upload/b_white,c_limit,dpr_auto,f_webp,q_auto:low,w_auto/d_ecommerce:backend-fallback.png/MAT_996448_PCE_LV"
Jogurta dzēriens Actimel zemeņu banānu 8x100g,rimi.lv,3.99,2.79,3.49,€/kg,"https://rimibaltic-res.cloudinary.com/image/upload/b_white,c_limit,dpr_auto,f_webp,q_auto:low,w_auto/d_ecommerce:backend-fallback.png/MAT_967201_PCE_LV"
Nektarīni 67+ mm 1. šķira kg,rimi.lv,2.99,1.69,1.69,€/kg,"https://rimibaltic-res.cloudinary.com/image/upload/b_white,c_limit,dpr_auto,f_webp,q_auto:low,w_auto/d_ecommerce:backend-fallback.png/MAT_268338_KGM_LV"
Paprika sarkana 80+ mm 1. šķira kg,rimi.lv,2.99,2.49,2.49,€/kg,"https://rimibaltic-res.cloudinary.com/image/upload/b_white,c_limit,dpr_auto,f_webp,q_auto:low,w_auto/d_ecommerce:backend-fallback.png/MAT_269167_KGM_LV"
Olas Rimi kūtī dētas A/M Nr.2 15 gab.,rimi.lv,3.99,2.99,,,"https://rimibaltic-res.cloudinary.com/image/upload/b_white,c_limit,dpr_auto,f_webp,q_auto:low,w_auto/d_ecommerce:backend-fallback.png/MAT_815899_PCE_LV"
Skābais krējums Rimi 20% 400g,rimi.lv,1.69,1.29,3.22,€/kg,"https://rimibaltic-res.cloudinary.com/image/upload/b_white,c_limit,dpr_auto,f_webp,q_auto:low,w_auto/d_ecommerce:backend-fallback.png/MAT_804055_PCE_LV"
Pilnpiena biezpiens Valmiera 9% 180g,rimi.lv,1.59,0.75,4.17,€/kg,"https://rimibaltic-res.cloudinary.com/image/upload/b_white,c_limit,dpr_auto,f_webp,q_auto:low,w_auto/d_ecommerce:backend-fallback.png/MAT_287799_PCE_LV"
"Kartupeļi Rimi 2,5kg",rimi.lv,1.79,1.29,0.52,€/kg,"https://rimibaltic-res.cloudinary.com/image/upload/b_white,c_limit,dpr_auto,f_webp,q_auto:low,w_auto/d_ecommerce:backend-fallback.png/MAT_299852_PCE_LV"
"Plūmes tumšās 35+, kg",rimi.lv,1.49,0.99,0.99,€/kg,"https://rimibaltic-res.cloudinary.com/image/upload/b_white,c_limit,dpr_auto,f_webp,q_auto:low,w_auto/d_ecommerce:backend-fallback.png/MAT_967800_KGM_LV"
Biezpiens Valmiera 5% 180g,rimi.lv,1.55,0.75,4.17,€/kg,"https://rimibaltic-res.cloudinary.com/image/upload/b_white,c_limit,dpr_auto,f_webp,q_auto:low,w_auto/d_ecommerce:backend-fallback.png/MAT_287798_PCE_LV"
Kausētais siers Dzintars klasiskais 200g,rimi.lv,2.29,1.69,8.45,€/kg,"https://rimibaltic-res.cloudinary.com/image/upload/b_white,c_limit,dpr_auto,f_webp,q_auto:low,w_auto/d_ecommerce:backend-fallback.png/MAT_209253_PCE_LV"
Atkauloti cāļu šķiņķi bez ādas Rimi kg,rimi.lv,6.47,5.49,5.49,€/kg,"https://rimibaltic-res.cloudinary.com/image/upload/b_white,c_limit,dpr_auto,f_webp,q_auto:low,w_auto/d_ecommerce:backend-fallback.png/MAT_810482_KGM_LV"
Grieķu jogurts Baltais bez piedevām 400g,rimi.lv,1.75,1.39,3.47,€/kg,"https://rimibaltic-res.cloudinary.com/image/upload/b_white,c_limit,dpr_auto,f_webp,q_auto:low,w_auto/d_ecommerce:backend-fallback.png/MAT_902612_PCE_LV"
Cukurs Rimi 1kg,rimi.lv,0.99,0.65,0.65,€/kg,"https://rimibaltic-res.cloudinary.com/image/upload/b_white,c_limit,dpr_auto,f_webp,q_auto:low,w_auto/d_ecommerce:backend-fallback.png/MAT_801045_PCE_LV"
Liellopa maltā gaļa Rimi 400g,rimi.lv,4.29,3.59,8.97,€/kg,"https://rimibaltic-res.cloudinary.com/image/upload/b_white,c_limit,dpr_auto,f_webp,q_auto:low,w_auto/d_ecommerce:backend-fallback.png/MAT_814144_PCE_LV"
Grieķu jogurts Valmiera bez laktozes 0% 350g,rimi.lv,1.39,1.25,3.57,€/kg,"https://rimibaltic-res.cloudinary.com/image/upload/b_white,c_limit,dpr_auto,f_webp,q_auto:low,w_auto/d_ecommerce:backend-fallback.png/MAT_4007077_PCE_LV"
"Avota ūdens Rimi negāzēts 1,5l",rimi.lv,0.44,0.39,0.26,€/l,"https://rimibaltic-res.cloudinary.com/image/upload/b_white,c_limit,dpr_auto,f_webp,q_auto:low,w_auto/d_ecommerce:backend-fallback.png/MAT_1358810_PCE_LV"
Skābais krējums Smiltene 15% 400g,rimi.lv,1.89,1.49,3.72,€/kg,"https://rimibaltic-res.cloudinary.com/image/upload/b_white,c_limit,dpr_auto,f_webp,q_auto:low,w_auto/d_ecommerce:backend-fallback.png/MAT_948159_PCE_LV"
Sēklu tostermaize bagātīgā 450g,rimi.lv,1.69,1.15,2.56,€/kg,"https://rimibaltic-res.cloudinary.com/image/upload/b_white,c_limit,dpr_auto,f_webp,q_auto:low,w_auto/d_ecommerce:backend-fallback.png/MAT_948041_PCE_LV"
Kefīra maize Lielmaize 500g,rimi.lv,1.84,1.29,2.58,€/kg,"https://rimibaltic-res.cloudinary.com/image/upload/b_white,c_limit,dpr_auto,f_webp,q_auto:low,w_auto/d_ecommerce:backend-fallback.png/MAT_978823_PCE_LV"
"Minerālūdens Tērvete gāzēts 1,5l",rimi.lv,0.85,0.49,0.33,€/l,"https://rimibaltic-res.cloudinary.com/image/upload/b_white,c_limit,dpr_auto,f_webp,q_auto:low,w_auto/d_ecommerce:backend-fallback.png/MAT_1362111_PCE_LV"
Brokolis gab,rimi.lv,1.69,1.39,3.47,€/kg,"https://rimibaltic-res.cloudinary.com/image/upload/b_white,c_limit,dpr_auto,f_webp,q_auto:low,w_auto/d_ecommerce:backend-fallback.png/MAT_903713_PCE_LV"
Seleriju kāti Rimi 450g,rimi.lv,1.29,0.99,2.20,€/kg,"https://rimibaltic-res.cloudinary.com/image/upload/b_white,c_limit,dpr_auto,f_webp,q_auto:low,w_auto/d_ecommerce:backend-fallback.png/MAT_297913_PCE_LV"
"Avota ūdens Rimi gāzēts 1,5l",rimi.lv,0.44,0.39,0.26,€/l,"https://rimibaltic-res.cloudinary.com/image/upload/b_white,c_limit,dpr_auto,f_webp,q_auto:low,w_auto/d_ecommerce:backend-fallback.png/MAT_1358793_PCE_LV"
Biezp. sieriņš Kārums vaniļas multipaka 7x45g,rimi.lv,3.39,2.69,8.54,€/kg,"https://rimibaltic-res.cloudinary.com/image/upload/b_white,c_limit,dpr_auto,f_webp,q_auto:low,w_auto/d_ecommerce:backend-fallback.png/MAT_287877_PCE_LV"
Kosmētiskās vates plāksnītes Almeda 120gab.,rimi.lv,0.95,0.85,,,"https://rimibaltic-res.cloudinary.com/image/upload/b_white,c_limit,dpr_auto,f_webp,q_auto:low,w_auto/d_ecommerce:backend-fallback.png/MAT_812015_PCE_LV"
Burkāni Rimi 1kg,rimi.lv,0.79,0.69,0.69,€/kg,"https://rimibaltic-res.cloudinary.com/image/upload/b_white,c_limit,dpr_auto,f_webp,q_auto:low,w_auto/d_ecommerce:backend-fallback.png/MAT_901581_PCE_LV"
Kviešu milti Ekstra 1kg,rimi.lv,1.25,0.79,0.79,€/kg,"https://rimibaltic-res.cloudinary.com/image/upload/b_white,c_limit,dpr_auto,f_webp,q_auto:low,w_auto/d_ecommerce:backend-fallback.png/MAT_137185_PCE_LV"
Kartupeļi Rimi Delikatess 900g,rimi.lv,2.49,1.99,2.21,€/kg,"https://rimibaltic-res.cloudinary.com/image/upload/b_white,c_limit,dpr_auto,f_webp,q_auto:low,w_auto/d_ecommerce:backend-fallback.png/MAT_299238_PCE_LV"
Marinēti gurķi Spilva 6-9cm 670g/360g,rimi.lv,2.75,1.89,5.25,€/kg,"https://rimibaltic-res.cloudinary.com/image/upload/b_white,c_limit,dpr_auto,f_webp,q_auto:low,w_auto/d_ecommerce:backend-fallback.png/MAT_113575_PCE_LV"
Āboli Red Jonaprince 80-90 mm 1.šķira kg,rimi.lv,0.99,0.49,0.49,€/kg,"https://rimibaltic-res.cloudinary.com/image/upload/b_white,c_limit,dpr_auto,f_webp,q_auto:low,w_auto/d_ecommerce:backend-fallback.png/MAT_955108_KGM_LV"
Siers Formagia mozzarella 125g,rimi.lv,1.19,0.95,7.60,€/kg,"https://rimibaltic-res.cloudinary.com/image/upload/b_white,c_limit,dpr_auto,f_webp,q_auto:low,w_auto/d_ecommerce:backend-fallback.png/MAT_292575_PCE_LV"
Piens Marge UHT 2% 1l,rimi.lv,1.89,1.59,1.59,€/l,"https://rimibaltic-res.cloudinary.com/image/upload/b_white,c_limit,dpr_auto,f_webp,q_auto:low,w_auto/d_ecommerce:backend-fallback.png/MAT_263214_PCE_LV"
Makaroni Dobele Nr.133 Fusilli 500g,rimi.lv,1.29,0.69,1.38,€/kg,"https://rimibaltic-res.cloudinary.com/image/upload/b_white,c_limit,dpr_auto,f_webp,q_auto:low,w_auto/d_ecommerce:backend-fallback.png/MAT_161758_PCE_LV"
Cāļa krūtiņas mazā fileja kg,rimi.lv,7.86,6.49,6.49,€/kg,"https://rimibaltic-res.cloudinary.com/image/upload/b_white,c_limit,dpr_auto,f_webp,q_auto:low,w_auto/d_ecommerce:backend-fallback.png/MAT_810980_KGM_LV"
Ziedkāposti Rimi saldēti 400g,rimi.lv,1.15,0.99,2.47,€/kg,"https://rimibaltic-res.cloudinary.com/image/upload/b_white,c_limit,dpr_auto,f_webp,q_auto:low,w_auto/d_ecommerce:backend-fallback.png/MAT_808622_PCE_LV"
Paprika Rimi saldā koniskā 170g,rimi.lv,1.39,1.19,7.00,€/kg,"https://rimibaltic-res.cloudinary.com/image/upload/b_white,c_limit,dpr_auto,f_webp,q_auto:low,w_auto/d_ecommerce:backend-fallback.png/MAT_296775_PCE_LV"
Burkāni Rimi mini 200g,rimi.lv,1.25,0.99,4.95,€/kg,"https://rimibaltic-res.cloudinary.com/image/upload/b_white,c_limit,dpr_auto,f_webp,q_auto:low,w_auto/d_ecommerce:backend-fallback.png/MAT_299574_PCE_LV"
Ingvers kg,rimi.lv,4.99,3.99,3.99,€/kg,"https://rimibaltic-res.cloudinary.com/image/upload/b_white,c_limit,dpr_auto,f_webp,q_auto:low,w_auto/d_ecommerce:backend-fallback.png/MAT_276593_KGM_LV"
Biezpiens Žemaitijos 9% 1kg,rimi.lv,6.89,3.99,3.99,€/kg,"https://rimibaltic-res.cloudinary.com/image/upload/b_white,c_limit,dpr_auto,f_webp,q_auto:low,w_auto/d_ecommerce:backend-fallback.png/MAT_286131_KGM_LV"
"Vājpiena biezpiens Valmiera 0,5% 180g",rimi.lv,1.49,0.75,4.17,€/kg,"https://rimibaltic-res.cloudinary.com/image/upload/b_white,c_limit,dpr_auto,f_webp,q_auto:low,w_auto/d_ecommerce:backend-fallback.png/MAT_287793_PCE_LV"
Gurķi mini Stars Latvija 250g,rimi.lv,1.69,1.49,5.96,€/kg,"https://rimibaltic-res.cloudinary.com/image/upload/b_white,c_limit,dpr_auto,f_webp,q_auto:low,w_auto/d_ecommerce:backend-fallback.png/MAT_4009064_PCE_LV"
"Kefīrs Straupe 2,5% 1kg",rimi.lv,1.99,1.39,1.39,€/kg,"https://rimibaltic-res.cloudinary.com/image/upload/b_white,c_limit,dpr_auto,f_webp,q_auto:low,w_auto/d_ecommerce:backend-fallback.png/MAT_299085_PCE_LV"
Krūmmellenes Rimi ātri sasaldēts 400G,rimi.lv,3.99,2.75,6.87,€/kg,"https://rimibaltic-res.cloudinary.com/image/upload/b_white,c_limit,dpr_auto,f_webp,q_auto:low,w_auto/d_ecommerce:backend-fallback.png/MAT_811169_PCE_LV"
"Sviests saldkrējuma 82,5% 200g",rimi.lv,3.19,1.29,6.45,€/kg,"https://rimibaltic-res.cloudinary.com/image/upload/b_white,c_limit,dpr_auto,f_webp,q_auto:low,w_auto/d_ecommerce:backend-fallback.png/MAT_293677_PCE_LV"
"Kefīrs Limbažu 2,5% 1l",rimi.lv,1.69,1.49,1.49,€/l,"https://rimibaltic-res.cloudinary.com/image/upload/b_white,c_limit,dpr_auto,f_webp,q_auto:low,w_auto/d_ecommerce:backend-fallback.png/MAT_259616_PCE_LV"
Vafeles Selga ar citronu garšu 180g,rimi.lv,2.19,1.45,8.06,€/kg,"https://rimibaltic-res.cloudinary.com/image/upload/b_white,c_limit,dpr_auto,f_webp,q_auto:low,w_auto/d_ecommerce:backend-fallback.png/MAT_154243_PCE_LV"
"Piens Alma lauku 3,6 - 4,2% 1l",rimi.lv,1.55,1.24,1.24,€/l,"https://rimibaltic-res.cloudinary.com/image/upload/b_white,c_limit,dpr_auto,f_webp,q_auto:low,w_auto/d_ecommerce:backend-fallback.png/MAT_959865_PCE_LV"
Vates plāksnītes Almeda Super Soft 100gab.,rimi.lv,1.49,1.19,,,"https://rimibaltic-res.cloudinary.com/image/upload/b_white,c_limit,dpr_auto,f_webp,q_auto:low,w_auto/d_ecommerce:backend-fallback.png/MAT_812181_PCE_LV"
Zemenes Rimi saldētas 400g,rimi.lv,1.99,1.37,3.42,€/kg,"https://rimibaltic-res.cloudinary.com/image/upload/b_white,c_limit,dpr_auto,f_webp,q_auto:low,w_auto/d_ecommerce:backend-fallback.png/MAT_811670_PCE_LV"
Ķirši Rimi bez kauliņiem saldēti 400g,rimi.lv,3.89,2.68,6.70,€/kg,"https://rimibaltic-res.cloudinary.com/image/upload/b_white,c_limit,dpr_auto,f_webp,q_auto:low,w_auto/d_ecommerce:backend-fallback.png/MAT_811669_PCE_LV"
"Vīģes, gab",rimi.lv,0.59,0.39,,,"https://rimibaltic-res.cloudinary.com/image/upload/b_white,c_limit,dpr_auto,f_webp,q_auto:low,w_auto/d_ecommerce:backend-fallback.png/MAT_274969_PCE_LV"
Cāļa stilbi Rimi bez locītavas 500g,rimi.lv,2.09,1.79,3.58,€/kg,"https://rimibaltic-res.cloudinary.com/image/upload/b_white,c_limit,dpr_auto,f_webp,q_auto:low,w_auto/d_ecommerce:backend-fallback.png/MAT_816273_PCE_LV"
Maize Latvijas graudu ar sēklām 500g,rimi.lv,1.71,1.39,2.78,€/kg,"https://rimibaltic-res.cloudinary.com/image/upload/b_white,c_limit,dpr_auto,f_webp,q_auto:low,w_auto/d_ecommerce:backend-fallback.png/MAT_952317_PCE_LV"
Vīnogas gaiš. b/k Sugarone Rimi 1šķ 500g,rimi.lv,1.99,1.39,2.78,€/kg,"https://rimibaltic-res.cloudinary.com/image/upload/b_white,c_limit,dpr_auto,f_webp,q_auto:low,w_auto/d_ecommerce:backend-fallback.png/MAT_297277_PCE_LV"
Siera nūjiņas Pik-nik 40% 280g,rimi.lv,5.99,3.99,14.25,€/kg,"https://rimibaltic-res.cloudinary.com/image/upload/b_white,c_limit,dpr_auto,f_webp,q_auto:low,w_auto/d_ecommerce:backend-fallback.png/MAT_249144_PCE_LV"
Pelmeņi Pilsētas 1kg,rimi.lv,4.99,2.69,2.69,€/kg,"https://rimibaltic-res.cloudinary.com/image/upload/b_white,c_limit,dpr_auto,f_webp,q_auto:low,w_auto/d_ecommerce:backend-fallback.png/MAT_212376_PCE_LV"
Saulespuķu eļļa Floriol 1l,rimi.lv,4.85,1.89,1.89,€/l,"https://rimibaltic-res.cloudinary.com/image/upload/b_white,c_limit,dpr_auto,f_webp,q_auto:low,w_auto/d_ecommerce:backend-fallback.png/MAT_103241_PCE_LV"
Cūkas šķiņķis bez kaula kg,rimi.lv,5.49,2.99,2.99,€/kg,"https://rimibaltic-res.cloudinary.com/image/upload/b_white,c_limit,dpr_auto,f_webp,q_auto:low,w_auto/d_ecommerce:backend-fallback.png/MAT_811457_KGM_LV"
Tualetes papīrs Zewa Everyday 12 ruļļi,rimi.lv,8.49,4.79,,,"https://rimibaltic-res.cloudinary.com/image/upload/b_white,c_limit,dpr_auto,f_webp,q_auto:low,w_auto/d_ecommerce:backend-fallback.png/MAT_7310003_PCE_LV"
Auzu pārslas Herkuless pilngraudu 500g,rimi.lv,1.79,0.99,1.98,€/kg,"https://rimibaltic-res.cloudinary.com/image/upload/b_white,c_limit,dpr_auto,f_webp,q_auto:low,w_auto/d_ecommerce:backend-fallback.png/MAT_114466_PCE_LV"
Majonēze Spilva Brokastu 250g,rimi.lv,1.39,0.75,3.00,€/kg,"https://rimibaltic-res.cloudinary.com/image/upload/b_white,c_limit,dpr_auto,f_webp,q_auto:low,w_auto/d_ecommerce:backend-fallback.png/MAT_265849_PCE_LV"
Sviesta pupiņas Rimi 400g,rimi.lv,2.49,1.99,4.97,€/kg,"https://rimibaltic-res.cloudinary.com/image/upload/b_white,c_limit,dpr_auto,f_webp,q_auto:low,w_auto/d_ecommerce:backend-fallback.png/MAT_804765_PCE_LV"
"Dabīgais minerālūdens Zaķumuiža 1,5l",rimi.lv,0.79,0.59,0.39,€/l,"https://rimibaltic-res.cloudinary.com/image/upload/b_white,c_limit,dpr_auto,f_webp,q_auto:low,w_auto/d_ecommerce:backend-fallback.png/MAT_1373554_PCE_LV"
Plombīra saldējums Tio ar vaniļas garšu 75g,rimi.lv,0.99,0.59,7.87,€/kg,"https://rimibaltic-res.cloudinary.com/image/upload/b_white,c_limit,dpr_auto,f_webp,q_auto:low,w_auto/d_ecommerce:backend-fallback.png/MAT_298474_PCE_LV"
Pudiņš Fit! Proteīna vaniļas 150g,rimi.lv,1.59,0.99,6.60,€/kg,"https://rimibaltic-res.cloudinary.com/image/upload/b_white,c_limit,dpr_auto,f_webp,q_auto:low,w_auto/d_ecommerce:backend-fallback.png/MAT_939092_PCE_LV"
"Piens Annele EKO 2,5% 900ml",rimi.lv,1.47,1.29,1.43,€/l,"https://rimibaltic-res.cloudinary.com/image/upload/b_white,c_limit,dpr_auto,f_webp,q_auto:low,w_auto/d_ecommerce:backend-fallback.png/MAT_297882_PCE_LV"
Triju dārzeņu maisījums Rimi 400G,rimi.lv,1.39,1.15,2.87,€/kg,"https://rimibaltic-res.cloudinary.com/image/upload/b_white,c_limit,dpr_auto,f_webp,q_auto:low,w_auto/d_ecommerce:backend-fallback.png/MAT_811170_PCE_LV"
Cāļu šķiņķi Rimi 500g,rimi.lv,2.30,1.99,3.98,€/kg,"https://rimibaltic-res.cloudinary.com/image/upload/b_white,c_limit,dpr_auto,f_webp,q_auto:low,w_auto/d_ecommerce:backend-fallback.png/MAT_812281_PCE_LV"
Ķirbji sviesta kg,rimi.lv,1.19,0.79,0.79,€/kg,"https://rimibaltic-res.cloudinary.com/image/upload/b_white,c_limit,dpr_auto,f_webp,q_auto:low,w_auto/d_ecommerce:backend-fallback.png/MAT_212564_KGM_LV"
Kartupeļi frī Rimi rievoti saldēti 1kg,rimi.lv,3.39,2.39,2.39,€/kg,"https://rimibaltic-res.cloudinary.com/image/upload/b_white,c_limit,dpr_auto,f_webp,q_auto:low,w_auto/d_ecommerce:backend-fallback.png/MAT_811419_PCE_LV"
Saldskābā pilngraudu maize Lielmaize 600g,rimi.lv,1.65,1.19,1.98,€/kg,"https://rimibaltic-res.cloudinary.com/image/upload/b_white,c_limit,dpr_auto,f_webp,q_auto:low,w_auto/d_ecommerce:backend-fallback.png/MAT_4012174_PCE_LV"
"Apelsīni Valencia C 3-4, 1. šķira kg",rimi.lv,1.49,1.19,1.19,€/kg,"https://rimibaltic-res.cloudinary.com/image/upload/b_white,c_limit,dpr_auto,f_webp,q_auto:low,w_auto/d_ecommerce:backend-fallback.png/MAT_211196_KGM_LV"
Rīvēta siera maisījums Džiugas picai 200g,rimi.lv,3.19,2.49,12.45,€/kg,"https://rimibaltic-res.cloudinary.com/image/upload/b_white,c_limit,dpr_auto,f_webp,q_auto:low,w_auto/d_ecommerce:backend-fallback.png/MAT_997624_PCE_LV"
Mango Rimi ātri sasaldēti 400g,rimi.lv,2.99,2.06,5.15,€/kg,"https://rimibaltic-res.cloudinary.com/image/upload/b_white,c_limit,dpr_auto,f_webp,q_auto:low,w_auto/d_ecommerce:backend-fallback.png/MAT_808687_PCE_LV"
Graudainais biezpiens Baltais 500g,rimi.lv,2.99,2.39,4.78,€/kg,"https://rimibaltic-res.cloudinary.com/image/upload/b_white,c_limit,dpr_auto,f_webp,q_auto:low,w_auto/d_ecommerce:backend-fallback.png/MAT_919187_PCE_LV"
Cīsiņi Bērnu augstākā lab. dab. apv. kg,rimi.lv,7.99,5.99,5.99,€/kg,"https://rimibaltic-res.cloudinary.com/image/upload/b_white,c_limit,dpr_auto,f_webp,q_auto:low,w_auto/d_ecommerce:backend-fallback.png/MAT_213076_KGM_LV"
Biezpiena sieriņš Baltais skudru pūznis 38g,rimi.lv,0.45,0.29,7.63,€/kg,"https://rimibaltic-res.cloudinary.com/image/upload/b_white,c_limit,dpr_auto,f_webp,q_auto:low,w_auto/d_ecommerce:backend-fallback.png/MAT_297123_PCE_LV"
Siers Granarolo Burrata Pot 125g,rimi.lv,2.49,1.99,15.92,€/kg,"https://rimibaltic-res.cloudinary.com/image/upload/b_white,c_limit,dpr_auto,f_webp,q_auto:low,w_auto/d_ecommerce:backend-fallback.png/MAT_4006728_PCE_LV"
Makaroni Dobele Nr.150 Cornetti Rigati 500g,rimi.lv,1.29,0.69,1.38,€/kg,"https://rimibaltic-res.cloudinary.com/image/upload/b_white,c_limit,dpr_auto,f_webp,q_auto:low,w_auto/d_ecommerce:backend-fallback.png/MAT_161757_PCE_LV"
Čia maize Lielmaize 300g,rimi.lv,1.25,0.99,3.30,€/kg,"https://rimibaltic-res.cloudinary.com/image/upload/b_white,c_limit,dpr_auto,f_webp,q_auto:low,w_auto/d_ecommerce:backend-fallback.png/MAT_4012186_PCE_LV"
"Pankūkas Rimi ar biezpienu 4x90g, 360g",rimi.lv,2.49,1.99,5.53,€/kg,"https://rimibaltic-res.cloudinary.com/image/upload/b_white,c_limit,dpr_auto,f_webp,q_auto:low,w_auto/d_ecommerce:backend-fallback.png/MAT_813944_PCE_LV"
"Salātu maisījums Fit & Easy ,,Gourmet“ 150g",rimi.lv,1.59,1.29,8.60,€/kg,"https://rimibaltic-res.cloudinary.com/image/upload/b_white,c_limit,dpr_auto,f_webp,q_auto:low,w_auto/d_ecommerce:backend-fallback.png/MAT_957785_PCE_LV"
Laša fileja Rimi auksti kūpināta 500g,rimi.lv,19.99,12.99,25.98,€/kg,"https://rimibaltic-res.cloudinary.com/image/upload/b_white,c_limit,dpr_auto,f_webp,q_auto:low,w_auto/d_ecommerce:backend-fallback.png/MAT_812985_PCE_LV"
Šok. saldējums ar šokolādes gab. Tio 75g,rimi.lv,0.99,0.59,7.87,€/kg,"https://rimibaltic-res.cloudinary.com/image/upload/b_white,c_limit,dpr_auto,f_webp,q_auto:low,w_auto/d_ecommerce:backend-fallback.png/MAT_297883_PCE_LV"
Salami Vasaļu vārīta šķēlēs 105g,rimi.lv,1.99,1.69,16.10,€/kg,"https://rimibaltic-res.cloudinary.com/image/upload/b_white,c_limit,dpr_auto,f_webp,q_auto:low,w_auto/d_ecommerce:backend-fallback.png/MAT_202745_PCE_LV"
"Minerālūdens Tērvete negāzēts 1,5l",rimi.lv,0.85,0.49,0.33,€/l,"https://rimibaltic-res.cloudinary.com/image/upload/b_white,c_limit,dpr_auto,f_webp,q_auto:low,w_auto/d_ecommerce:backend-fallback.png/MAT_1362089_PCE_LV"
"Greipfrūti sarkanie C/32-35, 1. šķ., kg",rimi.lv,1.99,0.99,0.99,€/kg,"https://rimibaltic-res.cloudinary.com/image/upload/b_white,c_limit,dpr_auto,f_webp,q_auto:low,w_auto/d_ecommerce:backend-fallback.png/MAT_211216_KGM_LV"
Svaigais siers Mozzarella Mini 125g,rimi.lv,1.49,1.19,9.52,€/kg,"https://rimibaltic-res.cloudinary.com/image/upload/b_white,c_limit,dpr_auto,f_webp,q_auto:low,w_auto/d_ecommerce:backend-fallback.png/MAT_927406_PCE_LV"
"Pankūkas Rimi ar liellopu gaļu 4x90g, 360g",rimi.lv,3.69,2.99,8.31,€/kg,"https://rimibaltic-res.cloudinary.com/image/upload/b_white,c_limit,dpr_auto,f_webp,q_auto:low,w_auto/d_ecommerce:backend-fallback.png/MAT_813954_PCE_LV"
"Avokado Selection by Rimi lielie, gab",rimi.lv,2.29,1.49,,,"https://rimibaltic-res.cloudinary.com/image/upload/b_white,c_limit,dpr_auto,f_webp,q_auto:low,w_auto/d_ecommerce:backend-fallback.png/MAT_905518_PCE_LV"
Cāļa filejas rulete RM šķēlēs 100g,rimi.lv,1.69,1.49,14.90,€/kg,"https://rimibaltic-res.cloudinary.com/image/upload/b_white,c_limit,dpr_auto,f_webp,q_auto:low,w_auto/d_ecommerce:backend-fallback.png/MAT_998052_PCE_LV"
"Gāz. dzēr. Pepsi Max bezkal., ar saldin. 1,5l",rimi.lv,2.39,1.19,0.79,€/l,"https://rimibaltic-res.cloudinary.com/image/upload/b_white,c_limit,dpr_auto,f_webp,q_auto:low,w_auto/d_ecommerce:backend-fallback.png/MAT_1360393_PCE_LV"
Rudzu maize Zeltene sagriezta 800g,rimi.lv,1.84,1.49,1.86,€/kg,"https://rimibaltic-res.cloudinary.com/image/upload/b_white,c_limit,dpr_auto,f_webp,q_auto:low,w_auto/d_ecommerce:backend-fallback.png/MAT_283726_PCE_LV"
Tomātu pasta Spilva 265g,rimi.lv,1.99,1.49,5.62,€/kg,"https://rimibaltic-res.cloudinary.com/image/upload/b_white,c_limit,dpr_auto,f_webp,q_auto:low,w_auto/d_ecommerce:backend-fallback.png/MAT_155925_PCE_LV"
"Štovēti kāposti paciņā 0,5kg",rimi.lv,2.19,1.79,3.58,€/kg,"https://rimibaltic-res.cloudinary.com/image/upload/b_white,c_limit,dpr_auto,f_webp,q_auto:low,w_auto/d_ecommerce:backend-fallback.png/MAT_265067_PCE_LV"
Manna Dobele 500g,rimi.lv,1.39,0.89,1.78,€/kg,"https://rimibaltic-res.cloudinary.com/image/upload/b_white,c_limit,dpr_auto,f_webp,q_auto:low,w_auto/d_ecommerce:backend-fallback.png/MAT_112229_PCE_LV"
Liellopu aknu pastēte stikla burc. 180g,rimi.lv,1.29,1.15,6.39,€/kg,"https://rimibaltic-res.cloudinary.com/image/upload/b_white,c_limit,dpr_auto,f_webp,q_auto:low,w_auto/d_ecommerce:backend-fallback.png/MAT_282415_PCE_LV"
Kausētais siers Dzintars ar baravikām 200g,rimi.lv,2.35,1.69,8.45,€/kg,"https://rimibaltic-res.cloudinary.com/image/upload/b_white,c_limit,dpr_auto,f_webp,q_auto:low,w_auto/d_ecommerce:backend-fallback.png/MAT_281706_PCE_LV"
Desa sviestmaižu pusžāvēta šķēlēs 135g,rimi.lv,2.09,1.50,11.11,€/kg,"https://rimibaltic-res.cloudinary.com/image/upload/b_white,c_limit,dpr_auto,f_webp,q_auto:low,w_auto/d_ecommerce:backend-fallback.png/MAT_204618_PCE_LV"
Redīsi sarkanie 500G,rimi.lv,1.49,1.19,2.38,€/kg,"https://rimibaltic-res.cloudinary.com/image/upload/b_white,c_limit,dpr_auto,f_webp,q_auto:low,w_auto/d_ecommerce:backend-fallback.png/MAT_292038_PCE_LV"
Makaroni Rimi Spirali 500g,rimi.lv,1.09,0.95,1.90,€/kg,"https://rimibaltic-res.cloudinary.com/image/upload/b_white,c_limit,dpr_auto,f_webp,q_auto:low,w_auto/d_ecommerce:backend-fallback.png/MAT_801275_PCE_LV"
Cīsiņi tītara gaļas vārīti 300g,rimi.lv,3.69,2.99,9.97,€/kg,"https://rimibaltic-res.cloudinary.com/image/upload/b_white,c_limit,dpr_auto,f_webp,q_auto:low,w_auto/d_ecommerce:backend-fallback.png/MAT_974124_PCE_LV"
Jogurts Fantasia ar šokolādes bumbiņām 100g,rimi.lv,1.05,0.68,6.80,€/kg,"https://rimibaltic-res.cloudinary.com/image/upload/b_white,c_limit,dpr_auto,f_webp,q_auto:low,w_auto/d_ecommerce:backend-fallback.png/MAT_282621_PCE_LV"
Cūkas karbonāde Rimi šķēlēs karsti kūp. 100g,rimi.lv,1.79,1.19,11.90,€/kg,"https://rimibaltic-res.cloudinary.com/image/upload/b_white,c_limit,dpr_auto,f_webp,q_auto:low,w_auto/d_ecommerce:backend-fallback.png/MAT_803369_PCE_LV"
"Biezpiens Baltais Exporta 9%, laiviņa 250g",rimi.lv,1.99,1.69,6.76,€/kg,"https://rimibaltic-res.cloudinary.com/image/upload/b_white,c_limit,dpr_auto,f_webp,q_auto:low,w_auto/d_ecommerce:backend-fallback.png/MAT_902611_PCE_LV"
Maizītes kanēļa Latvijas maiznieks 320g,rimi.lv,9.98,4.99,7.81,€/kg,"https://rimibaltic-res.cloudinary.com/image/upload/b_white,c_limit,dpr_auto,f_webp,q_auto:low,w_auto/d_ecommerce:backend-fallback.png/MAT_968662_PCE_LV"
Saldējums Karlsons ābolu-upeņu 100ml/75g,rimi.lv,0.99,0.69,9.20,€/kg,"https://rimibaltic-res.cloudinary.com/image/upload/b_white,c_limit,dpr_auto,f_webp,q_auto:low,w_auto/d_ecommerce:backend-fallback.png/MAT_4006701_PCE_LV"
Pudiņš Fit! proteīna kakao 150g,rimi.lv,1.59,0.99,6.60,€/kg,"https://rimibaltic-res.cloudinary.com/image/upload/b_white,c_limit,dpr_auto,f_webp,q_auto:low,w_auto/d_ecommerce:backend-fallback.png/MAT_939100_PCE_LV"
Bekons amerikāņu gaumē auksti kūpināts 3x150g,rimi.lv,6.39,4.99,11.09,€/kg,"https://rimibaltic-res.cloudinary.com/image/upload/b_white,c_limit,dpr_auto,f_webp,q_auto:low,w_auto/d_ecommerce:backend-fallback.png/MAT_917598_PCE_LV"
Pudiņš Fit! proteīna ar sāļo karameli 150g,rimi.lv,1.59,0.99,6.60,€/kg,"https://rimibaltic-res.cloudinary.com/image/upload/b_white,c_limit,dpr_auto,f_webp,q_auto:low,w_auto/d_ecommerce:backend-fallback.png/MAT_939091_PCE_LV"
Siers Preiļu siers Čedaras 50% kg,rimi.lv,14.79,9.99,9.99,€/kg,"https://rimibaltic-res.cloudinary.com/image/upload/b_white,c_limit,dpr_auto,f_webp,q_auto:low,w_auto/d_ecommerce:backend-fallback.png/MAT_293678_KGM_LV"
"Melone Vidusāzijas, kg",rimi.lv,1.99,0.69,0.69,€/kg,"https://rimibaltic-res.cloudinary.com/image/upload/b_white,c_limit,dpr_auto,f_webp,q_auto:low,w_auto/d_ecommerce:backend-fallback.png/MAT_221387_KGM_LV"
Makaroni Rimi Cornetti 500g,rimi.lv,1.09,0.95,1.90,€/kg,"https://rimibaltic-res.cloudinary.com/image/upload/b_white,c_limit,dpr_auto,f_webp,q_auto:low,w_auto/d_ecommerce:backend-fallback.png/MAT_801170_PCE_LV"
Tītara šķiņķis Rimi atkaulots bez ādas fas.kg,rimi.lv,9.25,7.39,7.39,€/kg,"https://rimibaltic-res.cloudinary.com/image/upload/b_white,c_limit,dpr_auto,f_webp,q_auto:low,w_auto/d_ecommerce:backend-fallback.png/MAT_809474_KGM_LV"
"Dabīgais minerālūdens 885 negāzēts 1,5l",rimi.lv,0.79,0.59,0.39,€/l,"https://rimibaltic-res.cloudinary.com/image/upload/b_white,c_limit,dpr_auto,f_webp,q_auto:low,w_auto/d_ecommerce:backend-fallback.png/MAT_1369337_PCE_LV"
Skābais krējums Exporta 12% 360g,rimi.lv,1.85,1.39,3.86,€/kg,"https://rimibaltic-res.cloudinary.com/image/upload/b_white,c_limit,dpr_auto,f_webp,q_auto:low,w_auto/d_ecommerce:backend-fallback.png/MAT_268766_PCE_LV"
"Jogurts Valmiera krēmīgais, bez lakt. 7% 350g",rimi.lv,1.39,1.25,3.57,€/kg,"https://rimibaltic-res.cloudinary.com/image/upload/b_white,c_limit,dpr_auto,f_webp,q_auto:low,w_auto/d_ecommerce:backend-fallback.png/MAT_4007092_PCE_LV"
"Dabīgais minerālūdens 885 gāzēts 1,5l",rimi.lv,0.79,0.59,0.39,€/l,"https://rimibaltic-res.cloudinary.com/image/upload/b_white,c_limit,dpr_auto,f_webp,q_auto:low,w_auto/d_ecommerce:backend-fallback.png/MAT_1369339_PCE_LV"
Cāļa krūtiņas fileja Rimi bez antibiot. 500g,rimi.lv,4.15,3.49,6.98,€/kg,"https://rimibaltic-res.cloudinary.com/image/upload/b_white,c_limit,dpr_auto,f_webp,q_auto:low,w_auto/d_ecommerce:backend-fallback.png/MAT_816942_PCE_LV"
Biezpiena sieriņš Baltais kartupelis 38g,rimi.lv,0.45,0.29,7.63,€/kg,"https://rimibaltic-res.cloudinary.com/image/upload/b_white,c_limit,dpr_auto,f_webp,q_auto:low,w_auto/d_ecommerce:backend-fallback.png/MAT_293806_PCE_LV"
Makaroni Dobele Nr.7 Spaghetti 500g,rimi.lv,1.29,0.69,1.38,€/kg,"https://rimibaltic-res.cloudinary.com/image/upload/b_white,c_limit,dpr_auto,f_webp,q_auto:low,w_auto/d_ecommerce:backend-fallback.png/MAT_166385_PCE_LV"
Āboli Kanzi 73+ mm 1. šķira kg,rimi.lv,2.19,1.79,1.79,€/kg,"https://rimibaltic-res.cloudinary.com/image/upload/b_white,c_limit,dpr_auto,f_webp,q_auto:low,w_auto/d_ecommerce:backend-fallback.png/MAT_281840_KGM_LV"
Cūkas cauraudzis Mājas gaumē kūpināts kg,rimi.lv,12.29,7.99,7.99,€/kg,"https://rimibaltic-res.cloudinary.com/image/upload/b_white,c_limit,dpr_auto,f_webp,q_auto:low,w_auto/d_ecommerce:backend-fallback.png/MAT_970671_KGM_LV"
"Virtuv.dvieļi Rimi 2 ruļ.,3 sl.,100 lok.",rimi.lv,2.89,2.45,,,"https://rimibaltic-res.cloudinary.com/image/upload/b_white,c_limit,dpr_auto,f_webp,q_auto:low,w_auto/d_ecommerce:backend-fallback.png/MAT_816249_PCE_LV"
Desa doktora RM ekstra šķēlēs 2x150g,rimi.lv,2.99,1.99,6.63,€/kg,"https://rimibaltic-res.cloudinary.com/image/upload/b_white,c_limit,dpr_auto,f_webp,q_auto:low,w_auto/d_ecommerce:backend-fallback.png/MAT_4011410_PCE_LV"
Rudzu maize Rikas 6 gab. 330g,rimi.lv,1.49,1.25,3.79,€/kg,"https://rimibaltic-res.cloudinary.com/image/upload/b_white,c_limit,dpr_auto,f_webp,q_auto:low,w_auto/d_ecommerce:backend-fallback.png/MAT_219058_PCE_LV"
Auzu pārslas Herkuless ātri vārāmās 450g,rimi.lv,1.59,0.99,2.20,€/kg,"https://rimibaltic-res.cloudinary.com/image/upload/b_white,c_limit,dpr_auto,f_webp,q_auto:low,w_auto/d_ecommerce:backend-fallback.png/MAT_114469_PCE_LV"
Citroni Eureka 1. šķira 500g,rimi.lv,1.29,0.89,1.78,€/kg,"https://rimibaltic-res.cloudinary.com/image/upload/b_white,c_limit,dpr_auto,f_webp,q_auto:low,w_auto/d_ecommerce:backend-fallback.png/MAT_970831_PCE_LV"
Kukurūza vārīta 600g,rimi.lv,2.29,1.99,3.32,€/kg,"https://rimibaltic-res.cloudinary.com/image/upload/b_white,c_limit,dpr_auto,f_webp,q_auto:low,w_auto/d_ecommerce:backend-fallback.png/MAT_900265_PCE_LV"
Biezpiena sieriņš Baltais marmelādes 38g,rimi.lv,0.49,0.29,7.63,€/kg,"https://rimibaltic-res.cloudinary.com/image/upload/b_white,c_limit,dpr_auto,f_webp,q_auto:low,w_auto/d_ecommerce:backend-fallback.png/MAT_4011701_PCE_LV"
Tuncis Kaija savā sulā ar ūdeni 160g/112g,rimi.lv,3.99,2.89,25.80,€/kg,"https://rimibaltic-res.cloudinary.com/image/upload/b_white,c_limit,dpr_auto,f_webp,q_auto:low,w_auto/d_ecommerce:backend-fallback.png/MAT_980566_PCE_LV"
Kviešu tostermaize Lielmaize 600g,rimi.lv,1.46,1.19,1.98,€/kg,"https://rimibaltic-res.cloudinary.com/image/upload/b_white,c_limit,dpr_auto,f_webp,q_auto:low,w_auto/d_ecommerce:backend-fallback.png/MAT_4012169_PCE_LV"
Pasta Barilla Mini Farfalle-Piccolini 500g,rimi.lv,1.85,1.55,3.10,€/kg,"https://rimibaltic-res.cloudinary.com/image/upload/b_white,c_limit,dpr_auto,f_webp,q_auto:low,w_auto/d_ecommerce:backend-fallback.png/MAT_169810_PCE_LV"
Gurķis RIMI gab.,rimi.lv,1.19,1.05,3.50,€/kg,"https://rimibaltic-res.cloudinary.com/image/upload/b_white,c_limit,dpr_auto,f_webp,q_auto:low,w_auto/d_ecommerce:backend-fallback.png/MAT_815307_PCE_LV"
Kausētais siers Tere klasiskais 200g,rimi.lv,2.19,1.09,5.45,€/kg,"https://rimibaltic-res.cloudinary.com/image/upload/b_white,c_limit,dpr_auto,f_webp,q_auto:low,w_auto/d_ecommerce:backend-fallback.png/MAT_4009542_PCE_LV"
Graudainais biezpiens Annele 7% 350g,rimi.lv,2.59,1.99,5.69,€/kg,"https://rimibaltic-res.cloudinary.com/image/upload/b_white,c_limit,dpr_auto,f_webp,q_auto:low,w_auto/d_ecommerce:backend-fallback.png/MAT_299262_PCE_LV"
Cepumi Rimi Savoiardi dāmu pirkstiņi 200g,rimi.lv,1.75,1.39,6.95,€/kg,"https://rimibaltic-res.cloudinary.com/image/upload/b_white,c_limit,dpr_auto,f_webp,q_auto:low,w_auto/d_ecommerce:backend-fallback.png/MAT_807785_PCE_LV"
Dzeramais jogurts Actimel zemeņu 8x100g,rimi.lv,3.99,2.79,3.49,€/kg,"https://rimibaltic-res.cloudinary.com/image/upload/b_white,c_limit,dpr_auto,f_webp,q_auto:low,w_auto/d_ecommerce:backend-fallback.png/MAT_281389_PCE_LV"
"Kons. Gourmet Gold Sav.Cake vista,85G",rimi.lv,0.87,0.55,6.47,€/kg,"https://rimibaltic-res.cloudinary.com/image/upload/b_white,c_limit,dpr_auto,f_webp,q_auto:low,w_auto/d_ecommerce:backend-fallback.png/MAT_7124728_PCE_LV"
"Piens Marge bez laktozes 1.5%, UHT 1L",rimi.lv,2.35,1.99,1.99,€/kg,"https://rimibaltic-res.cloudinary.com/image/upload/b_white,c_limit,dpr_auto,f_webp,q_auto:low,w_auto/d_ecommerce:backend-fallback.png/MAT_989267_PCE_LV"
Tortiljas Santa Maria pilngraudu kviešu 320g,rimi.lv,2.58,2.19,6.84,€/kg,"https://rimibaltic-res.cloudinary.com/image/upload/b_white,c_limit,dpr_auto,f_webp,q_auto:low,w_auto/d_ecommerce:backend-fallback.png/MAT_128672_PCE_LV"
Gāzet. dzēr. Coca-Cola zero ar saldinātāju 2l,rimi.lv,3.19,1.79,0.90,€/l,"https://rimibaltic-res.cloudinary.com/image/upload/b_white,c_limit,dpr_auto,f_webp,q_auto:low,w_auto/d_ecommerce:backend-fallback.png/MAT_1353153_PCE_LV"
Biezpiens Jaunpils vājpiena bez laktozes 275g,rimi.lv,2.95,2.29,8.33,€/kg,"https://rimibaltic-res.cloudinary.com/image/upload/b_white,c_limit,dpr_auto,f_webp,q_auto:low,w_auto/d_ecommerce:backend-fallback.png/MAT_958204_PCE_LV"
Tomāti Cidacos gabaliņos sagriezti 410g/240g,rimi.lv,2.55,1.59,6.63,€/kg,"https://rimibaltic-res.cloudinary.com/image/upload/b_white,c_limit,dpr_auto,f_webp,q_auto:low,w_auto/d_ecommerce:backend-fallback.png/MAT_119578_PCE_LV"
Cepumi Selga ar iebiezinātā piena garšu 180g,rimi.lv,1.29,0.95,5.28,€/kg,"https://rimibaltic-res.cloudinary.com/image/upload/b_white,c_limit,dpr_auto,f_webp,q_auto:low,w_auto/d_ecommerce:backend-fallback.png/MAT_123665_PCE_LV"
Konservēta kukurūza Spilva saldā 340g / 285g,rimi.lv,1.79,1.29,4.53,€/kg,"https://rimibaltic-res.cloudinary.com/image/upload/b_white,c_limit,dpr_auto,f_webp,q_auto:low,w_auto/d_ecommerce:backend-fallback.png/MAT_113568_PCE_LV"
"Kons. kaķiem Gourmet tītara,pastēte,85g",rimi.lv,0.87,0.55,6.47,€/kg,"https://rimibaltic-res.cloudinary.com/image/upload/b_white,c_limit,dpr_auto,f_webp,q_auto:low,w_auto/d_ecommerce:backend-fallback.png/MAT_7006629_PCE_LV"
Batoniņš Kinder Maxi King 3x35g,rimi.lv,2.99,1.79,17.05,€/kg,"https://rimibaltic-res.cloudinary.com/image/upload/b_white,c_limit,dpr_auto,f_webp,q_auto:low,w_auto/d_ecommerce:backend-fallback.png/MAT_211767_PCE_LV"
Griķi Valdo 4x125g,rimi.lv,1.99,1.29,2.58,€/kg,"https://rimibaltic-res.cloudinary.com/image/upload/b_white,c_limit,dpr_auto,f_webp,q_auto:low,w_auto/d_ecommerce:backend-fallback.png/MAT_113725_PCE_LV"
Pilnpiena biezpiens Straupe 9% 400g,rimi.lv,3.65,2.49,6.22,€/kg,"https://rimibaltic-res.cloudinary.com/image/upload/b_white,c_limit,dpr_auto,f_webp,q_auto:low,w_auto/d_ecommerce:backend-fallback.png/MAT_920037_PCE_LV"
Pilnpiena biezpiens Jaunpils 9% 275g,rimi.lv,2.25,1.89,6.87,€/kg,"https://rimibaltic-res.cloudinary.com/image/upload/b_white,c_limit,dpr_auto,f_webp,q_auto:low,w_auto/d_ecommerce:backend-fallback.png/MAT_271513_PCE_LV"
Kokosriekstu dzēr. Rimi Planet 400ml,rimi.lv,1.35,1.08,2.70,€/l,"https://rimibaltic-res.cloudinary.com/image/upload/b_white,c_limit,dpr_auto,f_webp,q_auto:low,w_auto/d_ecommerce:backend-fallback.png/MAT_810287_PCE_LV"
Vīnogas s. Rimi b/k Ralli 1šķ. 500g,rimi.lv,1.99,1.39,2.78,€/kg,"https://rimibaltic-res.cloudinary.com/image/upload/b_white,c_limit,dpr_auto,f_webp,q_auto:low,w_auto/d_ecommerce:backend-fallback.png/MAT_297278_PCE_LV"
Gāzēts dzēriens Coca Cola 2l,rimi.lv,3.19,1.79,0.90,€/l,"https://rimibaltic-res.cloudinary.com/image/upload/b_white,c_limit,dpr_auto,f_webp,q_auto:low,w_auto/d_ecommerce:backend-fallback.png/MAT_1353351_PCE_LV"
Biezpiena sieriņš Baltais ķiršu 38g,rimi.lv,0.49,0.29,7.63,€/kg,"https://rimibaltic-res.cloudinary.com/image/upload/b_white,c_limit,dpr_auto,f_webp,q_auto:low,w_auto/d_ecommerce:backend-fallback.png/MAT_4011737_PCE_LV"
Baltmaize Zemnieku sagriezta 500g,rimi.lv,1.25,0.89,1.78,€/kg,"https://rimibaltic-res.cloudinary.com/image/upload/b_white,c_limit,dpr_auto,f_webp,q_auto:low,w_auto/d_ecommerce:backend-fallback.png/MAT_288553_PCE_LV"
Maize Grieķu jogurta 300g,rimi.lv,1.34,0.99,3.30,€/kg,"https://rimibaltic-res.cloudinary.com/image/upload/b_white,c_limit,dpr_auto,f_webp,q_auto:low,w_auto/d_ecommerce:backend-fallback.png/MAT_928816_PCE_LV"
Rīsi Valdo 4x125g,rimi.lv,1.99,1.45,2.90,€/kg,"https://rimibaltic-res.cloudinary.com/image/upload/b_white,c_limit,dpr_auto,f_webp,q_auto:low,w_auto/d_ecommerce:backend-fallback.png/MAT_113722_PCE_LV"
Turku zirnīši Cidacos 570g/400g,rimi.lv,2.89,2.29,5.72,€/kg,"https://rimibaltic-res.cloudinary.com/image/upload/b_white,c_limit,dpr_auto,f_webp,q_auto:low,w_auto/d_ecommerce:backend-fallback.png/MAT_107640_PCE_LV"
"Dabīgs minerālūdens Rimi gāzēts 1,5l",rimi.lv,0.64,0.49,0.33,€/l,"https://rimibaltic-res.cloudinary.com/image/upload/b_white,c_limit,dpr_auto,f_webp,q_auto:low,w_auto/d_ecommerce:backend-fallback.png/MAT_1364649_PCE_LV"
Baltmaize Zeltene saldā sagriezta 350g,rimi.lv,1.34,1.09,3.11,€/kg,"https://rimibaltic-res.cloudinary.com/image/upload/b_white,c_limit,dpr_auto,f_webp,q_auto:low,w_auto/d_ecommerce:backend-fallback.png/MAT_285134_PCE_LV"
Makaroni Dobele Nr.122 Penne Rigate 500g,rimi.lv,1.29,0.69,1.38,€/kg,"https://rimibaltic-res.cloudinary.com/image/upload/b_white,c_limit,dpr_auto,f_webp,q_auto:low,w_auto/d_ecommerce:backend-fallback.png/MAT_161756_PCE_LV"
Rīvēta siera mais. Džiugas makaroniem 200g,rimi.lv,3.19,2.49,12.45,€/kg,"https://rimibaltic-res.cloudinary.com/image/upload/b_white,c_limit,dpr_auto,f_webp,q_auto:low,w_auto/d_ecommerce:backend-fallback.png/MAT_997645_PCE_LV"
Cāļu stilbi bez locītavas A šķira kg,rimi.lv,4.16,3.49,3.49,€/kg,"https://rimibaltic-res.cloudinary.com/image/upload/b_white,c_limit,dpr_auto,f_webp,q_auto:low,w_auto/d_ecommerce:backend-fallback.png/MAT_810979_KGM_LV"
Maize melnā Latvijas graudu ar sēk. 340g,rimi.lv,1.47,1.09,3.21,€/kg,"https://rimibaltic-res.cloudinary.com/image/upload/b_white,c_limit,dpr_auto,f_webp,q_auto:low,w_auto/d_ecommerce:backend-fallback.png/MAT_952512_PCE_LV"
Āboli Granny Smith 80-90 mm 1. šķira kg,rimi.lv,1.89,1.59,1.59,€/kg,"https://rimibaltic-res.cloudinary.com/image/upload/b_white,c_limit,dpr_auto,f_webp,q_auto:low,w_auto/d_ecommerce:backend-fallback.png/MAT_297318_KGM_LV"
Musli batoniņš Herkuless šok. riekstu 25g,rimi.lv,0.49,0.39,15.60,€/kg,"https://rimibaltic-res.cloudinary.com/image/upload/b_white,c_limit,dpr_auto,f_webp,q_auto:low,w_auto/d_ecommerce:backend-fallback.png/MAT_167452_PCE_LV"
"Doktordesa augstākā labuma, šķēlēs 190g",rimi.lv,1.95,1.49,7.84,€/kg,"https://rimibaltic-res.cloudinary.com/image/upload/b_white,c_limit,dpr_auto,f_webp,q_auto:low,w_auto/d_ecommerce:backend-fallback.png/MAT_993492_PCE_LV"
Konfektes Jelly marmelādes kg,rimi.lv,5.80,3.89,3.89,€/kg,"https://rimibaltic-res.cloudinary.com/image/upload/b_white,c_limit,dpr_auto,f_webp,q_auto:low,w_auto/d_ecommerce:backend-fallback.png/MAT_142004_KGM_LV"
"Āboli Royal Gala 75-80 mm, 1.šķira, kg",rimi.lv,1.89,1.59,1.59,€/kg,"https://rimibaltic-res.cloudinary.com/image/upload/b_white,c_limit,dpr_auto,f_webp,q_auto:low,w_auto/d_ecommerce:backend-fallback.png/MAT_269153_KGM_LV"
Makaroni Dobele Nr.20 Linguine 500g,rimi.lv,1.29,0.69,1.38,€/kg,"https://rimibaltic-res.cloudinary.com/image/upload/b_white,c_limit,dpr_auto,f_webp,q_auto:low,w_auto/d_ecommerce:backend-fallback.png/MAT_177968_PCE_LV"
Granola musli Herkuless ar zemenēm 350g,rimi.lv,2.09,1.79,5.11,€/kg,"https://rimibaltic-res.cloudinary.com/image/upload/b_white,c_limit,dpr_auto,f_webp,q_auto:low,w_auto/d_ecommerce:backend-fallback.png/MAT_176660_PCE_LV"
"Raudz. piena pr. Lakto aveņu, bez lakt. 200g",rimi.lv,1.25,0.99,4.95,€/kg,"https://rimibaltic-res.cloudinary.com/image/upload/b_white,c_limit,dpr_auto,f_webp,q_auto:low,w_auto/d_ecommerce:backend-fallback.png/MAT_4005070_PCE_LV"
"Kons. Gourmet laš.vist.gab.mērcē,85g",rimi.lv,0.87,0.55,6.47,€/kg,"https://rimibaltic-res.cloudinary.com/image/upload/b_white,c_limit,dpr_auto,f_webp,q_auto:low,w_auto/d_ecommerce:backend-fallback.png/MAT_7006631_PCE_LV"
Zefīrs Laima Maigums ar vaniļas garšu 175g,rimi.lv,3.99,2.69,15.37,€/kg,"https://rimibaltic-res.cloudinary.com/image/upload/b_white,c_limit,dpr_auto,f_webp,q_auto:low,w_auto/d_ecommerce:backend-fallback.png/MAT_1020231_PCE_LV"
Biezpiena sieriņš Alma ar aveņu pildījumu 40g,rimi.lv,0.54,0.27,6.75,€/kg,"https://rimibaltic-res.cloudinary.com/image/upload/b_white,c_limit,dpr_auto,f_webp,q_auto:low,w_auto/d_ecommerce:backend-fallback.png/MAT_4012094_PCE_LV"
Sardeles Bērnu bez apvalka 450g,rimi.lv,3.49,2.59,5.76,€/kg,"https://rimibaltic-res.cloudinary.com/image/upload/b_white,c_limit,dpr_auto,f_webp,q_auto:low,w_auto/d_ecommerce:backend-fallback.png/MAT_936108_PCE_LV"
Zāļu tēja Možums kumelīšu 20x1g,rimi.lv,0.89,0.69,34.50,€/kg,"https://rimibaltic-res.cloudinary.com/image/upload/b_white,c_limit,dpr_auto,f_webp,q_auto:low,w_auto/d_ecommerce:backend-fallback.png/MAT_118996_PCE_LV"
Krēmsiers Rasa klasiskais 180g,rimi.lv,2.19,1.79,9.94,€/kg,"https://rimibaltic-res.cloudinary.com/image/upload/b_white,c_limit,dpr_auto,f_webp,q_auto:low,w_auto/d_ecommerce:backend-fallback.png/MAT_294826_PCE_LV"
Krēmsiers Rasa ar zaļumiem 180g,rimi.lv,2.19,1.79,9.94,€/kg,"https://rimibaltic-res.cloudinary.com/image/upload/b_white,c_limit,dpr_auto,f_webp,q_auto:low,w_auto/d_ecommerce:backend-fallback.png/MAT_294827_PCE_LV"
Tostermaize Toste sendviču sēklu 470g,rimi.lv,1.85,1.55,3.30,€/kg,"https://rimibaltic-res.cloudinary.com/image/upload/b_white,c_limit,dpr_auto,f_webp,q_auto:low,w_auto/d_ecommerce:backend-fallback.png/MAT_903391_PCE_LV"
"Mandarīni Orri C/2-3, fasēti kastē 1kg",rimi.lv,3.99,1.99,1.99,€/kg,"https://rimibaltic-res.cloudinary.com/image/upload/b_white,c_limit,dpr_auto,f_webp,q_auto:low,w_auto/d_ecommerce:backend-fallback.png/MAT_982595_PCE_LV"
Cepamdesas kupāti 500g,rimi.lv,4.49,2.99,5.98,€/kg,"https://rimibaltic-res.cloudinary.com/image/upload/b_white,c_limit,dpr_auto,f_webp,q_auto:low,w_auto/d_ecommerce:backend-fallback.png/MAT_2000185_PCE_LV"
Siera nūjiņas Pik-Nik kids 140g,rimi.lv,2.99,2.49,17.79,€/kg,"https://rimibaltic-res.cloudinary.com/image/upload/b_white,c_limit,dpr_auto,f_webp,q_auto:low,w_auto/d_ecommerce:backend-fallback.png/MAT_278353_PCE_LV"
Riekstu batoniņš Rimi ar Braz. riekstiem 35g,rimi.lv,0.68,0.55,15.71,€/kg,"https://rimibaltic-res.cloudinary.com/image/upload/b_white,c_limit,dpr_auto,f_webp,q_auto:low,w_auto/d_ecommerce:backend-fallback.png/MAT_812598_PCE_LV"
Kaus. siers Dzintars klasiskais šķ. 130g,rimi.lv,1.79,1.19,9.15,€/kg,"https://rimibaltic-res.cloudinary.com/image/upload/b_white,c_limit,dpr_auto,f_webp,q_auto:low,w_auto/d_ecommerce:backend-fallback.png/MAT_279689_PCE_LV"
Saldējums Rimi šokolādes 200ml/110g,rimi.lv,0.89,0.69,5.31,€/kg,"https://rimibaltic-res.cloudinary.com/image/upload/b_white,c_limit,dpr_auto,f_webp,q_auto:low,w_auto/d_ecommerce:backend-fallback.png/MAT_813471_PCE_LV"
Aknu pastēte Delikatese 180g,rimi.lv,1.39,1.19,6.61,€/kg,"https://rimibaltic-res.cloudinary.com/image/upload/b_white,c_limit,dpr_auto,f_webp,q_auto:low,w_auto/d_ecommerce:backend-fallback.png/MAT_949432_PCE_LV"
Mākoņmaize Druva XXL 500g + 200g,rimi.lv,1.53,1.29,1.84,€/kg,"https://rimibaltic-res.cloudinary.com/image/upload/b_white,c_limit,dpr_auto,f_webp,q_auto:low,w_auto/d_ecommerce:backend-fallback.png/MAT_4000365_PCE_LV"
Virt.dvieļi Rimi  2 slāņi 600 sl.,rimi.lv,4.99,2.49,,,"https://rimibaltic-res.cloudinary.com/image/upload/b_white,c_limit,dpr_auto,f_webp,q_auto:low,w_auto/d_ecommerce:backend-fallback.png/MAT_816077_PCE_LV"
"Kartupeļi Rimi sarkanie 2,5kg",rimi.lv,1.89,1.29,0.51,€/kg,"https://rimibaltic-res.cloudinary.com/image/upload/b_white,c_limit,dpr_auto,f_webp,q_auto:low,w_auto/d_ecommerce:backend-fallback.png/MAT_4001997_PCE_LV"
Mini tumšie tomāti Rimi 250g,rimi.lv,1.69,1.49,5.96,€/kg,"https://rimibaltic-res.cloudinary.com/image/upload/b_white,c_limit,dpr_auto,f_webp,q_auto:low,w_auto/d_ecommerce:backend-fallback.png/MAT_296785_PCE_LV"
Biezpiena sieriņš Baltais šokolādes 38g,rimi.lv,0.49,0.29,7.63,€/kg,"https://rimibaltic-res.cloudinary.com/image/upload/b_white,c_limit,dpr_auto,f_webp,q_auto:low,w_auto/d_ecommerce:backend-fallback.png/MAT_4011710_PCE_LV"
Trauku m/l fairy lemon 900ml,rimi.lv,4.99,3.99,4.43,€/l,"https://rimibaltic-res.cloudinary.com/image/upload/b_white,c_limit,dpr_auto,f_webp,q_auto:low,w_auto/d_ecommerce:backend-fallback.png/MAT_7135147_PCE_LV"
Saldējums Rimi ar meža ogu pildīj. 200ml/120g,rimi.lv,0.89,0.69,5.35,€/kg,"https://rimibaltic-res.cloudinary.com/image/upload/b_white,c_limit,dpr_auto,f_webp,q_auto:low,w_auto/d_ecommerce:backend-fallback.png/MAT_813462_PCE_LV"
Siers Maasdam 45% kg,rimi.lv,13.79,7.99,7.99,€/kg,"https://rimibaltic-res.cloudinary.com/image/upload/b_white,c_limit,dpr_auto,f_webp,q_auto:low,w_auto/d_ecommerce:backend-fallback.png/MAT_941038_KGM_LV"
Doktordesa augstākā labuma kg,rimi.lv,5.99,4.59,4.59,€/kg,"https://rimibaltic-res.cloudinary.com/image/upload/b_white,c_limit,dpr_auto,f_webp,q_auto:low,w_auto/d_ecommerce:backend-fallback.png/MAT_287856_KGM_LV"
Salmiņi Draugu saldie 150g,rimi.lv,1.29,0.99,6.60,€/kg,"https://rimibaltic-res.cloudinary.com/image/upload/b_white,c_limit,dpr_auto,f_webp,q_auto:low,w_auto/d_ecommerce:backend-fallback.png/MAT_152472_PCE_LV"
Cūkas šķiņķis Melnais Barons kūpināts kg,rimi.lv,9.39,7.99,7.99,€/kg,"https://rimibaltic-res.cloudinary.com/image/upload/b_white,c_limit,dpr_auto,f_webp,q_auto:low,w_auto/d_ecommerce:backend-fallback.png/MAT_900034_KGM_LV"
"Piens Limbažu 2,5% 1,5l",rimi.lv,1.99,1.79,1.19,€/l,"https://rimibaltic-res.cloudinary.com/image/upload/b_white,c_limit,dpr_auto,f_webp,q_auto:low,w_auto/d_ecommerce:backend-fallback.png/MAT_210893_PCE_LV"
Siers Smiltene Holandes 45% kg,rimi.lv,10.49,6.99,6.99,€/kg,"https://rimibaltic-res.cloudinary.com/image/upload/b_white,c_limit,dpr_auto,f_webp,q_auto:low,w_auto/d_ecommerce:backend-fallback.png/MAT_283728_KGM_LV"
Kaķu smiltis Pet Perfect cemen. 5l,rimi.lv,,3.29,0.66,€/l,"https://rimibaltic-res.cloudinary.com/image/upload/b_white,c_limit,dpr_auto,f_webp,q_auto:low,w_auto/d_ecommerce:backend-fallback.png/MAT_815253_PCE_LV"
Pārtikas soda Valdo 500g,rimi.lv,0.99,0.76,1.52,€/kg,"https://rimibaltic-res.cloudinary.com/image/upload/b_white,c_limit,dpr_auto,f_webp,q_auto:low,w_auto/d_ecommerce:backend-fallback.png/MAT_113728_PCE_LV"
Kokosriekstu dzēriens Alpro Barista 1l,rimi.lv,3.79,2.49,2.49,€/l,"https://rimibaltic-res.cloudinary.com/image/upload/b_white,c_limit,dpr_auto,f_webp,q_auto:low,w_auto/d_ecommerce:backend-fallback.png/MAT_936940_PCE_LV"
Krējums kafijai Ciba 200g,rimi.lv,0.99,0.85,4.25,€/kg,"https://rimibaltic-res.cloudinary.com/image/upload/b_white,c_limit,dpr_auto,f_webp,q_auto:low,w_auto/d_ecommerce:backend-fallback.png/MAT_212240_PCE_LV"
Garneles Rimi 31/40 att. sald. kg,rimi.lv,25.99,16.99,16.99,€/kg,"https://rimibaltic-res.cloudinary.com/image/upload/b_white,c_limit,dpr_auto,f_webp,q_auto:low,w_auto/d_ecommerce:backend-fallback.png/MAT_813941_KGM_LV"
"Cūkas karbonāde Rimi šķēlēs, atdzesēta 720g",rimi.lv,5.99,3.99,5.54,€/kg,"https://rimibaltic-res.cloudinary.com/image/upload/b_white,c_limit,dpr_auto,f_webp,q_auto:low,w_auto/d_ecommerce:backend-fallback.png/MAT_817849_PCE_LV"
Makaroni Rimi Vermicelli 500g,rimi.lv,1.09,0.95,1.90,€/kg,"https://rimibaltic-res.cloudinary.com/image/upload/b_white,c_limit,dpr_auto,f_webp,q_auto:low,w_auto/d_ecommerce:backend-fallback.png/MAT_801276_PCE_LV"
Jogurts Fantasia ar ķiršiem 118g,rimi.lv,1.05,0.68,5.76,€/kg,"https://rimibaltic-res.cloudinary.com/image/upload/b_white,c_limit,dpr_auto,f_webp,q_auto:low,w_auto/d_ecommerce:backend-fallback.png/MAT_222530_PCE_LV"
Rudzu rikas ar diedzētiem graudiem 240g,rimi.lv,1.69,1.45,6.04,€/kg,"https://rimibaltic-res.cloudinary.com/image/upload/b_white,c_limit,dpr_auto,f_webp,q_auto:low,w_auto/d_ecommerce:backend-fallback.png/MAT_975043_PCE_LV"
Raudzēts piena prod. Lakto bez laktozes 200g,rimi.lv,1.25,0.99,4.95,€/kg,"https://rimibaltic-res.cloudinary.com/image/upload/b_white,c_limit,dpr_auto,f_webp,q_auto:low,w_auto/d_ecommerce:backend-fallback.png/MAT_4005047_PCE_LV"
Tomāti mini plūmju Rimi 500 g,rimi.lv,3.49,2.59,5.18,€/kg,"https://rimibaltic-res.cloudinary.com/image/upload/b_white,c_limit,dpr_auto,f_webp,q_auto:low,w_auto/d_ecommerce:backend-fallback.png/MAT_818370_PCE_LV"
"Kons. Gourmet gold liellopu,pastēte,85g",rimi.lv,0.87,0.55,6.47,€/kg,"https://rimibaltic-res.cloudinary.com/image/upload/b_white,c_limit,dpr_auto,f_webp,q_auto:low,w_auto/d_ecommerce:backend-fallback.png/MAT_497683_PCE_LV"
Saldējums Karlsons aveņu 100ml/75g,rimi.lv,0.99,0.69,9.20,€/kg,"https://rimibaltic-res.cloudinary.com/image/upload/b_white,c_limit,dpr_auto,f_webp,q_auto:low,w_auto/d_ecommerce:backend-fallback.png/MAT_4006693_PCE_LV"
"Gāzēts dzēriens Pepsi Laims 1,5l",rimi.lv,2.39,1.19,0.79,€/l,"https://rimibaltic-res.cloudinary.com/image/upload/b_white,c_limit,dpr_auto,f_webp,q_auto:low,w_auto/d_ecommerce:backend-fallback.png/MAT_1365647_PCE_LV"
Baltmaize Lāči īstā sagriezta 400g,rimi.lv,1.75,1.45,3.62,€/kg,"https://rimibaltic-res.cloudinary.com/image/upload/b_white,c_limit,dpr_auto,f_webp,q_auto:low,w_auto/d_ecommerce:backend-fallback.png/MAT_282633_PCE_LV"
Rudzu maize Zeltene 1/2 sagriezta 390g,rimi.lv,1.10,0.89,2.28,€/kg,"https://rimibaltic-res.cloudinary.com/image/upload/b_white,c_limit,dpr_auto,f_webp,q_auto:low,w_auto/d_ecommerce:backend-fallback.png/MAT_290637_PCE_LV"
"Kons. Gourmet duo liell.vist,gabaliņ,85g",rimi.lv,0.87,0.55,6.47,€/kg,"https://rimibaltic-res.cloudinary.com/image/upload/b_white,c_limit,dpr_auto,f_webp,q_auto:low,w_auto/d_ecommerce:backend-fallback.png/MAT_7006632_PCE_LV"
Riekstu batoniņš Rimi ar mandelēm 35g,rimi.lv,0.68,0.55,15.71,€/kg,"https://rimibaltic-res.cloudinary.com/image/upload/b_white,c_limit,dpr_auto,f_webp,q_auto:low,w_auto/d_ecommerce:backend-fallback.png/MAT_812599_PCE_LV"
Malta kafija Lofbergs medium roast 500g,rimi.lv,15.29,7.89,15.78,€/kg,"https://rimibaltic-res.cloudinary.com/image/upload/b_white,c_limit,dpr_auto,f_webp,q_auto:low,w_auto/d_ecommerce:backend-fallback.png/MAT_186362_PCE_LV"
Vārīts cāļa šķiņķis Ķekava tostmaižu 110g,rimi.lv,1.49,1.05,9.55,€/kg,"https://rimibaltic-res.cloudinary.com/image/upload/b_white,c_limit,dpr_auto,f_webp,q_auto:low,w_auto/d_ecommerce:backend-fallback.png/MAT_4011087_PCE_LV"
"Granātāboli, C/7-11-12, 1. šķira, kg",rimi.lv,4.99,4.49,4.49,€/kg,"https://rimibaltic-res.cloudinary.com/image/upload/b_white,c_limit,dpr_auto,f_webp,q_auto:low,w_auto/d_ecommerce:backend-fallback.png/MAT_210718_KGM_LV"
Miltu mais. Dobele iecienītās pankūkas 400g,rimi.lv,1.29,0.84,2.10,€/kg,"https://rimibaltic-res.cloudinary.com/image/upload/b_white,c_limit,dpr_auto,f_webp,q_auto:low,w_auto/d_ecommerce:backend-fallback.png/MAT_113292_PCE_LV"
"Dabīgais minerālūdens Zaķumuiža gāzēts 1,5l",rimi.lv,0.79,0.59,0.39,€/l,"https://rimibaltic-res.cloudinary.com/image/upload/b_white,c_limit,dpr_auto,f_webp,q_auto:low,w_auto/d_ecommerce:backend-fallback.png/MAT_1373571_PCE_LV"
Jogurts Emma zemeņu 110g,rimi.lv,0.89,0.49,4.45,€/kg,"https://rimibaltic-res.cloudinary.com/image/upload/b_white,c_limit,dpr_auto,f_webp,q_auto:low,w_auto/d_ecommerce:backend-fallback.png/MAT_980941_PCE_LV"
"Salami Rēzeknes pusžāvēta, šķēlēs 190g",rimi.lv,1.99,1.49,7.84,€/kg,"https://rimibaltic-res.cloudinary.com/image/upload/b_white,c_limit,dpr_auto,f_webp,q_auto:low,w_auto/d_ecommerce:backend-fallback.png/MAT_993476_PCE_LV"
Tostermaize Druvas sagriezta 500g,rimi.lv,1.35,1.15,2.30,€/kg,"https://rimibaltic-res.cloudinary.com/image/upload/b_white,c_limit,dpr_auto,f_webp,q_auto:low,w_auto/d_ecommerce:backend-fallback.png/MAT_215470_PCE_LV"
Sīpoli Rimi saldie 300g,rimi.lv,1.89,1.49,4.97,€/kg,"https://rimibaltic-res.cloudinary.com/image/upload/b_white,c_limit,dpr_auto,f_webp,q_auto:low,w_auto/d_ecommerce:backend-fallback.png/MAT_296799_PCE_LV"
"R. piena pr. Lakto meža zem., bez lakt. 200g",rimi.lv,1.25,0.99,4.95,€/kg,"https://rimibaltic-res.cloudinary.com/image/upload/b_white,c_limit,dpr_auto,f_webp,q_auto:low,w_auto/d_ecommerce:backend-fallback.png/MAT_4005062_PCE_LV"
Saldais krējums 35% Rasa 500g,rimi.lv,3.85,2.99,5.98,€/kg,"https://rimibaltic-res.cloudinary.com/image/upload/b_white,c_limit,dpr_auto,f_webp,q_auto:low,w_auto/d_ecommerce:backend-fallback.png/MAT_213358_PCE_LV"
Rupjā maluma Lielmaize 600g,rimi.lv,1.65,1.19,1.98,€/kg,"https://rimibaltic-res.cloudinary.com/image/upload/b_white,c_limit,dpr_auto,f_webp,q_auto:low,w_auto/d_ecommerce:backend-fallback.png/MAT_4012168_PCE_LV"
Sālsstandziņas Rimi 125g,rimi.lv,1.66,1.49,11.92,€/kg,"https://rimibaltic-res.cloudinary.com/image/upload/b_white,c_limit,dpr_auto,f_webp,q_auto:low,w_auto/d_ecommerce:backend-fallback.png/MAT_801291_PCE_LV"
"Kon. Gourmet duo akn.truša,gab.mērcē,85g",rimi.lv,0.87,0.55,6.47,€/kg,"https://rimibaltic-res.cloudinary.com/image/upload/b_white,c_limit,dpr_auto,f_webp,q_auto:low,w_auto/d_ecommerce:backend-fallback.png/MAT_7005660_PCE_LV"
Karbonāde jubilāra kg,rimi.lv,11.99,8.59,8.59,€/kg,"https://rimibaltic-res.cloudinary.com/image/upload/b_white,c_limit,dpr_auto,f_webp,q_auto:low,w_auto/d_ecommerce:backend-fallback.png/MAT_266218_KGM_LV"
Tomāti gabaliņos Rimi ar baziliku 400g,rimi.lv,1.35,0.89,2.22,€/kg,"https://rimibaltic-res.cloudinary.com/image/upload/b_white,c_limit,dpr_auto,f_webp,q_auto:low,w_auto/d_ecommerce:backend-fallback.png/MAT_807746_PCE_LV"
Pārslas Herkuless 5 graudu 500g,rimi.lv,1.99,0.99,1.98,€/kg,"https://rimibaltic-res.cloudinary.com/image/upload/b_white,c_limit,dpr_auto,f_webp,q_auto:low,w_auto/d_ecommerce:backend-fallback.png/MAT_114470_PCE_LV"
Biezpiena deserts Magija ar želejas gabal. kg,rimi.lv,7.49,5.99,5.99,€/kg,"https://rimibaltic-res.cloudinary.com/image/upload/b_white,c_limit,dpr_auto,f_webp,q_auto:low,w_auto/d_ecommerce:backend-fallback.png/MAT_278475_KGM_LV"
Makaroni Rimi Spaghetti 500g,rimi.lv,1.09,0.95,1.90,€/kg,"https://rimibaltic-res.cloudinary.com/image/upload/b_white,c_limit,dpr_auto,f_webp,q_auto:low,w_auto/d_ecommerce:backend-fallback.png/MAT_801167_PCE_LV"
Tunzivju fil.Kaija citr.eļļā ar pip.160g/104g,rimi.lv,3.99,3.19,30.67,€/kg,"https://rimibaltic-res.cloudinary.com/image/upload/b_white,c_limit,dpr_auto,f_webp,q_auto:low,w_auto/d_ecommerce:backend-fallback.png/MAT_967023_PCE_LV"
"Proteīna batoniņš Fit vaniļas, ar saldin. 46g",rimi.lv,0.69,0.55,11.96,€/kg,"https://rimibaltic-res.cloudinary.com/image/upload/b_white,c_limit,dpr_auto,f_webp,q_auto:low,w_auto/d_ecommerce:backend-fallback.png/MAT_4005253_PCE_LV"
Riekstu bat. Rimi ar pekanriekstiem 35g,rimi.lv,0.68,0.55,15.71,€/kg,"https://rimibaltic-res.cloudinary.com/image/upload/b_white,c_limit,dpr_auto,f_webp,q_auto:low,w_auto/d_ecommerce:backend-fallback.png/MAT_812592_PCE_LV"
Zefīrs Laima dzērveņu 200g,rimi.lv,2.59,1.79,8.95,€/kg,"https://rimibaltic-res.cloudinary.com/image/upload/b_white,c_limit,dpr_auto,f_webp,q_auto:low,w_auto/d_ecommerce:backend-fallback.png/MAT_175914_PCE_LV"
Desa doktora 400g,rimi.lv,2.99,1.49,3.72,€/kg,"https://rimibaltic-res.cloudinary.com/image/upload/b_white,c_limit,dpr_auto,f_webp,q_auto:low,w_auto/d_ecommerce:backend-fallback.png/MAT_265185_PCE_LV"
Piena šokolāde Karl Fazer 180g,rimi.lv,5.99,3.59,19.94,€/kg,"https://rimibaltic-res.cloudinary.com/image/upload/b_white,c_limit,dpr_auto,f_webp,q_auto:low,w_auto/d_ecommerce:backend-fallback.png/MAT_1022158_PCE_LV"
Mini kruasāni Izcep pats 300g,rimi.lv,4.19,3.49,11.63,€/kg,"https://rimibaltic-res.cloudinary.com/image/upload/b_white,c_limit,dpr_auto,f_webp,q_auto:low,w_auto/d_ecommerce:backend-fallback.png/MAT_918236_PCE_LV"
Graudainais biezpiens Rimi Smart 5% 200g,rimi.lv,0.75,0.59,2.95,€/kg,"https://rimibaltic-res.cloudinary.com/image/upload/b_white,c_limit,dpr_auto,f_webp,q_auto:low,w_auto/d_ecommerce:backend-fallback.png/MAT_818807_PCE_LV"
Maltā kafija Jacobs Kronung 500g,rimi.lv,15.99,7.99,15.98,€/kg,"https://rimibaltic-res.cloudinary.com/image/upload/b_white,c_limit,dpr_auto,f_webp,q_auto:low,w_auto/d_ecommerce:backend-fallback.png/MAT_100227_PCE_LV"
"Sarkanās lēcas, šķeltās Rimi 400g",rimi.lv,2.05,1.39,3.47,€/kg,"https://rimibaltic-res.cloudinary.com/image/upload/b_white,c_limit,dpr_auto,f_webp,q_auto:low,w_auto/d_ecommerce:backend-fallback.png/MAT_816261_PCE_LV"
Cāļa rulete Filejas Ķekava k/k kg,rimi.lv,10.79,9.39,9.39,€/kg,"https://rimibaltic-res.cloudinary.com/image/upload/b_white,c_limit,dpr_auto,f_webp,q_auto:low,w_auto/d_ecommerce:backend-fallback.png/MAT_211865_KGM_LV"
Ādažu Kraukšķi Siera bumbas 165g,rimi.lv,2.99,1.49,9.03,€/kg,"https://rimibaltic-res.cloudinary.com/image/upload/b_white,c_limit,dpr_auto,f_webp,q_auto:low,w_auto/d_ecommerce:backend-fallback.png/MAT_1009839_PCE_LV"
Kefīrs Baltais BIO 2% 330g,rimi.lv,1.09,0.85,2.58,€/kg,"https://rimibaltic-res.cloudinary.com/image/upload/b_white,c_limit,dpr_auto,f_webp,q_auto:low,w_auto/d_ecommerce:backend-fallback.png/MAT_4011877_PCE_LV"
"Grieķu jogurts Rimi 7,5% 180g",rimi.lv,0.60,0.49,2.72,€/kg,"https://rimibaltic-res.cloudinary.com/image/upload/b_white,c_limit,dpr_auto,f_webp,q_auto:low,w_auto/d_ecommerce:backend-fallback.png/MAT_803341_PCE_LV"
Siers Smiltene Klasiskais puscietais 250g,rimi.lv,3.19,2.55,10.20,€/kg,"https://rimibaltic-res.cloudinary.com/image/upload/b_white,c_limit,dpr_auto,f_webp,q_auto:low,w_auto/d_ecommerce:backend-fallback.png/MAT_293771_PCE_LV"
Musli batoniņš Rimi ar zemeņu garšu 30g,rimi.lv,0.32,0.25,8.33,€/kg,"https://rimibaltic-res.cloudinary.com/image/upload/b_white,c_limit,dpr_auto,f_webp,q_auto:low,w_auto/d_ecommerce:backend-fallback.png/MAT_815014_PCE_LV"
Cepumi Cirks 300g,rimi.lv,3.69,2.69,8.97,€/kg,"https://rimibaltic-res.cloudinary.com/image/upload/b_white,c_limit,dpr_auto,f_webp,q_auto:low,w_auto/d_ecommerce:backend-fallback.png/MAT_128207_PCE_LV"
Mini kruasāni 900g 30 gab*30g,rimi.lv,6.99,4.99,5.54,€/kg,"https://rimibaltic-res.cloudinary.com/image/upload/b_white,c_limit,dpr_auto,f_webp,q_auto:low,w_auto/d_ecommerce:backend-fallback.png/MAT_977146_PCE_LV"
"Min. ūd. Venden sporta dabīgs, negāzēts 0,75l",rimi.lv,,0.59,0.79,€/l,"https://rimibaltic-res.cloudinary.com/image/upload/b_white,c_limit,dpr_auto,f_webp,q_auto:low,w_auto/d_ecommerce:backend-fallback.png/MAT_1355250_PCE_LV"
Pelmeņi Traditional ar cūkgaļu 400g,rimi.lv,9.18,4.59,5.75,€/kg,"https://rimibaltic-res.cloudinary.com/image/upload/b_white,c_limit,dpr_auto,f_webp,q_auto:low,w_auto/d_ecommerce:backend-fallback.png/MAT_296506_PCE_LV"
Cāļa pusspārnu vidusdaļas Rimi 500g,rimi.lv,2.49,1.99,3.98,€/kg,"https://rimibaltic-res.cloudinary.com/image/upload/b_white,c_limit,dpr_auto,f_webp,q_auto:low,w_auto/d_ecommerce:backend-fallback.png/MAT_813984_PCE_LV"
Pārslas Herkuless griķu 500g,rimi.lv,3.39,1.99,3.98,€/kg,"https://rimibaltic-res.cloudinary.com/image/upload/b_white,c_limit,dpr_auto,f_webp,q_auto:low,w_auto/d_ecommerce:backend-fallback.png/MAT_124468_PCE_LV"
Skābēti kāposti ar burkān. Dimdiņi 650g,rimi.lv,4.78,2.39,1.85,€/kg,"https://rimibaltic-res.cloudinary.com/image/upload/b_white,c_limit,dpr_auto,f_webp,q_auto:low,w_auto/d_ecommerce:backend-fallback.png/MAT_994675_PCE_LV"
Rudzu rikas Lielmaize 340g,rimi.lv,1.65,1.29,3.79,€/kg,"https://rimibaltic-res.cloudinary.com/image/upload/b_white,c_limit,dpr_auto,f_webp,q_auto:low,w_auto/d_ecommerce:backend-fallback.png/MAT_4012173_PCE_LV"
Fermentēti dārzeņi KIMCHI 250g,rimi.lv,2.29,1.99,7.96,€/kg,"https://rimibaltic-res.cloudinary.com/image/upload/b_white,c_limit,dpr_auto,f_webp,q_auto:low,w_auto/d_ecommerce:backend-fallback.png/MAT_943829_PCE_LV"
Dzēriens Zoo Minions multiaugļu 0.2l,rimi.lv,0.59,0.39,1.95,€/l,"https://rimibaltic-res.cloudinary.com/image/upload/b_white,c_limit,dpr_auto,f_webp,q_auto:low,w_auto/d_ecommerce:backend-fallback.png/MAT_173576_PCE_LV"
Saldējums Karlsons dzērveņu 100ml/75g,rimi.lv,0.99,0.69,9.20,€/kg,"https://rimibaltic-res.cloudinary.com/image/upload/b_white,c_limit,dpr_auto,f_webp,q_auto:low,w_auto/d_ecommerce:backend-fallback.png/MAT_4006703_PCE_LV"
Biezpiena sieriņš Alma kakao 40g,rimi.lv,0.54,0.27,6.75,€/kg,"https://rimibaltic-res.cloudinary.com/image/upload/b_white,c_limit,dpr_auto,f_webp,q_auto:low,w_auto/d_ecommerce:backend-fallback.png/MAT_4012106_PCE_LV"
"Vājp. biezp. Annele amfora protein 0,9 % 200g",rimi.lv,1.55,1.39,6.95,€/kg,"https://rimibaltic-res.cloudinary.com/image/upload/b_white,c_limit,dpr_auto,f_webp,q_auto:low,w_auto/d_ecommerce:backend-fallback.png/MAT_977886_PCE_LV"
K/b sheba duett baltās gaļas izl. 4paka,rimi.lv,3.65,1.89,5.56,€/kg,"https://rimibaltic-res.cloudinary.com/image/upload/b_white,c_limit,dpr_auto,f_webp,q_auto:low,w_auto/d_ecommerce:backend-fallback.png/MAT_7137837_PCE_LV"
Pilngraudu auzu milti Herkuless 1kg,rimi.lv,2.55,1.99,1.99,€/kg,"https://rimibaltic-res.cloudinary.com/image/upload/b_white,c_limit,dpr_auto,f_webp,q_auto:low,w_auto/d_ecommerce:backend-fallback.png/MAT_166720_PCE_LV"
Piena šokolāde Karl Fazer lazdu riekstu 200g,rimi.lv,5.99,3.59,17.95,€/kg,"https://rimibaltic-res.cloudinary.com/image/upload/b_white,c_limit,dpr_auto,f_webp,q_auto:low,w_auto/d_ecommerce:backend-fallback.png/MAT_100694_PCE_LV"
Liellopa rumpsteiks Rimi 200g,rimi.lv,6.69,5.99,29.95,€/kg,"https://rimibaltic-res.cloudinary.com/image/upload/b_white,c_limit,dpr_auto,f_webp,q_auto:low,w_auto/d_ecommerce:backend-fallback.png/MAT_813281_PCE_LV"
"Minerālūdens Akvile 1,5l negāzēts",rimi.lv,,0.49,0.33,€/l,"https://rimibaltic-res.cloudinary.com/image/upload/b_white,c_limit,dpr_auto,f_webp,q_auto:low,w_auto/d_ecommerce:backend-fallback.png/MAT_1359667_PCE_LV"
Doktordesa Rāznas Iecienītā vārītā kg,rimi.lv,6.99,5.99,5.99,€/kg,"https://rimibaltic-res.cloudinary.com/image/upload/b_white,c_limit,dpr_auto,f_webp,q_auto:low,w_auto/d_ecommerce:backend-fallback.png/MAT_998982_KGM_LV"
Pārslas Herkuless rīsu 500g,rimi.lv,3.39,1.99,3.98,€/kg,"https://rimibaltic-res.cloudinary.com/image/upload/b_white,c_limit,dpr_auto,f_webp,q_auto:low,w_auto/d_ecommerce:backend-fallback.png/MAT_124469_PCE_LV"
Baltmaize Zeltene Dienišķā 550g,rimi.lv,1.84,1.39,2.53,€/kg,"https://rimibaltic-res.cloudinary.com/image/upload/b_white,c_limit,dpr_auto,f_webp,q_auto:low,w_auto/d_ecommerce:backend-fallback.png/MAT_921133_PCE_LV"
"Piens Annele UHT 2,5% 1l",rimi.lv,1.89,1.65,1.65,€/l,"https://rimibaltic-res.cloudinary.com/image/upload/b_white,c_limit,dpr_auto,f_webp,q_auto:low,w_auto/d_ecommerce:backend-fallback.png/MAT_299695_PCE_LV"
Buljons Gallina Blanca vistas 8x10g,rimi.lv,0.79,0.69,8.63,€/kg,"https://rimibaltic-res.cloudinary.com/image/upload/b_white,c_limit,dpr_auto,f_webp,q_auto:low,w_auto/d_ecommerce:backend-fallback.png/MAT_101369_PCE_LV"
Saldējums Tio plombīrs 500ml/240g,rimi.lv,2.39,1.49,6.21,€/kg,"https://rimibaltic-res.cloudinary.com/image/upload/b_white,c_limit,dpr_auto,f_webp,q_auto:low,w_auto/d_ecommerce:backend-fallback.png/MAT_298411_PCE_LV"
Mini tumšā ciabatta LM bez cukura 100g,rimi.lv,0.45,0.35,3.50,€/kg,"https://rimibaltic-res.cloudinary.com/image/upload/b_white,c_limit,dpr_auto,f_webp,q_auto:low,w_auto/d_ecommerce:backend-fallback.png/MAT_989378_PCE_LV"
Sinepes Spilva Franču 200g,rimi.lv,1.89,1.39,6.95,€/kg,"https://rimibaltic-res.cloudinary.com/image/upload/b_white,c_limit,dpr_auto,f_webp,q_auto:low,w_auto/d_ecommerce:backend-fallback.png/MAT_113510_PCE_LV"
Kliju maize Flora sagriezta 250g,rimi.lv,1.25,1.09,4.36,€/kg,"https://rimibaltic-res.cloudinary.com/image/upload/b_white,c_limit,dpr_auto,f_webp,q_auto:low,w_auto/d_ecommerce:backend-fallback.png/MAT_284378_PCE_LV"
Cīsiņi De Lukss bērniem 300g,rimi.lv,4.39,3.49,11.63,€/kg,"https://rimibaltic-res.cloudinary.com/image/upload/b_white,c_limit,dpr_auto,f_webp,q_auto:low,w_auto/d_ecommerce:backend-fallback.png/MAT_292123_PCE_LV"
Kartupeļi Delikatess La Vie Rimi 900g,rimi.lv,2.49,1.99,2.21,€/kg,"https://rimibaltic-res.cloudinary.com/image/upload/b_white,c_limit,dpr_auto,f_webp,q_auto:low,w_auto/d_ecommerce:backend-fallback.png/MAT_935637_PCE_LV"
Cepumi Selga šok.garšas krēma pildījums 205g,rimi.lv,2.79,1.79,8.73,€/kg,"https://rimibaltic-res.cloudinary.com/image/upload/b_white,c_limit,dpr_auto,f_webp,q_auto:low,w_auto/d_ecommerce:backend-fallback.png/MAT_1021421_PCE_LV"
Maize kliju Latvijas graudu 300g,rimi.lv,1.19,0.99,3.30,€/kg,"https://rimibaltic-res.cloudinary.com/image/upload/b_white,c_limit,dpr_auto,f_webp,q_auto:low,w_auto/d_ecommerce:backend-fallback.png/MAT_952513_PCE_LV"
Krēmsiers Baltais Klasiskais 150g,rimi.lv,1.79,1.39,9.27,€/kg,"https://rimibaltic-res.cloudinary.com/image/upload/b_white,c_limit,dpr_auto,f_webp,q_auto:low,w_auto/d_ecommerce:backend-fallback.png/MAT_917231_PCE_LV"
Miltu maisījums Dobele plānās pankūkas 400g,rimi.lv,1.59,0.99,2.47,€/kg,"https://rimibaltic-res.cloudinary.com/image/upload/b_white,c_limit,dpr_auto,f_webp,q_auto:low,w_auto/d_ecommerce:backend-fallback.png/MAT_113293_PCE_LV"
Desa doktora Ādaži dūmota 400g,rimi.lv,2.79,1.89,4.72,€/kg,"https://rimibaltic-res.cloudinary.com/image/upload/b_white,c_limit,dpr_auto,f_webp,q_auto:low,w_auto/d_ecommerce:backend-fallback.png/MAT_299060_PCE_LV"
Saldā kr. jogurts Baltais ar meln. ķirš. 400g,rimi.lv,1.59,1.25,3.12,€/kg,"https://rimibaltic-res.cloudinary.com/image/upload/b_white,c_limit,dpr_auto,f_webp,q_auto:low,w_auto/d_ecommerce:backend-fallback.png/MAT_902639_PCE_LV"
Svaigais siers Smiltene Klasiskais 200g,rimi.lv,1.69,1.49,7.45,€/kg,"https://rimibaltic-res.cloudinary.com/image/upload/b_white,c_limit,dpr_auto,f_webp,q_auto:low,w_auto/d_ecommerce:backend-fallback.png/MAT_919159_PCE_LV"
Garneles Rimi nevārītas 31/40 ASC 400g,rimi.lv,8.99,5.99,14.97,€/kg,"https://rimibaltic-res.cloudinary.com/image/upload/b_white,c_limit,dpr_auto,f_webp,q_auto:low,w_auto/d_ecommerce:backend-fallback.png/MAT_812115_PCE_LV"
Siers Tilzītes SN šķēlītes 500g,rimi.lv,7.99,3.49,6.98,€/kg,"https://rimibaltic-res.cloudinary.com/image/upload/b_white,c_limit,dpr_auto,f_webp,q_auto:low,w_auto/d_ecommerce:backend-fallback.png/MAT_997970_PCE_LV"
"Dzēriens Mangaļi Vitafruit citr.laima g. 1,5l",rimi.lv,1.69,1.09,0.73,€/l,"https://rimibaltic-res.cloudinary.com/image/upload/b_white,c_limit,dpr_auto,f_webp,q_auto:low,w_auto/d_ecommerce:backend-fallback.png/MAT_1353113_PCE_LV"
Siera uzkoda Rambyno original 75g,rimi.lv,1.49,1.19,15.87,€/kg,"https://rimibaltic-res.cloudinary.com/image/upload/b_white,c_limit,dpr_auto,f_webp,q_auto:low,w_auto/d_ecommerce:backend-fallback.png/MAT_905304_PCE_LV"
Kārtainā rauga mīkla Rimi 500g,rimi.lv,2.75,1.69,3.38,€/kg,"https://rimibaltic-res.cloudinary.com/image/upload/b_white,c_limit,dpr_auto,f_webp,q_auto:low,w_auto/d_ecommerce:backend-fallback.png/MAT_809660_PCE_LV"
Cūkgaļas krūtiņa Rimi bez kaula šķēlēs 320g,rimi.lv,2.15,1.69,5.28,€/kg,"https://rimibaltic-res.cloudinary.com/image/upload/b_white,c_limit,dpr_auto,f_webp,q_auto:low,w_auto/d_ecommerce:backend-fallback.png/MAT_811132_PCE_LV"
Saldējums Druvas cigoriņu 120ml/70g,rimi.lv,0.99,0.59,8.43,€/kg,"https://rimibaltic-res.cloudinary.com/image/upload/b_white,c_limit,dpr_auto,f_webp,q_auto:low,w_auto/d_ecommerce:backend-fallback.png/MAT_988764_PCE_LV"
"Graudainais biezpiens Smiltene 0,5% 800g",rimi.lv,5.39,3.99,4.99,€/kg,"https://rimibaltic-res.cloudinary.com/image/upload/b_white,c_limit,dpr_auto,f_webp,q_auto:low,w_auto/d_ecommerce:backend-fallback.png/MAT_4011173_PCE_LV"
Biezpiena sieriņš Alma ar mango pildījumu 40g,rimi.lv,0.54,0.27,6.75,€/kg,"https://rimibaltic-res.cloudinary.com/image/upload/b_white,c_limit,dpr_auto,f_webp,q_auto:low,w_auto/d_ecommerce:backend-fallback.png/MAT_4012095_PCE_LV"
Rīsi Valdo klasiskie fasēti 1kg,rimi.lv,2.39,1.79,1.79,€/kg,"https://rimibaltic-res.cloudinary.com/image/upload/b_white,c_limit,dpr_auto,f_webp,q_auto:low,w_auto/d_ecommerce:backend-fallback.png/MAT_113710_PCE_LV"
Batoniņš aven.banān.āboli  Hipp BIO 23g,rimi.lv,1.49,1.09,47.39,€/kg,"https://rimibaltic-res.cloudinary.com/image/upload/b_white,c_limit,dpr_auto,f_webp,q_auto:low,w_auto/d_ecommerce:backend-fallback.png/MAT_7161294_PCE_LV"
Desiņas Cepamās ar sieru 400g,rimi.lv,3.79,3.29,8.22,€/kg,"https://rimibaltic-res.cloudinary.com/image/upload/b_white,c_limit,dpr_auto,f_webp,q_auto:low,w_auto/d_ecommerce:backend-fallback.png/MAT_293931_PCE_LV"
Maiziņš siera 200g,rimi.lv,1.38,1.09,5.45,€/kg,"https://rimibaltic-res.cloudinary.com/image/upload/b_white,c_limit,dpr_auto,f_webp,q_auto:low,w_auto/d_ecommerce:backend-fallback.png/MAT_937637_PCE_LV"
Makaroni Rimi Penne Rigate 500g,rimi.lv,1.09,0.95,1.90,€/kg,"https://rimibaltic-res.cloudinary.com/image/upload/b_white,c_limit,dpr_auto,f_webp,q_auto:low,w_auto/d_ecommerce:backend-fallback.png/MAT_801168_PCE_LV"
"Limonāde Cēsu 1,5l",rimi.lv,,1.15,0.77,€/l,"https://rimibaltic-res.cloudinary.com/image/upload/b_white,c_limit,dpr_auto,f_webp,q_auto:low,w_auto/d_ecommerce:backend-fallback.png/MAT_112844_PCE_LV"
Kliju maize Druva Spēkavotu 250g,rimi.lv,1.06,0.87,3.48,€/kg,"https://rimibaltic-res.cloudinary.com/image/upload/b_white,c_limit,dpr_auto,f_webp,q_auto:low,w_auto/d_ecommerce:backend-fallback.png/MAT_905062_PCE_LV"
Cīsiņi Vīnes bez apvalka 520g,rimi.lv,4.89,3.59,6.90,€/kg,"https://rimibaltic-res.cloudinary.com/image/upload/b_white,c_limit,dpr_auto,f_webp,q_auto:low,w_auto/d_ecommerce:backend-fallback.png/MAT_936098_PCE_LV"
Cepumi Selga ar karameļu garšu 180g,rimi.lv,1.29,0.95,5.28,€/kg,"https://rimibaltic-res.cloudinary.com/image/upload/b_white,c_limit,dpr_auto,f_webp,q_auto:low,w_auto/d_ecommerce:backend-fallback.png/MAT_183428_PCE_LV"
Kaķu konservi Felix Sens. gaļas izlase 4x85g,rimi.lv,2.35,1.49,4.38,€/kg,"https://rimibaltic-res.cloudinary.com/image/upload/b_white,c_limit,dpr_auto,f_webp,q_auto:low,w_auto/d_ecommerce:backend-fallback.png/MAT_7255807_PCE_LV"
Malta kafija Paulig Classic In Cup 500g,rimi.lv,12.49,6.99,13.98,€/kg,"https://rimibaltic-res.cloudinary.com/image/upload/b_white,c_limit,dpr_auto,f_webp,q_auto:low,w_auto/d_ecommerce:backend-fallback.png/MAT_1008711_PCE_LV"
Granola musli Herkuless ar augļiem 350g,rimi.lv,2.09,1.79,5.11,€/kg,"https://rimibaltic-res.cloudinary.com/image/upload/b_white,c_limit,dpr_auto,f_webp,q_auto:low,w_auto/d_ecommerce:backend-fallback.png/MAT_176670_PCE_LV"
"Gāzēts dzēriens Pepsi Cola 1,5l",rimi.lv,2.39,1.19,0.79,€/l,"https://rimibaltic-res.cloudinary.com/image/upload/b_white,c_limit,dpr_auto,f_webp,q_auto:low,w_auto/d_ecommerce:backend-fallback.png/MAT_1360378_PCE_LV"
Ciabatta Latvijas Maiznieks gaišā 250g,rimi.lv,1.38,1.09,4.36,€/kg,"https://rimibaltic-res.cloudinary.com/image/upload/b_white,c_limit,dpr_auto,f_webp,q_auto:low,w_auto/d_ecommerce:backend-fallback.png/MAT_4008314_PCE_LV"
Zefīrs Laima ar vaniļas garšu 200g,rimi.lv,2.59,1.79,8.95,€/kg,"https://rimibaltic-res.cloudinary.com/image/upload/b_white,c_limit,dpr_auto,f_webp,q_auto:low,w_auto/d_ecommerce:backend-fallback.png/MAT_104900_PCE_LV"
Siers Smiltene Holandes 250g,rimi.lv,3.19,2.55,10.20,€/kg,"https://rimibaltic-res.cloudinary.com/image/upload/b_white,c_limit,dpr_auto,f_webp,q_auto:low,w_auto/d_ecommerce:backend-fallback.png/MAT_293770_PCE_LV"
Jogurts Baltais Skyr vaniļas 300g,rimi.lv,1.69,1.29,4.30,€/kg,"https://rimibaltic-res.cloudinary.com/image/upload/b_white,c_limit,dpr_auto,f_webp,q_auto:low,w_auto/d_ecommerce:backend-fallback.png/MAT_4008838_PCE_LV"
Skābpiena dzēr. Baltais Ayran klasiskais 500g,rimi.lv,1.39,1.19,2.38,€/kg,"https://rimibaltic-res.cloudinary.com/image/upload/b_white,c_limit,dpr_auto,f_webp,q_auto:low,w_auto/d_ecommerce:backend-fallback.png/MAT_972018_PCE_LV"
"Sausm. Selga ar saulesp. sēk., linsēklām 200g",rimi.lv,3.09,2.45,12.25,€/kg,"https://rimibaltic-res.cloudinary.com/image/upload/b_white,c_limit,dpr_auto,f_webp,q_auto:low,w_auto/d_ecommerce:backend-fallback.png/MAT_996891_PCE_LV"
Frī kartupeļi Steak Fries Aviko 750g,rimi.lv,3.49,2.59,3.45,€/kg,"https://rimibaltic-res.cloudinary.com/image/upload/b_white,c_limit,dpr_auto,f_webp,q_auto:low,w_auto/d_ecommerce:backend-fallback.png/MAT_4008748_PCE_LV"
Tumšā šokolāde Schogetten 100g,rimi.lv,1.99,1.59,15.90,€/kg,"https://rimibaltic-res.cloudinary.com/image/upload/b_white,c_limit,dpr_auto,f_webp,q_auto:low,w_auto/d_ecommerce:backend-fallback.png/MAT_116001_PCE_LV"
Miltu maisījums Dobele rauga pankūkas 508g,rimi.lv,1.99,1.29,2.54,€/kg,"https://rimibaltic-res.cloudinary.com/image/upload/b_white,c_limit,dpr_auto,f_webp,q_auto:low,w_auto/d_ecommerce:backend-fallback.png/MAT_113274_PCE_LV"
Tomāti ķekaros Rimi  200g,rimi.lv,2.59,1.99,9.95,€/kg,"https://rimibaltic-res.cloudinary.com/image/upload/b_white,c_limit,dpr_auto,f_webp,q_auto:low,w_auto/d_ecommerce:backend-fallback.png/MAT_818363_PCE_LV"
Zupa Spilva Borščs 530g,rimi.lv,3.49,2.39,4.51,€/kg,"https://rimibaltic-res.cloudinary.com/image/upload/b_white,c_limit,dpr_auto,f_webp,q_auto:low,w_auto/d_ecommerce:backend-fallback.png/MAT_154551_PCE_LV"
Saldā krējuma jogurts Baltais ar zemenēm 400g,rimi.lv,1.59,1.25,3.12,€/kg,"https://rimibaltic-res.cloudinary.com/image/upload/b_white,c_limit,dpr_auto,f_webp,q_auto:low,w_auto/d_ecommerce:backend-fallback.png/MAT_297247_PCE_LV"
Šķidrās ziepes Dove Care & Protect 500ml,rimi.lv,4.19,2.55,5.10,€/l,"https://rimibaltic-res.cloudinary.com/image/upload/b_white,c_limit,dpr_auto,f_webp,q_auto:low,w_auto/d_ecommerce:backend-fallback.png/MAT_7319455_PCE_LV"
Jogurts Emma melleņu 110g,rimi.lv,0.89,0.49,4.45,€/kg,"https://rimibaltic-res.cloudinary.com/image/upload/b_white,c_limit,dpr_auto,f_webp,q_auto:low,w_auto/d_ecommerce:backend-fallback.png/MAT_980929_PCE_LV"
Biezpiena krēms Baltais protein persiku 300g,rimi.lv,1.99,1.49,4.97,€/kg,"https://rimibaltic-res.cloudinary.com/image/upload/b_white,c_limit,dpr_auto,f_webp,q_auto:low,w_auto/d_ecommerce:backend-fallback.png/MAT_4011723_PCE_LV"
"Kabatlakatiņi Zewa Softis, 4sl., 10x9gab",rimi.lv,3.49,2.99,,,"https://rimibaltic-res.cloudinary.com/image/upload/b_white,c_limit,dpr_auto,f_webp,q_auto:low,w_auto/d_ecommerce:backend-fallback.png/MAT_7221478_PCE_LV"
Jog. Fantasia krēm.ar šok.pārslām 102g,rimi.lv,1.05,0.68,6.67,€/kg,"https://rimibaltic-res.cloudinary.com/image/upload/b_white,c_limit,dpr_auto,f_webp,q_auto:low,w_auto/d_ecommerce:backend-fallback.png/MAT_203205_PCE_LV"
Siers Baltais Grieķu salātiem 250g,rimi.lv,2.99,2.39,9.56,€/kg,"https://rimibaltic-res.cloudinary.com/image/upload/b_white,c_limit,dpr_auto,f_webp,q_auto:low,w_auto/d_ecommerce:backend-fallback.png/MAT_919988_PCE_LV"
Turku jogurts Baltais mango 300g,rimi.lv,1.45,1.15,3.83,€/kg,"https://rimibaltic-res.cloudinary.com/image/upload/b_white,c_limit,dpr_auto,f_webp,q_auto:low,w_auto/d_ecommerce:backend-fallback.png/MAT_959000_PCE_LV"
Vafeles Selga ar vaniļas garšu 180g,rimi.lv,2.19,1.45,8.06,€/kg,"https://rimibaltic-res.cloudinary.com/image/upload/b_white,c_limit,dpr_auto,f_webp,q_auto:low,w_auto/d_ecommerce:backend-fallback.png/MAT_162230_PCE_LV"
Salātu maisījums Fit&Easy Green&Red 150g,rimi.lv,1.59,1.29,8.60,€/kg,"https://rimibaltic-res.cloudinary.com/image/upload/b_white,c_limit,dpr_auto,f_webp,q_auto:low,w_auto/d_ecommerce:backend-fallback.png/MAT_957765_PCE_LV"
Burkānu sula Kadarbiku 500ml,rimi.lv,2.49,1.99,3.98,€/l,"https://rimibaltic-res.cloudinary.com/image/upload/b_white,c_limit,dpr_auto,f_webp,q_auto:low,w_auto/d_ecommerce:backend-fallback.png/MAT_1356191_PCE_LV"
Maize Latvijas graudu ar škiedrvielām 300g,rimi.lv,1.25,0.99,3.30,€/kg,"https://rimibaltic-res.cloudinary.com/image/upload/b_white,c_limit,dpr_auto,f_webp,q_auto:low,w_auto/d_ecommerce:backend-fallback.png/MAT_952316_PCE_LV"
Tuncis Rio mare savā sulā 3+1 320g/224g,rimi.lv,9.09,6.99,31.21,€/kg,"https://rimibaltic-res.cloudinary.com/image/upload/b_white,c_limit,dpr_auto,f_webp,q_auto:low,w_auto/d_ecommerce:backend-fallback.png/MAT_984439_PCE_LV"
Riekstu maisījums premium 300g,rimi.lv,7.35,5.59,18.63,€/kg,"https://rimibaltic-res.cloudinary.com/image/upload/b_white,c_limit,dpr_auto,f_webp,q_auto:low,w_auto/d_ecommerce:backend-fallback.png/MAT_174563_PCE_LV"
Želejkonfektes Fini zemeņu trubiņas 90g,rimi.lv,1.49,0.99,11.00,€/kg,"https://rimibaltic-res.cloudinary.com/image/upload/b_white,c_limit,dpr_auto,f_webp,q_auto:low,w_auto/d_ecommerce:backend-fallback.png/MAT_141962_PCE_LV"
Brokastu pārslas Kellogg's Frosties 330g,rimi.lv,5.59,3.49,10.58,€/kg,"https://rimibaltic-res.cloudinary.com/image/upload/b_white,c_limit,dpr_auto,f_webp,q_auto:low,w_auto/d_ecommerce:backend-fallback.png/MAT_1002234_PCE_LV"
Siers mascarpone Formagia 500g,rimi.lv,4.99,3.99,7.98,€/kg,"https://rimibaltic-res.cloudinary.com/image/upload/b_white,c_limit,dpr_auto,f_webp,q_auto:low,w_auto/d_ecommerce:backend-fallback.png/MAT_298950_PCE_LV"
Jogurts Baltais Skyr zemeņu 300g,rimi.lv,1.69,1.29,4.30,€/kg,"https://rimibaltic-res.cloudinary.com/image/upload/b_white,c_limit,dpr_auto,f_webp,q_auto:low,w_auto/d_ecommerce:backend-fallback.png/MAT_4008839_PCE_LV"
Siers Burrata Selection by Rimi 51% 125g,rimi.lv,2.37,2.09,16.72,€/kg,"https://rimibaltic-res.cloudinary.com/image/upload/b_white,c_limit,dpr_auto,f_webp,q_auto:low,w_auto/d_ecommerce:backend-fallback.png/MAT_817311_PCE_LV"
Grau.biezp.Baltais Protein ar skābo krēj.500g,rimi.lv,3.29,2.49,4.98,€/kg,"https://rimibaltic-res.cloudinary.com/image/upload/b_white,c_limit,dpr_auto,f_webp,q_auto:low,w_auto/d_ecommerce:backend-fallback.png/MAT_4011858_PCE_LV"
Lazanja Rimi ar Boloņas mērci saldēta 400g,rimi.lv,3.59,2.89,7.22,€/kg,"https://rimibaltic-res.cloudinary.com/image/upload/b_white,c_limit,dpr_auto,f_webp,q_auto:low,w_auto/d_ecommerce:backend-fallback.png/MAT_801151_PCE_LV"
"Dzer. ūdens Rimi ar citronu garšu,gāz. 1,5l",rimi.lv,1.09,0.85,0.57,€/l,"https://rimibaltic-res.cloudinary.com/image/upload/b_white,c_limit,dpr_auto,f_webp,q_auto:low,w_auto/d_ecommerce:backend-fallback.png/MAT_1360003_PCE_LV"
Barība kaķiem One Adult vista 4x85g,rimi.lv,4.29,2.59,7.62,€/kg,"https://rimibaltic-res.cloudinary.com/image/upload/b_white,c_limit,dpr_auto,f_webp,q_auto:low,w_auto/d_ecommerce:backend-fallback.png/MAT_7207433_PCE_LV"
Avenes Rimi saldētas 400g,rimi.lv,5.39,4.42,11.05,€/kg,"https://rimibaltic-res.cloudinary.com/image/upload/b_white,c_limit,dpr_auto,f_webp,q_auto:low,w_auto/d_ecommerce:backend-fallback.png/MAT_811678_PCE_LV"
Zivju filejas pirkstiņi Viči saldēti 250g,rimi.lv,8.98,4.49,9.00,€/kg,"https://rimibaltic-res.cloudinary.com/image/upload/b_white,c_limit,dpr_auto,f_webp,q_auto:low,w_auto/d_ecommerce:backend-fallback.png/MAT_206052_PCE_LV"
Liellopa kakla karbonāde Rimi fasēta kg,rimi.lv,16.99,13.99,13.99,€/kg,"https://rimibaltic-res.cloudinary.com/image/upload/b_white,c_limit,dpr_auto,f_webp,q_auto:low,w_auto/d_ecommerce:backend-fallback.png/MAT_814213_KGM_LV"
Konservēti zirnīši Spilva zaļie 420g / 270g,rimi.lv,1.79,1.29,4.78,€/kg,"https://rimibaltic-res.cloudinary.com/image/upload/b_white,c_limit,dpr_auto,f_webp,q_auto:low,w_auto/d_ecommerce:backend-fallback.png/MAT_113569_PCE_LV"
Tostermaize Fazer kefīra vērtīgā 450g,rimi.lv,1.84,1.39,3.09,€/kg,"https://rimibaltic-res.cloudinary.com/image/upload/b_white,c_limit,dpr_auto,f_webp,q_auto:low,w_auto/d_ecommerce:backend-fallback.png/MAT_929155_PCE_LV"
Cepampelmeņi ar gaļu un sieru 450g,rimi.lv,3.49,2.39,5.31,€/kg,"https://rimibaltic-res.cloudinary.com/image/upload/b_white,c_limit,dpr_auto,f_webp,q_auto:low,w_auto/d_ecommerce:backend-fallback.png/MAT_266055_PCE_LV"
Ceptas pupiņas Heinz tomātu mērcē 415g,rimi.lv,2.49,1.79,4.31,€/kg,"https://rimibaltic-res.cloudinary.com/image/upload/b_white,c_limit,dpr_auto,f_webp,q_auto:low,w_auto/d_ecommerce:backend-fallback.png/MAT_147298_PCE_LV"
"Bezalkoholiskais alus Lielvārdes gaišais 0,5l",rimi.lv,1.45,0.79,1.58,€/l,"https://rimibaltic-res.cloudinary.com/image/upload/b_white,c_limit,dpr_auto,f_webp,q_auto:low,w_auto/d_ecommerce:backend-fallback.png/MAT_1374965_PCE_LV"
Kausētais siers Dzintars ar šķiņķi 200g,rimi.lv,2.35,1.69,8.45,€/kg,"https://rimibaltic-res.cloudinary.com/image/upload/b_white,c_limit,dpr_auto,f_webp,q_auto:low,w_auto/d_ecommerce:backend-fallback.png/MAT_209255_PCE_LV"
Tostermaize Tostē klasiskā sagriezta 500g,rimi.lv,1.55,1.35,2.70,€/kg,"https://rimibaltic-res.cloudinary.com/image/upload/b_white,c_limit,dpr_auto,f_webp,q_auto:low,w_auto/d_ecommerce:backend-fallback.png/MAT_224536_PCE_LV"
Saldā krējuma Krēms Kārums šokolādes 150g,rimi.lv,1.09,0.95,6.33,€/kg,"https://rimibaltic-res.cloudinary.com/image/upload/b_white,c_limit,dpr_auto,f_webp,q_auto:low,w_auto/d_ecommerce:backend-fallback.png/MAT_271520_PCE_LV"
Makaroni Dobele Nr.5 Spaghetti 500g,rimi.lv,1.29,0.69,1.38,€/kg,"https://rimibaltic-res.cloudinary.com/image/upload/b_white,c_limit,dpr_auto,f_webp,q_auto:low,w_auto/d_ecommerce:backend-fallback.png/MAT_166157_PCE_LV"
Tuncis Kaija eļļā 160g/104g,rimi.lv,3.99,3.19,30.67,€/kg,"https://rimibaltic-res.cloudinary.com/image/upload/b_white,c_limit,dpr_auto,f_webp,q_auto:low,w_auto/d_ecommerce:backend-fallback.png/MAT_954752_PCE_LV"
Barība kaķiem One Sterilcat ar lasi 4x85,rimi.lv,4.29,2.59,7.62,€/kg,"https://rimibaltic-res.cloudinary.com/image/upload/b_white,c_limit,dpr_auto,f_webp,q_auto:low,w_auto/d_ecommerce:backend-fallback.png/MAT_7207432_PCE_LV"
Rūgušpiens Jaunpils 4% 400g,rimi.lv,1.09,0.89,2.22,€/kg,"https://rimibaltic-res.cloudinary.com/image/upload/b_white,c_limit,dpr_auto,f_webp,q_auto:low,w_auto/d_ecommerce:backend-fallback.png/MAT_912969_PCE_LV"
"Dateles Medjool, 1 kg",rimi.lv,13.99,6.99,6.99,€/kg,"https://rimibaltic-res.cloudinary.com/image/upload/b_white,c_limit,dpr_auto,f_webp,q_auto:low,w_auto/d_ecommerce:backend-fallback.png/MAT_970676_PCE_LV"
Jogurts Emma banānu 110g,rimi.lv,0.89,0.49,4.45,€/kg,"https://rimibaltic-res.cloudinary.com/image/upload/b_white,c_limit,dpr_auto,f_webp,q_auto:low,w_auto/d_ecommerce:backend-fallback.png/MAT_980931_PCE_LV"
Šķidrās ziepes Dove fresh 500ml,rimi.lv,4.19,2.55,5.10,€/l,"https://rimibaltic-res.cloudinary.com/image/upload/b_white,c_limit,dpr_auto,f_webp,q_auto:low,w_auto/d_ecommerce:backend-fallback.png/MAT_765950_PCE_LV"
Indijas rieksti Rimi 700g,rimi.lv,9.45,5.65,8.07,€/kg,"https://rimibaltic-res.cloudinary.com/image/upload/b_white,c_limit,dpr_auto,f_webp,q_auto:low,w_auto/d_ecommerce:backend-fallback.png/MAT_815068_PCE_LV"
Sula Cido apelsīnu 1l,rimi.lv,2.79,1.95,1.95,€/l,"https://rimibaltic-res.cloudinary.com/image/upload/b_white,c_limit,dpr_auto,f_webp,q_auto:low,w_auto/d_ecommerce:backend-fallback.png/MAT_100652_PCE_LV"
Batoniņš Kinder Country šokolādes 24g,rimi.lv,0.69,0.49,20.42,€/kg,"https://rimibaltic-res.cloudinary.com/image/upload/b_white,c_limit,dpr_auto,f_webp,q_auto:low,w_auto/d_ecommerce:backend-fallback.png/MAT_101019_PCE_LV"
Kvinoja Rimi baltā 400g,rimi.lv,3.59,2.88,7.20,€/kg,"https://rimibaltic-res.cloudinary.com/image/upload/b_white,c_limit,dpr_auto,f_webp,q_auto:low,w_auto/d_ecommerce:backend-fallback.png/MAT_809625_PCE_LV"
Garšviela Santa Maria paprika maltā 22g,rimi.lv,0.95,0.67,30.45,€/kg,"https://rimibaltic-res.cloudinary.com/image/upload/b_white,c_limit,dpr_auto,f_webp,q_auto:low,w_auto/d_ecommerce:backend-fallback.png/MAT_100273_PCE_LV"
"Dabīgs minerālūdens Rimi negāzēts 1,5l",rimi.lv,0.64,0.49,0.33,€/l,"https://rimibaltic-res.cloudinary.com/image/upload/b_white,c_limit,dpr_auto,f_webp,q_auto:low,w_auto/d_ecommerce:backend-fallback.png/MAT_1364661_PCE_LV"
Jogurta dzēriens Actimel multiaugļu 8x100g,rimi.lv,4.49,2.79,3.49,€/kg,"https://rimibaltic-res.cloudinary.com/image/upload/b_white,c_limit,dpr_auto,f_webp,q_auto:low,w_auto/d_ecommerce:backend-fallback.png/MAT_905509_PCE_LV"
"Proteīna batoniņš Fit zemeņu, ar saldin. 46g",rimi.lv,0.69,0.55,11.96,€/kg,"https://rimibaltic-res.cloudinary.com/image/upload/b_white,c_limit,dpr_auto,f_webp,q_auto:low,w_auto/d_ecommerce:backend-fallback.png/MAT_4005251_PCE_LV"
Kakao vafeles Roshen Wafers Cocoa 216g,rimi.lv,1.99,1.49,6.90,€/kg,"https://rimibaltic-res.cloudinary.com/image/upload/b_white,c_limit,dpr_auto,f_webp,q_auto:low,w_auto/d_ecommerce:backend-fallback.png/MAT_1003830_PCE_LV"
Maiziņš pilngraudu 240g,rimi.lv,1.43,1.09,4.54,€/kg,"https://rimibaltic-res.cloudinary.com/image/upload/b_white,c_limit,dpr_auto,f_webp,q_auto:low,w_auto/d_ecommerce:backend-fallback.png/MAT_937593_PCE_LV"
"Dzēr. Mangaļi Vitafruit citrusu gāzēts 1,5l",rimi.lv,,1.09,0.73,€/l,"https://rimibaltic-res.cloudinary.com/image/upload/b_white,c_limit,dpr_auto,f_webp,q_auto:low,w_auto/d_ecommerce:backend-fallback.png/MAT_1353713_PCE_LV"
Virtulis Donut Cookie ar pildījumu atk. 70g,rimi.lv,0.59,0.49,7.00,€/kg,"https://rimibaltic-res.cloudinary.com/image/upload/b_white,c_limit,dpr_auto,f_webp,q_auto:low,w_auto/d_ecommerce:backend-fallback.png/MAT_4002889_PCE_LV"
Kausētais siers Tere ar maurlokiem 200g,rimi.lv,2.19,1.09,5.45,€/kg,"https://rimibaltic-res.cloudinary.com/image/upload/b_white,c_limit,dpr_auto,f_webp,q_auto:low,w_auto/d_ecommerce:backend-fallback.png/MAT_4009543_PCE_LV"
Saldā krējuma krēms Kārums vaniļas 150g,rimi.lv,1.09,0.95,6.33,€/kg,"https://rimibaltic-res.cloudinary.com/image/upload/b_white,c_limit,dpr_auto,f_webp,q_auto:low,w_auto/d_ecommerce:backend-fallback.png/MAT_271519_PCE_LV"
Desa De Lukss bērniem 400g,rimi.lv,5.19,3.99,9.97,€/kg,"https://rimibaltic-res.cloudinary.com/image/upload/b_white,c_limit,dpr_auto,f_webp,q_auto:low,w_auto/d_ecommerce:backend-fallback.png/MAT_299903_PCE_LV"
Svaigais siers Smiltene tomātu bazilika 200g,rimi.lv,1.69,1.49,7.45,€/kg,"https://rimibaltic-res.cloudinary.com/image/upload/b_white,c_limit,dpr_auto,f_webp,q_auto:low,w_auto/d_ecommerce:backend-fallback.png/MAT_919164_PCE_LV"
Pica Kebab krāsnī cepta Rimi 380gr,rimi.lv,4.59,3.39,8.92,€/kg,"https://rimibaltic-res.cloudinary.com/image/upload/b_white,c_limit,dpr_auto,f_webp,q_auto:low,w_auto/d_ecommerce:backend-fallback.png/MAT_809650_PCE_LV"
Sula ābolu bumbieru 100% 3l,rimi.lv,4.59,3.69,1.23,€/l,"https://rimibaltic-res.cloudinary.com/image/upload/b_white,c_limit,dpr_auto,f_webp,q_auto:low,w_auto/d_ecommerce:backend-fallback.png/MAT_194905_PCE_LV"
Pica Quattro Formaggi Rimi 570G,rimi.lv,5.69,4.59,8.05,€/kg,"https://rimibaltic-res.cloudinary.com/image/upload/b_white,c_limit,dpr_auto,f_webp,q_auto:low,w_auto/d_ecommerce:backend-fallback.png/MAT_810803_PCE_LV"
Jog. Fantasia krēm.ar zemenēm 118g,rimi.lv,1.05,0.68,5.57,€/kg,"https://rimibaltic-res.cloudinary.com/image/upload/b_white,c_limit,dpr_auto,f_webp,q_auto:low,w_auto/d_ecommerce:backend-fallback.png/MAT_200181_PCE_LV"
Konservi kaķ. Gourmet Succ.del. ar zivīm 85g,rimi.lv,0.87,0.55,6.47,€/kg,"https://rimibaltic-res.cloudinary.com/image/upload/b_white,c_limit,dpr_auto,f_webp,q_auto:low,w_auto/d_ecommerce:backend-fallback.png/MAT_7281023_PCE_LV"
Proteīna batoniņš Rimi Cocoa & Coconut 35g,rimi.lv,1.19,0.79,22.57,€/kg,"https://rimibaltic-res.cloudinary.com/image/upload/b_white,c_limit,dpr_auto,f_webp,q_auto:low,w_auto/d_ecommerce:backend-fallback.png/MAT_816407_PCE_LV"
Mango Rimi ātri sasaldēts 1kg,rimi.lv,6.99,4.99,4.99,€/kg,"https://rimibaltic-res.cloudinary.com/image/upload/b_white,c_limit,dpr_auto,f_webp,q_auto:low,w_auto/d_ecommerce:backend-fallback.png/MAT_815809_PCE_LV"
Biezpiena sieriņš Emma ar kondensēt.pienu 40g,rimi.lv,0.49,0.25,6.25,€/kg,"https://rimibaltic-res.cloudinary.com/image/upload/b_white,c_limit,dpr_auto,f_webp,q_auto:low,w_auto/d_ecommerce:backend-fallback.png/MAT_4009152_PCE_LV"
Biezpiena sieriņš Baltais vaniļas 38g,rimi.lv,0.49,0.29,7.63,€/kg,"https://rimibaltic-res.cloudinary.com/image/upload/b_white,c_limit,dpr_auto,f_webp,q_auto:low,w_auto/d_ecommerce:backend-fallback.png/MAT_4011722_PCE_LV"
Mandeļu dzēriens Alpro Barista 1l,rimi.lv,3.79,2.49,2.49,€/l,"https://rimibaltic-res.cloudinary.com/image/upload/b_white,c_limit,dpr_auto,f_webp,q_auto:low,w_auto/d_ecommerce:backend-fallback.png/MAT_962515_PCE_LV"
Kāpostu salāti ar papriku 400g,rimi.lv,1.99,1.79,4.47,€/kg,"https://rimibaltic-res.cloudinary.com/image/upload/b_white,c_limit,dpr_auto,f_webp,q_auto:low,w_auto/d_ecommerce:backend-fallback.png/MAT_988038_PCE_LV"
Steiks Rīgas Miesnieks barbekjū marinādē 500g,rimi.lv,6.49,4.49,8.98,€/kg,"https://rimibaltic-res.cloudinary.com/image/upload/b_white,c_limit,dpr_auto,f_webp,q_auto:low,w_auto/d_ecommerce:backend-fallback.png/MAT_4010785_PCE_LV"
Maltā kafija Illy vidēji grauzdēta 250g,rimi.lv,13.99,8.49,33.96,€/kg,"https://rimibaltic-res.cloudinary.com/image/upload/b_white,c_limit,dpr_auto,f_webp,q_auto:low,w_auto/d_ecommerce:backend-fallback.png/MAT_107077_PCE_LV"
Skābenes Spilva 530g,rimi.lv,3.05,2.29,4.32,€/kg,"https://rimibaltic-res.cloudinary.com/image/upload/b_white,c_limit,dpr_auto,f_webp,q_auto:low,w_auto/d_ecommerce:backend-fallback.png/MAT_166365_PCE_LV"
Kaķu barība Sheba cuisine gaļas 4paka,rimi.lv,3.65,1.89,5.56,€/kg,"https://rimibaltic-res.cloudinary.com/image/upload/b_white,c_limit,dpr_auto,f_webp,q_auto:low,w_auto/d_ecommerce:backend-fallback.png/MAT_7137335_PCE_LV"
Dzēriens Zoo Minions aveņu 0.2l,rimi.lv,0.59,0.39,1.95,€/l,"https://rimibaltic-res.cloudinary.com/image/upload/b_white,c_limit,dpr_auto,f_webp,q_auto:low,w_auto/d_ecommerce:backend-fallback.png/MAT_173558_PCE_LV"
Cepumi Selga Dubultie lazdu r. pild. 205g,rimi.lv,2.79,1.79,8.73,€/kg,"https://rimibaltic-res.cloudinary.com/image/upload/b_white,c_limit,dpr_auto,f_webp,q_auto:low,w_auto/d_ecommerce:backend-fallback.png/MAT_1001211_PCE_LV"
Vafele Knoppers ar riekstu krēmu 25g,rimi.lv,0.70,0.59,23.60,€/kg,"https://rimibaltic-res.cloudinary.com/image/upload/b_white,c_limit,dpr_auto,f_webp,q_auto:low,w_auto/d_ecommerce:backend-fallback.png/MAT_148171_PCE_LV"
Mango un avenes Rimi saldētas 400g,rimi.lv,4.39,2.77,6.92,€/kg,"https://rimibaltic-res.cloudinary.com/image/upload/b_white,c_limit,dpr_auto,f_webp,q_auto:low,w_auto/d_ecommerce:backend-fallback.png/MAT_812719_PCE_LV"
"Dabīgs minerālūdens Akvile viegli gāzēts 1,5l",rimi.lv,,0.49,0.33,€/l,"https://rimibaltic-res.cloudinary.com/image/upload/b_white,c_limit,dpr_auto,f_webp,q_auto:low,w_auto/d_ecommerce:backend-fallback.png/MAT_1359699_PCE_LV"
Halloumi siers Rimi Planet 200g,rimi.lv,3.49,2.99,14.95,€/kg,"https://rimibaltic-res.cloudinary.com/image/upload/b_white,c_limit,dpr_auto,f_webp,q_auto:low,w_auto/d_ecommerce:backend-fallback.png/MAT_815170_PCE_LV"
Kausētais siers Tere ar grilētu vistu 200g,rimi.lv,2.19,1.09,5.45,€/kg,"https://rimibaltic-res.cloudinary.com/image/upload/b_white,c_limit,dpr_auto,f_webp,q_auto:low,w_auto/d_ecommerce:backend-fallback.png/MAT_4009535_PCE_LV"
Auzu pārslas Herkuless smalcinātas 500g,rimi.lv,1.69,0.99,1.98,€/kg,"https://rimibaltic-res.cloudinary.com/image/upload/b_white,c_limit,dpr_auto,f_webp,q_auto:low,w_auto/d_ecommerce:backend-fallback.png/MAT_1000949_PCE_LV"
"Dabīgais minerālūdens Zaķumuiža Sport 0,765l",rimi.lv,1.25,0.79,1.03,€/l,"https://rimibaltic-res.cloudinary.com/image/upload/b_white,c_limit,dpr_auto,f_webp,q_auto:low,w_auto/d_ecommerce:backend-fallback.png/MAT_1367857_PCE_LV"
Nageti cāļa fil.Bērnu dubultpaka 2x310g,rimi.lv,5.49,3.89,6.27,€/kg,"https://rimibaltic-res.cloudinary.com/image/upload/b_white,c_limit,dpr_auto,f_webp,q_auto:low,w_auto/d_ecommerce:backend-fallback.png/MAT_966805_PCE_LV"
Proteīna bat. Rimi Peanuts & Chocolate 35g,rimi.lv,1.19,0.79,22.57,€/kg,"https://rimibaltic-res.cloudinary.com/image/upload/b_white,c_limit,dpr_auto,f_webp,q_auto:low,w_auto/d_ecommerce:backend-fallback.png/MAT_816400_PCE_LV"
Šķīstošā kafija Rimi bez kofeīna 100g,rimi.lv,6.29,3.69,36.90,€/kg,"https://rimibaltic-res.cloudinary.com/image/upload/b_white,c_limit,dpr_auto,f_webp,q_auto:low,w_auto/d_ecommerce:backend-fallback.png/MAT_801656_PCE_LV"
Batoniņš ābol.banān.auzas  Hipp BIO 23g,rimi.lv,1.49,1.09,47.39,€/kg,"https://rimibaltic-res.cloudinary.com/image/upload/b_white,c_limit,dpr_auto,f_webp,q_auto:low,w_auto/d_ecommerce:backend-fallback.png/MAT_7161301_PCE_LV"
Želejkonfektes Fini 90g,rimi.lv,1.49,0.99,11.00,€/kg,"https://rimibaltic-res.cloudinary.com/image/upload/b_white,c_limit,dpr_auto,f_webp,q_auto:low,w_auto/d_ecommerce:backend-fallback.png/MAT_141059_PCE_LV"
Tomātu mērce Spilva saldā 510g,rimi.lv,2.45,1.79,3.51,€/kg,"https://rimibaltic-res.cloudinary.com/image/upload/b_white,c_limit,dpr_auto,f_webp,q_auto:low,w_auto/d_ecommerce:backend-fallback.png/MAT_155905_PCE_LV"
Šokolāde ar ar rozīn. un lazdu riekst. 180g,rimi.lv,5.99,3.59,19.94,€/kg,"https://rimibaltic-res.cloudinary.com/image/upload/b_white,c_limit,dpr_auto,f_webp,q_auto:low,w_auto/d_ecommerce:backend-fallback.png/MAT_1022682_PCE_LV"
Vārīts cāļa šķiņķis Ķekava klasiskais 90g,rimi.lv,1.49,1.05,11.67,€/kg,"https://rimibaltic-res.cloudinary.com/image/upload/b_white,c_limit,dpr_auto,f_webp,q_auto:low,w_auto/d_ecommerce:backend-fallback.png/MAT_4011983_PCE_LV"
Sezama baltmaize Latvijas Zeltene 400g,rimi.lv,1.38,0.89,2.22,€/kg,"https://rimibaltic-res.cloudinary.com/image/upload/b_white,c_limit,dpr_auto,f_webp,q_auto:low,w_auto/d_ecommerce:backend-fallback.png/MAT_4001114_PCE_LV"
Konservi kaķiem Sheba Tray zivs 4x85g,rimi.lv,3.65,1.89,5.56,€/kg,"https://rimibaltic-res.cloudinary.com/image/upload/b_white,c_limit,dpr_auto,f_webp,q_auto:low,w_auto/d_ecommerce:backend-fallback.png/MAT_7168539_PCE_LV"
Tuncis Rio Mare olīveļļā 3+1 320g/208g,rimi.lv,10.29,6.99,33.61,€/kg,"https://rimibaltic-res.cloudinary.com/image/upload/b_white,c_limit,dpr_auto,f_webp,q_auto:low,w_auto/d_ecommerce:backend-fallback.png/MAT_113558_PCE_LV"
Bekons Nākotne kūpināts 300g,rimi.lv,3.39,2.79,9.30,€/kg,"https://rimibaltic-res.cloudinary.com/image/upload/b_white,c_limit,dpr_auto,f_webp,q_auto:low,w_auto/d_ecommerce:backend-fallback.png/MAT_974567_PCE_LV"
Saldais biezpiens Baltais vaniļas 180g,rimi.lv,1.29,1.09,6.06,€/kg,"https://rimibaltic-res.cloudinary.com/image/upload/b_white,c_limit,dpr_auto,f_webp,q_auto:low,w_auto/d_ecommerce:backend-fallback.png/MAT_295137_PCE_LV"
Majonēze Spilva baraviku 250g,rimi.lv,1.79,1.29,5.16,€/kg,"https://rimibaltic-res.cloudinary.com/image/upload/b_white,c_limit,dpr_auto,f_webp,q_auto:low,w_auto/d_ecommerce:backend-fallback.png/MAT_290672_PCE_LV"
Krēmsiers Philadelphia XL 300g,rimi.lv,4.99,3.99,13.30,€/kg,"https://rimibaltic-res.cloudinary.com/image/upload/b_white,c_limit,dpr_auto,f_webp,q_auto:low,w_auto/d_ecommerce:backend-fallback.png/MAT_973156_PCE_LV"
Čipsi Ādažu ar tomātu garšu 130g,rimi.lv,2.49,1.74,13.38,€/kg,"https://rimibaltic-res.cloudinary.com/image/upload/b_white,c_limit,dpr_auto,f_webp,q_auto:low,w_auto/d_ecommerce:backend-fallback.png/MAT_1008026_PCE_LV"
Olu nūdeles Santa Maria 250g,rimi.lv,2.29,1.79,7.16,€/kg,"https://rimibaltic-res.cloudinary.com/image/upload/b_white,c_limit,dpr_auto,f_webp,q_auto:low,w_auto/d_ecommerce:backend-fallback.png/MAT_1020578_PCE_LV"
Mērce Spilva burgeru 220g,rimi.lv,2.59,1.79,8.14,€/kg,"https://rimibaltic-res.cloudinary.com/image/upload/b_white,c_limit,dpr_auto,f_webp,q_auto:low,w_auto/d_ecommerce:backend-fallback.png/MAT_940860_PCE_LV"
Rīvēta siera maisījums Džiugas salātiem 200g,rimi.lv,3.19,2.49,12.45,€/kg,"https://rimibaltic-res.cloudinary.com/image/upload/b_white,c_limit,dpr_auto,f_webp,q_auto:low,w_auto/d_ecommerce:backend-fallback.png/MAT_997655_PCE_LV"
Karbonāde Nākotne karsti kūpināta kg,rimi.lv,12.29,6.99,6.99,€/kg,"https://rimibaltic-res.cloudinary.com/image/upload/b_white,c_limit,dpr_auto,f_webp,q_auto:low,w_auto/d_ecommerce:backend-fallback.png/MAT_4004082_KGM_LV"
Pelmeņi Mājas ar kūpinātu gaļu 1kg,rimi.lv,4.69,3.49,3.49,€/kg,"https://rimibaltic-res.cloudinary.com/image/upload/b_white,c_limit,dpr_auto,f_webp,q_auto:low,w_auto/d_ecommerce:backend-fallback.png/MAT_209801_PCE_LV"
Nektārs Cido vīnogu 1l,rimi.lv,2.09,1.55,1.55,€/l,"https://rimibaltic-res.cloudinary.com/image/upload/b_white,c_limit,dpr_auto,f_webp,q_auto:low,w_auto/d_ecommerce:backend-fallback.png/MAT_100635_PCE_LV"
Saldējums Tio Vēsma 120ml/75g,rimi.lv,0.99,0.69,9.20,€/kg,"https://rimibaltic-res.cloudinary.com/image/upload/b_white,c_limit,dpr_auto,f_webp,q_auto:low,w_auto/d_ecommerce:backend-fallback.png/MAT_208415_PCE_LV"
Maiziņš dārzeņu 240g,rimi.lv,1.62,1.09,4.54,€/kg,"https://rimibaltic-res.cloudinary.com/image/upload/b_white,c_limit,dpr_auto,f_webp,q_auto:low,w_auto/d_ecommerce:backend-fallback.png/MAT_937635_PCE_LV"
Polārmaize Fazer auzu 180g,rimi.lv,2.30,1.79,9.94,€/kg,"https://rimibaltic-res.cloudinary.com/image/upload/b_white,c_limit,dpr_auto,f_webp,q_auto:low,w_auto/d_ecommerce:backend-fallback.png/MAT_956931_PCE_LV"
Cūkgaļas karbonāde RM škēlēs 100g,rimi.lv,1.99,1.49,14.90,€/kg,"https://rimibaltic-res.cloudinary.com/image/upload/b_white,c_limit,dpr_auto,f_webp,q_auto:low,w_auto/d_ecommerce:backend-fallback.png/MAT_4000713_PCE_LV"
Kefīrs Baltais aveņu 700g,rimi.lv,1.69,1.29,1.84,€/kg,"https://rimibaltic-res.cloudinary.com/image/upload/b_white,c_limit,dpr_auto,f_webp,q_auto:low,w_auto/d_ecommerce:backend-fallback.png/MAT_4011711_PCE_LV"
Cepumi Piparkūkas 450g,rimi.lv,4.29,3.59,7.98,€/kg,"https://rimibaltic-res.cloudinary.com/image/upload/b_white,c_limit,dpr_auto,f_webp,q_auto:low,w_auto/d_ecommerce:backend-fallback.png/MAT_163923_PCE_LV"
Garšvielu maisījums Santa Maria Fajita 28g,rimi.lv,1.25,0.99,35.36,€/kg,"https://rimibaltic-res.cloudinary.com/image/upload/b_white,c_limit,dpr_auto,f_webp,q_auto:low,w_auto/d_ecommerce:backend-fallback.png/MAT_174893_PCE_LV"
Zivju pirkstiņi Findus saldēti 420g,rimi.lv,5.99,4.39,10.45,€/kg,"https://rimibaltic-res.cloudinary.com/image/upload/b_white,c_limit,dpr_auto,f_webp,q_auto:low,w_auto/d_ecommerce:backend-fallback.png/MAT_996500_PCE_LV"
Kaķu kārums Dreamies ar cāļu gaļu 60g,rimi.lv,2.09,1.29,21.50,€/kg,"https://rimibaltic-res.cloudinary.com/image/upload/b_white,c_limit,dpr_auto,f_webp,q_auto:low,w_auto/d_ecommerce:backend-fallback.png/MAT_7077565_PCE_LV"
Tosterm. Latvijas Graudu Maize sēk. 450g,rimi.lv,1.71,1.19,2.64,€/kg,"https://rimibaltic-res.cloudinary.com/image/upload/b_white,c_limit,dpr_auto,f_webp,q_auto:low,w_auto/d_ecommerce:backend-fallback.png/MAT_4002038_PCE_LV"
Valrieksti Rimi 700g,rimi.lv,8.79,5.65,8.07,€/kg,"https://rimibaltic-res.cloudinary.com/image/upload/b_white,c_limit,dpr_auto,f_webp,q_auto:low,w_auto/d_ecommerce:backend-fallback.png/MAT_814918_PCE_LV"
Tomāti Rimi plūmju 47-57 mm 500g,rimi.lv,1.99,1.59,3.18,€/kg,"https://rimibaltic-res.cloudinary.com/image/upload/b_white,c_limit,dpr_auto,f_webp,q_auto:low,w_auto/d_ecommerce:backend-fallback.png/MAT_295321_PCE_LV"
Gāz. dzēr. Enjoy citrons laims piparm. 1.5l,rimi.lv,1.69,1.29,0.86,€/l,"https://rimibaltic-res.cloudinary.com/image/upload/b_white,c_limit,dpr_auto,f_webp,q_auto:low,w_auto/d_ecommerce:backend-fallback.png/MAT_1355561_PCE_LV"
Majonēze Mālpils provansas 250g,rimi.lv,1.29,0.99,3.96,€/kg,"https://rimibaltic-res.cloudinary.com/image/upload/b_white,c_limit,dpr_auto,f_webp,q_auto:low,w_auto/d_ecommerce:backend-fallback.png/MAT_4003725_PCE_LV"
Sardīnes Kaija eļļā 240g/144g,rimi.lv,1.89,1.49,10.35,€/kg,"https://rimibaltic-res.cloudinary.com/image/upload/b_white,c_limit,dpr_auto,f_webp,q_auto:low,w_auto/d_ecommerce:backend-fallback.png/MAT_4007559_PCE_LV"
Kons.kaķ.Gourmet Gold Mous.past.ar teļa g.85g,rimi.lv,0.87,0.55,6.47,€/kg,"https://rimibaltic-res.cloudinary.com/image/upload/b_white,c_limit,dpr_auto,f_webp,q_auto:low,w_auto/d_ecommerce:backend-fallback.png/MAT_7313988_PCE_LV"
Biezpiena drumstalkūka Kūko ar bumbier. 450g,rimi.lv,5.99,4.59,10.20,€/kg,"https://rimibaltic-res.cloudinary.com/image/upload/b_white,c_limit,dpr_auto,f_webp,q_auto:low,w_auto/d_ecommerce:backend-fallback.png/MAT_4012176_PCE_LV"
Buljons I Love Eco dārzeņu 66g,rimi.lv,2.15,1.50,22.73,€/kg,"https://rimibaltic-res.cloudinary.com/image/upload/b_white,c_limit,dpr_auto,f_webp,q_auto:low,w_auto/d_ecommerce:backend-fallback.png/MAT_808328_PCE_LV"
Tunča pastēte Kaija Vidusjūras gaumē 125g,rimi.lv,2.29,1.79,14.32,€/kg,"https://rimibaltic-res.cloudinary.com/image/upload/b_white,c_limit,dpr_auto,f_webp,q_auto:low,w_auto/d_ecommerce:backend-fallback.png/MAT_996533_PCE_LV"
Jogurts Piatnica bez piedevām 330g,rimi.lv,0.99,0.79,2.39,€/kg,"https://rimibaltic-res.cloudinary.com/image/upload/b_white,c_limit,dpr_auto,f_webp,q_auto:low,w_auto/d_ecommerce:backend-fallback.png/MAT_4006589_PCE_LV"
Biezpiena sieriņš Emma ar dzērvenēm 40g,rimi.lv,0.49,0.25,6.25,€/kg,"https://rimibaltic-res.cloudinary.com/image/upload/b_white,c_limit,dpr_auto,f_webp,q_auto:low,w_auto/d_ecommerce:backend-fallback.png/MAT_4009151_PCE_LV"
Tuncis Kaija Terijaki mērcē 110g,rimi.lv,2.79,2.19,19.91,€/kg,"https://rimibaltic-res.cloudinary.com/image/upload/b_white,c_limit,dpr_auto,f_webp,q_auto:low,w_auto/d_ecommerce:backend-fallback.png/MAT_4011190_PCE_LV"
Kafijas pupiņas Selection Brazil 1kg,rimi.lv,25.99,16.99,16.99,€/kg,"https://rimibaltic-res.cloudinary.com/image/upload/b_white,c_limit,dpr_auto,f_webp,q_auto:low,w_auto/d_ecommerce:backend-fallback.png/MAT_811588_PCE_LV"
Sald.Pols šokolādes šok. glaz.120ml/75g,rimi.lv,1.39,0.79,10.53,€/kg,"https://rimibaltic-res.cloudinary.com/image/upload/b_white,c_limit,dpr_auto,f_webp,q_auto:low,w_auto/d_ecommerce:backend-fallback.png/MAT_947223_PCE_LV"
Sulas dzēriens Cido MIX multiaugļu 1l,rimi.lv,2.09,1.55,1.55,€/l,"https://rimibaltic-res.cloudinary.com/image/upload/b_white,c_limit,dpr_auto,f_webp,q_auto:low,w_auto/d_ecommerce:backend-fallback.png/MAT_125914_PCE_LV"
Olīveļļa Rimi 1l,rimi.lv,11.99,6.99,6.99,€/l,"https://rimibaltic-res.cloudinary.com/image/upload/b_white,c_limit,dpr_auto,f_webp,q_auto:low,w_auto/d_ecommerce:backend-fallback.png/MAT_808051_PCE_LV"
Cīsiņi Forevers bez apvalka 450g,rimi.lv,2.49,1.79,3.98,€/kg,"https://rimibaltic-res.cloudinary.com/image/upload/b_white,c_limit,dpr_auto,f_webp,q_auto:low,w_auto/d_ecommerce:backend-fallback.png/MAT_4001166_PCE_LV"
Maltā kafija Dallmayr Prodomo 500g,rimi.lv,16.79,9.99,19.98,€/kg,"https://rimibaltic-res.cloudinary.com/image/upload/b_white,c_limit,dpr_auto,f_webp,q_auto:low,w_auto/d_ecommerce:backend-fallback.png/MAT_149034_PCE_LV"
Saldskābmaize Tava plaucēta 550g,rimi.lv,1.29,1.15,2.09,€/kg,"https://rimibaltic-res.cloudinary.com/image/upload/b_white,c_limit,dpr_auto,f_webp,q_auto:low,w_auto/d_ecommerce:backend-fallback.png/MAT_274392_PCE_LV"
Kaķu konservi Felix Sens. zivju izlase 4x85g,rimi.lv,2.35,1.49,4.38,€/kg,"https://rimibaltic-res.cloudinary.com/image/upload/b_white,c_limit,dpr_auto,f_webp,q_auto:low,w_auto/d_ecommerce:backend-fallback.png/MAT_7255792_PCE_LV"
Bekons prociutto Rakvere šķēlēs 140g,rimi.lv,2.69,1.99,14.21,€/kg,"https://rimibaltic-res.cloudinary.com/image/upload/b_white,c_limit,dpr_auto,f_webp,q_auto:low,w_auto/d_ecommerce:backend-fallback.png/MAT_981300_PCE_LV"
"Cūkgaļas kotlešu masa, atdz. Rimi Smart 350g",rimi.lv,1.59,0.99,2.83,€/kg,"https://rimibaltic-res.cloudinary.com/image/upload/b_white,c_limit,dpr_auto,f_webp,q_auto:low,w_auto/d_ecommerce:backend-fallback.png/MAT_815631_PCE_LV"
Desa Nākotne Mājas pusžāvēta 250g,rimi.lv,2.59,2.19,8.76,€/kg,"https://rimibaltic-res.cloudinary.com/image/upload/b_white,c_limit,dpr_auto,f_webp,q_auto:low,w_auto/d_ecommerce:backend-fallback.png/MAT_4011368_PCE_LV"
Biezpiena krēms Baltais protein aveņu 300g,rimi.lv,1.99,1.49,4.97,€/kg,"https://rimibaltic-res.cloudinary.com/image/upload/b_white,c_limit,dpr_auto,f_webp,q_auto:low,w_auto/d_ecommerce:backend-fallback.png/MAT_4011733_PCE_LV"
Pasta Selection by Rimi Gigli 500g,rimi.lv,1.99,1.49,2.98,€/kg,"https://rimibaltic-res.cloudinary.com/image/upload/b_white,c_limit,dpr_auto,f_webp,q_auto:low,w_auto/d_ecommerce:backend-fallback.png/MAT_806907_PCE_LV"
Bekons amerikāņu gaumē a/k šķēlēs 150g,rimi.lv,2.75,2.39,15.93,€/kg,"https://rimibaltic-res.cloudinary.com/image/upload/b_white,c_limit,dpr_auto,f_webp,q_auto:low,w_auto/d_ecommerce:backend-fallback.png/MAT_903641_PCE_LV"
Rudzu baltmaize Lielmaize 500g,rimi.lv,1.84,1.29,2.58,€/kg,"https://rimibaltic-res.cloudinary.com/image/upload/b_white,c_limit,dpr_auto,f_webp,q_auto:low,w_auto/d_ecommerce:backend-fallback.png/MAT_978605_PCE_LV"
Sardeles Lido cūkgaļas 420g,rimi.lv,6.49,5.59,13.31,€/kg,"https://rimibaltic-res.cloudinary.com/image/upload/b_white,c_limit,dpr_auto,f_webp,q_auto:low,w_auto/d_ecommerce:backend-fallback.png/MAT_4000010_PCE_LV"
Šokolādes krēms Nutella lazdu riekstu 230g,rimi.lv,4.39,3.49,15.17,€/kg,"https://rimibaltic-res.cloudinary.com/image/upload/b_white,c_limit,dpr_auto,f_webp,q_auto:low,w_auto/d_ecommerce:backend-fallback.png/MAT_141861_PCE_LV"
Maltā kafija Lofbergs Kharisma 500g,rimi.lv,13.99,7.89,15.78,€/kg,"https://rimibaltic-res.cloudinary.com/image/upload/b_white,c_limit,dpr_auto,f_webp,q_auto:low,w_auto/d_ecommerce:backend-fallback.png/MAT_160255_PCE_LV"
Mērce Spilva Wrap 220g,rimi.lv,2.59,1.79,8.14,€/kg,"https://rimibaltic-res.cloudinary.com/image/upload/b_white,c_limit,dpr_auto,f_webp,q_auto:low,w_auto/d_ecommerce:backend-fallback.png/MAT_940857_PCE_LV"
Mandeļu sviesta cepumi Selection by Rimi 100g,rimi.lv,2.59,1.99,19.90,€/kg,"https://rimibaltic-res.cloudinary.com/image/upload/b_white,c_limit,dpr_auto,f_webp,q_auto:low,w_auto/d_ecommerce:backend-fallback.png/MAT_807452_PCE_LV"
Jogurts Baltais maizes ar plūmēm 380g,rimi.lv,1.39,1.19,3.13,€/kg,"https://rimibaltic-res.cloudinary.com/image/upload/b_white,c_limit,dpr_auto,f_webp,q_auto:low,w_auto/d_ecommerce:backend-fallback.png/MAT_905198_PCE_LV"
"Tomātu mērce bez pievienota cukura 0,5l",rimi.lv,3.05,2.29,4.49,€/kg,"https://rimibaltic-res.cloudinary.com/image/upload/b_white,c_limit,dpr_auto,f_webp,q_auto:low,w_auto/d_ecommerce:backend-fallback.png/MAT_196243_PCE_LV"
Biezpiena sieriņš Emma vaniļas 40g,rimi.lv,0.49,0.25,6.25,€/kg,"https://rimibaltic-res.cloudinary.com/image/upload/b_white,c_limit,dpr_auto,f_webp,q_auto:low,w_auto/d_ecommerce:backend-fallback.png/MAT_4009161_PCE_LV"
Šokolādes ola Kinder Surprise 20g,rimi.lv,1.25,1.09,54.50,€/kg,"https://rimibaltic-res.cloudinary.com/image/upload/b_white,c_limit,dpr_auto,f_webp,q_auto:low,w_auto/d_ecommerce:backend-fallback.png/MAT_101170_PCE_LV"
Surimi nūjiņas Rimi 150g,rimi.lv,1.59,0.99,6.60,€/kg,"https://rimibaltic-res.cloudinary.com/image/upload/b_white,c_limit,dpr_auto,f_webp,q_auto:low,w_auto/d_ecommerce:backend-fallback.png/MAT_811657_PCE_LV"
Kūpināts marinēts šķiņķis fas.kg,rimi.lv,12.59,9.99,9.99,€/kg,"https://rimibaltic-res.cloudinary.com/image/upload/b_white,c_limit,dpr_auto,f_webp,q_auto:low,w_auto/d_ecommerce:backend-fallback.png/MAT_993603_KGM_LV"
"Dz. ūdens Rimi ar brūkleņu garšu gāzēts 1,5l",rimi.lv,1.09,0.85,0.57,€/l,"https://rimibaltic-res.cloudinary.com/image/upload/b_white,c_limit,dpr_auto,f_webp,q_auto:low,w_auto/d_ecommerce:backend-fallback.png/MAT_1360021_PCE_LV"
Atlantijas laša maltā gaļa Viči saldēta 1kg,rimi.lv,4.99,4.29,4.29,€/kg,"https://rimibaltic-res.cloudinary.com/image/upload/b_white,c_limit,dpr_auto,f_webp,q_auto:low,w_auto/d_ecommerce:backend-fallback.png/MAT_299741_PCE_LV"
"Nūdeles Knorr ar sieru, zaļum. ātri pag. 61g",rimi.lv,0.99,0.65,10.66,€/kg,"https://rimibaltic-res.cloudinary.com/image/upload/b_white,c_limit,dpr_auto,f_webp,q_auto:low,w_auto/d_ecommerce:backend-fallback.png/MAT_165629_PCE_LV"
Siers Truly Irish Čedaras Īru red 200g,rimi.lv,3.99,3.49,17.45,€/kg,"https://rimibaltic-res.cloudinary.com/image/upload/b_white,c_limit,dpr_auto,f_webp,q_auto:low,w_auto/d_ecommerce:backend-fallback.png/MAT_922831_PCE_LV"
Krēmsiers Philadelphia ar ekstra prot. 175g,rimi.lv,4.69,2.99,17.09,€/kg,"https://rimibaltic-res.cloudinary.com/image/upload/b_white,c_limit,dpr_auto,f_webp,q_auto:low,w_auto/d_ecommerce:backend-fallback.png/MAT_4002972_PCE_LV"
Plomb. sald. Pols šok. gl. uz koc. 120ml/75g,rimi.lv,1.39,0.79,10.53,€/kg,"https://rimibaltic-res.cloudinary.com/image/upload/b_white,c_limit,dpr_auto,f_webp,q_auto:low,w_auto/d_ecommerce:backend-fallback.png/MAT_902087_PCE_LV"
Popkorns Rimi ar sviesta garšu 90g,rimi.lv,0.89,0.75,8.33,€/kg,"https://rimibaltic-res.cloudinary.com/image/upload/b_white,c_limit,dpr_auto,f_webp,q_auto:low,w_auto/d_ecommerce:backend-fallback.png/MAT_813137_PCE_LV"
Sardīnes Kaija tomātu mērcē 240g,rimi.lv,1.89,1.49,6.21,€/kg,"https://rimibaltic-res.cloudinary.com/image/upload/b_white,c_limit,dpr_auto,f_webp,q_auto:low,w_auto/d_ecommerce:backend-fallback.png/MAT_4007600_PCE_LV"
Maize Lielmaize Burger 360g,rimi.lv,1.66,1.29,3.58,€/kg,"https://rimibaltic-res.cloudinary.com/image/upload/b_white,c_limit,dpr_auto,f_webp,q_auto:low,w_auto/d_ecommerce:backend-fallback.png/MAT_4009878_PCE_LV"
Maltā kafija Lavazza oro 250g,rimi.lv,11.59,6.15,24.60,€/kg,"https://rimibaltic-res.cloudinary.com/image/upload/b_white,c_limit,dpr_auto,f_webp,q_auto:low,w_auto/d_ecommerce:backend-fallback.png/MAT_111032_PCE_LV"
Miltu maisījums Dobele ātrā kūka 400g,rimi.lv,1.69,1.19,2.97,€/kg,"https://rimibaltic-res.cloudinary.com/image/upload/b_white,c_limit,dpr_auto,f_webp,q_auto:low,w_auto/d_ecommerce:backend-fallback.png/MAT_121515_PCE_LV"
Siers Smiltene Burrata 100g,rimi.lv,2.75,2.19,21.90,€/kg,"https://rimibaltic-res.cloudinary.com/image/upload/b_white,c_limit,dpr_auto,f_webp,q_auto:low,w_auto/d_ecommerce:backend-fallback.png/MAT_4000015_PCE_LV"
Kartupeļi Rimi Amandine gardēžu 900g,rimi.lv,2.49,1.99,2.21,€/kg,"https://rimibaltic-res.cloudinary.com/image/upload/b_white,c_limit,dpr_auto,f_webp,q_auto:low,w_auto/d_ecommerce:backend-fallback.png/MAT_299236_PCE_LV"
Buljons I Love Eco vistas 66g,rimi.lv,2.15,1.50,22.73,€/kg,"https://rimibaltic-res.cloudinary.com/image/upload/b_white,c_limit,dpr_auto,f_webp,q_auto:low,w_auto/d_ecommerce:backend-fallback.png/MAT_808312_PCE_LV"
Sinepes Spilva angļu 200g,rimi.lv,1.69,1.39,6.95,€/kg,"https://rimibaltic-res.cloudinary.com/image/upload/b_white,c_limit,dpr_auto,f_webp,q_auto:low,w_auto/d_ecommerce:backend-fallback.png/MAT_112322_PCE_LV"
Sēklu bagātīgās maizes šķēles Fazer 400g,rimi.lv,2.30,1.75,4.37,€/kg,"https://rimibaltic-res.cloudinary.com/image/upload/b_white,c_limit,dpr_auto,f_webp,q_auto:low,w_auto/d_ecommerce:backend-fallback.png/MAT_940725_PCE_LV"
"Sausm. Selga ar auzu p., saulesp. sēklām 200g",rimi.lv,3.09,2.45,12.25,€/kg,"https://rimibaltic-res.cloudinary.com/image/upload/b_white,c_limit,dpr_auto,f_webp,q_auto:low,w_auto/d_ecommerce:backend-fallback.png/MAT_996878_PCE_LV"
Krēmsiers Arla dabīgs bez laktozes 200g,rimi.lv,2.65,2.19,10.95,€/kg,"https://rimibaltic-res.cloudinary.com/image/upload/b_white,c_limit,dpr_auto,f_webp,q_auto:low,w_auto/d_ecommerce:backend-fallback.png/MAT_997761_PCE_LV"
Mandeļu milti Rimi GreatLife 300g,rimi.lv,6.49,4.99,16.63,€/kg,"https://rimibaltic-res.cloudinary.com/image/upload/b_white,c_limit,dpr_auto,f_webp,q_auto:low,w_auto/d_ecommerce:backend-fallback.png/MAT_812822_PCE_LV"
Olīvu izspaidu eļļa Goccia d'Oro Pomace 1l,rimi.lv,10.79,5.99,5.99,€/l,"https://rimibaltic-res.cloudinary.com/image/upload/b_white,c_limit,dpr_auto,f_webp,q_auto:low,w_auto/d_ecommerce:backend-fallback.png/MAT_113370_PCE_LV"
Kukurūzas čipsi Santa Maria načos 475g,rimi.lv,4.89,3.42,7.20,€/kg,"https://rimibaltic-res.cloudinary.com/image/upload/b_white,c_limit,dpr_auto,f_webp,q_auto:low,w_auto/d_ecommerce:backend-fallback.png/MAT_174873_PCE_LV"
Cepamais pulveris Spilva 13g,rimi.lv,0.31,0.21,16.15,€/kg,"https://rimibaltic-res.cloudinary.com/image/upload/b_white,c_limit,dpr_auto,f_webp,q_auto:low,w_auto/d_ecommerce:backend-fallback.png/MAT_1021204_PCE_LV"
Tuncis Kaija Poke mērcē 110g,rimi.lv,2.79,1.99,18.09,€/kg,"https://rimibaltic-res.cloudinary.com/image/upload/b_white,c_limit,dpr_auto,f_webp,q_auto:low,w_auto/d_ecommerce:backend-fallback.png/MAT_4011159_PCE_LV"
Kefīra maize Fazer gardā 600g,rimi.lv,2.12,1.69,2.82,€/kg,"https://rimibaltic-res.cloudinary.com/image/upload/b_white,c_limit,dpr_auto,f_webp,q_auto:low,w_auto/d_ecommerce:backend-fallback.png/MAT_4010936_PCE_LV"
Kons. kaķiem Gourmet Succu.del.ar liel.g. 85g,rimi.lv,0.87,0.55,6.47,€/kg,"https://rimibaltic-res.cloudinary.com/image/upload/b_white,c_limit,dpr_auto,f_webp,q_auto:low,w_auto/d_ecommerce:backend-fallback.png/MAT_7281034_PCE_LV"
Trauku mazg. maš. tīrīš.līdz. Salling 250ml,rimi.lv,1.69,1.35,5.40,€/l,"https://rimibaltic-res.cloudinary.com/image/upload/b_white,c_limit,dpr_auto,f_webp,q_auto:low,w_auto/d_ecommerce:backend-fallback.png/MAT_817624_PCE_LV"
Dārzeņi Rimi ķīniešu gaumē cepšanai 400g,rimi.lv,2.19,1.79,4.47,€/kg,"https://rimibaltic-res.cloudinary.com/image/upload/b_white,c_limit,dpr_auto,f_webp,q_auto:low,w_auto/d_ecommerce:backend-fallback.png/MAT_808967_PCE_LV"
Cāļa desa ar olu 400g,rimi.lv,2.89,1.99,4.97,€/kg,"https://rimibaltic-res.cloudinary.com/image/upload/b_white,c_limit,dpr_auto,f_webp,q_auto:low,w_auto/d_ecommerce:backend-fallback.png/MAT_219964_PCE_LV"
Kokosr. piens Santa Maria oriģinālais 250ml,rimi.lv,3.09,2.35,9.40,€/l,"https://rimibaltic-res.cloudinary.com/image/upload/b_white,c_limit,dpr_auto,f_webp,q_auto:low,w_auto/d_ecommerce:backend-fallback.png/MAT_196376_PCE_LV"
Gaļa Nākotne Saimnieka kg,rimi.lv,10.99,7.99,7.99,€/kg,"https://rimibaltic-res.cloudinary.com/image/upload/b_white,c_limit,dpr_auto,f_webp,q_auto:low,w_auto/d_ecommerce:backend-fallback.png/MAT_266221_KGM_LV"
Kotletes Mājas RM 400g,rimi.lv,3.49,2.99,7.47,€/kg,"https://rimibaltic-res.cloudinary.com/image/upload/b_white,c_limit,dpr_auto,f_webp,q_auto:low,w_auto/d_ecommerce:backend-fallback.png/MAT_994666_PCE_LV"
"Nīlas tilapijas filejas bez ādas, asak. kg",rimi.lv,11.99,8.99,8.99,€/kg,"https://rimibaltic-res.cloudinary.com/image/upload/b_white,c_limit,dpr_auto,f_webp,q_auto:low,w_auto/d_ecommerce:backend-fallback.png/MAT_814691_KGM_LV"
Pakaiši kaķiem Pet Perfect sil.necem 10l,rimi.lv,11.39,7.99,0.80,€/l,"https://rimibaltic-res.cloudinary.com/image/upload/b_white,c_limit,dpr_auto,f_webp,q_auto:low,w_auto/d_ecommerce:backend-fallback.png/MAT_815252_PCE_LV"
"Dabīgais minerālūdens Zaķumuiža negāz. 1,25l",rimi.lv,1.05,0.69,0.55,€/l,"https://rimibaltic-res.cloudinary.com/image/upload/b_white,c_limit,dpr_auto,f_webp,q_auto:low,w_auto/d_ecommerce:backend-fallback.png/MAT_1364670_PCE_LV"
Melnā tēja Ahmad Tea Earl Grey 100g,rimi.lv,3.99,2.99,29.90,€/kg,"https://rimibaltic-res.cloudinary.com/image/upload/b_white,c_limit,dpr_auto,f_webp,q_auto:low,w_auto/d_ecommerce:backend-fallback.png/MAT_103501_PCE_LV"
Vīnogu kauliņu eļļa Goccia Doro 1l,rimi.lv,10.19,6.99,6.99,€/l,"https://rimibaltic-res.cloudinary.com/image/upload/b_white,c_limit,dpr_auto,f_webp,q_auto:low,w_auto/d_ecommerce:backend-fallback.png/MAT_182845_PCE_LV"
Biezpiena krēms Alma ar crème brulée g. 150g,rimi.lv,0.99,0.79,5.27,€/kg,"https://rimibaltic-res.cloudinary.com/image/upload/b_white,c_limit,dpr_auto,f_webp,q_auto:low,w_auto/d_ecommerce:backend-fallback.png/MAT_918382_PCE_LV"
Dzēriens Zoo Minions ban.zemeņu 0.2l,rimi.lv,0.59,0.39,1.95,€/l,"https://rimibaltic-res.cloudinary.com/image/upload/b_white,c_limit,dpr_auto,f_webp,q_auto:low,w_auto/d_ecommerce:backend-fallback.png/MAT_173583_PCE_LV"
Cepumi Siguldas Maiznieks Minūtīte 400g,rimi.lv,3.29,2.49,6.22,€/kg,"https://rimibaltic-res.cloudinary.com/image/upload/b_white,c_limit,dpr_auto,f_webp,q_auto:low,w_auto/d_ecommerce:backend-fallback.png/MAT_1001287_PCE_LV"
Siers Smiltene rīvēts puscietais 250g,rimi.lv,3.99,2.99,11.96,€/kg,"https://rimibaltic-res.cloudinary.com/image/upload/b_white,c_limit,dpr_auto,f_webp,q_auto:low,w_auto/d_ecommerce:backend-fallback.png/MAT_979640_PCE_LV"
Pelmeņi Mājas ģimenes paka 1kg,rimi.lv,4.69,3.49,3.49,€/kg,"https://rimibaltic-res.cloudinary.com/image/upload/b_white,c_limit,dpr_auto,f_webp,q_auto:low,w_auto/d_ecommerce:backend-fallback.png/MAT_208402_PCE_LV"
Pelmeņi Vecmāmiņas Classic 700g,rimi.lv,3.99,2.79,3.99,€/kg,"https://rimibaltic-res.cloudinary.com/image/upload/b_white,c_limit,dpr_auto,f_webp,q_auto:low,w_auto/d_ecommerce:backend-fallback.png/MAT_986600_PCE_LV"
Pudiņš Zott serduszko vaniļas - šokolād. 125g,rimi.lv,0.65,0.49,3.92,€/kg,"https://rimibaltic-res.cloudinary.com/image/upload/b_white,c_limit,dpr_auto,f_webp,q_auto:low,w_auto/d_ecommerce:backend-fallback.png/MAT_988179_PCE_LV"
Musli batoniņš Rimi ar žāvetām aprikozēm 30g,rimi.lv,0.32,0.25,8.33,€/kg,"https://rimibaltic-res.cloudinary.com/image/upload/b_white,c_limit,dpr_auto,f_webp,q_auto:low,w_auto/d_ecommerce:backend-fallback.png/MAT_815026_PCE_LV"
Šķiņķa desa Rīgas Miesnieks šķēlēs 150g,rimi.lv,1.69,1.35,9.00,€/kg,"https://rimibaltic-res.cloudinary.com/image/upload/b_white,c_limit,dpr_auto,f_webp,q_auto:low,w_auto/d_ecommerce:backend-fallback.png/MAT_4010338_PCE_LV"
Medus Vinnis dažādu ziedu 500g,rimi.lv,5.19,3.79,7.58,€/kg,"https://rimibaltic-res.cloudinary.com/image/upload/b_white,c_limit,dpr_auto,f_webp,q_auto:low,w_auto/d_ecommerce:backend-fallback.png/MAT_111284_PCE_LV"
"Jogurts Rimi ar ķiršu ievārījumu,granolu 200g",rimi.lv,1.29,1.05,5.25,€/kg,"https://rimibaltic-res.cloudinary.com/image/upload/b_white,c_limit,dpr_auto,f_webp,q_auto:low,w_auto/d_ecommerce:backend-fallback.png/MAT_816332_PCE_LV"
Plovs Spilva 520g,rimi.lv,4.25,2.99,5.75,€/kg,"https://rimibaltic-res.cloudinary.com/image/upload/b_white,c_limit,dpr_auto,f_webp,q_auto:low,w_auto/d_ecommerce:backend-fallback.png/MAT_141982_PCE_LV"
Pelēkie zirņi Spilva ar žāvētu gaļu 570g,rimi.lv,4.25,3.59,6.30,€/kg,"https://rimibaltic-res.cloudinary.com/image/upload/b_white,c_limit,dpr_auto,f_webp,q_auto:low,w_auto/d_ecommerce:backend-fallback.png/MAT_127146_PCE_LV"
Vates kociņi Almeda 200 gab.,rimi.lv,1.49,1.19,,,"https://rimibaltic-res.cloudinary.com/image/upload/b_white,c_limit,dpr_auto,f_webp,q_auto:low,w_auto/d_ecommerce:backend-fallback.png/MAT_812266_PCE_LV"
"Batoniņš Nestle Fitness šokolādes 23,5g",rimi.lv,0.59,0.42,17.50,€/kg,"https://rimibaltic-res.cloudinary.com/image/upload/b_white,c_limit,dpr_auto,f_webp,q_auto:low,w_auto/d_ecommerce:backend-fallback.png/MAT_139415_PCE_LV"
Biezpiena krēms Alma ar šokolādes gab. 150g,rimi.lv,0.99,0.79,5.27,€/kg,"https://rimibaltic-res.cloudinary.com/image/upload/b_white,c_limit,dpr_auto,f_webp,q_auto:low,w_auto/d_ecommerce:backend-fallback.png/MAT_918672_PCE_LV"
"Putra Salling Eko ar auzām, augļiem 6m. 120g",rimi.lv,1.09,0.88,7.33,€/kg,"https://rimibaltic-res.cloudinary.com/image/upload/b_white,c_limit,dpr_auto,f_webp,q_auto:low,w_auto/d_ecommerce:backend-fallback.png/MAT_817666_PCE_LV"
Cūkgaļas karbonāde Nākotne Svētku 100g,rimi.lv,1.79,1.49,14.90,€/kg,"https://rimibaltic-res.cloudinary.com/image/upload/b_white,c_limit,dpr_auto,f_webp,q_auto:low,w_auto/d_ecommerce:backend-fallback.png/MAT_4011382_PCE_LV"
Plūmes Skrīveru tumšajā šokolādē 110g,rimi.lv,3.49,2.49,22.64,€/kg,"https://rimibaltic-res.cloudinary.com/image/upload/b_white,c_limit,dpr_auto,f_webp,q_auto:low,w_auto/d_ecommerce:backend-fallback.png/MAT_184562_PCE_LV"
"Cīsiņi Bērniem vārīti, bez E 370g",rimi.lv,3.99,3.29,8.89,€/kg,"https://rimibaltic-res.cloudinary.com/image/upload/b_white,c_limit,dpr_auto,f_webp,q_auto:low,w_auto/d_ecommerce:backend-fallback.png/MAT_291058_PCE_LV"
Sausmaiz. Selga Nature ar timiā. un sēk. 200g,rimi.lv,3.39,2.45,12.25,€/kg,"https://rimibaltic-res.cloudinary.com/image/upload/b_white,c_limit,dpr_auto,f_webp,q_auto:low,w_auto/d_ecommerce:backend-fallback.png/MAT_4002821_PCE_LV"
Īpaši tumšā šokolāde Laima Lukss 87% 90g,rimi.lv,2.99,2.19,24.33,€/kg,"https://rimibaltic-res.cloudinary.com/image/upload/b_white,c_limit,dpr_auto,f_webp,q_auto:low,w_auto/d_ecommerce:backend-fallback.png/MAT_1020811_PCE_LV"
Borščs Kok skābu kāpostu 500g,rimi.lv,2.29,1.79,3.58,€/kg,"https://rimibaltic-res.cloudinary.com/image/upload/b_white,c_limit,dpr_auto,f_webp,q_auto:low,w_auto/d_ecommerce:backend-fallback.png/MAT_140845_PCE_LV"
Jogurts Activia ķiršu 4x120g,rimi.lv,3.19,2.55,5.31,€/kg,"https://rimibaltic-res.cloudinary.com/image/upload/b_white,c_limit,dpr_auto,f_webp,q_auto:low,w_auto/d_ecommerce:backend-fallback.png/MAT_259993_PCE_LV"
Desiņas Alkšņu kg,rimi.lv,7.59,6.59,6.59,€/kg,"https://rimibaltic-res.cloudinary.com/image/upload/b_white,c_limit,dpr_auto,f_webp,q_auto:low,w_auto/d_ecommerce:backend-fallback.png/MAT_285994_KGM_LV"
Kafijas pupiņas Lofbergs Kharisma 1kg,rimi.lv,34.99,17.39,17.39,€/kg,"https://rimibaltic-res.cloudinary.com/image/upload/b_white,c_limit,dpr_auto,f_webp,q_auto:low,w_auto/d_ecommerce:backend-fallback.png/MAT_193753_PCE_LV"
Zefīrs Laima ar melleņu garšu 200g,rimi.lv,2.59,1.79,8.95,€/kg,"https://rimibaltic-res.cloudinary.com/image/upload/b_white,c_limit,dpr_auto,f_webp,q_auto:low,w_auto/d_ecommerce:backend-fallback.png/MAT_164508_PCE_LV"
Batoniņš Kinder Milk slice 3x28g,rimi.lv,2.75,1.69,20.12,€/kg,"https://rimibaltic-res.cloudinary.com/image/upload/b_white,c_limit,dpr_auto,f_webp,q_auto:low,w_auto/d_ecommerce:backend-fallback.png/MAT_992909_PCE_LV"
Auzu dzēriens Alpro 1l,rimi.lv,3.29,2.29,2.29,€/l,"https://rimibaltic-res.cloudinary.com/image/upload/b_white,c_limit,dpr_auto,f_webp,q_auto:low,w_auto/d_ecommerce:backend-fallback.png/MAT_911167_PCE_LV"
Žāvētas plūmes Rimi bez kauliņiem 500g,rimi.lv,5.39,3.99,7.98,€/kg,"https://rimibaltic-res.cloudinary.com/image/upload/b_white,c_limit,dpr_auto,f_webp,q_auto:low,w_auto/d_ecommerce:backend-fallback.png/MAT_815053_PCE_LV"
Mit.salv. Pampers Sens. Plastic Free 4x52gab.,rimi.lv,9.69,7.19,,,"https://rimibaltic-res.cloudinary.com/image/upload/b_white,c_limit,dpr_auto,f_webp,q_auto:low,w_auto/d_ecommerce:backend-fallback.png/MAT_7306184_PCE_LV"
Proteīna batoniņš Rimi Vanilla & Crispies 35g,rimi.lv,1.19,0.79,22.57,€/kg,"https://rimibaltic-res.cloudinary.com/image/upload/b_white,c_limit,dpr_auto,f_webp,q_auto:low,w_auto/d_ecommerce:backend-fallback.png/MAT_816384_PCE_LV"
Kabaču kaviārs Spilva 530g,rimi.lv,3.25,2.69,5.08,€/kg,"https://rimibaltic-res.cloudinary.com/image/upload/b_white,c_limit,dpr_auto,f_webp,q_auto:low,w_auto/d_ecommerce:backend-fallback.png/MAT_127162_PCE_LV"
Batoniņš Corny Big piena šokolādes banānu 50g,rimi.lv,1.29,0.99,19.80,€/kg,"https://rimibaltic-res.cloudinary.com/image/upload/b_white,c_limit,dpr_auto,f_webp,q_auto:low,w_auto/d_ecommerce:backend-fallback.png/MAT_135491_PCE_LV"
Rudzu sausmaizītes Finn Crisp 200g,rimi.lv,2.15,1.85,9.25,€/kg,"https://rimibaltic-res.cloudinary.com/image/upload/b_white,c_limit,dpr_auto,f_webp,q_auto:low,w_auto/d_ecommerce:backend-fallback.png/MAT_102773_PCE_LV"
Minerālūdens Stelpes viegli gāzēts 1l,rimi.lv,1.59,0.99,0.99,€/l,"https://rimibaltic-res.cloudinary.com/image/upload/b_white,c_limit,dpr_auto,f_webp,q_auto:low,w_auto/d_ecommerce:backend-fallback.png/MAT_1373444_PCE_LV"
"Kaķu bar.Purina One Steril. ar vistu, kv.750g",rimi.lv,6.49,4.19,5.59,€/kg,"https://rimibaltic-res.cloudinary.com/image/upload/b_white,c_limit,dpr_auto,f_webp,q_auto:low,w_auto/d_ecommerce:backend-fallback.png/MAT_7316278_PCE_LV"
Dārzeņu mais. Rimi vasaras cepšanai 400g,rimi.lv,1.99,1.69,4.22,€/kg,"https://rimibaltic-res.cloudinary.com/image/upload/b_white,c_limit,dpr_auto,f_webp,q_auto:low,w_auto/d_ecommerce:backend-fallback.png/MAT_808968_PCE_LV"
Sviesta cepumi Selection by Rimi 100g,rimi.lv,2.59,2.19,21.90,€/kg,"https://rimibaltic-res.cloudinary.com/image/upload/b_white,c_limit,dpr_auto,f_webp,q_auto:low,w_auto/d_ecommerce:backend-fallback.png/MAT_809883_PCE_LV"
Rīsi Valdo brūnie 4x125g,rimi.lv,1.65,1.29,2.58,€/kg,"https://rimibaltic-res.cloudinary.com/image/upload/b_white,c_limit,dpr_auto,f_webp,q_auto:low,w_auto/d_ecommerce:backend-fallback.png/MAT_114854_PCE_LV"
Kaķu konservi Felix Fant. gaļas izl. 4x85g,rimi.lv,2.35,1.49,4.38,€/kg,"https://rimibaltic-res.cloudinary.com/image/upload/b_white,c_limit,dpr_auto,f_webp,q_auto:low,w_auto/d_ecommerce:backend-fallback.png/MAT_7255804_PCE_LV"
Ekoloģiskas kukurūzas uzkodas Salling Eko 20g,rimi.lv,0.99,0.80,40.00,€/kg,"https://rimibaltic-res.cloudinary.com/image/upload/b_white,c_limit,dpr_auto,f_webp,q_auto:low,w_auto/d_ecommerce:backend-fallback.png/MAT_817644_PCE_LV"
Jogurts Activia zemeņu 4x120g,rimi.lv,3.19,2.55,5.31,€/kg,"https://rimibaltic-res.cloudinary.com/image/upload/b_white,c_limit,dpr_auto,f_webp,q_auto:low,w_auto/d_ecommerce:backend-fallback.png/MAT_226361_PCE_LV"
Mērce Barilla Basilico tom. ar bazil. 400g,rimi.lv,3.49,2.44,6.10,€/kg,"https://rimibaltic-res.cloudinary.com/image/upload/b_white,c_limit,dpr_auto,f_webp,q_auto:low,w_auto/d_ecommerce:backend-fallback.png/MAT_106498_PCE_LV"
"Alus Mežpils bezalkoholiskais 0,5l",rimi.lv,1.89,0.99,1.98,€/l,"https://rimibaltic-res.cloudinary.com/image/upload/b_white,c_limit,dpr_auto,f_webp,q_auto:low,w_auto/d_ecommerce:backend-fallback.png/MAT_1371048_PCE_LV"
"Sojas produkts Alpro bez piedevām, ferm. 400g",rimi.lv,3.29,2.39,5.97,€/kg,"https://rimibaltic-res.cloudinary.com/image/upload/b_white,c_limit,dpr_auto,f_webp,q_auto:low,w_auto/d_ecommerce:backend-fallback.png/MAT_4000148_PCE_LV"
Zobu pasta Sensodyne Repair&Protect 75ml,rimi.lv,9.59,7.19,95.87,€/l,"https://rimibaltic-res.cloudinary.com/image/upload/b_white,c_limit,dpr_auto,f_webp,q_auto:low,w_auto/d_ecommerce:backend-fallback.png/MAT_7029935_PCE_LV"
Siers Smiltene Klasiskais šķēlēs 150g,rimi.lv,2.39,1.99,13.27,€/kg,"https://rimibaltic-res.cloudinary.com/image/upload/b_white,c_limit,dpr_auto,f_webp,q_auto:low,w_auto/d_ecommerce:backend-fallback.png/MAT_964133_PCE_LV"
"Arktiskā palija Zivsuzledus svaiga, ķidāta kg",rimi.lv,14.99,10.99,10.99,€/kg,"https://rimibaltic-res.cloudinary.com/image/upload/b_white,c_limit,dpr_auto,f_webp,q_auto:low,w_auto/d_ecommerce:backend-fallback.png/MAT_973786_KGM_LV"
"Biksītes I love Eco MAXI S4 7-17kg,39gb",rimi.lv,12.99,8.99,,,"https://rimibaltic-res.cloudinary.com/image/upload/b_white,c_limit,dpr_auto,f_webp,q_auto:low,w_auto/d_ecommerce:backend-fallback.png/MAT_814012_PCE_LV"
Apaļgraudu rīsi Rimi 800g,rimi.lv,2.19,1.69,2.11,€/kg,"https://rimibaltic-res.cloudinary.com/image/upload/b_white,c_limit,dpr_auto,f_webp,q_auto:low,w_auto/d_ecommerce:backend-fallback.png/MAT_817084_PCE_LV"
Desa Rīgas miesnieks doktora ekstra 350g,rimi.lv,3.39,1.70,4.86,€/kg,"https://rimibaltic-res.cloudinary.com/image/upload/b_white,c_limit,dpr_auto,f_webp,q_auto:low,w_auto/d_ecommerce:backend-fallback.png/MAT_276637_PCE_LV"
Bekons Rīgas miesnieks k/k šķēlēs 130g,rimi.lv,2.19,1.89,14.54,€/kg,"https://rimibaltic-res.cloudinary.com/image/upload/b_white,c_limit,dpr_auto,f_webp,q_auto:low,w_auto/d_ecommerce:backend-fallback.png/MAT_907356_PCE_LV"
Kazas siers Olympus 150g,rimi.lv,2.85,2.55,17.00,€/kg,"https://rimibaltic-res.cloudinary.com/image/upload/b_white,c_limit,dpr_auto,f_webp,q_auto:low,w_auto/d_ecommerce:backend-fallback.png/MAT_924357_PCE_LV"
Kukurūzas čipsi Santa Maria ar sieru 185g,rimi.lv,2.09,1.46,7.89,€/kg,"https://rimibaltic-res.cloudinary.com/image/upload/b_white,c_limit,dpr_auto,f_webp,q_auto:low,w_auto/d_ecommerce:backend-fallback.png/MAT_174870_PCE_LV"
Sojas tofu Berief dabīgais BIO 400g,rimi.lv,3.79,3.39,8.47,€/kg,"https://rimibaltic-res.cloudinary.com/image/upload/b_white,c_limit,dpr_auto,f_webp,q_auto:low,w_auto/d_ecommerce:backend-fallback.png/MAT_984513_PCE_LV"
Zobu pasta Colgate Advanced White 125ml,rimi.lv,4.79,2.87,22.96,€/l,"https://rimibaltic-res.cloudinary.com/image/upload/b_white,c_limit,dpr_auto,f_webp,q_auto:low,w_auto/d_ecommerce:backend-fallback.png/MAT_7296016_PCE_LV"
Saldējums Ben&Jerry's Churros 465ml/360g,rimi.lv,9.99,4.99,13.86,€/kg,"https://rimibaltic-res.cloudinary.com/image/upload/b_white,c_limit,dpr_auto,f_webp,q_auto:low,w_auto/d_ecommerce:backend-fallback.png/MAT_4010992_PCE_LV"
Pupiņas Rimi vārītas 300g,rimi.lv,1.29,0.99,3.30,€/kg,"https://rimibaltic-res.cloudinary.com/image/upload/b_white,c_limit,dpr_auto,f_webp,q_auto:low,w_auto/d_ecommerce:backend-fallback.png/MAT_944263_PCE_LV"
Medus Liepkalni ziedu 350g,rimi.lv,5.29,4.19,11.97,€/kg,"https://rimibaltic-res.cloudinary.com/image/upload/b_white,c_limit,dpr_auto,f_webp,q_auto:low,w_auto/d_ecommerce:backend-fallback.png/MAT_111478_PCE_LV"
Gaļas bumbiņas ar sieru un zaļumiem 300g,rimi.lv,3.79,3.29,10.97,€/kg,"https://rimibaltic-res.cloudinary.com/image/upload/b_white,c_limit,dpr_auto,f_webp,q_auto:low,w_auto/d_ecommerce:backend-fallback.png/MAT_969305_PCE_LV"
Cāļa pussp. vidusd. Ķekava gaileņu mar. 500g,rimi.lv,3.99,2.69,5.38,€/kg,"https://rimibaltic-res.cloudinary.com/image/upload/b_white,c_limit,dpr_auto,f_webp,q_auto:low,w_auto/d_ecommerce:backend-fallback.png/MAT_4010480_PCE_LV"
Baterijas Energizer  cr2032 3v 2 gab.,rimi.lv,3.39,2.03,,,"https://rimibaltic-res.cloudinary.com/image/upload/b_white,c_limit,dpr_auto,f_webp,q_auto:low,w_auto/d_ecommerce:backend-fallback.png/MAT_7142981_PCE_LV"
Rīsu krekeri ar aveņu garšu HippBIO 30g,rimi.lv,2.49,1.85,61.67,€/kg,"https://rimibaltic-res.cloudinary.com/image/upload/b_white,c_limit,dpr_auto,f_webp,q_auto:low,w_auto/d_ecommerce:backend-fallback.png/MAT_7132585_PCE_LV"
Mandeļu dzēriens Alpro ar kalciju 1l,rimi.lv,3.29,2.29,2.29,€/l,"https://rimibaltic-res.cloudinary.com/image/upload/b_white,c_limit,dpr_auto,f_webp,q_auto:low,w_auto/d_ecommerce:backend-fallback.png/MAT_297234_PCE_LV"
Bumbieri Conference 45-55 mm 2.šķira 1kg,rimi.lv,1.99,0.99,0.99,€/kg,"https://rimibaltic-res.cloudinary.com/image/upload/b_white,c_limit,dpr_auto,f_webp,q_auto:low,w_auto/d_ecommerce:backend-fallback.png/MAT_933791_PCE_LV"
Čipsi Ādažu ar diļļu garšu 130g,rimi.lv,2.49,1.74,13.38,€/kg,"https://rimibaltic-res.cloudinary.com/image/upload/b_white,c_limit,dpr_auto,f_webp,q_auto:low,w_auto/d_ecommerce:backend-fallback.png/MAT_1008024_PCE_LV"
Saldkrējuma jogurts Alma Stracciatella 380g,rimi.lv,1.75,1.49,3.92,€/kg,"https://rimibaltic-res.cloudinary.com/image/upload/b_white,c_limit,dpr_auto,f_webp,q_auto:low,w_auto/d_ecommerce:backend-fallback.png/MAT_909876_PCE_LV"
Graudainais biezpiens Smiltene 9% 800g,rimi.lv,6.19,4.39,5.49,€/kg,"https://rimibaltic-res.cloudinary.com/image/upload/b_white,c_limit,dpr_auto,f_webp,q_auto:low,w_auto/d_ecommerce:backend-fallback.png/MAT_4011165_PCE_LV"
Mednieku desiņas 300g,rimi.lv,4.79,3.59,11.97,€/kg,"https://rimibaltic-res.cloudinary.com/image/upload/b_white,c_limit,dpr_auto,f_webp,q_auto:low,w_auto/d_ecommerce:backend-fallback.png/MAT_919913_PCE_LV"
Pupiņu salāti ar kūpinātu gaļu 400g,rimi.lv,3.29,2.59,6.47,€/kg,"https://rimibaltic-res.cloudinary.com/image/upload/b_white,c_limit,dpr_auto,f_webp,q_auto:low,w_auto/d_ecommerce:backend-fallback.png/MAT_2000155_PCE_LV"
Brokastu pārslas Nestle Kitkat 330g,rimi.lv,4.49,3.39,10.27,€/kg,"https://rimibaltic-res.cloudinary.com/image/upload/b_white,c_limit,dpr_auto,f_webp,q_auto:low,w_auto/d_ecommerce:backend-fallback.png/MAT_1014940_PCE_LV"
Varavīksnes foreļu ikri Rimi 50g,rimi.lv,5.49,4.39,87.80,€/kg,"https://rimibaltic-res.cloudinary.com/image/upload/b_white,c_limit,dpr_auto,f_webp,q_auto:low,w_auto/d_ecommerce:backend-fallback.png/MAT_815388_PCE_LV"
Trauku mazg. tabletes Salling Classic 50gab.,rimi.lv,5.19,4.59,,,"https://rimibaltic-res.cloudinary.com/image/upload/b_white,c_limit,dpr_auto,f_webp,q_auto:low,w_auto/d_ecommerce:backend-fallback.png/MAT_817623_PCE_LV"
Lavašs Latvijas Maiznieks mini 120g,rimi.lv,1.66,1.39,11.58,€/kg,"https://rimibaltic-res.cloudinary.com/image/upload/b_white,c_limit,dpr_auto,f_webp,q_auto:low,w_auto/d_ecommerce:backend-fallback.png/MAT_4009821_PCE_LV"
Nektārs Rimi multiaugļu 30% 1l,rimi.lv,1.79,1.19,1.19,€/l,"https://rimibaltic-res.cloudinary.com/image/upload/b_white,c_limit,dpr_auto,f_webp,q_auto:low,w_auto/d_ecommerce:backend-fallback.png/MAT_801009_PCE_LV"
Gāzēts dzēriens Sprite 2l,rimi.lv,3.19,1.79,0.90,€/l,"https://rimibaltic-res.cloudinary.com/image/upload/b_white,c_limit,dpr_auto,f_webp,q_auto:low,w_auto/d_ecommerce:backend-fallback.png/MAT_1367112_PCE_LV"
Desiņas Salamini bez apvalka 450g,rimi.lv,4.19,2.99,6.64,€/kg,"https://rimibaltic-res.cloudinary.com/image/upload/b_white,c_limit,dpr_auto,f_webp,q_auto:low,w_auto/d_ecommerce:backend-fallback.png/MAT_949404_PCE_LV"
"Dabīgais minerālūdens Zaķumuiža Tuta 0,31l",rimi.lv,,0.69,2.23,€/l,"https://rimibaltic-res.cloudinary.com/image/upload/b_white,c_limit,dpr_auto,f_webp,q_auto:low,w_auto/d_ecommerce:backend-fallback.png/MAT_1372439_PCE_LV"
"Putra Salling Eko ar auzām, augļiem, 6m. 120g",rimi.lv,1.09,0.88,7.33,€/kg,"https://rimibaltic-res.cloudinary.com/image/upload/b_white,c_limit,dpr_auto,f_webp,q_auto:low,w_auto/d_ecommerce:backend-fallback.png/MAT_817667_PCE_LV"
Kaķu kārums Dreamies ar liellopu gaļu 60g,rimi.lv,2.09,1.29,21.50,€/kg,"https://rimibaltic-res.cloudinary.com/image/upload/b_white,c_limit,dpr_auto,f_webp,q_auto:low,w_auto/d_ecommerce:backend-fallback.png/MAT_7077560_PCE_LV"
Aromātiskie smaržkociņi nag 8gab Stigla,rimi.lv,0.99,0.69,,,"https://rimibaltic-res.cloudinary.com/image/upload/b_white,c_limit,dpr_auto,f_webp,q_auto:low,w_auto/d_ecommerce:backend-fallback.png/MAT_615230_PCE_LV"
Pilngraudu maize Latvijas graudu 350g,rimi.lv,1.29,1.09,3.11,€/kg,"https://rimibaltic-res.cloudinary.com/image/upload/b_white,c_limit,dpr_auto,f_webp,q_auto:low,w_auto/d_ecommerce:backend-fallback.png/MAT_952505_PCE_LV"
Batoniņš Kinder Milk Slice 28g,rimi.lv,0.65,0.57,20.36,€/kg,"https://rimibaltic-res.cloudinary.com/image/upload/b_white,c_limit,dpr_auto,f_webp,q_auto:low,w_auto/d_ecommerce:backend-fallback.png/MAT_214326_PCE_LV"
Mērce makaroniem Rimi ar baziliku 390g,rimi.lv,2.49,1.99,5.10,€/kg,"https://rimibaltic-res.cloudinary.com/image/upload/b_white,c_limit,dpr_auto,f_webp,q_auto:low,w_auto/d_ecommerce:backend-fallback.png/MAT_810787_PCE_LV"
Bekons angļu gaumē a/k šķēlēs 150g,rimi.lv,2.79,1.99,13.27,€/kg,"https://rimibaltic-res.cloudinary.com/image/upload/b_white,c_limit,dpr_auto,f_webp,q_auto:low,w_auto/d_ecommerce:backend-fallback.png/MAT_908648_PCE_LV"
"Minerālūdens Vytautas dabīgs, gāzēts 1,5l",rimi.lv,,0.69,0.46,€/l,"https://rimibaltic-res.cloudinary.com/image/upload/b_white,c_limit,dpr_auto,f_webp,q_auto:low,w_auto/d_ecommerce:backend-fallback.png/MAT_1355116_PCE_LV"
Tumšā šokolāde Pergale 72% 85g,rimi.lv,2.39,1.49,17.53,€/kg,"https://rimibaltic-res.cloudinary.com/image/upload/b_white,c_limit,dpr_auto,f_webp,q_auto:low,w_auto/d_ecommerce:backend-fallback.png/MAT_1013210_PCE_LV"
Siers Sierštelle ar sēklu mix 310g,rimi.lv,6.19,4.79,15.45,€/kg,"https://rimibaltic-res.cloudinary.com/image/upload/b_white,c_limit,dpr_auto,f_webp,q_auto:low,w_auto/d_ecommerce:backend-fallback.png/MAT_4006172_PCE_LV"
Ķiploki Spilva malti 25g,rimi.lv,1.19,0.83,33.20,€/kg,"https://rimibaltic-res.cloudinary.com/image/upload/b_white,c_limit,dpr_auto,f_webp,q_auto:low,w_auto/d_ecommerce:backend-fallback.png/MAT_1022267_PCE_LV"
"Gāzēts dzēriens Coca-Cola Zero 4x0,33l",rimi.lv,3.99,2.99,2.27,€/l,"https://rimibaltic-res.cloudinary.com/image/upload/b_white,c_limit,dpr_auto,f_webp,q_auto:low,w_auto/d_ecommerce:backend-fallback.png/MAT_1376439_PCE_LV"
Šķīstošā kafija Nescafe Classic 200g,rimi.lv,11.79,6.69,33.45,€/kg,"https://rimibaltic-res.cloudinary.com/image/upload/b_white,c_limit,dpr_auto,f_webp,q_auto:low,w_auto/d_ecommerce:backend-fallback.png/MAT_135273_PCE_LV"
Kosmēt. vates plāksnītes Almeda 50gab.,rimi.lv,1.45,1.15,,,"https://rimibaltic-res.cloudinary.com/image/upload/b_white,c_limit,dpr_auto,f_webp,q_auto:low,w_auto/d_ecommerce:backend-fallback.png/MAT_812016_PCE_LV"
Šķīstošā kafija Jacobs Cronat Gold 200g,rimi.lv,12.79,7.69,38.45,€/kg,"https://rimibaltic-res.cloudinary.com/image/upload/b_white,c_limit,dpr_auto,f_webp,q_auto:low,w_auto/d_ecommerce:backend-fallback.png/MAT_100210_PCE_LV"
Zobu pasta Sensodyne Multi Care 75ml,rimi.lv,5.49,4.09,54.53,€/l,"https://rimibaltic-res.cloudinary.com/image/upload/b_white,c_limit,dpr_auto,f_webp,q_auto:low,w_auto/d_ecommerce:backend-fallback.png/MAT_7209294_PCE_LV"
Jogurta kokteilis Baltais Shake plūmju 250g,rimi.lv,1.19,0.95,3.80,€/kg,"https://rimibaltic-res.cloudinary.com/image/upload/b_white,c_limit,dpr_auto,f_webp,q_auto:low,w_auto/d_ecommerce:backend-fallback.png/MAT_298722_PCE_LV"
Saldējums Tio plombīra ar rozīnēm 120ml/70g,rimi.lv,0.99,0.69,9.86,€/kg,"https://rimibaltic-res.cloudinary.com/image/upload/b_white,c_limit,dpr_auto,f_webp,q_auto:low,w_auto/d_ecommerce:backend-fallback.png/MAT_4003237_PCE_LV"
Kakao cepumi Oreo vaniļas garšas pild. 160g,rimi.lv,3.19,2.19,13.69,€/kg,"https://rimibaltic-res.cloudinary.com/image/upload/b_white,c_limit,dpr_auto,f_webp,q_auto:low,w_auto/d_ecommerce:backend-fallback.png/MAT_1018990_PCE_LV"
Rulete KEK Svētku 450g,rimi.lv,5.99,4.59,10.20,€/kg,"https://rimibaltic-res.cloudinary.com/image/upload/b_white,c_limit,dpr_auto,f_webp,q_auto:low,w_auto/d_ecommerce:backend-fallback.png/MAT_993432_PCE_LV"
Rīsu krekeri ar melleņu gar Hipp BIO 30g,rimi.lv,2.49,1.85,61.67,€/kg,"https://rimibaltic-res.cloudinary.com/image/upload/b_white,c_limit,dpr_auto,f_webp,q_auto:low,w_auto/d_ecommerce:backend-fallback.png/MAT_7132592_PCE_LV"
"Sīpoli rozā CRIMSUN 50-70MM, 500G",rimi.lv,1.59,1.19,1.19,€/kg,"https://rimibaltic-res.cloudinary.com/image/upload/b_white,c_limit,dpr_auto,f_webp,q_auto:low,w_auto/d_ecommerce:backend-fallback.png/MAT_295929_PCE_LV"
Konfektes Astra helovīna 150g,rimi.lv,1.99,1.39,9.27,€/kg,"https://rimibaltic-res.cloudinary.com/image/upload/b_white,c_limit,dpr_auto,f_webp,q_auto:low,w_auto/d_ecommerce:backend-fallback.png/MAT_1024427_PCE_LV"
Tual.bl. Bref DeLuxe Magnolia 3x50g,rimi.lv,7.99,4.79,31.93,€/kg,"https://rimibaltic-res.cloudinary.com/image/upload/b_white,c_limit,dpr_auto,f_webp,q_auto:low,w_auto/d_ecommerce:backend-fallback.png/MAT_7220316_PCE_LV"
Tumšā šokolāde Rimi ar apelsīnu gab.100g,rimi.lv,2.99,2.39,23.90,€/kg,"https://rimibaltic-res.cloudinary.com/image/upload/b_white,c_limit,dpr_auto,f_webp,q_auto:low,w_auto/d_ecommerce:backend-fallback.png/MAT_813563_PCE_LV"
Siers Smiltene Stracciatella 200g,rimi.lv,3.59,2.19,10.95,€/kg,"https://rimibaltic-res.cloudinary.com/image/upload/b_white,c_limit,dpr_auto,f_webp,q_auto:low,w_auto/d_ecommerce:backend-fallback.png/MAT_4000007_PCE_LV"
"Jogur. Rimi ar mango-pasifl.iev.,granolu 200g",rimi.lv,1.29,1.05,5.25,€/kg,"https://rimibaltic-res.cloudinary.com/image/upload/b_white,c_limit,dpr_auto,f_webp,q_auto:low,w_auto/d_ecommerce:backend-fallback.png/MAT_816333_PCE_LV"
Sīrups Rimi aveņu 320ml,rimi.lv,3.19,1.99,6.22,€/l,"https://rimibaltic-res.cloudinary.com/image/upload/b_white,c_limit,dpr_auto,f_webp,q_auto:low,w_auto/d_ecommerce:backend-fallback.png/MAT_810095_PCE_LV"
Deserts Grand Schoko Stracciatella 190g,rimi.lv,1.19,0.99,5.21,€/kg,"https://rimibaltic-res.cloudinary.com/image/upload/b_white,c_limit,dpr_auto,f_webp,q_auto:low,w_auto/d_ecommerce:backend-fallback.png/MAT_928753_PCE_LV"
Kotletes Kijevas ar siera pildījumu 300g,rimi.lv,3.59,3.19,10.63,€/kg,"https://rimibaltic-res.cloudinary.com/image/upload/b_white,c_limit,dpr_auto,f_webp,q_auto:low,w_auto/d_ecommerce:backend-fallback.png/MAT_969721_PCE_LV"
Cepumi Zoo kg,rimi.lv,3.99,2.99,2.99,€/kg,"https://rimibaltic-res.cloudinary.com/image/upload/b_white,c_limit,dpr_auto,f_webp,q_auto:low,w_auto/d_ecommerce:backend-fallback.png/MAT_1003814_KGM_LV"
Brokastu pārslas Nestle Cheerios Honey 375g,rimi.lv,4.49,3.39,9.04,€/kg,"https://rimibaltic-res.cloudinary.com/image/upload/b_white,c_limit,dpr_auto,f_webp,q_auto:low,w_auto/d_ecommerce:backend-fallback.png/MAT_1012202_PCE_LV"
Galerts Forevers cūkgaļas kg,rimi.lv,7.85,5.99,5.99,€/kg,"https://rimibaltic-res.cloudinary.com/image/upload/b_white,c_limit,dpr_auto,f_webp,q_auto:low,w_auto/d_ecommerce:backend-fallback.png/MAT_4004793_KGM_LV"
Tumšās šokolādes plāksnes Salling 30 gab 120g,rimi.lv,2.99,2.65,22.08,€/kg,"https://rimibaltic-res.cloudinary.com/image/upload/b_white,c_limit,dpr_auto,f_webp,q_auto:low,w_auto/d_ecommerce:backend-fallback.png/MAT_816784_PCE_LV"
Čipsi Ādažu krēmīgais čili 130g,rimi.lv,2.49,1.79,13.77,€/kg,"https://rimibaltic-res.cloudinary.com/image/upload/b_white,c_limit,dpr_auto,f_webp,q_auto:low,w_auto/d_ecommerce:backend-fallback.png/MAT_1024995_PCE_LV"
Baterijas Energizer Alkaline AA 4 gab,rimi.lv,4.29,2.59,,,"https://rimibaltic-res.cloudinary.com/image/upload/b_white,c_limit,dpr_auto,f_webp,q_auto:low,w_auto/d_ecommerce:backend-fallback.png/MAT_430060_PCE_LV"
Tuncis Rio Mare savā sulā 160g/112g,rimi.lv,4.99,3.69,32.95,€/kg,"https://rimibaltic-res.cloudinary.com/image/upload/b_white,c_limit,dpr_auto,f_webp,q_auto:low,w_auto/d_ecommerce:backend-fallback.png/MAT_115830_PCE_LV"
Konfektes Vāverīte 1kg,rimi.lv,18.99,12.99,12.99,€/kg,"https://rimibaltic-res.cloudinary.com/image/upload/b_white,c_limit,dpr_auto,f_webp,q_auto:low,w_auto/d_ecommerce:backend-fallback.png/MAT_164026_KGM_LV"
Torte Cielaviņa 700g,rimi.lv,15.49,9.99,14.27,€/kg,"https://rimibaltic-res.cloudinary.com/image/upload/b_white,c_limit,dpr_auto,f_webp,q_auto:low,w_auto/d_ecommerce:backend-fallback.png/MAT_214948_PCE_LV"
Surimi nūjiņas Viči snow crab dzesētas 250g,rimi.lv,4.69,3.49,13.96,€/kg,"https://rimibaltic-res.cloudinary.com/image/upload/b_white,c_limit,dpr_auto,f_webp,q_auto:low,w_auto/d_ecommerce:backend-fallback.png/MAT_253033_PCE_LV"
Šokolādes batoniņi Bounty 5x57g,rimi.lv,6.99,2.99,10.49,€/kg,"https://rimibaltic-res.cloudinary.com/image/upload/b_white,c_limit,dpr_auto,f_webp,q_auto:low,w_auto/d_ecommerce:backend-fallback.png/MAT_164126_PCE_LV"
Cietais siers Rokiskio Grand 18 mēn. 37% 180g,rimi.lv,3.29,2.69,14.94,€/kg,"https://rimibaltic-res.cloudinary.com/image/upload/b_white,c_limit,dpr_auto,f_webp,q_auto:low,w_auto/d_ecommerce:backend-fallback.png/MAT_905312_PCE_LV"
Baterijas Energizer LR03 AAA 4 gab,rimi.lv,4.19,2.51,,,"https://rimibaltic-res.cloudinary.com/image/upload/b_white,c_limit,dpr_auto,f_webp,q_auto:low,w_auto/d_ecommerce:backend-fallback.png/MAT_620138_PCE_LV"
Makaroni Barilla Nr.13 Bavette 500g,rimi.lv,1.85,1.55,3.10,€/kg,"https://rimibaltic-res.cloudinary.com/image/upload/b_white,c_limit,dpr_auto,f_webp,q_auto:low,w_auto/d_ecommerce:backend-fallback.png/MAT_136917_PCE_LV"
Desa Doktora cāļa gaļas vakuumā 350g,rimi.lv,2.69,1.69,4.83,€/kg,"https://rimibaltic-res.cloudinary.com/image/upload/b_white,c_limit,dpr_auto,f_webp,q_auto:low,w_auto/d_ecommerce:backend-fallback.png/MAT_945796_PCE_LV"
Šķidrās ziepes Dove Renewing Care 500ml,rimi.lv,4.19,2.55,4.92,€/l,"https://rimibaltic-res.cloudinary.com/image/upload/b_white,c_limit,dpr_auto,f_webp,q_auto:low,w_auto/d_ecommerce:backend-fallback.png/MAT_7271741_PCE_LV"
"Kausēt. siers Dzintars sīpoli, gailenes 200g",rimi.lv,2.35,1.69,8.45,€/kg,"https://rimibaltic-res.cloudinary.com/image/upload/b_white,c_limit,dpr_auto,f_webp,q_auto:low,w_auto/d_ecommerce:backend-fallback.png/MAT_4012257_PCE_LV"
Pralinē Baron Trick or Treat 100g,rimi.lv,1.99,1.39,13.90,€/kg,"https://rimibaltic-res.cloudinary.com/image/upload/b_white,c_limit,dpr_auto,f_webp,q_auto:low,w_auto/d_ecommerce:backend-fallback.png/MAT_1024514_PCE_LV"
Sīrups Rimi ķiršu 320ml,rimi.lv,3.19,1.99,6.22,€/l,"https://rimibaltic-res.cloudinary.com/image/upload/b_white,c_limit,dpr_auto,f_webp,q_auto:low,w_auto/d_ecommerce:backend-fallback.png/MAT_810096_PCE_LV"
Vafeles Selga ar kokosriekstu garšu 180g,rimi.lv,2.19,1.45,8.06,€/kg,"https://rimibaltic-res.cloudinary.com/image/upload/b_white,c_limit,dpr_auto,f_webp,q_auto:low,w_auto/d_ecommerce:backend-fallback.png/MAT_192830_PCE_LV"
Cīsiņi Mārupes vārīti 300g,rimi.lv,3.69,2.99,9.97,€/kg,"https://rimibaltic-res.cloudinary.com/image/upload/b_white,c_limit,dpr_auto,f_webp,q_auto:low,w_auto/d_ecommerce:backend-fallback.png/MAT_993510_PCE_LV"
Bietes Dimdiņi vārītas daivās 350g,rimi.lv,2.38,1.19,1.71,€/kg,"https://rimibaltic-res.cloudinary.com/image/upload/b_white,c_limit,dpr_auto,f_webp,q_auto:low,w_auto/d_ecommerce:backend-fallback.png/MAT_4005969_PCE_LV"
Cepumi Selga sāļās vaniļas garšas pild. 205g,rimi.lv,2.79,1.79,8.73,€/kg,"https://rimibaltic-res.cloudinary.com/image/upload/b_white,c_limit,dpr_auto,f_webp,q_auto:low,w_auto/d_ecommerce:backend-fallback.png/MAT_1021439_PCE_LV"
Gāz. dzēriens schweppes tonic 1.5l,rimi.lv,,1.49,0.99,€/l,"https://rimibaltic-res.cloudinary.com/image/upload/b_white,c_limit,dpr_auto,f_webp,q_auto:low,w_auto/d_ecommerce:backend-fallback.png/MAT_1352162_PCE_LV"
Kafijas pupiņas Paulig Arabica 1kg,rimi.lv,29.99,15.79,15.79,€/kg,"https://rimibaltic-res.cloudinary.com/image/upload/b_white,c_limit,dpr_auto,f_webp,q_auto:low,w_auto/d_ecommerce:backend-fallback.png/MAT_155726_PCE_LV"
"Sojas prod. Alpro ar sark. Ogām, datelēm 400g",rimi.lv,3.79,2.89,7.22,€/kg,"https://rimibaltic-res.cloudinary.com/image/upload/b_white,c_limit,dpr_auto,f_webp,q_auto:low,w_auto/d_ecommerce:backend-fallback.png/MAT_995137_PCE_LV"
Doktordesa Forevers ar sieru 500g,rimi.lv,3.69,2.29,4.58,€/kg,"https://rimibaltic-res.cloudinary.com/image/upload/b_white,c_limit,dpr_auto,f_webp,q_auto:low,w_auto/d_ecommerce:backend-fallback.png/MAT_4004792_PCE_LV"
"Izoton. dz. Mangaļi Grapefruit ar sald. 0,75l",rimi.lv,1.49,0.99,1.32,€/l,"https://rimibaltic-res.cloudinary.com/image/upload/b_white,c_limit,dpr_auto,f_webp,q_auto:low,w_auto/d_ecommerce:backend-fallback.png/MAT_1376231_PCE_LV"
Dezodorants siev. Nivea Pearl Beauty rullv.,rimi.lv,5.79,4.09,81.80,€/l,"https://rimibaltic-res.cloudinary.com/image/upload/b_white,c_limit,dpr_auto,f_webp,q_auto:low,w_auto/d_ecommerce:backend-fallback.png/MAT_643229_PCE_LV"
Ziepes NEUTRAL 100g,rimi.lv,1.75,1.55,15.50,€/kg,"https://rimibaltic-res.cloudinary.com/image/upload/b_white,c_limit,dpr_auto,f_webp,q_auto:low,w_auto/d_ecommerce:backend-fallback.png/MAT_7086000_PCE_LV"
Rudzu maize formas melnā sagriezta 600g,rimi.lv,1.47,1.19,1.98,€/kg,"https://rimibaltic-res.cloudinary.com/image/upload/b_white,c_limit,dpr_auto,f_webp,q_auto:low,w_auto/d_ecommerce:backend-fallback.png/MAT_220819_PCE_LV"
Siļķes fileja mazsālīta kg,rimi.lv,8.69,7.59,7.59,€/kg,"https://rimibaltic-res.cloudinary.com/image/upload/b_white,c_limit,dpr_auto,f_webp,q_auto:low,w_auto/d_ecommerce:backend-fallback.png/MAT_968108_KGM_LV"
Plūmju tomāti Rimi Mix mini 1 kg,rimi.lv,6.99,6.29,6.29,€/kg,"https://rimibaltic-res.cloudinary.com/image/upload/b_white,c_limit,dpr_auto,f_webp,q_auto:low,w_auto/d_ecommerce:backend-fallback.png/MAT_815658_PCE_LV"
Tītara gaļa SGK sautēta 240g,rimi.lv,2.79,2.49,10.38,€/kg,"https://rimibaltic-res.cloudinary.com/image/upload/b_white,c_limit,dpr_auto,f_webp,q_auto:low,w_auto/d_ecommerce:backend-fallback.png/MAT_4008967_PCE_LV"
Baterijas Energizer CR2025  3V 1 gab,rimi.lv,1.69,1.01,,,"https://rimibaltic-res.cloudinary.com/image/upload/b_white,c_limit,dpr_auto,f_webp,q_auto:low,w_auto/d_ecommerce:backend-fallback.png/MAT_620136_PCE_LV"
Tunča pastēte Kaija Āzijas gaumē 125g,rimi.lv,2.29,1.79,14.32,€/kg,"https://rimibaltic-res.cloudinary.com/image/upload/b_white,c_limit,dpr_auto,f_webp,q_auto:low,w_auto/d_ecommerce:backend-fallback.png/MAT_4002868_PCE_LV"
Kečups Spilva Oriģinālais 1250g,rimi.lv,6.29,3.39,2.71,€/kg,"https://rimibaltic-res.cloudinary.com/image/upload/b_white,c_limit,dpr_auto,f_webp,q_auto:low,w_auto/d_ecommerce:backend-fallback.png/MAT_1017739_PCE_LV"
"Graud.biezp.Piatnica aveņu,dzērv.,ievār. 150g",rimi.lv,1.39,0.99,6.60,€/kg,"https://rimibaltic-res.cloudinary.com/image/upload/b_white,c_limit,dpr_auto,f_webp,q_auto:low,w_auto/d_ecommerce:backend-fallback.png/MAT_912082_PCE_LV"
"Muss Profeel bezlaktozes, šokolādes gar. 150g",rimi.lv,1.99,1.59,10.60,€/kg,"https://rimibaltic-res.cloudinary.com/image/upload/b_white,c_limit,dpr_auto,f_webp,q_auto:low,w_auto/d_ecommerce:backend-fallback.png/MAT_4007682_PCE_LV"
Baterijas Energizer CR2032 3V 1 gab.,rimi.lv,1.99,1.19,,,"https://rimibaltic-res.cloudinary.com/image/upload/b_white,c_limit,dpr_auto,f_webp,q_auto:low,w_auto/d_ecommerce:backend-fallback.png/MAT_7055450_PCE_LV"
Kabatlakatiņi Zewa Soft&Sensitiv 10x9gab,rimi.lv,3.49,2.99,,,"https://rimibaltic-res.cloudinary.com/image/upload/b_white,c_limit,dpr_auto,f_webp,q_auto:low,w_auto/d_ecommerce:backend-fallback.png/MAT_7170536_PCE_LV"
Auzu biezputra Herkuless ar zemenēm 6x35g,rimi.lv,3.59,2.39,11.38,€/kg,"https://rimibaltic-res.cloudinary.com/image/upload/b_white,c_limit,dpr_auto,f_webp,q_auto:low,w_auto/d_ecommerce:backend-fallback.png/MAT_167593_PCE_LV"
Kaķu kārums Dreamies ar pīles gaļu 60g,rimi.lv,2.09,1.29,21.50,€/kg,"https://rimibaltic-res.cloudinary.com/image/upload/b_white,c_limit,dpr_auto,f_webp,q_auto:low,w_auto/d_ecommerce:backend-fallback.png/MAT_7077572_PCE_LV"
Piena šokolāde Kinder 50g,rimi.lv,1.35,0.99,19.80,€/kg,"https://rimibaltic-res.cloudinary.com/image/upload/b_white,c_limit,dpr_auto,f_webp,q_auto:low,w_auto/d_ecommerce:backend-fallback.png/MAT_103703_PCE_LV"
Lavašs Latvijas Maiznieks pilngraudu 120g,rimi.lv,1.75,1.39,11.58,€/kg,"https://rimibaltic-res.cloudinary.com/image/upload/b_white,c_limit,dpr_auto,f_webp,q_auto:low,w_auto/d_ecommerce:backend-fallback.png/MAT_4009806_PCE_LV"
Šampūns Syoss Repair 440ml,rimi.lv,7.49,5.09,11.57,€/l,"https://rimibaltic-res.cloudinary.com/image/upload/b_white,c_limit,dpr_auto,f_webp,q_auto:low,w_auto/d_ecommerce:backend-fallback.png/MAT_7239630_PCE_LV"
Zobu pasta Parodontax Classic 75ml,rimi.lv,6.99,5.19,69.20,€/l,"https://rimibaltic-res.cloudinary.com/image/upload/b_white,c_limit,dpr_auto,f_webp,q_auto:low,w_auto/d_ecommerce:backend-fallback.png/MAT_400785_PCE_LV"
Burkānmaize Lāči 440g,rimi.lv,2.27,1.79,4.07,€/kg,"https://rimibaltic-res.cloudinary.com/image/upload/b_white,c_limit,dpr_auto,f_webp,q_auto:low,w_auto/d_ecommerce:backend-fallback.png/MAT_296294_PCE_LV"
Baltmaize Galda sagriezta 300g,rimi.lv,0.92,0.75,2.50,€/kg,"https://rimibaltic-res.cloudinary.com/image/upload/b_white,c_limit,dpr_auto,f_webp,q_auto:low,w_auto/d_ecommerce:backend-fallback.png/MAT_283333_PCE_LV"
Nagetes Ķekava cāļa fil.divpaka 310gx2,rimi.lv,5.39,3.99,6.44,€/kg,"https://rimibaltic-res.cloudinary.com/image/upload/b_white,c_limit,dpr_auto,f_webp,q_auto:low,w_auto/d_ecommerce:backend-fallback.png/MAT_974350_PCE_LV"
Piena desa Ķekava cāļa 700g,rimi.lv,3.49,2.49,3.56,€/kg,"https://rimibaltic-res.cloudinary.com/image/upload/b_white,c_limit,dpr_auto,f_webp,q_auto:low,w_auto/d_ecommerce:backend-fallback.png/MAT_995852_PCE_LV"
Bietes Dimdiņi vārītas šķēlēs 350g,rimi.lv,2.38,1.19,1.71,€/kg,"https://rimibaltic-res.cloudinary.com/image/upload/b_white,c_limit,dpr_auto,f_webp,q_auto:low,w_auto/d_ecommerce:backend-fallback.png/MAT_4005970_PCE_LV"
Piena šokolāde Karl Fazer ar ogām 180g,rimi.lv,5.99,3.59,19.94,€/kg,"https://rimibaltic-res.cloudinary.com/image/upload/b_white,c_limit,dpr_auto,f_webp,q_auto:low,w_auto/d_ecommerce:backend-fallback.png/MAT_1020662_PCE_LV"
Jasmīna rīsi Rimi Planet 4x100g,rimi.lv,1.39,1.09,2.72,€/kg,"https://rimibaltic-res.cloudinary.com/image/upload/b_white,c_limit,dpr_auto,f_webp,q_auto:low,w_auto/d_ecommerce:backend-fallback.png/MAT_817451_PCE_LV"
Prot.bat.Skrīveru ar kokosr.vaniļas garšu 45g,rimi.lv,3.79,2.89,64.22,€/kg,"https://rimibaltic-res.cloudinary.com/image/upload/b_white,c_limit,dpr_auto,f_webp,q_auto:low,w_auto/d_ecommerce:backend-fallback.png/MAT_1024107_PCE_LV"
Ķirbis keramikas Cozy Home 28.5 cm HW26,rimi.lv,24.99,12.49,,,"https://rimibaltic-res.cloudinary.com/image/upload/b_white,c_limit,dpr_auto,f_webp,q_auto:low,w_auto/d_ecommerce:backend-fallback.png/MAT_818166_PCE_LV"
Baterijas Energizer Max Alkaline AA 6+2,rimi.lv,8.29,4.99,,,"https://rimibaltic-res.cloudinary.com/image/upload/b_white,c_limit,dpr_auto,f_webp,q_auto:low,w_auto/d_ecommerce:backend-fallback.png/MAT_7321105_PCE_LV"
Mērce makaroniem Rimi ar ķiplokiem 390g,rimi.lv,2.49,1.99,5.10,€/kg,"https://rimibaltic-res.cloudinary.com/image/upload/b_white,c_limit,dpr_auto,f_webp,q_auto:low,w_auto/d_ecommerce:backend-fallback.png/MAT_810786_PCE_LV"
Desiņas cepamās mednieku 400g,rimi.lv,3.49,2.79,6.97,€/kg,"https://rimibaltic-res.cloudinary.com/image/upload/b_white,c_limit,dpr_auto,f_webp,q_auto:low,w_auto/d_ecommerce:backend-fallback.png/MAT_920130_PCE_LV"
Kombuča dzīvības dzēr. ananāsu 330ml,rimi.lv,2.99,1.94,5.88,€/l,"https://rimibaltic-res.cloudinary.com/image/upload/b_white,c_limit,dpr_auto,f_webp,q_auto:low,w_auto/d_ecommerce:backend-fallback.png/MAT_174238_PCE_LV"
Humoss Rimi Planet ar baklažāniem 180g,rimi.lv,2.15,1.79,9.94,€/kg,"https://rimibaltic-res.cloudinary.com/image/upload/b_white,c_limit,dpr_auto,f_webp,q_auto:low,w_auto/d_ecommerce:backend-fallback.png/MAT_812947_PCE_LV"
"Virtulis ar šokolādes pildījumu, atk. 77g",rimi.lv,1.29,0.90,11.69,€/kg,"https://rimibaltic-res.cloudinary.com/image/upload/b_white,c_limit,dpr_auto,f_webp,q_auto:low,w_auto/d_ecommerce:backend-fallback.png/MAT_4001237_PCE_LV"
Grilla maisījums Fit&Easy ar burkāniem 150g,rimi.lv,1.59,1.29,8.60,€/kg,"https://rimibaltic-res.cloudinary.com/image/upload/b_white,c_limit,dpr_auto,f_webp,q_auto:low,w_auto/d_ecommerce:backend-fallback.png/MAT_4005345_PCE_LV"
Cietais siers Rokiskio Grand 12 mēn. 37% 180g,rimi.lv,3.19,2.59,14.39,€/kg,"https://rimibaltic-res.cloudinary.com/image/upload/b_white,c_limit,dpr_auto,f_webp,q_auto:low,w_auto/d_ecommerce:backend-fallback.png/MAT_902764_PCE_LV"
Cūkgaļas steiks Rīgas Miesnieks ar ķipl. 500g,rimi.lv,6.49,4.49,8.98,€/kg,"https://rimibaltic-res.cloudinary.com/image/upload/b_white,c_limit,dpr_auto,f_webp,q_auto:low,w_auto/d_ecommerce:backend-fallback.png/MAT_4007711_PCE_LV"
Ciabatta Latvijas Maiznieks olīvu 250g,rimi.lv,1.84,1.45,5.80,€/kg,"https://rimibaltic-res.cloudinary.com/image/upload/b_white,c_limit,dpr_auto,f_webp,q_auto:low,w_auto/d_ecommerce:backend-fallback.png/MAT_4010366_PCE_LV"
"Aveņu-krūmmelleņu mais, sasald,Rimi400g",rimi.lv,4.59,2.75,6.87,€/kg,"https://rimibaltic-res.cloudinary.com/image/upload/b_white,c_limit,dpr_auto,f_webp,q_auto:low,w_auto/d_ecommerce:backend-fallback.png/MAT_812718_PCE_LV"
"Dzēriens Iļģuciema Veselības 1,5l",rimi.lv,2.19,1.59,1.06,€/l,"https://rimibaltic-res.cloudinary.com/image/upload/b_white,c_limit,dpr_auto,f_webp,q_auto:low,w_auto/d_ecommerce:backend-fallback.png/MAT_123491_PCE_LV"
Šok. konf. Sorini ar piena krēmu ķirbji 100g,rimi.lv,1.99,1.39,13.90,€/kg,"https://rimibaltic-res.cloudinary.com/image/upload/b_white,c_limit,dpr_auto,f_webp,q_auto:low,w_auto/d_ecommerce:backend-fallback.png/MAT_196442_PCE_LV"
Konfektes Candy Collection Halloween 140g,rimi.lv,3.99,2.79,19.93,€/kg,"https://rimibaltic-res.cloudinary.com/image/upload/b_white,c_limit,dpr_auto,f_webp,q_auto:low,w_auto/d_ecommerce:backend-fallback.png/MAT_1024521_PCE_LV"
Desa Jelgava krakovas 450g,rimi.lv,3.45,2.99,6.64,€/kg,"https://rimibaltic-res.cloudinary.com/image/upload/b_white,c_limit,dpr_auto,f_webp,q_auto:low,w_auto/d_ecommerce:backend-fallback.png/MAT_262537_PCE_LV"
Kombuča dzīvības dzēr.Tradicionālā 330ml,rimi.lv,2.99,1.94,5.88,€/l,"https://rimibaltic-res.cloudinary.com/image/upload/b_white,c_limit,dpr_auto,f_webp,q_auto:low,w_auto/d_ecommerce:backend-fallback.png/MAT_174243_PCE_LV"
Skāb. krējums Baltais creme fraiche 30% 500g,rimi.lv,3.09,2.75,5.50,€/kg,"https://rimibaltic-res.cloudinary.com/image/upload/b_white,c_limit,dpr_auto,f_webp,q_auto:low,w_auto/d_ecommerce:backend-fallback.png/MAT_976983_PCE_LV"
Rīsu pārslas Rimi ātri vārāmās 400g,rimi.lv,2.09,1.59,3.97,€/kg,"https://rimibaltic-res.cloudinary.com/image/upload/b_white,c_limit,dpr_auto,f_webp,q_auto:low,w_auto/d_ecommerce:backend-fallback.png/MAT_816405_PCE_LV"
Tortil.Fazer Street Food kviešu-kukurūz. 360g,rimi.lv,2.49,1.75,4.86,€/kg,"https://rimibaltic-res.cloudinary.com/image/upload/b_white,c_limit,dpr_auto,f_webp,q_auto:low,w_auto/d_ecommerce:backend-fallback.png/MAT_4009128_PCE_LV"
Smūtijs Zemeņu-Banānu SUN365 250ML,rimi.lv,2.35,1.79,7.16,€/l,"https://rimibaltic-res.cloudinary.com/image/upload/b_white,c_limit,dpr_auto,f_webp,q_auto:low,w_auto/d_ecommerce:backend-fallback.png/MAT_1359231_PCE_LV"
Kafijas pupiņas Merrild Arabica 1kg,rimi.lv,29.99,16.89,16.89,€/kg,"https://rimibaltic-res.cloudinary.com/image/upload/b_white,c_limit,dpr_auto,f_webp,q_auto:low,w_auto/d_ecommerce:backend-fallback.png/MAT_170888_PCE_LV"
Karbonāde auksti kūpināta šķēlēs 100g,rimi.lv,2.15,1.80,18.00,€/kg,"https://rimibaltic-res.cloudinary.com/image/upload/b_white,c_limit,dpr_auto,f_webp,q_auto:low,w_auto/d_ecommerce:backend-fallback.png/MAT_935986_PCE_LV"
Siers Smiltene Liesais 16% šķēlēs 150g,rimi.lv,2.79,1.99,13.27,€/kg,"https://rimibaltic-res.cloudinary.com/image/upload/b_white,c_limit,dpr_auto,f_webp,q_auto:low,w_auto/d_ecommerce:backend-fallback.png/MAT_983454_PCE_LV"
Sausbaranciņas Mario Bērnu 150g,rimi.lv,0.95,0.79,5.27,€/kg,"https://rimibaltic-res.cloudinary.com/image/upload/b_white,c_limit,dpr_auto,f_webp,q_auto:low,w_auto/d_ecommerce:backend-fallback.png/MAT_1016691_PCE_LV"
Liellopu aknu pastēte Forevers 300g,rimi.lv,1.99,1.25,4.17,€/kg,"https://rimibaltic-res.cloudinary.com/image/upload/b_white,c_limit,dpr_auto,f_webp,q_auto:low,w_auto/d_ecommerce:backend-fallback.png/MAT_4004772_PCE_LV"
Siers Granarolo Buffalo Mozzarella 125g,rimi.lv,3.19,1.99,15.92,€/kg,"https://rimibaltic-res.cloudinary.com/image/upload/b_white,c_limit,dpr_auto,f_webp,q_auto:low,w_auto/d_ecommerce:backend-fallback.png/MAT_4006734_PCE_LV"
Ķiršu tomāti Spilva marinādē 680g/380g,rimi.lv,3.79,2.65,6.97,€/kg,"https://rimibaltic-res.cloudinary.com/image/upload/b_white,c_limit,dpr_auto,f_webp,q_auto:low,w_auto/d_ecommerce:backend-fallback.png/MAT_192384_PCE_LV"
Logu tīrīš. līdzeklis Clerit fresh 500ml,rimi.lv,2.35,2.09,4.18,€/l,"https://rimibaltic-res.cloudinary.com/image/upload/b_white,c_limit,dpr_auto,f_webp,q_auto:low,w_auto/d_ecommerce:backend-fallback.png/MAT_813188_PCE_LV"
"Suņu konservi NutriBalance liellopa 1,24kg",rimi.lv,1.99,1.60,1.29,€/kg,"https://rimibaltic-res.cloudinary.com/image/upload/b_white,c_limit,dpr_auto,f_webp,q_auto:low,w_auto/d_ecommerce:backend-fallback.png/MAT_804590_PCE_LV"
Tualetes tīrīš. līdz. Harpic Original 750ml,rimi.lv,4.29,3.29,4.39,€/l,"https://rimibaltic-res.cloudinary.com/image/upload/b_white,c_limit,dpr_auto,f_webp,q_auto:low,w_auto/d_ecommerce:backend-fallback.png/MAT_401737_PCE_LV"
Gaisa atsvaidzin. Clerit Citrus Fresh 300ml,rimi.lv,2.39,2.15,7.17,€/l,"https://rimibaltic-res.cloudinary.com/image/upload/b_white,c_limit,dpr_auto,f_webp,q_auto:low,w_auto/d_ecommerce:backend-fallback.png/MAT_812881_PCE_LV"
Uzkodu spainītis Snako helovīnu 500g,rimi.lv,4.99,3.49,6.98,€/kg,"https://rimibaltic-res.cloudinary.com/image/upload/b_white,c_limit,dpr_auto,f_webp,q_auto:low,w_auto/d_ecommerce:backend-fallback.png/MAT_1024421_PCE_LV"
Piena šok. konf. Only Skeletons and Eyes 84g,rimi.lv,1.99,1.39,16.55,€/kg,"https://rimibaltic-res.cloudinary.com/image/upload/b_white,c_limit,dpr_auto,f_webp,q_auto:low,w_auto/d_ecommerce:backend-fallback.png/MAT_1024601_PCE_LV"
Kukurūzas nūjiņas Draugu saldās 130g,rimi.lv,1.55,1.19,9.15,€/kg,"https://rimibaltic-res.cloudinary.com/image/upload/b_white,c_limit,dpr_auto,f_webp,q_auto:low,w_auto/d_ecommerce:backend-fallback.png/MAT_139675_PCE_LV"
Tuncis Rio Mare olīveļļā 160g/104g,rimi.lv,5.39,3.89,37.40,€/kg,"https://rimibaltic-res.cloudinary.com/image/upload/b_white,c_limit,dpr_auto,f_webp,q_auto:low,w_auto/d_ecommerce:backend-fallback.png/MAT_115829_PCE_LV"
Karbonāde Jubilāra 300g,rimi.lv,3.49,2.89,9.63,€/kg,"https://rimibaltic-res.cloudinary.com/image/upload/b_white,c_limit,dpr_auto,f_webp,q_auto:low,w_auto/d_ecommerce:backend-fallback.png/MAT_290854_PCE_LV"
Jogurts Baltais ar musli 2% 380g,rimi.lv,1.39,1.19,3.13,€/kg,"https://rimibaltic-res.cloudinary.com/image/upload/b_white,c_limit,dpr_auto,f_webp,q_auto:low,w_auto/d_ecommerce:backend-fallback.png/MAT_291017_PCE_LV"
Saldējums Ekselence ar balzamu 1l/480g,rimi.lv,7.49,5.99,12.48,€/kg,"https://rimibaltic-res.cloudinary.com/image/upload/b_white,c_limit,dpr_auto,f_webp,q_auto:low,w_auto/d_ecommerce:backend-fallback.png/MAT_292906_PCE_LV"
Gailenes fasētas 200g,rimi.lv,4.99,3.99,19.95,€/kg,"https://rimibaltic-res.cloudinary.com/image/upload/b_white,c_limit,dpr_auto,f_webp,q_auto:low,w_auto/d_ecommerce:backend-fallback.png/MAT_207780_PCE_LV"
Saldēj. Pols Gotiņa vafeļu glāzītē 190ml/100g,rimi.lv,1.35,0.89,8.90,€/kg,"https://rimibaltic-res.cloudinary.com/image/upload/b_white,c_limit,dpr_auto,f_webp,q_auto:low,w_auto/d_ecommerce:backend-fallback.png/MAT_998009_PCE_LV"
Kefīrs Gefilus ar meža zemenēm 1kg,rimi.lv,1.99,1.59,1.59,€/kg,"https://rimibaltic-res.cloudinary.com/image/upload/b_white,c_limit,dpr_auto,f_webp,q_auto:low,w_auto/d_ecommerce:backend-fallback.png/MAT_962005_PCE_LV"
Dušas ž. Nivea Cr.Soft 500ml,rimi.lv,6.79,4.89,9.78,€/l,"https://rimibaltic-res.cloudinary.com/image/upload/b_white,c_limit,dpr_auto,f_webp,q_auto:low,w_auto/d_ecommerce:backend-fallback.png/MAT_7065826_PCE_LV"
Ogu maisījums Rimi saldēts 400g,rimi.lv,4.49,2.78,6.95,€/kg,"https://rimibaltic-res.cloudinary.com/image/upload/b_white,c_limit,dpr_auto,f_webp,q_auto:low,w_auto/d_ecommerce:backend-fallback.png/MAT_812712_PCE_LV"
Kapu svece 8stundas P-2,rimi.lv,0.39,0.27,,,"https://rimibaltic-res.cloudinary.com/image/upload/b_white,c_limit,dpr_auto,f_webp,q_auto:low,w_auto/d_ecommerce:backend-fallback.png/MAT_482783_PCE_LV"
Desiņas cepamās baltās ar sieru 400g,rimi.lv,3.29,2.19,5.47,€/kg,"https://rimibaltic-res.cloudinary.com/image/upload/b_white,c_limit,dpr_auto,f_webp,q_auto:low,w_auto/d_ecommerce:backend-fallback.png/MAT_909227_PCE_LV"
Vīnogas zaļās ECO bez kauliņiem 500g,rimi.lv,2.99,2.39,4.78,€/kg,"https://rimibaltic-res.cloudinary.com/image/upload/b_white,c_limit,dpr_auto,f_webp,q_auto:low,w_auto/d_ecommerce:backend-fallback.png/MAT_980272_PCE_LV"
Salami Rīgas puskūpināta kg,rimi.lv,7.99,5.99,5.99,€/kg,"https://rimibaltic-res.cloudinary.com/image/upload/b_white,c_limit,dpr_auto,f_webp,q_auto:low,w_auto/d_ecommerce:backend-fallback.png/MAT_993423_KGM_LV"
Vista fil. GNA Collection kukur. pārslās 300g,rimi.lv,3.89,2.99,9.97,€/kg,"https://rimibaltic-res.cloudinary.com/image/upload/b_white,c_limit,dpr_auto,f_webp,q_auto:low,w_auto/d_ecommerce:backend-fallback.png/MAT_4008477_PCE_LV"
Pilngr.kviešu tortilja Santa Maria plāna 239g,rimi.lv,2.58,2.19,9.16,€/kg,"https://rimibaltic-res.cloudinary.com/image/upload/b_white,c_limit,dpr_auto,f_webp,q_auto:low,w_auto/d_ecommerce:backend-fallback.png/MAT_1023352_PCE_LV"
"Augļu tēja Možums dzērveņu aveņu 20x1,5g",rimi.lv,1.25,0.89,29.67,€/kg,"https://rimibaltic-res.cloudinary.com/image/upload/b_white,c_limit,dpr_auto,f_webp,q_auto:low,w_auto/d_ecommerce:backend-fallback.png/MAT_139942_PCE_LV"
Piena šok. pralinē Sorini ar piena krēmu 105g,rimi.lv,1.99,1.39,13.24,€/kg,"https://rimibaltic-res.cloudinary.com/image/upload/b_white,c_limit,dpr_auto,f_webp,q_auto:low,w_auto/d_ecommerce:backend-fallback.png/MAT_1005940_PCE_LV"
Makreļu filejas tomātu mērcē 170g,rimi.lv,2.69,2.29,13.47,€/kg,"https://rimibaltic-res.cloudinary.com/image/upload/b_white,c_limit,dpr_auto,f_webp,q_auto:low,w_auto/d_ecommerce:backend-fallback.png/MAT_941677_PCE_LV"
"Rudzu maize Īstenā 1,5 kg",rimi.lv,3.69,3.09,2.06,€/kg,"https://rimibaltic-res.cloudinary.com/image/upload/b_white,c_limit,dpr_auto,f_webp,q_auto:low,w_auto/d_ecommerce:backend-fallback.png/MAT_937837_PCE_LV"
Maiziņš burgeru 240g,rimi.lv,1.56,1.09,4.54,€/kg,"https://rimibaltic-res.cloudinary.com/image/upload/b_white,c_limit,dpr_auto,f_webp,q_auto:low,w_auto/d_ecommerce:backend-fallback.png/MAT_947693_PCE_LV"
Imunitātes deva SUN365 ar ingveru 60g,rimi.lv,1.99,1.49,24.83,€/l,"https://rimibaltic-res.cloudinary.com/image/upload/b_white,c_limit,dpr_auto,f_webp,q_auto:low,w_auto/d_ecommerce:backend-fallback.png/MAT_932720_PCE_LV"
Rudzu rikas Hanzas Maiznīca pilngraudu 360g,rimi.lv,1.55,1.19,3.31,€/kg,"https://rimibaltic-res.cloudinary.com/image/upload/b_white,c_limit,dpr_auto,f_webp,q_auto:low,w_auto/d_ecommerce:backend-fallback.png/MAT_994827_PCE_LV"
"Limonāde Schweppes Pink mixer 1,5l",rimi.lv,,1.49,0.99,€/l,"https://rimibaltic-res.cloudinary.com/image/upload/b_white,c_limit,dpr_auto,f_webp,q_auto:low,w_auto/d_ecommerce:backend-fallback.png/MAT_1352161_PCE_LV"
Salāti Spilva Latgales 530g,rimi.lv,3.99,2.69,5.08,€/kg,"https://rimibaltic-res.cloudinary.com/image/upload/b_white,c_limit,dpr_auto,f_webp,q_auto:low,w_auto/d_ecommerce:backend-fallback.png/MAT_127165_PCE_LV"
"Dzirkst. dzēriens Mežezers Klasiskais 0,75l",rimi.lv,,2.39,3.19,€/l,"https://rimibaltic-res.cloudinary.com/image/upload/b_white,c_limit,dpr_auto,f_webp,q_auto:low,w_auto/d_ecommerce:backend-fallback.png/MAT_113117_PCE_LV"
Nivea Dušas Želeja Energy Vīr. 500Ml,rimi.lv,6.79,4.79,9.58,€/l,"https://rimibaltic-res.cloudinary.com/image/upload/b_white,c_limit,dpr_auto,f_webp,q_auto:low,w_auto/d_ecommerce:backend-fallback.png/MAT_7065829_PCE_LV"
Konfektes Trifele 1kg,rimi.lv,18.99,12.99,12.99,€/kg,"https://rimibaltic-res.cloudinary.com/image/upload/b_white,c_limit,dpr_auto,f_webp,q_auto:low,w_auto/d_ecommerce:backend-fallback.png/MAT_164029_KGM_LV"
Piena šokolāde Kinder chocolate 200g,rimi.lv,5.99,3.39,16.95,€/kg,"https://rimibaltic-res.cloudinary.com/image/upload/b_white,c_limit,dpr_auto,f_webp,q_auto:low,w_auto/d_ecommerce:backend-fallback.png/MAT_198493_PCE_LV"
Saldā paprika Spilva 23g,rimi.lv,1.15,0.81,35.22,€/kg,"https://rimibaltic-res.cloudinary.com/image/upload/b_white,c_limit,dpr_auto,f_webp,q_auto:low,w_auto/d_ecommerce:backend-fallback.png/MAT_1020748_PCE_LV"
Sula Cido dārzeņu 1l,rimi.lv,2.09,1.65,1.65,€/l,"https://rimibaltic-res.cloudinary.com/image/upload/b_white,c_limit,dpr_auto,f_webp,q_auto:low,w_auto/d_ecommerce:backend-fallback.png/MAT_100650_PCE_LV"
Tīrīšanas līdzekl. Tiret Turbo caurulēm 500ml,rimi.lv,8.99,6.19,12.38,€/l,"https://rimibaltic-res.cloudinary.com/image/upload/b_white,c_limit,dpr_auto,f_webp,q_auto:low,w_auto/d_ecommerce:backend-fallback.png/MAT_749022_PCE_LV"
Nektārs Gutta Max multiaugļu 2l,rimi.lv,3.39,2.79,1.40,€/l,"https://rimibaltic-res.cloudinary.com/image/upload/b_white,c_limit,dpr_auto,f_webp,q_auto:low,w_auto/d_ecommerce:backend-fallback.png/MAT_108220_PCE_LV"
Atledotājs CarPlan blue star -20C 600ml,rimi.lv,5.99,3.59,,,"https://rimibaltic-res.cloudinary.com/image/upload/b_white,c_limit,dpr_auto,f_webp,q_auto:low,w_auto/d_ecommerce:backend-fallback.png/MAT_7301727_PCE_LV"
Virtene Cozy Home 6cm 20LED zelta CH26,rimi.lv,14.99,8.99,,,"https://rimibaltic-res.cloudinary.com/image/upload/b_white,c_limit,dpr_auto,f_webp,q_auto:low,w_auto/d_ecommerce:backend-fallback.png/MAT_818054_PCE_LV"
Ķirbis no keramikas Cozy Home 18 cm HW26,rimi.lv,14.99,7.49,,,"https://rimibaltic-res.cloudinary.com/image/upload/b_white,c_limit,dpr_auto,f_webp,q_auto:low,w_auto/d_ecommerce:backend-fallback.png/MAT_818153_PCE_LV"
Piepūšams ķirbis Cozy Home HW26,rimi.lv,44.99,22.49,,,"https://rimibaltic-res.cloudinary.com/image/upload/b_white,c_limit,dpr_auto,f_webp,q_auto:low,w_auto/d_ecommerce:backend-fallback.png/MAT_818176_PCE_LV"
Konfektes Candy Collection Clown 150g,rimi.lv,3.99,2.79,18.60,€/kg,"https://rimibaltic-res.cloudinary.com/image/upload/b_white,c_limit,dpr_auto,f_webp,q_auto:low,w_auto/d_ecommerce:backend-fallback.png/MAT_1024511_PCE_LV"
Piena šokolādes konfektes Only uz kociņa 78g,rimi.lv,1.99,1.39,17.82,€/kg,"https://rimibaltic-res.cloudinary.com/image/upload/b_white,c_limit,dpr_auto,f_webp,q_auto:low,w_auto/d_ecommerce:backend-fallback.png/MAT_1024602_PCE_LV"
Cepumi Nordthy Halloween Green 146g,rimi.lv,2.49,1.74,11.92,€/kg,"https://rimibaltic-res.cloudinary.com/image/upload/b_white,c_limit,dpr_auto,f_webp,q_auto:low,w_auto/d_ecommerce:backend-fallback.png/MAT_1024526_PCE_LV"
Želejkonfektes Haribo Happy Halloween 250g,rimi.lv,,3.14,12.56,€/kg,"https://rimibaltic-res.cloudinary.com/image/upload/b_white,c_limit,dpr_auto,f_webp,q_auto:low,w_auto/d_ecommerce:backend-fallback.png/MAT_1024787_PCE_LV"
Zefīri Trolli Apple Mallow 150g,rimi.lv,,1.95,13.00,€/kg,"https://rimibaltic-res.cloudinary.com/image/upload/b_white,c_limit,dpr_auto,f_webp,q_auto:low,w_auto/d_ecommerce:backend-fallback.png/MAT_188004_PCE_LV"
Mitruma absorbents ar indikātoru 400g,rimi.lv,9.99,5.99,,,"https://rimibaltic-res.cloudinary.com/image/upload/b_white,c_limit,dpr_auto,f_webp,q_auto:low,w_auto/d_ecommerce:backend-fallback.png/MAT_7322363_PCE_LV"
S/B Pedigree biscrock multi 500g,rimi.lv,3.99,2.55,5.10,€/kg,"https://rimibaltic-res.cloudinary.com/image/upload/b_white,c_limit,dpr_auto,f_webp,q_auto:low,w_auto/d_ecommerce:backend-fallback.png/MAT_7056676_PCE_LV"
Makaroni Italpasta Nr.88 Tagliatelle 500g,rimi.lv,2.55,2.15,4.30,€/kg,"https://rimibaltic-res.cloudinary.com/image/upload/b_white,c_limit,dpr_auto,f_webp,q_auto:low,w_auto/d_ecommerce:backend-fallback.png/MAT_105286_PCE_LV"
Konfektes Raffaello 230g,rimi.lv,7.69,5.69,24.74,€/kg,"https://rimibaltic-res.cloudinary.com/image/upload/b_white,c_limit,dpr_auto,f_webp,q_auto:low,w_auto/d_ecommerce:backend-fallback.png/MAT_168805_PCE_LV"
Saldā krējuma krēms Kārums karameļu 150g,rimi.lv,1.09,0.95,6.33,€/kg,"https://rimibaltic-res.cloudinary.com/image/upload/b_white,c_limit,dpr_auto,f_webp,q_auto:low,w_auto/d_ecommerce:backend-fallback.png/MAT_271521_PCE_LV"
Svaigais siers Smiltene pikantais 200g,rimi.lv,1.69,1.49,7.45,€/kg,"https://rimibaltic-res.cloudinary.com/image/upload/b_white,c_limit,dpr_auto,f_webp,q_auto:low,w_auto/d_ecommerce:backend-fallback.png/MAT_919172_PCE_LV"
Siers Smiltene Holandes 400g,rimi.lv,5.49,3.89,9.72,€/kg,"https://rimibaltic-res.cloudinary.com/image/upload/b_white,c_limit,dpr_auto,f_webp,q_auto:low,w_auto/d_ecommerce:backend-fallback.png/MAT_967438_PCE_LV"
Pelmeņi Rīgas miesnieks XXL 2kg,rimi.lv,8.99,5.99,3.00,€/kg,"https://rimibaltic-res.cloudinary.com/image/upload/b_white,c_limit,dpr_auto,f_webp,q_auto:low,w_auto/d_ecommerce:backend-fallback.png/MAT_974620_PCE_LV"
"Mango nektārs Don Simon 1,5l",rimi.lv,3.69,2.49,1.66,€/l,"https://rimibaltic-res.cloudinary.com/image/upload/b_white,c_limit,dpr_auto,f_webp,q_auto:low,w_auto/d_ecommerce:backend-fallback.png/MAT_1373557_PCE_LV"
Nageti GNA Collection kukur. pārslās 300g,rimi.lv,3.19,2.39,7.97,€/kg,"https://rimibaltic-res.cloudinary.com/image/upload/b_white,c_limit,dpr_auto,f_webp,q_auto:low,w_auto/d_ecommerce:backend-fallback.png/MAT_4008457_PCE_LV"
Biezpiena sieriņš Alma ar vaniļas garšu 40g,rimi.lv,0.54,0.27,6.75,€/kg,"https://rimibaltic-res.cloudinary.com/image/upload/b_white,c_limit,dpr_auto,f_webp,q_auto:low,w_auto/d_ecommerce:backend-fallback.png/MAT_4012129_PCE_LV"
Pārslas Herkuless 4 graudu 500g,rimi.lv,1.69,0.99,1.98,€/kg,"https://rimibaltic-res.cloudinary.com/image/upload/b_white,c_limit,dpr_auto,f_webp,q_auto:low,w_auto/d_ecommerce:backend-fallback.png/MAT_164080_PCE_LV"
Šampūns Syoss Keratin Hair Perfect. 440ml,rimi.lv,7.49,4.49,10.20,€/l,"https://rimibaltic-res.cloudinary.com/image/upload/b_white,c_limit,dpr_auto,f_webp,q_auto:low,w_auto/d_ecommerce:backend-fallback.png/MAT_7239625_PCE_LV"
"Dzēriens Super Manki gāzēts 0,33l",rimi.lv,1.09,0.89,2.70,€/l,"https://rimibaltic-res.cloudinary.com/image/upload/b_white,c_limit,dpr_auto,f_webp,q_auto:low,w_auto/d_ecommerce:backend-fallback.png/MAT_1360130_PCE_LV"
Dārzeņi Hortex zaļās pākšu pupiņas 400g,rimi.lv,2.59,2.19,5.47,€/kg,"https://rimibaltic-res.cloudinary.com/image/upload/b_white,c_limit,dpr_auto,f_webp,q_auto:low,w_auto/d_ecommerce:backend-fallback.png/MAT_223914_PCE_LV"
Batoniņš Kinder Bueno šokolādes 43g,rimi.lv,1.39,1.09,25.35,€/kg,"https://rimibaltic-res.cloudinary.com/image/upload/b_white,c_limit,dpr_auto,f_webp,q_auto:low,w_auto/d_ecommerce:backend-fallback.png/MAT_100786_PCE_LV"
Desa Jelgava brenča kūpināta 550g,rimi.lv,2.89,2.59,4.71,€/kg,"https://rimibaltic-res.cloudinary.com/image/upload/b_white,c_limit,dpr_auto,f_webp,q_auto:low,w_auto/d_ecommerce:backend-fallback.png/MAT_272465_PCE_LV"
Īsta saldskābmaize Lāči 1/2 sagriezta 440g,rimi.lv,2.49,1.99,4.52,€/kg,"https://rimibaltic-res.cloudinary.com/image/upload/b_white,c_limit,dpr_auto,f_webp,q_auto:low,w_auto/d_ecommerce:backend-fallback.png/MAT_276539_PCE_LV"
Radziņš Dona 150g,rimi.lv,0.64,0.56,3.73,€/kg,"https://rimibaltic-res.cloudinary.com/image/upload/b_white,c_limit,dpr_auto,f_webp,q_auto:low,w_auto/d_ecommerce:backend-fallback.png/MAT_4011597_PCE_LV"
"Ekol. smūt. Salling Eko  āb., žāv. pl. 6m.90g",rimi.lv,0.94,0.70,7.78,€/kg,"https://rimibaltic-res.cloudinary.com/image/upload/b_white,c_limit,dpr_auto,f_webp,q_auto:low,w_auto/d_ecommerce:backend-fallback.png/MAT_817665_PCE_LV"
Biezpiena sieriņš Rimi vaniļas bez lakt.40g,rimi.lv,0.49,0.39,9.75,€/kg,"https://rimibaltic-res.cloudinary.com/image/upload/b_white,c_limit,dpr_auto,f_webp,q_auto:low,w_auto/d_ecommerce:backend-fallback.png/MAT_814828_PCE_LV"
Zobu pasta Sensodyne Fluoride 75ml,rimi.lv,6.99,5.19,69.20,€/l,"https://rimibaltic-res.cloudinary.com/image/upload/b_white,c_limit,dpr_auto,f_webp,q_auto:low,w_auto/d_ecommerce:backend-fallback.png/MAT_7032932_PCE_LV"
Nektārs Rimi persiku 50% 1l,rimi.lv,1.79,1.59,1.59,€/l,"https://rimibaltic-res.cloudinary.com/image/upload/b_white,c_limit,dpr_auto,f_webp,q_auto:low,w_auto/d_ecommerce:backend-fallback.png/MAT_801008_PCE_LV"
Cepumi Selga ar citronu garšu 180g,rimi.lv,1.29,0.95,5.28,€/kg,"https://rimibaltic-res.cloudinary.com/image/upload/b_white,c_limit,dpr_auto,f_webp,q_auto:low,w_auto/d_ecommerce:backend-fallback.png/MAT_1003260_PCE_LV"
Ievārījums Spilva apelsīnu 380gr,rimi.lv,4.59,3.29,8.66,€/kg,"https://rimibaltic-res.cloudinary.com/image/upload/b_white,c_limit,dpr_auto,f_webp,q_auto:low,w_auto/d_ecommerce:backend-fallback.png/MAT_196114_PCE_LV"
Pastēte kaķ. Gourmet gold ar liel. 4x85g,rimi.lv,,2.29,6.74,€/kg,"https://rimibaltic-res.cloudinary.com/image/upload/b_white,c_limit,dpr_auto,f_webp,q_auto:low,w_auto/d_ecommerce:backend-fallback.png/MAT_150301_PCE_LV"
M.apakšbikses Mywear Cherry 3gab 122/128,rimi.lv,11.99,8.39,,,"https://rimibaltic-res.cloudinary.com/image/upload/b_white,c_limit,dpr_auto,f_webp,q_auto:low,w_auto/d_ecommerce:backend-fallback.png/MAT_817095_PCE_LV"
Z.apakšbikses Mywear Axel 3gab 134/140,rimi.lv,12.99,9.09,,,"https://rimibaltic-res.cloudinary.com/image/upload/b_white,c_limit,dpr_auto,f_webp,q_auto:low,w_auto/d_ecommerce:backend-fallback.png/MAT_817080_PCE_LV"
Virtene Cozy Home 6cm 12LED s.balta CH26,rimi.lv,8.99,5.39,,,"https://rimibaltic-res.cloudinary.com/image/upload/b_white,c_limit,dpr_auto,f_webp,q_auto:low,w_auto/d_ecommerce:backend-fallback.png/MAT_814827_PCE_LV"
Saldumi Marshmallow Castle helovīnu ķirb. 45g,rimi.lv,1.99,1.39,30.89,€/kg,"https://rimibaltic-res.cloudinary.com/image/upload/b_white,c_limit,dpr_auto,f_webp,q_auto:low,w_auto/d_ecommerce:backend-fallback.png/MAT_1024397_PCE_LV"
Zefīri Sweetpeople spocīgie ķirbji 20g,rimi.lv,2.49,1.74,87.00,€/kg,"https://rimibaltic-res.cloudinary.com/image/upload/b_white,c_limit,dpr_auto,f_webp,q_auto:low,w_auto/d_ecommerce:backend-fallback.png/MAT_1024442_PCE_LV"
Zefīri Sweetpeople spocīgā seja 20g,rimi.lv,2.49,1.74,87.00,€/kg,"https://rimibaltic-res.cloudinary.com/image/upload/b_white,c_limit,dpr_auto,f_webp,q_auto:low,w_auto/d_ecommerce:backend-fallback.png/MAT_1024441_PCE_LV"
Galvas lukturis Energizer 6 Led + 3AAA,rimi.lv,14.99,8.99,,,"https://rimibaltic-res.cloudinary.com/image/upload/b_white,c_limit,dpr_auto,f_webp,q_auto:low,w_auto/d_ecommerce:backend-fallback.png/MAT_7321136_PCE_LV"
Rokas lukturis Energizer LC1L2D1,rimi.lv,9.69,5.79,,,"https://rimibaltic-res.cloudinary.com/image/upload/b_white,c_limit,dpr_auto,f_webp,q_auto:low,w_auto/d_ecommerce:backend-fallback.png/MAT_7321137_PCE_LV"
Šokolādes konfektes La Suissa Halloween kg,rimi.lv,,20.99,20.99,€/kg,"https://rimibaltic-res.cloudinary.com/image/upload/b_white,c_limit,dpr_auto,f_webp,q_auto:low,w_auto/d_ecommerce:backend-fallback.png/MAT_1024775_KGM_LV"
Želejkonfektes Haribo Ghostly 90g,rimi.lv,,1.25,15.63,€/kg,"https://rimibaltic-res.cloudinary.com/image/upload/b_white,c_limit,dpr_auto,f_webp,q_auto:low,w_auto/d_ecommerce:backend-fallback.png/MAT_1024788_PCE_LV"
Koka dārzeņi Spire AW26,rimi.lv,17.99,8.99,,,"https://rimibaltic-res.cloudinary.com/image/upload/b_white,c_limit,dpr_auto,f_webp,q_auto:low,w_auto/d_ecommerce:backend-fallback.png/MAT_7318343_PCE_LV"
Figūriņa Dinkidoo kolekcion. dinozaurs,rimi.lv,4.99,2.99,,,"https://rimibaltic-res.cloudinary.com/image/upload/b_white,c_limit,dpr_auto,f_webp,q_auto:low,w_auto/d_ecommerce:backend-fallback.png/MAT_7318265_PCE_LV"
Koka augļi Spire AW26,rimi.lv,17.99,8.99,,,"https://rimibaltic-res.cloudinary.com/image/upload/b_white,c_limit,dpr_auto,f_webp,q_auto:low,w_auto/d_ecommerce:backend-fallback.png/MAT_7318332_PCE_LV"
Siers Trikāta sniega bumbas tom.baz.240g/150g,rimi.lv,3.79,2.99,19.93,€/kg,"https://rimibaltic-res.cloudinary.com/image/upload/b_white,c_limit,dpr_auto,f_webp,q_auto:low,w_auto/d_ecommerce:backend-fallback.png/MAT_154378_PCE_LV"
Baltmaize dienišķā 500g,rimi.lv,1.38,0.99,1.98,€/kg,"https://rimibaltic-res.cloudinary.com/image/upload/b_white,c_limit,dpr_auto,f_webp,q_auto:low,w_auto/d_ecommerce:backend-fallback.png/MAT_222628_PCE_LV"
Kēkss St. Michel Biscuits mini ar šok. 175g,rimi.lv,2.69,1.99,11.37,€/kg,"https://rimibaltic-res.cloudinary.com/image/upload/b_white,c_limit,dpr_auto,f_webp,q_auto:low,w_auto/d_ecommerce:backend-fallback.png/MAT_179069_PCE_LV"
Gāzēts dzēriens Fanta 2l,rimi.lv,3.19,1.79,0.90,€/l,"https://rimibaltic-res.cloudinary.com/image/upload/b_white,c_limit,dpr_auto,f_webp,q_auto:low,w_auto/d_ecommerce:backend-fallback.png/MAT_1352600_PCE_LV"
Zobu birste Sensodyne Deep Clean Soft,rimi.lv,5.69,4.19,,,"https://rimibaltic-res.cloudinary.com/image/upload/b_white,c_limit,dpr_auto,f_webp,q_auto:low,w_auto/d_ecommerce:backend-fallback.png/MAT_7184784_PCE_LV"
Baterijas Energizer Alkaline 9V 522 1gab,rimi.lv,3.99,2.39,,,"https://rimibaltic-res.cloudinary.com/image/upload/b_white,c_limit,dpr_auto,f_webp,q_auto:low,w_auto/d_ecommerce:backend-fallback.png/MAT_726014_PCE_LV"
"Veļas mazgāšanas līdzeklis Woolite Color 1,8L",rimi.lv,11.99,6.99,3.88,€/l,"https://rimibaltic-res.cloudinary.com/image/upload/b_white,c_limit,dpr_auto,f_webp,q_auto:low,w_auto/d_ecommerce:backend-fallback.png/MAT_7210489_PCE_LV"
Marināde Santa Maria universālā 75g,rimi.lv,1.09,0.76,10.13,€/kg,"https://rimibaltic-res.cloudinary.com/image/upload/b_white,c_limit,dpr_auto,f_webp,q_auto:low,w_auto/d_ecommerce:backend-fallback.png/MAT_103305_PCE_LV"
Sausā zupa Maggi siera ar grauzd. ā. p. 19g,rimi.lv,0.69,0.48,25.26,€/kg,"https://rimibaltic-res.cloudinary.com/image/upload/b_white,c_limit,dpr_auto,f_webp,q_auto:low,w_auto/d_ecommerce:backend-fallback.png/MAT_152614_PCE_LV"
Saldējums Ekselence ar kļavu sīrupu 480g,rimi.lv,7.49,4.29,8.94,€/kg,"https://rimibaltic-res.cloudinary.com/image/upload/b_white,c_limit,dpr_auto,f_webp,q_auto:low,w_auto/d_ecommerce:backend-fallback.png/MAT_292946_PCE_LV"
Desa Selection Fuet Artesano vīt. 2x160g,rimi.lv,5.99,4.59,14.34,€/kg,"https://rimibaltic-res.cloudinary.com/image/upload/b_white,c_limit,dpr_auto,f_webp,q_auto:low,w_auto/d_ecommerce:backend-fallback.png/MAT_806816_PCE_LV"
Grildesiņas tītara gaļas 300g,rimi.lv,4.49,3.79,12.63,€/kg,"https://rimibaltic-res.cloudinary.com/image/upload/b_white,c_limit,dpr_auto,f_webp,q_auto:low,w_auto/d_ecommerce:backend-fallback.png/MAT_965916_PCE_LV"
Universālā garšviela Kucharek 500g,rimi.lv,2.39,1.79,3.58,€/kg,"https://rimibaltic-res.cloudinary.com/image/upload/b_white,c_limit,dpr_auto,f_webp,q_auto:low,w_auto/d_ecommerce:backend-fallback.png/MAT_1021606_PCE_LV"
Doktordesa vārīta ar tītara gaļu 320g,rimi.lv,4.19,3.59,11.22,€/kg,"https://rimibaltic-res.cloudinary.com/image/upload/b_white,c_limit,dpr_auto,f_webp,q_auto:low,w_auto/d_ecommerce:backend-fallback.png/MAT_4008864_PCE_LV"
"Mājp.,cūkgaļas desiņas Rimi Kabanos 440g",rimi.lv,6.29,4.99,11.34,€/kg,"https://rimibaltic-res.cloudinary.com/image/upload/b_white,c_limit,dpr_auto,f_webp,q_auto:low,w_auto/d_ecommerce:backend-fallback.png/MAT_817461_PCE_LV"
Balz. Syoss Keratin Hair Perf. 440ml,rimi.lv,7.49,4.99,11.34,€/l,"https://rimibaltic-res.cloudinary.com/image/upload/b_white,c_limit,dpr_auto,f_webp,q_auto:low,w_auto/d_ecommerce:backend-fallback.png/MAT_7239639_PCE_LV"
Kaķu kārums Dreamies ar sieru 60g,rimi.lv,2.09,1.29,21.50,€/kg,"https://rimibaltic-res.cloudinary.com/image/upload/b_white,c_limit,dpr_auto,f_webp,q_auto:low,w_auto/d_ecommerce:backend-fallback.png/MAT_7077573_PCE_LV"
Logu tīrīš. līdzeklis Clerit sens. 500ml,rimi.lv,2.35,2.09,4.18,€/l,"https://rimibaltic-res.cloudinary.com/image/upload/b_white,c_limit,dpr_auto,f_webp,q_auto:low,w_auto/d_ecommerce:backend-fallback.png/MAT_813189_PCE_LV"
Virtene Cozy Home 6cm 20LED s.balta CH26,rimi.lv,14.99,8.99,,,"https://rimibaltic-res.cloudinary.com/image/upload/b_white,c_limit,dpr_auto,f_webp,q_auto:low,w_auto/d_ecommerce:backend-fallback.png/MAT_814821_PCE_LV"
Zobu suka Elmex Ultra Soft 3gab.,rimi.lv,13.99,11.19,,,"https://rimibaltic-res.cloudinary.com/image/upload/b_white,c_limit,dpr_auto,f_webp,q_auto:low,w_auto/d_ecommerce:backend-fallback.png/MAT_7210282_PCE_LV"
Zeķubikses Pc Toulon 40 Bronzo 3 40d,rimi.lv,5.79,3.47,,,"https://rimibaltic-res.cloudinary.com/image/upload/b_white,c_limit,dpr_auto,f_webp,q_auto:low,w_auto/d_ecommerce:backend-fallback.png/MAT_7312101_PCE_LV"
Lietus atgrūdējs Vintols 250ml,rimi.lv,6.99,4.19,,,"https://rimibaltic-res.cloudinary.com/image/upload/b_white,c_limit,dpr_auto,f_webp,q_auto:low,w_auto/d_ecommerce:backend-fallback.png/MAT_7312704_PCE_LV"
Virtene Cozy Home 6cm 12LED s.alta CH26,rimi.lv,8.99,5.39,,,"https://rimibaltic-res.cloudinary.com/image/upload/b_white,c_limit,dpr_auto,f_webp,q_auto:low,w_auto/d_ecommerce:backend-fallback.png/MAT_818065_PCE_LV"
Virtene Cozy Home 6cm 12LED zelta CH26,rimi.lv,8.99,5.39,,,"https://rimibaltic-res.cloudinary.com/image/upload/b_white,c_limit,dpr_auto,f_webp,q_auto:low,w_auto/d_ecommerce:backend-fallback.png/MAT_818075_PCE_LV"
Sieviešu apakšveļa Mywear 3p 36/38,rimi.lv,11.99,8.39,,,"https://rimibaltic-res.cloudinary.com/image/upload/b_white,c_limit,dpr_auto,f_webp,q_auto:low,w_auto/d_ecommerce:backend-fallback.png/MAT_818465_PCE_LV"
Sieviešu apakšveļa Mywear 3p melna 36/38,rimi.lv,11.99,8.39,,,"https://rimibaltic-res.cloudinary.com/image/upload/b_white,c_limit,dpr_auto,f_webp,q_auto:low,w_auto/d_ecommerce:backend-fallback.png/MAT_818456_PCE_LV"
Bokseršorti Mywear Ivar 2tk svītraini M,rimi.lv,12.99,9.09,,,"https://rimibaltic-res.cloudinary.com/image/upload/b_white,c_limit,dpr_auto,f_webp,q_auto:low,w_auto/d_ecommerce:backend-fallback.png/MAT_818452_PCE_LV"
Bokseršorti Mywear 2p tumši zili M,rimi.lv,12.99,9.09,,,"https://rimibaltic-res.cloudinary.com/image/upload/b_white,c_limit,dpr_auto,f_webp,q_auto:low,w_auto/d_ecommerce:backend-fallback.png/MAT_818476_PCE_LV"
Bokseršorti Mywear 2p melni M,rimi.lv,12.99,9.09,,,"https://rimibaltic-res.cloudinary.com/image/upload/b_white,c_limit,dpr_auto,f_webp,q_auto:low,w_auto/d_ecommerce:backend-fallback.png/MAT_818485_PCE_LV"
Šokolādes konfekte Belfine uz kociņa 25g,rimi.lv,1.99,1.39,55.60,€/kg,"https://rimibaltic-res.cloudinary.com/image/upload/b_white,c_limit,dpr_auto,f_webp,q_auto:low,w_auto/d_ecommerce:backend-fallback.png/MAT_1024440_PCE_LV"
Konfekte Fizzy Monster Pop uz kociņa 40g,rimi.lv,1.69,1.18,29.50,€/kg,"https://rimibaltic-res.cloudinary.com/image/upload/b_white,c_limit,dpr_auto,f_webp,q_auto:low,w_auto/d_ecommerce:backend-fallback.png/MAT_1024572_PCE_LV"
Konfekte Fizzy helovīna Pop Up uz kociņa 9g,rimi.lv,2.15,1.51,43.14,€/kg,"https://rimibaltic-res.cloudinary.com/image/upload/b_white,c_limit,dpr_auto,f_webp,q_auto:low,w_auto/d_ecommerce:backend-fallback.png/MAT_1024571_PCE_LV"
Konfektes Woogie Monster Sour Mix 60g,rimi.lv,1.49,1.04,17.33,€/kg,"https://rimibaltic-res.cloudinary.com/image/upload/b_white,c_limit,dpr_auto,f_webp,q_auto:low,w_auto/d_ecommerce:backend-fallback.png/MAT_1024594_PCE_LV"
Konfekte Fizzy Helovīna gaismas bumba 6g,rimi.lv,5.99,4.19,698.33,€/kg,"https://rimibaltic-res.cloudinary.com/image/upload/b_white,c_limit,dpr_auto,f_webp,q_auto:low,w_auto/d_ecommerce:backend-fallback.png/MAT_1024570_PCE_LV"
Atslēgu piekariņš - lukturis Energizer,rimi.lv,10.99,6.59,,,"https://rimibaltic-res.cloudinary.com/image/upload/b_white,c_limit,dpr_auto,f_webp,q_auto:low,w_auto/d_ecommerce:backend-fallback.png/MAT_7321126_PCE_LV"
Daudzfunkc. lukturisc Energizer HCMU11,rimi.lv,13.99,8.39,,,"https://rimibaltic-res.cloudinary.com/image/upload/b_white,c_limit,dpr_auto,f_webp,q_auto:low,w_auto/d_ecommerce:backend-fallback.png/MAT_7321127_PCE_LV"
Zefīri Trolli Choco Bananas 150g,rimi.lv,,1.95,13.00,€/kg,"https://rimibaltic-res.cloudinary.com/image/upload/b_white,c_limit,dpr_auto,f_webp,q_auto:low,w_auto/d_ecommerce:backend-fallback.png/MAT_136316_PCE_LV"
Želejkonfektes Trolli Sour Spookers 150g,rimi.lv,,2.09,13.93,€/kg,"https://rimibaltic-res.cloudinary.com/image/upload/b_white,c_limit,dpr_auto,f_webp,q_auto:low,w_auto/d_ecommerce:backend-fallback.png/MAT_4012283_PCE_LV"
Koka picas rotaļu komplekts Spire AW26,rimi.lv,17.99,8.99,,,"https://rimibaltic-res.cloudinary.com/image/upload/b_white,c_limit,dpr_auto,f_webp,q_auto:low,w_auto/d_ecommerce:backend-fallback.png/MAT_7318333_PCE_LV"
Rotaļu brokastu kompl. Spire koka AW26,rimi.lv,19.99,9.99,,,"https://rimibaltic-res.cloudinary.com/image/upload/b_white,c_limit,dpr_auto,f_webp,q_auto:low,w_auto/d_ecommerce:backend-fallback.png/MAT_7318720_PCE_LV"
Saldējuma komplekts Spire koka AW26,rimi.lv,19.99,9.99,,,"https://rimibaltic-res.cloudinary.com/image/upload/b_white,c_limit,dpr_auto,f_webp,q_auto:low,w_auto/d_ecommerce:backend-fallback.png/MAT_7318721_PCE_LV"
Skuvekļi Bic Comfort 2 asmeņi 5gab.,rimi.lv,3.19,2.39,,,"https://rimibaltic-res.cloudinary.com/image/upload/b_white,c_limit,dpr_auto,f_webp,q_auto:low,w_auto/d_ecommerce:backend-fallback.png/MAT_401939_PCE_LV"
Biezenis Hipp zemeņu banānu no 4m BIO 100g,rimi.lv,1.69,1.25,12.50,€/kg,"https://rimibaltic-res.cloudinary.com/image/upload/b_white,c_limit,dpr_auto,f_webp,q_auto:low,w_auto/d_ecommerce:backend-fallback.png/MAT_7159160_PCE_LV"
Hig. paketes Libresse invis. normal 10gab.,rimi.lv,2.29,1.95,,,"https://rimibaltic-res.cloudinary.com/image/upload/b_white,c_limit,dpr_auto,f_webp,q_auto:low,w_auto/d_ecommerce:backend-fallback.png/MAT_401706_PCE_LV"
"Buljons Gallina Blanca vistas, zaļumu 8x10g",rimi.lv,0.79,0.69,8.63,€/kg,"https://rimibaltic-res.cloudinary.com/image/upload/b_white,c_limit,dpr_auto,f_webp,q_auto:low,w_auto/d_ecommerce:backend-fallback.png/MAT_108601_PCE_LV"
Karbonāde Nākotne kūpināta kg,rimi.lv,11.29,7.99,7.99,€/kg,"https://rimibaltic-res.cloudinary.com/image/upload/b_white,c_limit,dpr_auto,f_webp,q_auto:low,w_auto/d_ecommerce:backend-fallback.png/MAT_275348_KGM_LV"
Siers Džiugas šķēlītes 150g,rimi.lv,3.69,3.19,21.27,€/kg,"https://rimibaltic-res.cloudinary.com/image/upload/b_white,c_limit,dpr_auto,f_webp,q_auto:low,w_auto/d_ecommerce:backend-fallback.png/MAT_905306_PCE_LV"
Dūmdesa jubilejas šķēlēs 100g,rimi.lv,2.35,1.99,19.90,€/kg,"https://rimibaltic-res.cloudinary.com/image/upload/b_white,c_limit,dpr_auto,f_webp,q_auto:low,w_auto/d_ecommerce:backend-fallback.png/MAT_924455_PCE_LV"
Rapšu eļļa Floriol pirmā spieduma 1l,rimi.lv,4.85,2.39,2.39,€/l,"https://rimibaltic-res.cloudinary.com/image/upload/b_white,c_limit,dpr_auto,f_webp,q_auto:low,w_auto/d_ecommerce:backend-fallback.png/MAT_127260_PCE_LV"
Buljons Gallina Blanca sēņu 8x10g,rimi.lv,0.79,0.69,8.63,€/kg,"https://rimibaltic-res.cloudinary.com/image/upload/b_white,c_limit,dpr_auto,f_webp,q_auto:low,w_auto/d_ecommerce:backend-fallback.png/MAT_128959_PCE_LV"
"Jogurts Fantasia vaniļ., M&M's šok.konf. 120g",rimi.lv,1.49,0.95,7.92,€/kg,"https://rimibaltic-res.cloudinary.com/image/upload/b_white,c_limit,dpr_auto,f_webp,q_auto:low,w_auto/d_ecommerce:backend-fallback.png/MAT_4009017_PCE_LV"
"Kaķu b.Purina One Steril.liellopu,kviešu 750g",rimi.lv,6.49,4.19,5.59,€/kg,"https://rimibaltic-res.cloudinary.com/image/upload/b_white,c_limit,dpr_auto,f_webp,q_auto:low,w_auto/d_ecommerce:backend-fallback.png/MAT_7316296_PCE_LV"
Cepumi Selga ar banānu garšu 180g,rimi.lv,1.29,0.95,5.28,€/kg,"https://rimibaltic-res.cloudinary.com/image/upload/b_white,c_limit,dpr_auto,f_webp,q_auto:low,w_auto/d_ecommerce:backend-fallback.png/MAT_160457_PCE_LV"
Vīraka paliktnis Stigla,rimi.lv,1.79,1.25,,,"https://rimibaltic-res.cloudinary.com/image/upload/b_white,c_limit,dpr_auto,f_webp,q_auto:low,w_auto/d_ecommerce:backend-fallback.png/MAT_615532_PCE_LV"
Maltā kafija Merrild in-cup 500g,rimi.lv,12.69,8.49,16.98,€/kg,"https://rimibaltic-res.cloudinary.com/image/upload/b_white,c_limit,dpr_auto,f_webp,q_auto:low,w_auto/d_ecommerce:backend-fallback.png/MAT_168870_PCE_LV"
Šampūns Syoss Anti Dandruff 440ml,rimi.lv,7.49,4.49,10.20,€/l,"https://rimibaltic-res.cloudinary.com/image/upload/b_white,c_limit,dpr_auto,f_webp,q_auto:low,w_auto/d_ecommerce:backend-fallback.png/MAT_7239626_PCE_LV"
"Tomāti Cidacos savā sulā, mizoti 800g/480g",rimi.lv,3.79,2.69,5.60,€/kg,"https://rimibaltic-res.cloudinary.com/image/upload/b_white,c_limit,dpr_auto,f_webp,q_auto:low,w_auto/d_ecommerce:backend-fallback.png/MAT_108648_PCE_LV"
Garšviela Santa Maria gaļas kopējā 70g,rimi.lv,2.09,1.46,20.86,€/kg,"https://rimibaltic-res.cloudinary.com/image/upload/b_white,c_limit,dpr_auto,f_webp,q_auto:low,w_auto/d_ecommerce:backend-fallback.png/MAT_181620_PCE_LV"
"Aug.bat.Hipp ar ban.,ķiršu jog.,no 1g BIO 23g",rimi.lv,1.49,1.09,47.39,€/kg,"https://rimibaltic-res.cloudinary.com/image/upload/b_white,c_limit,dpr_auto,f_webp,q_auto:low,w_auto/d_ecommerce:backend-fallback.png/MAT_7258659_PCE_LV"
Želejkonfektes Fini Magic carpets 90g,rimi.lv,1.45,0.99,11.00,€/kg,"https://rimibaltic-res.cloudinary.com/image/upload/b_white,c_limit,dpr_auto,f_webp,q_auto:low,w_auto/d_ecommerce:backend-fallback.png/MAT_196558_PCE_LV"
Mitrās salvetes Pampers Water 3x60gab.,rimi.lv,10.49,7.69,,,"https://rimibaltic-res.cloudinary.com/image/upload/b_white,c_limit,dpr_auto,f_webp,q_auto:low,w_auto/d_ecommerce:backend-fallback.png/MAT_7319841_PCE_LV"
Kumelīšu ziedu tēja Rimi 30g,rimi.lv,1.99,1.69,56.33,€/kg,"https://rimibaltic-res.cloudinary.com/image/upload/b_white,c_limit,dpr_auto,f_webp,q_auto:low,w_auto/d_ecommerce:backend-fallback.png/MAT_808832_PCE_LV"
Hig. pak. Libresse maxi night 10gb,rimi.lv,2.45,2.09,,,"https://rimibaltic-res.cloudinary.com/image/upload/b_white,c_limit,dpr_auto,f_webp,q_auto:low,w_auto/d_ecommerce:backend-fallback.png/MAT_401478_PCE_LV"
Maltā kafija Lavazza espresso 250g,rimi.lv,11.59,6.15,24.60,€/kg,"https://rimibaltic-res.cloudinary.com/image/upload/b_white,c_limit,dpr_auto,f_webp,q_auto:low,w_auto/d_ecommerce:backend-fallback.png/MAT_111031_PCE_LV"
Biezenis Kubuš 100% āb. ban. zem. burk. 100g,rimi.lv,1.05,0.79,7.90,€/kg,"https://rimibaltic-res.cloudinary.com/image/upload/b_white,c_limit,dpr_auto,f_webp,q_auto:low,w_auto/d_ecommerce:backend-fallback.png/MAT_164454_PCE_LV"
Malta kafija Jacobs Selection 500g,rimi.lv,16.49,8.49,16.98,€/kg,"https://rimibaltic-res.cloudinary.com/image/upload/b_white,c_limit,dpr_auto,f_webp,q_auto:low,w_auto/d_ecommerce:backend-fallback.png/MAT_188011_PCE_LV"
"Saulespuķu sēklas Rimi grauzd.,sālītas 300g",rimi.lv,2.79,1.99,6.63,€/kg,"https://rimibaltic-res.cloudinary.com/image/upload/b_white,c_limit,dpr_auto,f_webp,q_auto:low,w_auto/d_ecommerce:backend-fallback.png/MAT_812428_PCE_LV"
Karsti kūpināti laša groziņi ar sieru kg,rimi.lv,10.99,9.59,9.59,€/kg,"https://rimibaltic-res.cloudinary.com/image/upload/b_white,c_limit,dpr_auto,f_webp,q_auto:low,w_auto/d_ecommerce:backend-fallback.png/MAT_976225_KGM_LV"
Ā/p auzu putra Herkuless avenēm/kazenēm 6x35g,rimi.lv,3.59,2.39,11.38,€/kg,"https://rimibaltic-res.cloudinary.com/image/upload/b_white,c_limit,dpr_auto,f_webp,q_auto:low,w_auto/d_ecommerce:backend-fallback.png/MAT_1006830_PCE_LV"
Brokastu pārslas Kellogg's Corn Flakes 375g,rimi.lv,5.29,3.49,9.31,€/kg,"https://rimibaltic-res.cloudinary.com/image/upload/b_white,c_limit,dpr_auto,f_webp,q_auto:low,w_auto/d_ecommerce:backend-fallback.png/MAT_1008700_PCE_LV"
Saldējums Rīgas Melnais Balzams ķirši 1l/500g,rimi.lv,7.49,5.99,11.98,€/kg,"https://rimibaltic-res.cloudinary.com/image/upload/b_white,c_limit,dpr_auto,f_webp,q_auto:low,w_auto/d_ecommerce:backend-fallback.png/MAT_4001167_PCE_LV"
Kausētais siers Dzintars skābā kr. g. 200g,rimi.lv,2.39,1.99,9.95,€/kg,"https://rimibaltic-res.cloudinary.com/image/upload/b_white,c_limit,dpr_auto,f_webp,q_auto:low,w_auto/d_ecommerce:backend-fallback.png/MAT_4011030_PCE_LV"
Cepumi Selga Ģimenei ar ieb. piena garšu 300g,rimi.lv,3.69,2.69,8.97,€/kg,"https://rimibaltic-res.cloudinary.com/image/upload/b_white,c_limit,dpr_auto,f_webp,q_auto:low,w_auto/d_ecommerce:backend-fallback.png/MAT_128206_PCE_LV"
Vienreizl. skuvekļi Bic Twin sievietēm 5gab.,rimi.lv,3.39,2.49,,,"https://rimibaltic-res.cloudinary.com/image/upload/b_white,c_limit,dpr_auto,f_webp,q_auto:low,w_auto/d_ecommerce:backend-fallback.png/MAT_402340_PCE_LV"
Sīrups Rimi meža zemeņu 320ml,rimi.lv,3.19,1.99,6.22,€/l,"https://rimibaltic-res.cloudinary.com/image/upload/b_white,c_limit,dpr_auto,f_webp,q_auto:low,w_auto/d_ecommerce:backend-fallback.png/MAT_810091_PCE_LV"
Skaloš. līdz. traukiem Finish Rinse Aid 400ml,rimi.lv,5.19,3.49,8.72,€/l,"https://rimibaltic-res.cloudinary.com/image/upload/b_white,c_limit,dpr_auto,f_webp,q_auto:low,w_auto/d_ecommerce:backend-fallback.png/MAT_794830_PCE_LV"
Kartup. biezputra Maggi ar sviestu ā. p. 35g,rimi.lv,0.79,0.55,15.71,€/kg,"https://rimibaltic-res.cloudinary.com/image/upload/b_white,c_limit,dpr_auto,f_webp,q_auto:low,w_auto/d_ecommerce:backend-fallback.png/MAT_138796_PCE_LV"
Konfektes Rudzupuķe 1kg,rimi.lv,18.99,12.99,12.99,€/kg,"https://rimibaltic-res.cloudinary.com/image/upload/b_white,c_limit,dpr_auto,f_webp,q_auto:low,w_auto/d_ecommerce:backend-fallback.png/MAT_164033_KGM_LV"
Tējas kliņģerīši Dona 200g,rimi.lv,2.55,1.99,9.95,€/kg,"https://rimibaltic-res.cloudinary.com/image/upload/b_white,c_limit,dpr_auto,f_webp,q_auto:low,w_auto/d_ecommerce:backend-fallback.png/MAT_980788_PCE_LV"
Bērnu biskvīti Hipp BIO no 6 mēnešiem 180g,rimi.lv,3.99,2.99,16.61,€/kg,"https://rimibaltic-res.cloudinary.com/image/upload/b_white,c_limit,dpr_auto,f_webp,q_auto:low,w_auto/d_ecommerce:backend-fallback.png/MAT_7274351_PCE_LV"
Batoniņš The Beginnings Flapjack kakao 60g,rimi.lv,1.59,1.35,22.50,€/kg,"https://rimibaltic-res.cloudinary.com/image/upload/b_white,c_limit,dpr_auto,f_webp,q_auto:low,w_auto/d_ecommerce:backend-fallback.png/MAT_1011866_PCE_LV"
Krējuma pudiņš Baltais tropu augļu 150g,rimi.lv,0.89,0.69,4.60,€/kg,"https://rimibaltic-res.cloudinary.com/image/upload/b_white,c_limit,dpr_auto,f_webp,q_auto:low,w_auto/d_ecommerce:backend-fallback.png/MAT_4005565_PCE_LV"
Auzu riņķīši Graci ar aveņu garšu BIO 300g,rimi.lv,3.99,3.29,10.97,€/kg,"https://rimibaltic-res.cloudinary.com/image/upload/b_white,c_limit,dpr_auto,f_webp,q_auto:low,w_auto/d_ecommerce:backend-fallback.png/MAT_1022689_PCE_LV"
Šķīstošā kafija Merrild Gold 200g,rimi.lv,12.69,7.69,38.45,€/kg,"https://rimibaltic-res.cloudinary.com/image/upload/b_white,c_limit,dpr_auto,f_webp,q_auto:low,w_auto/d_ecommerce:backend-fallback.png/MAT_171517_PCE_LV"
Biezenis Hipp plūmju upeņu bumbier. BIO 100g,rimi.lv,1.69,1.25,12.50,€/kg,"https://rimibaltic-res.cloudinary.com/image/upload/b_white,c_limit,dpr_auto,f_webp,q_auto:low,w_auto/d_ecommerce:backend-fallback.png/MAT_7159155_PCE_LV"
Šampūns Syoss Volume Collagen&Lift 440ml,rimi.lv,7.49,4.99,11.34,€/l,"https://rimibaltic-res.cloudinary.com/image/upload/b_white,c_limit,dpr_auto,f_webp,q_auto:low,w_auto/d_ecommerce:backend-fallback.png/MAT_7239627_PCE_LV"
"Gais.atsv. Botanica piparm.greipf, 236ml",rimi.lv,6.79,4.39,18.60,€/l,"https://rimibaltic-res.cloudinary.com/image/upload/b_white,c_limit,dpr_auto,f_webp,q_auto:low,w_auto/d_ecommerce:backend-fallback.png/MAT_7232819_PCE_LV"
Baterijas Energizer Alkaline D 2 gab,rimi.lv,5.99,3.59,,,"https://rimibaltic-res.cloudinary.com/image/upload/b_white,c_limit,dpr_auto,f_webp,q_auto:low,w_auto/d_ecommerce:backend-fallback.png/MAT_726013_PCE_LV"
Dušas želeja Fa cacao&coconut 250ml,rimi.lv,4.19,2.69,10.76,€/l,"https://rimibaltic-res.cloudinary.com/image/upload/b_white,c_limit,dpr_auto,f_webp,q_auto:low,w_auto/d_ecommerce:backend-fallback.png/MAT_755582_PCE_LV"
Cūkas cauraudzis senču gaļa,rimi.lv,11.99,8.59,8.59,€/kg,"https://rimibaltic-res.cloudinary.com/image/upload/b_white,c_limit,dpr_auto,f_webp,q_auto:low,w_auto/d_ecommerce:backend-fallback.png/MAT_280305_KGM_LV"
Kaķu bar.Sheba Fine Flakes pouch 4x85g,rimi.lv,3.65,1.89,5.56,€/kg,"https://rimibaltic-res.cloudinary.com/image/upload/b_white,c_limit,dpr_auto,f_webp,q_auto:low,w_auto/d_ecommerce:backend-fallback.png/MAT_7237527_PCE_LV"
Vafeles Selga ar dzērveņu garšu 180g,rimi.lv,2.19,1.45,8.06,€/kg,"https://rimibaltic-res.cloudinary.com/image/upload/b_white,c_limit,dpr_auto,f_webp,q_auto:low,w_auto/d_ecommerce:backend-fallback.png/MAT_1003248_PCE_LV"
Pelmeņi Meat future 400g,rimi.lv,,3.59,8.97,€/kg,"https://rimibaltic-res.cloudinary.com/image/upload/b_white,c_limit,dpr_auto,f_webp,q_auto:low,w_auto/d_ecommerce:backend-fallback.png/MAT_981646_PCE_LV"
Maasdamer siers Smiltene šķēlēs 45% 150g,rimi.lv,2.79,1.99,13.27,€/kg,"https://rimibaltic-res.cloudinary.com/image/upload/b_white,c_limit,dpr_auto,f_webp,q_auto:low,w_auto/d_ecommerce:backend-fallback.png/MAT_4000317_PCE_LV"
"Kafijas kaps. Nescafe Grande Intenso 132,8g",rimi.lv,8.69,5.99,,,"https://rimibaltic-res.cloudinary.com/image/upload/b_white,c_limit,dpr_auto,f_webp,q_auto:low,w_auto/d_ecommerce:backend-fallback.png/MAT_1014513_PCE_LV"
"Pakaiši kaķiem Pet Perfect tofu 2,5 kg",rimi.lv,5.99,3.99,1.60,€/kg,"https://rimibaltic-res.cloudinary.com/image/upload/b_white,c_limit,dpr_auto,f_webp,q_auto:low,w_auto/d_ecommerce:backend-fallback.png/MAT_815241_PCE_LV"
Vanilīna cukurs Spilva 20g,rimi.lv,0.45,0.32,16.00,€/kg,"https://rimibaltic-res.cloudinary.com/image/upload/b_white,c_limit,dpr_auto,f_webp,q_auto:low,w_auto/d_ecommerce:backend-fallback.png/MAT_1020737_PCE_LV"
Mitr. salv. Ultra Compact Poem French 100gab.,rimi.lv,2.99,2.39,,,"https://rimibaltic-res.cloudinary.com/image/upload/b_white,c_limit,dpr_auto,f_webp,q_auto:low,w_auto/d_ecommerce:backend-fallback.png/MAT_7319241_PCE_LV"
Konservi suņiem Cesar Sauce 4x100g,rimi.lv,3.49,2.29,5.72,€/kg,"https://rimibaltic-res.cloudinary.com/image/upload/b_white,c_limit,dpr_auto,f_webp,q_auto:low,w_auto/d_ecommerce:backend-fallback.png/MAT_7191810_PCE_LV"
"Mut.Skal. ECODENTA MULTIFUNC,500ml",rimi.lv,5.79,4.59,9.18,€/l,"https://rimibaltic-res.cloudinary.com/image/upload/b_white,c_limit,dpr_auto,f_webp,q_auto:low,w_auto/d_ecommerce:backend-fallback.png/MAT_7189047_PCE_LV"
Marinētas sēnes Best Time Medību 580ml/350ml,rimi.lv,3.89,2.99,9.49,€/kg,"https://rimibaltic-res.cloudinary.com/image/upload/b_white,c_limit,dpr_auto,f_webp,q_auto:low,w_auto/d_ecommerce:backend-fallback.png/MAT_141194_PCE_LV"
Rupjmaize Lāči Īsta 1/2 sagriezta 480g,rimi.lv,2.77,1.99,4.15,€/kg,"https://rimibaltic-res.cloudinary.com/image/upload/b_white,c_limit,dpr_auto,f_webp,q_auto:low,w_auto/d_ecommerce:backend-fallback.png/MAT_211556_PCE_LV"
Žagariņi Rožu saldie 400g,rimi.lv,6.99,6.19,15.47,€/kg,"https://rimibaltic-res.cloudinary.com/image/upload/b_white,c_limit,dpr_auto,f_webp,q_auto:low,w_auto/d_ecommerce:backend-fallback.png/MAT_289112_PCE_LV"
Želejkonfektes Lācīši Rimi 100g,rimi.lv,0.95,0.79,7.90,€/kg,"https://rimibaltic-res.cloudinary.com/image/upload/b_white,c_limit,dpr_auto,f_webp,q_auto:low,w_auto/d_ecommerce:backend-fallback.png/MAT_812312_PCE_LV"
Cāļa filejas uzkoda Gaļas Nams Ādaži 310g,rimi.lv,3.29,2.69,8.97,€/kg,"https://rimibaltic-res.cloudinary.com/image/upload/b_white,c_limit,dpr_auto,f_webp,q_auto:low,w_auto/d_ecommerce:backend-fallback.png/MAT_4001258_PCE_LV"
"Ekol. smūt. Salling Eko ar āb., ban. 6m. 90g",rimi.lv,0.94,0.70,7.78,€/kg,"https://rimibaltic-res.cloudinary.com/image/upload/b_white,c_limit,dpr_auto,f_webp,q_auto:low,w_auto/d_ecommerce:backend-fallback.png/MAT_817675_PCE_LV"
Sald.Ben&Jerry's Strawb.dough.465ml/393g,rimi.lv,9.99,4.99,12.70,€/kg,"https://rimibaltic-res.cloudinary.com/image/upload/b_white,c_limit,dpr_auto,f_webp,q_auto:low,w_auto/d_ecommerce:backend-fallback.png/MAT_4010978_PCE_LV"
Gurķi sālīti 900g,rimi.lv,3.99,3.49,4.99,€/kg,"https://rimibaltic-res.cloudinary.com/image/upload/b_white,c_limit,dpr_auto,f_webp,q_auto:low,w_auto/d_ecommerce:backend-fallback.png/MAT_273729_PCE_LV"
Krustnagliņas Santa Maria 10g,rimi.lv,1.49,1.09,109.00,€/kg,"https://rimibaltic-res.cloudinary.com/image/upload/b_white,c_limit,dpr_auto,f_webp,q_auto:low,w_auto/d_ecommerce:backend-fallback.png/MAT_117137_PCE_LV"
Kaķu konservi Felix Sens. gaļas izl. 4x85g,rimi.lv,2.35,1.49,4.38,€/kg,"https://rimibaltic-res.cloudinary.com/image/upload/b_white,c_limit,dpr_auto,f_webp,q_auto:low,w_auto/d_ecommerce:backend-fallback.png/MAT_7255791_PCE_LV"
Biezp. krēms Valio ProFeel zemeņu-banānu 200g,rimi.lv,1.25,1.09,5.45,€/kg,"https://rimibaltic-res.cloudinary.com/image/upload/b_white,c_limit,dpr_auto,f_webp,q_auto:low,w_auto/d_ecommerce:backend-fallback.png/MAT_4000366_PCE_LV"
"Jogurts Rimi ar zemeņu ievārīj., granolu 200g",rimi.lv,1.29,1.05,5.25,€/kg,"https://rimibaltic-res.cloudinary.com/image/upload/b_white,c_limit,dpr_auto,f_webp,q_auto:low,w_auto/d_ecommerce:backend-fallback.png/MAT_816318_PCE_LV"
Pro.bat.The Beginnings Flapjack pistāciju 60g,rimi.lv,1.69,1.29,21.50,€/kg,"https://rimibaltic-res.cloudinary.com/image/upload/b_white,c_limit,dpr_auto,f_webp,q_auto:low,w_auto/d_ecommerce:backend-fallback.png/MAT_1023816_PCE_LV"
Kapu svece 8stundas P-2R sarkana,rimi.lv,0.39,0.27,,,"https://rimibaltic-res.cloudinary.com/image/upload/b_white,c_limit,dpr_auto,f_webp,q_auto:low,w_auto/d_ecommerce:backend-fallback.png/MAT_7029788_PCE_LV"
Barība kaķiem Encore ar tunci un mailītēm 70g,rimi.lv,1.79,1.29,18.43,€/kg,"https://rimibaltic-res.cloudinary.com/image/upload/b_white,c_limit,dpr_auto,f_webp,q_auto:low,w_auto/d_ecommerce:backend-fallback.png/MAT_7154346_PCE_LV"
Lūpu kopjošs līdz.Nivea essential care unisex,rimi.lv,3.89,2.79,558.00,€/kg,"https://rimibaltic-res.cloudinary.com/image/upload/b_white,c_limit,dpr_auto,f_webp,q_auto:low,w_auto/d_ecommerce:backend-fallback.png/MAT_625995_PCE_LV"
Maltā kafija Lavazza rossa 250g,rimi.lv,10.49,5.99,23.96,€/kg,"https://rimibaltic-res.cloudinary.com/image/upload/b_white,c_limit,dpr_auto,f_webp,q_auto:low,w_auto/d_ecommerce:backend-fallback.png/MAT_120328_PCE_LV"
Matu laka Syoss keratin 300ml,rimi.lv,9.99,6.99,23.30,€/l,"https://rimibaltic-res.cloudinary.com/image/upload/b_white,c_limit,dpr_auto,f_webp,q_auto:low,w_auto/d_ecommerce:backend-fallback.png/MAT_7072248_PCE_LV"
Austersēnes 300g,rimi.lv,2.79,2.29,7.63,€/kg,"https://rimibaltic-res.cloudinary.com/image/upload/b_white,c_limit,dpr_auto,f_webp,q_auto:low,w_auto/d_ecommerce:backend-fallback.png/MAT_250621_PCE_LV"
"Šokolādes batoniņš KitKat 41,5g",rimi.lv,1.19,0.69,16.43,€/kg,"https://rimibaltic-res.cloudinary.com/image/upload/b_white,c_limit,dpr_auto,f_webp,q_auto:low,w_auto/d_ecommerce:backend-fallback.png/MAT_176022_PCE_LV"
Zefīrs Laima aveņu 200g,rimi.lv,2.59,1.79,8.95,€/kg,"https://rimibaltic-res.cloudinary.com/image/upload/b_white,c_limit,dpr_auto,f_webp,q_auto:low,w_auto/d_ecommerce:backend-fallback.png/MAT_169099_PCE_LV"
Baltmaize Zeltene dienišķā sagriezta 350g,rimi.lv,1.53,1.19,3.40,€/kg,"https://rimibaltic-res.cloudinary.com/image/upload/b_white,c_limit,dpr_auto,f_webp,q_auto:low,w_auto/d_ecommerce:backend-fallback.png/MAT_273093_PCE_LV"
Saldā kr. jogurts Baltais ar graudiem 5% 400g,rimi.lv,1.59,1.25,3.12,€/kg,"https://rimibaltic-res.cloudinary.com/image/upload/b_white,c_limit,dpr_auto,f_webp,q_auto:low,w_auto/d_ecommerce:backend-fallback.png/MAT_297249_PCE_LV"
Siers Smiltene Granister 50% kg,rimi.lv,16.99,12.99,12.99,€/kg,"https://rimibaltic-res.cloudinary.com/image/upload/b_white,c_limit,dpr_auto,f_webp,q_auto:low,w_auto/d_ecommerce:backend-fallback.png/MAT_933757_KGM_LV"
Maltās gaļas masa kotletēm 500g,rimi.lv,3.99,2.99,5.98,€/kg,"https://rimibaltic-res.cloudinary.com/image/upload/b_white,c_limit,dpr_auto,f_webp,q_auto:low,w_auto/d_ecommerce:backend-fallback.png/MAT_2000192_PCE_LV"
"Čipsi Ādažu Mazāk sāls jog., sark. sīp. 130g",rimi.lv,2.49,1.74,13.38,€/kg,"https://rimibaltic-res.cloudinary.com/image/upload/b_white,c_limit,dpr_auto,f_webp,q_auto:low,w_auto/d_ecommerce:backend-fallback.png/MAT_1007897_PCE_LV"
Tomātu mērce Dimdiņi Klasiskā 250g,rimi.lv,2.09,1.49,5.96,€/kg,"https://rimibaltic-res.cloudinary.com/image/upload/b_white,c_limit,dpr_auto,f_webp,q_auto:low,w_auto/d_ecommerce:backend-fallback.png/MAT_1010419_PCE_LV"
Tomātu mērce Dimdiņi Itāļu 250g,rimi.lv,2.09,1.49,5.96,€/kg,"https://rimibaltic-res.cloudinary.com/image/upload/b_white,c_limit,dpr_auto,f_webp,q_auto:low,w_auto/d_ecommerce:backend-fallback.png/MAT_1010430_PCE_LV"
Kafijas pupiņas Selection by Rimi Espres. 1kg,rimi.lv,25.99,16.99,16.99,€/kg,"https://rimibaltic-res.cloudinary.com/image/upload/b_white,c_limit,dpr_auto,f_webp,q_auto:low,w_auto/d_ecommerce:backend-fallback.png/MAT_814591_PCE_LV"
Rudzu tostermaize Fazer Gardā Mini 350g,rimi.lv,1.29,1.15,3.29,€/kg,"https://rimibaltic-res.cloudinary.com/image/upload/b_white,c_limit,dpr_auto,f_webp,q_auto:low,w_auto/d_ecommerce:backend-fallback.png/MAT_4006123_PCE_LV"
Krējuma pudiņš Baltais saldo ķiršu 150g,rimi.lv,0.89,0.69,4.60,€/kg,"https://rimibaltic-res.cloudinary.com/image/upload/b_white,c_limit,dpr_auto,f_webp,q_auto:low,w_auto/d_ecommerce:backend-fallback.png/MAT_4005558_PCE_LV"
Graud. biezp. Piatnica ar zemeņu ievār. 150g,rimi.lv,1.39,0.99,6.60,€/kg,"https://rimibaltic-res.cloudinary.com/image/upload/b_white,c_limit,dpr_auto,f_webp,q_auto:low,w_auto/d_ecommerce:backend-fallback.png/MAT_906294_PCE_LV"
Cietais siers Rokiskio Grand 24 mēn. 37% 180g,rimi.lv,3.59,2.79,15.50,€/kg,"https://rimibaltic-res.cloudinary.com/image/upload/b_white,c_limit,dpr_auto,f_webp,q_auto:low,w_auto/d_ecommerce:backend-fallback.png/MAT_909475_PCE_LV"
Šķīstošā kafija Selection Colombia 100g,rimi.lv,7.79,4.99,49.90,€/kg,"https://rimibaltic-res.cloudinary.com/image/upload/b_white,c_limit,dpr_auto,f_webp,q_auto:low,w_auto/d_ecommerce:backend-fallback.png/MAT_811313_PCE_LV"
Sejas maska Garnier Green Tea 0.32g,rimi.lv,3.69,2.21,,,"https://rimibaltic-res.cloudinary.com/image/upload/b_white,c_limit,dpr_auto,f_webp,q_auto:low,w_auto/d_ecommerce:backend-fallback.png/MAT_7147744_PCE_LV"
Dušas želeja dove men cool fresh 400ml,rimi.lv,5.29,3.59,8.97,€/l,"https://rimibaltic-res.cloudinary.com/image/upload/b_white,c_limit,dpr_auto,f_webp,q_auto:low,w_auto/d_ecommerce:backend-fallback.png/MAT_7122961_PCE_LV"
Tualetes tīr. līdz. Harpic Power Citrus 750ml,rimi.lv,4.89,3.59,4.79,€/l,"https://rimibaltic-res.cloudinary.com/image/upload/b_white,c_limit,dpr_auto,f_webp,q_auto:low,w_auto/d_ecommerce:backend-fallback.png/MAT_7048092_PCE_LV"
Kēkss Madeleines mini 175g,rimi.lv,2.69,1.99,11.37,€/kg,"https://rimibaltic-res.cloudinary.com/image/upload/b_white,c_limit,dpr_auto,f_webp,q_auto:low,w_auto/d_ecommerce:backend-fallback.png/MAT_179076_PCE_LV"
Sausās brokastis Cini minis 645g,rimi.lv,5.99,4.39,6.81,€/kg,"https://rimibaltic-res.cloudinary.com/image/upload/b_white,c_limit,dpr_auto,f_webp,q_auto:low,w_auto/d_ecommerce:backend-fallback.png/MAT_175751_PCE_LV"
Dezod. Rexona sievietēm izsmidzināms 150ml,rimi.lv,4.89,2.99,19.93,€/l,"https://rimibaltic-res.cloudinary.com/image/upload/b_white,c_limit,dpr_auto,f_webp,q_auto:low,w_auto/d_ecommerce:backend-fallback.png/MAT_759305_PCE_LV"
Kaķ.kons. NutriBalance mājp.teļ.jēr.415g,rimi.lv,0.95,0.76,1.83,€/kg,"https://rimibaltic-res.cloudinary.com/image/upload/b_white,c_limit,dpr_auto,f_webp,q_auto:low,w_auto/d_ecommerce:backend-fallback.png/MAT_804588_PCE_LV"
Baklažāni Storko mājas gaumē 540g,rimi.lv,2.35,2.09,3.87,€/kg,"https://rimibaltic-res.cloudinary.com/image/upload/b_white,c_limit,dpr_auto,f_webp,q_auto:low,w_auto/d_ecommerce:backend-fallback.png/MAT_123244_PCE_LV"
"Burkānu nektārs Rimi 0,75l",rimi.lv,1.29,0.99,1.32,€/l,"https://rimibaltic-res.cloudinary.com/image/upload/b_white,c_limit,dpr_auto,f_webp,q_auto:low,w_auto/d_ecommerce:backend-fallback.png/MAT_1367773_PCE_LV"
Kon. kaķiem Encore ar tunci/garn. 70g,rimi.lv,1.79,1.29,18.43,€/kg,"https://rimibaltic-res.cloudinary.com/image/upload/b_white,c_limit,dpr_auto,f_webp,q_auto:low,w_auto/d_ecommerce:backend-fallback.png/MAT_7154352_PCE_LV"
Zobu birste Oral-B Kids 0-6g.Extra Soft 1gab.,rimi.lv,3.39,2.69,,,"https://rimibaltic-res.cloudinary.com/image/upload/b_white,c_limit,dpr_auto,f_webp,q_auto:low,w_auto/d_ecommerce:backend-fallback.png/MAT_441640_PCE_LV"
"Kafijas kap. Dolce Gusto Flat White 187,2g",rimi.lv,8.69,5.99,,,"https://rimibaltic-res.cloudinary.com/image/upload/b_white,c_limit,dpr_auto,f_webp,q_auto:low,w_auto/d_ecommerce:backend-fallback.png/MAT_193024_PCE_LV"
Sojas dzēriens Valsoia ar kalciju 1l,rimi.lv,2.75,1.99,1.99,€/l,"https://rimibaltic-res.cloudinary.com/image/upload/b_white,c_limit,dpr_auto,f_webp,q_auto:low,w_auto/d_ecommerce:backend-fallback.png/MAT_916387_PCE_LV"
Ferment. sojas prod. Alpro ar mango garš.400g,rimi.lv,3.79,2.89,7.22,€/kg,"https://rimibaltic-res.cloudinary.com/image/upload/b_white,c_limit,dpr_auto,f_webp,q_auto:low,w_auto/d_ecommerce:backend-fallback.png/MAT_983241_PCE_LV"
Risotto Garde Manger ar sēnēm 400g,rimi.lv,3.39,2.89,7.22,€/kg,"https://rimibaltic-res.cloudinary.com/image/upload/b_white,c_limit,dpr_auto,f_webp,q_auto:low,w_auto/d_ecommerce:backend-fallback.png/MAT_986151_PCE_LV"
Serrano šķiņķis Ventula vītināts šķēlēs 500g,rimi.lv,13.99,10.99,21.98,€/kg,"https://rimibaltic-res.cloudinary.com/image/upload/b_white,c_limit,dpr_auto,f_webp,q_auto:low,w_auto/d_ecommerce:backend-fallback.png/MAT_4004740_PCE_LV"
Vasaras ogu maisījums Rimi saldēts 400g,rimi.lv,3.99,2.75,6.87,€/kg,"https://rimibaltic-res.cloudinary.com/image/upload/b_white,c_limit,dpr_auto,f_webp,q_auto:low,w_auto/d_ecommerce:backend-fallback.png/MAT_817358_PCE_LV"
Bļoda Luminarc Stack 10cm 24cl,rimi.lv,1.79,1.25,,,"https://rimibaltic-res.cloudinary.com/image/upload/b_white,c_limit,dpr_auto,f_webp,q_auto:low,w_auto/d_ecommerce:backend-fallback.png/MAT_7227293_PCE_LV"
Dez. Nivea pearl beuty izsm. sievietēm 150ml,rimi.lv,5.79,4.09,27.27,€/l,"https://rimibaltic-res.cloudinary.com/image/upload/b_white,c_limit,dpr_auto,f_webp,q_auto:low,w_auto/d_ecommerce:backend-fallback.png/MAT_643250_PCE_LV"
Kapu svece 48stundas SU-680,rimi.lv,2.79,1.95,,,"https://rimibaltic-res.cloudinary.com/image/upload/b_white,c_limit,dpr_auto,f_webp,q_auto:low,w_auto/d_ecommerce:backend-fallback.png/MAT_610221_PCE_LV"
"Sejas m.Garnier Hydra Bomb,granātābols",rimi.lv,3.69,2.21,,,"https://rimibaltic-res.cloudinary.com/image/upload/b_white,c_limit,dpr_auto,f_webp,q_auto:low,w_auto/d_ecommerce:backend-fallback.png/MAT_7136782_PCE_LV"
Konserv. zirnīši Globus sald.smalk. 400g/280g,rimi.lv,1.89,1.65,5.89,€/kg,"https://rimibaltic-res.cloudinary.com/image/upload/b_white,c_limit,dpr_auto,f_webp,q_auto:low,w_auto/d_ecommerce:backend-fallback.png/MAT_111427_PCE_LV"
Štovēti kāposti Rimi 1kg,rimi.lv,3.29,2.99,2.99,€/kg,"https://rimibaltic-res.cloudinary.com/image/upload/b_white,c_limit,dpr_auto,f_webp,q_auto:low,w_auto/d_ecommerce:backend-fallback.png/MAT_929249_PCE_LV"
Rudzu maize Dona Piknika sagriezta 400g,rimi.lv,1.10,0.99,2.47,€/kg,"https://rimibaltic-res.cloudinary.com/image/upload/b_white,c_limit,dpr_auto,f_webp,q_auto:low,w_auto/d_ecommerce:backend-fallback.png/MAT_284733_PCE_LV"
Indijas rieksti Rimi kg,rimi.lv,13.99,12.59,12.59,€/kg,"https://rimibaltic-res.cloudinary.com/image/upload/b_white,c_limit,dpr_auto,f_webp,q_auto:low,w_auto/d_ecommerce:backend-fallback.png/MAT_807418_KGM_LV"
Grūbas Dobele pērļu 4*100gr,rimi.lv,2.09,1.39,3.47,€/kg,"https://rimibaltic-res.cloudinary.com/image/upload/b_white,c_limit,dpr_auto,f_webp,q_auto:low,w_auto/d_ecommerce:backend-fallback.png/MAT_196638_PCE_LV"
Čipsi Ādažu ar krējuma un sīpolu garšu 130g,rimi.lv,2.49,1.74,13.38,€/kg,"https://rimibaltic-res.cloudinary.com/image/upload/b_white,c_limit,dpr_auto,f_webp,q_auto:low,w_auto/d_ecommerce:backend-fallback.png/MAT_1008027_PCE_LV"
Ferm. sojas produkts Alpro Greek mango 400g,rimi.lv,2.99,2.39,5.97,€/kg,"https://rimibaltic-res.cloudinary.com/image/upload/b_white,c_limit,dpr_auto,f_webp,q_auto:low,w_auto/d_ecommerce:backend-fallback.png/MAT_987588_PCE_LV"
Aknu pastēte Saules S Lauku 200g,rimi.lv,1.49,1.15,5.75,€/kg,"https://rimibaltic-res.cloudinary.com/image/upload/b_white,c_limit,dpr_auto,f_webp,q_auto:low,w_auto/d_ecommerce:backend-fallback.png/MAT_999173_PCE_LV"
Prot. cepums ar šok. un kakao ar saldin. 50g,rimi.lv,1.09,0.89,17.80,€/kg,"https://rimibaltic-res.cloudinary.com/image/upload/b_white,c_limit,dpr_auto,f_webp,q_auto:low,w_auto/d_ecommerce:backend-fallback.png/MAT_1020601_PCE_LV"
Higiēniskās paketes Libresse clip super 8gab.,rimi.lv,2.29,1.95,,,"https://rimibaltic-res.cloudinary.com/image/upload/b_white,c_limit,dpr_auto,f_webp,q_auto:low,w_auto/d_ecommerce:backend-fallback.png/MAT_773606_PCE_LV"
Dušas želeja FA Yoghurt Aloe Vera 400ml,rimi.lv,5.49,3.29,8.22,€/l,"https://rimibaltic-res.cloudinary.com/image/upload/b_white,c_limit,dpr_auto,f_webp,q_auto:low,w_auto/d_ecommerce:backend-fallback.png/MAT_701086_PCE_LV"
Fuze zaļā tēja ar citrusu garšu 1500ml,rimi.lv,2.25,1.39,0.93,€/l,"https://rimibaltic-res.cloudinary.com/image/upload/b_white,c_limit,dpr_auto,f_webp,q_auto:low,w_auto/d_ecommerce:backend-fallback.png/MAT_1363234_PCE_LV"
Biezenis Semper stroganovs no 12m. 235g,rimi.lv,,1.99,8.47,€/kg,"https://rimibaltic-res.cloudinary.com/image/upload/b_white,c_limit,dpr_auto,f_webp,q_auto:low,w_auto/d_ecommerce:backend-fallback.png/MAT_7104675_PCE_LV"
"Sīrups Spilva Mojito 0,3l",rimi.lv,1.99,1.59,5.30,€/l,"https://rimibaltic-res.cloudinary.com/image/upload/b_white,c_limit,dpr_auto,f_webp,q_auto:low,w_auto/d_ecommerce:backend-fallback.png/MAT_164345_PCE_LV"
Dūmdesa neparastā ar sēkliņām auk.kūp.kg,rimi.lv,14.09,11.99,11.99,€/kg,"https://rimibaltic-res.cloudinary.com/image/upload/b_white,c_limit,dpr_auto,f_webp,q_auto:low,w_auto/d_ecommerce:backend-fallback.png/MAT_265806_KGM_LV"
Saldējums Ekselence piena šokolādes 480g,rimi.lv,6.69,4.99,10.40,€/kg,"https://rimibaltic-res.cloudinary.com/image/upload/b_white,c_limit,dpr_auto,f_webp,q_auto:low,w_auto/d_ecommerce:backend-fallback.png/MAT_292930_PCE_LV"
Aukstā gaļa vakuumā fas.kg,rimi.lv,6.99,5.99,5.99,€/kg,"https://rimibaltic-res.cloudinary.com/image/upload/b_white,c_limit,dpr_auto,f_webp,q_auto:low,w_auto/d_ecommerce:backend-fallback.png/MAT_906268_KGM_LV"
Lavašs spinātu 190g,rimi.lv,1.29,0.95,5.00,€/kg,"https://rimibaltic-res.cloudinary.com/image/upload/b_white,c_limit,dpr_auto,f_webp,q_auto:low,w_auto/d_ecommerce:backend-fallback.png/MAT_947383_PCE_LV"
Kaķu konservi Felix Junior vista 4x85g,rimi.lv,2.35,1.49,4.38,€/kg,"https://rimibaltic-res.cloudinary.com/image/upload/b_white,c_limit,dpr_auto,f_webp,q_auto:low,w_auto/d_ecommerce:backend-fallback.png/MAT_7255803_PCE_LV"
Kūp.kaus.siers ANNELE ar šķiņķi šķēlēs 150g,rimi.lv,2.79,2.29,15.27,€/kg,"https://rimibaltic-res.cloudinary.com/image/upload/b_white,c_limit,dpr_auto,f_webp,q_auto:low,w_auto/d_ecommerce:backend-fallback.png/MAT_994939_PCE_LV"
Gargraudu rīsi Rimi 8x100g,rimi.lv,1.85,1.44,1.80,€/kg,"https://rimibaltic-res.cloudinary.com/image/upload/b_white,c_limit,dpr_auto,f_webp,q_auto:low,w_auto/d_ecommerce:backend-fallback.png/MAT_817697_PCE_LV"
Kaķu konservu 4-paka Sheba mājputnu4x85g,rimi.lv,3.65,1.89,5.56,€/kg,"https://rimibaltic-res.cloudinary.com/image/upload/b_white,c_limit,dpr_auto,f_webp,q_auto:low,w_auto/d_ecommerce:backend-fallback.png/MAT_7279954_PCE_LV"
Maltā kafija Merrild in-cup 250g,rimi.lv,7.29,4.69,18.76,€/kg,"https://rimibaltic-res.cloudinary.com/image/upload/b_white,c_limit,dpr_auto,f_webp,q_auto:low,w_auto/d_ecommerce:backend-fallback.png/MAT_168869_PCE_LV"
"Z.pasta Ecodenta bērniem, burkānu 75ml",rimi.lv,3.79,2.99,39.87,€/l,"https://rimibaltic-res.cloudinary.com/image/upload/b_white,c_limit,dpr_auto,f_webp,q_auto:low,w_auto/d_ecommerce:backend-fallback.png/MAT_7023110_PCE_LV"
"Melnā tēja Dilmah aveņu 20x1,5g",rimi.lv,2.35,1.85,61.67,€/kg,"https://rimibaltic-res.cloudinary.com/image/upload/b_white,c_limit,dpr_auto,f_webp,q_auto:low,w_auto/d_ecommerce:backend-fallback.png/MAT_154066_PCE_LV"
"Melnā tēja Dilmah Earl Grey 20x1,5g",rimi.lv,2.35,1.85,61.67,€/kg,"https://rimibaltic-res.cloudinary.com/image/upload/b_white,c_limit,dpr_auto,f_webp,q_auto:low,w_auto/d_ecommerce:backend-fallback.png/MAT_154062_PCE_LV"
"Kārums suņiem Adventuros, nūjiņas, 120g",rimi.lv,,1.03,8.58,€/kg,"https://rimibaltic-res.cloudinary.com/image/upload/b_white,c_limit,dpr_auto,f_webp,q_auto:low,w_auto/d_ecommerce:backend-fallback.png/MAT_7147005_PCE_LV"
Mērcīte čipsiem Dipi ar diļļu garšu 16g,rimi.lv,1.45,0.87,54.37,€/kg,"https://rimibaltic-res.cloudinary.com/image/upload/b_white,c_limit,dpr_auto,f_webp,q_auto:low,w_auto/d_ecommerce:backend-fallback.png/MAT_123944_PCE_LV"
Kečups Hellman's vieglais 477g,rimi.lv,3.69,2.79,5.69,€/kg,"https://rimibaltic-res.cloudinary.com/image/upload/b_white,c_limit,dpr_auto,f_webp,q_auto:low,w_auto/d_ecommerce:backend-fallback.png/MAT_193765_PCE_LV"
Mandeļu dzēriens Valsoia 1l,rimi.lv,2.99,1.99,1.99,€/l,"https://rimibaltic-res.cloudinary.com/image/upload/b_white,c_limit,dpr_auto,f_webp,q_auto:low,w_auto/d_ecommerce:backend-fallback.png/MAT_916402_PCE_LV"
Tostermaize Tostē mazā sēklu 250g,rimi.lv,1.34,0.95,3.80,€/kg,"https://rimibaltic-res.cloudinary.com/image/upload/b_white,c_limit,dpr_auto,f_webp,q_auto:low,w_auto/d_ecommerce:backend-fallback.png/MAT_981717_PCE_LV"
Rozīnes Rimi Jumbo bez kauliņiem 500g,rimi.lv,5.45,3.99,7.98,€/kg,"https://rimibaltic-res.cloudinary.com/image/upload/b_white,c_limit,dpr_auto,f_webp,q_auto:low,w_auto/d_ecommerce:backend-fallback.png/MAT_815079_PCE_LV"
Saira Extra savā sulā 215g,rimi.lv,3.29,2.49,11.58,€/kg,"https://rimibaltic-res.cloudinary.com/image/upload/b_white,c_limit,dpr_auto,f_webp,q_auto:low,w_auto/d_ecommerce:backend-fallback.png/MAT_4003553_PCE_LV"
Batoniņš The Begginings Flapjack upeņu 60g,rimi.lv,1.69,1.29,21.50,€/kg,"https://rimibaltic-res.cloudinary.com/image/upload/b_white,c_limit,dpr_auto,f_webp,q_auto:low,w_auto/d_ecommerce:backend-fallback.png/MAT_1011865_PCE_LV"
Saldējums Nutri ar sāl.karam. pild. 100ml/73g,rimi.lv,2.19,1.39,19.04,€/kg,"https://rimibaltic-res.cloudinary.com/image/upload/b_white,c_limit,dpr_auto,f_webp,q_auto:low,w_auto/d_ecommerce:backend-fallback.png/MAT_4007890_PCE_LV"
Veļas mīkstinātājs Salling Fresh 1l,rimi.lv,2.49,2.19,2.19,€/l,"https://rimibaltic-res.cloudinary.com/image/upload/b_white,c_limit,dpr_auto,f_webp,q_auto:low,w_auto/d_ecommerce:backend-fallback.png/MAT_816847_PCE_LV"
Kakao cepumi Oreo Double 157g,rimi.lv,2.65,1.79,11.40,€/kg,"https://rimibaltic-res.cloudinary.com/image/upload/b_white,c_limit,dpr_auto,f_webp,q_auto:low,w_auto/d_ecommerce:backend-fallback.png/MAT_1022052_PCE_LV"
Maize Fazer gardā mellā 600g,rimi.lv,1.75,1.39,2.32,€/kg,"https://rimibaltic-res.cloudinary.com/image/upload/b_white,c_limit,dpr_auto,f_webp,q_auto:low,w_auto/d_ecommerce:backend-fallback.png/MAT_4010929_PCE_LV"
Bumbieri ar āboliem tūbiņā Hipp BIO 100g,rimi.lv,1.69,1.25,12.50,€/kg,"https://rimibaltic-res.cloudinary.com/image/upload/b_white,c_limit,dpr_auto,f_webp,q_auto:low,w_auto/d_ecommerce:backend-fallback.png/MAT_7159126_PCE_LV"
Autiņb.Pampers Premium VP S3 6-10kg 60gb.,rimi.lv,20.49,14.99,,,"https://rimibaltic-res.cloudinary.com/image/upload/b_white,c_limit,dpr_auto,f_webp,q_auto:low,w_auto/d_ecommerce:backend-fallback.png/MAT_770660_PCE_LV"
Zobu birste Colgate Zig-Zag medium,rimi.lv,2.09,1.45,,,"https://rimibaltic-res.cloudinary.com/image/upload/b_white,c_limit,dpr_auto,f_webp,q_auto:low,w_auto/d_ecommerce:backend-fallback.png/MAT_400742_PCE_LV"
Ieliktnīši Libresse PL classic 40+10gb,rimi.lv,2.35,1.99,,,"https://rimibaltic-res.cloudinary.com/image/upload/b_white,c_limit,dpr_auto,f_webp,q_auto:low,w_auto/d_ecommerce:backend-fallback.png/MAT_666042_PCE_LV"
Tēja Loyd Rooibos medus-vaniļas 20x2g,rimi.lv,3.49,2.29,57.25,€/kg,"https://rimibaltic-res.cloudinary.com/image/upload/b_white,c_limit,dpr_auto,f_webp,q_auto:low,w_auto/d_ecommerce:backend-fallback.png/MAT_1002685_PCE_LV"
Kabatlakatiņi Zewa Softis Menthol 10x9 gab.,rimi.lv,3.49,2.99,,,"https://rimibaltic-res.cloudinary.com/image/upload/b_white,c_limit,dpr_auto,f_webp,q_auto:low,w_auto/d_ecommerce:backend-fallback.png/MAT_466617_PCE_LV"
Bļoda Luminarc Harena 16cm,rimi.lv,1.79,1.25,,,"https://rimibaltic-res.cloudinary.com/image/upload/b_white,c_limit,dpr_auto,f_webp,q_auto:low,w_auto/d_ecommerce:backend-fallback.png/MAT_7121337_PCE_LV"
Matu putas Nivea volume sensation 150ml,rimi.lv,7.09,3.59,23.93,€/l,"https://rimibaltic-res.cloudinary.com/image/upload/b_white,c_limit,dpr_auto,f_webp,q_auto:low,w_auto/d_ecommerce:backend-fallback.png/MAT_7092872_PCE_LV"
Tumšā šokolāde Lindt 70% 100g,rimi.lv,6.19,4.29,42.90,€/kg,"https://rimibaltic-res.cloudinary.com/image/upload/b_white,c_limit,dpr_auto,f_webp,q_auto:low,w_auto/d_ecommerce:backend-fallback.png/MAT_106700_PCE_LV"
Desa Jelgava kantvursta 280g,rimi.lv,2.79,2.45,8.75,€/kg,"https://rimibaltic-res.cloudinary.com/image/upload/b_white,c_limit,dpr_auto,f_webp,q_auto:low,w_auto/d_ecommerce:backend-fallback.png/MAT_264103_PCE_LV"
Dzer. jogurts Activia zemeņu un kivi 300g,rimi.lv,1.40,1.09,3.63,€/kg,"https://rimibaltic-res.cloudinary.com/image/upload/b_white,c_limit,dpr_auto,f_webp,q_auto:low,w_auto/d_ecommerce:backend-fallback.png/MAT_279501_PCE_LV"
Proteīna batoniņš The Beginnings kakao 40g,rimi.lv,1.79,1.59,39.75,€/kg,"https://rimibaltic-res.cloudinary.com/image/upload/b_white,c_limit,dpr_auto,f_webp,q_auto:low,w_auto/d_ecommerce:backend-fallback.png/MAT_1001786_PCE_LV"
Brētliņas apceptas tomātu mērcē 240g,rimi.lv,1.99,1.59,6.63,€/kg,"https://rimibaltic-res.cloudinary.com/image/upload/b_white,c_limit,dpr_auto,f_webp,q_auto:low,w_auto/d_ecommerce:backend-fallback.png/MAT_954753_PCE_LV"
Kokosriekstu dzēriesns Valsoia bez cukura 1L,rimi.lv,2.99,1.99,1.99,€/l,"https://rimibaltic-res.cloudinary.com/image/upload/b_white,c_limit,dpr_auto,f_webp,q_auto:low,w_auto/d_ecommerce:backend-fallback.png/MAT_1010060_PCE_LV"
"Ferm. sojas prod. Alpro ar zem., avenēm 150g",rimi.lv,1.99,1.49,9.93,€/kg,"https://rimibaltic-res.cloudinary.com/image/upload/b_white,c_limit,dpr_auto,f_webp,q_auto:low,w_auto/d_ecommerce:backend-fallback.png/MAT_4006326_PCE_LV"
Piena dz. Mullermilch Prot. Zero cepumu 400g,rimi.lv,2.39,1.89,4.72,€/kg,"https://rimibaltic-res.cloudinary.com/image/upload/b_white,c_limit,dpr_auto,f_webp,q_auto:low,w_auto/d_ecommerce:backend-fallback.png/MAT_4009533_PCE_LV"
"Gāzēts dzēriens Coca-Cola Regular 4x0,33l",rimi.lv,3.99,2.99,2.27,€/l,"https://rimibaltic-res.cloudinary.com/image/upload/b_white,c_limit,dpr_auto,f_webp,q_auto:low,w_auto/d_ecommerce:backend-fallback.png/MAT_1376440_PCE_LV"
Bļoda Vetro Plus metāla 32cm,rimi.lv,8.99,6.29,,,"https://rimibaltic-res.cloudinary.com/image/upload/b_white,c_limit,dpr_auto,f_webp,q_auto:low,w_auto/d_ecommerce:backend-fallback.png/MAT_7167727_PCE_LV"
Deserta šķīvis Luminarc Zelie 18cm,rimi.lv,1.49,1.04,,,"https://rimibaltic-res.cloudinary.com/image/upload/b_white,c_limit,dpr_auto,f_webp,q_auto:low,w_auto/d_ecommerce:backend-fallback.png/MAT_7231380_PCE_LV"
Dez. Nivea fresh activ vīriešiem rullv. 50ml,rimi.lv,5.79,4.09,81.80,€/l,"https://rimibaltic-res.cloudinary.com/image/upload/b_white,c_limit,dpr_auto,f_webp,q_auto:low,w_auto/d_ecommerce:backend-fallback.png/MAT_406674_PCE_LV"
Maltā kafija Paulig Classic 500g,rimi.lv,12.49,7.49,14.98,€/kg,"https://rimibaltic-res.cloudinary.com/image/upload/b_white,c_limit,dpr_auto,f_webp,q_auto:low,w_auto/d_ecommerce:backend-fallback.png/MAT_123656_PCE_LV"
Sausais šampūns Syoss Pure Fresh 200ml,rimi.lv,7.49,4.59,22.95,€/l,"https://rimibaltic-res.cloudinary.com/image/upload/b_white,c_limit,dpr_auto,f_webp,q_auto:low,w_auto/d_ecommerce:backend-fallback.png/MAT_7200612_PCE_LV"
Makar.Italpasta Nr.134 Fusilli ātr. pag. 500g,rimi.lv,2.15,1.79,3.58,€/kg,"https://rimibaltic-res.cloudinary.com/image/upload/b_white,c_limit,dpr_auto,f_webp,q_auto:low,w_auto/d_ecommerce:backend-fallback.png/MAT_165294_PCE_LV"
Auzu pārslu putra 100% Hipp BIO 200g,rimi.lv,4.69,3.49,17.45,€/kg,"https://rimibaltic-res.cloudinary.com/image/upload/b_white,c_limit,dpr_auto,f_webp,q_auto:low,w_auto/d_ecommerce:backend-fallback.png/MAT_7077984_PCE_LV"
Saldējums Ekselence plombīra 1l/480g,rimi.lv,6.69,4.99,10.40,€/kg,"https://rimibaltic-res.cloudinary.com/image/upload/b_white,c_limit,dpr_auto,f_webp,q_auto:low,w_auto/d_ecommerce:backend-fallback.png/MAT_292905_PCE_LV"
Auzu superbrokastis Baltais ar zem.160g,rimi.lv,1.05,0.89,5.56,€/kg,"https://rimibaltic-res.cloudinary.com/image/upload/b_white,c_limit,dpr_auto,f_webp,q_auto:low,w_auto/d_ecommerce:backend-fallback.png/MAT_946514_PCE_LV"
Smūtijs Mango-Passion Augļu SUN365 250ML,rimi.lv,2.35,1.79,7.16,€/l,"https://rimibaltic-res.cloudinary.com/image/upload/b_white,c_limit,dpr_auto,f_webp,q_auto:low,w_auto/d_ecommerce:backend-fallback.png/MAT_1359189_PCE_LV"
Garšvielu mais. Vegeta Natur kartupeļiem 20g,rimi.lv,0.79,0.59,29.50,€/kg,"https://rimibaltic-res.cloudinary.com/image/upload/b_white,c_limit,dpr_auto,f_webp,q_auto:low,w_auto/d_ecommerce:backend-fallback.png/MAT_192610_PCE_LV"
Deserts Mertinger šokolādes 125g,rimi.lv,0.65,0.55,4.40,€/kg,"https://rimibaltic-res.cloudinary.com/image/upload/b_white,c_limit,dpr_auto,f_webp,q_auto:low,w_auto/d_ecommerce:backend-fallback.png/MAT_964985_PCE_LV"
Piena šokolāde Laima Lācītis Ķepainītis 190g,rimi.lv,4.99,2.99,15.74,€/kg,"https://rimibaltic-res.cloudinary.com/image/upload/b_white,c_limit,dpr_auto,f_webp,q_auto:low,w_auto/d_ecommerce:backend-fallback.png/MAT_1011587_PCE_LV"
"Saldējums ar pekanr., sāļo karameli 1l/500g",rimi.lv,7.99,4.29,8.58,€/kg,"https://rimibaltic-res.cloudinary.com/image/upload/b_white,c_limit,dpr_auto,f_webp,q_auto:low,w_auto/d_ecommerce:backend-fallback.png/MAT_4001188_PCE_LV"
Cepums Frank&Oli ar zemesriekstu masu 50g,rimi.lv,1.09,0.89,17.80,€/kg,"https://rimibaltic-res.cloudinary.com/image/upload/b_white,c_limit,dpr_auto,f_webp,q_auto:low,w_auto/d_ecommerce:backend-fallback.png/MAT_1017710_PCE_LV"
Maltā kafija Illy Brazīlija Arabica 250g,rimi.lv,13.99,8.49,33.96,€/kg,"https://rimibaltic-res.cloudinary.com/image/upload/b_white,c_limit,dpr_auto,f_webp,q_auto:low,w_auto/d_ecommerce:backend-fallback.png/MAT_1017225_PCE_LV"
Citronpipari Santa Maria 33g,rimi.lv,1.85,1.29,39.09,€/kg,"https://rimibaltic-res.cloudinary.com/image/upload/b_white,c_limit,dpr_auto,f_webp,q_auto:low,w_auto/d_ecommerce:backend-fallback.png/MAT_1018279_PCE_LV"
Pērļu grūbas Zelta Saule 4x100g,rimi.lv,1.79,1.29,3.22,€/kg,"https://rimibaltic-res.cloudinary.com/image/upload/b_white,c_limit,dpr_auto,f_webp,q_auto:low,w_auto/d_ecommerce:backend-fallback.png/MAT_1020238_PCE_LV"
"Ekol. smūt. Salling Eko ar āb., bumb. 6m. 90g",rimi.lv,0.94,0.70,7.78,€/kg,"https://rimibaltic-res.cloudinary.com/image/upload/b_white,c_limit,dpr_auto,f_webp,q_auto:low,w_auto/d_ecommerce:backend-fallback.png/MAT_817674_PCE_LV"
Bļoda Luminarc Stack 20cm 1.8l,rimi.lv,5.49,3.84,,,"https://rimibaltic-res.cloudinary.com/image/upload/b_white,c_limit,dpr_auto,f_webp,q_auto:low,w_auto/d_ecommerce:backend-fallback.png/MAT_7227294_PCE_LV"
Z. p. Sensodyne Repair&Protect Whitening 75ml,rimi.lv,9.59,7.09,94.53,€/l,"https://rimibaltic-res.cloudinary.com/image/upload/b_white,c_limit,dpr_auto,f_webp,q_auto:low,w_auto/d_ecommerce:backend-fallback.png/MAT_7050697_PCE_LV"
Vienr. skuvekļi vīr. Bic 3 Sens. vīr. 4gab.,rimi.lv,3.49,2.39,,,"https://rimibaltic-res.cloudinary.com/image/upload/b_white,c_limit,dpr_auto,f_webp,q_auto:low,w_auto/d_ecommerce:backend-fallback.png/MAT_651332_PCE_LV"
Zobu pasta Sensodyne Deep Clean 75ml,rimi.lv,8.69,6.49,86.53,€/l,"https://rimibaltic-res.cloudinary.com/image/upload/b_white,c_limit,dpr_auto,f_webp,q_auto:low,w_auto/d_ecommerce:backend-fallback.png/MAT_7142823_PCE_LV"
Šampūns Syoss Men Cool 440ml,rimi.lv,7.49,4.49,10.20,€/l,"https://rimibaltic-res.cloudinary.com/image/upload/b_white,c_limit,dpr_auto,f_webp,q_auto:low,w_auto/d_ecommerce:backend-fallback.png/MAT_7239633_PCE_LV"
"Dz.Tērvetes citrona laima gāzēts,bezalk. 0,5l",rimi.lv,0.78,0.59,1.18,€/l,"https://rimibaltic-res.cloudinary.com/image/upload/b_white,c_limit,dpr_auto,f_webp,q_auto:low,w_auto/d_ecommerce:backend-fallback.png/MAT_1365030_PCE_LV"
Biks.ieliknīši LIBRESSE So Slim 30gab,rimi.lv,3.19,2.69,,,"https://rimibaltic-res.cloudinary.com/image/upload/b_white,c_limit,dpr_auto,f_webp,q_auto:low,w_auto/d_ecommerce:backend-fallback.png/MAT_7125130_PCE_LV"
"Enerģijas dzēriens Cult Original 0,5l",rimi.lv,1.55,0.99,1.98,€/l,"https://rimibaltic-res.cloudinary.com/image/upload/b_white,c_limit,dpr_auto,f_webp,q_auto:low,w_auto/d_ecommerce:backend-fallback.png/MAT_1366863_PCE_LV"
Biezenis Kubuš 100% banānu-ābolu 100g,rimi.lv,1.05,0.79,7.90,€/kg,"https://rimibaltic-res.cloudinary.com/image/upload/b_white,c_limit,dpr_auto,f_webp,q_auto:low,w_auto/d_ecommerce:backend-fallback.png/MAT_164442_PCE_LV"
"Dārzeņ.rīsi,tītars Hipp, no 12mēn. 220g",rimi.lv,2.79,2.09,9.50,€/kg,"https://rimibaltic-res.cloudinary.com/image/upload/b_white,c_limit,dpr_auto,f_webp,q_auto:low,w_auto/d_ecommerce:backend-fallback.png/MAT_105093_PCE_LV"
Skuvekļi Bic flex3 3gab,rimi.lv,4.79,3.59,,,"https://rimibaltic-res.cloudinary.com/image/upload/b_white,c_limit,dpr_auto,f_webp,q_auto:low,w_auto/d_ecommerce:backend-fallback.png/MAT_7036571_PCE_LV"
Pārslas Herkuless ar sēklām 500g,rimi.lv,2.25,1.35,2.70,€/kg,"https://rimibaltic-res.cloudinary.com/image/upload/b_white,c_limit,dpr_auto,f_webp,q_auto:low,w_auto/d_ecommerce:backend-fallback.png/MAT_185697_PCE_LV"
Persilāde Santa Maria 48g,rimi.lv,1.65,1.32,27.50,€/kg,"https://rimibaltic-res.cloudinary.com/image/upload/b_white,c_limit,dpr_auto,f_webp,q_auto:low,w_auto/d_ecommerce:backend-fallback.png/MAT_129129_PCE_LV"
Marmelāde Laima Gundega ar citronu garšu 170g,rimi.lv,1.99,1.59,9.35,€/kg,"https://rimibaltic-res.cloudinary.com/image/upload/b_white,c_limit,dpr_auto,f_webp,q_auto:low,w_auto/d_ecommerce:backend-fallback.png/MAT_173801_PCE_LV"
Siers Smiltene Tilsītes fasēts 400g,rimi.lv,5.49,3.89,9.72,€/kg,"https://rimibaltic-res.cloudinary.com/image/upload/b_white,c_limit,dpr_auto,f_webp,q_auto:low,w_auto/d_ecommerce:backend-fallback.png/MAT_904968_PCE_LV"
Siera uzkoda Rambyno ar šķiņķi 75g,rimi.lv,1.49,1.19,15.87,€/kg,"https://rimibaltic-res.cloudinary.com/image/upload/b_white,c_limit,dpr_auto,f_webp,q_auto:low,w_auto/d_ecommerce:backend-fallback.png/MAT_905302_PCE_LV"
Dārzeņu buljons Gallina Blaca 12x10g,rimi.lv,1.35,1.08,9.00,€/kg,"https://rimibaltic-res.cloudinary.com/image/upload/b_white,c_limit,dpr_auto,f_webp,q_auto:low,w_auto/d_ecommerce:backend-fallback.png/MAT_192208_PCE_LV"
Cūkgaļas karbonāde Forevers mājas žāvējumā kg,rimi.lv,10.99,8.99,8.99,€/kg,"https://rimibaltic-res.cloudinary.com/image/upload/b_white,c_limit,dpr_auto,f_webp,q_auto:low,w_auto/d_ecommerce:backend-fallback.png/MAT_999190_KGM_LV"
Batoniņš The Beginnings Flapjack karameļu 60g,rimi.lv,1.69,1.29,21.50,€/kg,"https://rimibaltic-res.cloudinary.com/image/upload/b_white,c_limit,dpr_auto,f_webp,q_auto:low,w_auto/d_ecommerce:backend-fallback.png/MAT_1011846_PCE_LV"
Kaķu barība Purina One Sensitive 4x85g,rimi.lv,4.29,2.59,7.62,€/kg,"https://rimibaltic-res.cloudinary.com/image/upload/b_white,c_limit,dpr_auto,f_webp,q_auto:low,w_auto/d_ecommerce:backend-fallback.png/MAT_7279369_PCE_LV"
Siera uzkoda Ādaži Collection 300g,rimi.lv,3.49,2.79,9.30,€/kg,"https://rimibaltic-res.cloudinary.com/image/upload/b_white,c_limit,dpr_auto,f_webp,q_auto:low,w_auto/d_ecommerce:backend-fallback.png/MAT_4008168_PCE_LV"
Trauku skal. līdz. Salling tr. mazg.maš.500ml,rimi.lv,1.69,1.49,2.98,€/l,"https://rimibaltic-res.cloudinary.com/image/upload/b_white,c_limit,dpr_auto,f_webp,q_auto:low,w_auto/d_ecommerce:backend-fallback.png/MAT_817622_PCE_LV"
Konservi suņiem Cesar Jelly 4x100g,rimi.lv,3.49,2.29,5.72,€/kg,"https://rimibaltic-res.cloudinary.com/image/upload/b_white,c_limit,dpr_auto,f_webp,q_auto:low,w_auto/d_ecommerce:backend-fallback.png/MAT_7191811_PCE_LV"
Pusdienu šķīvis Luminarc Zelie 25cm,rimi.lv,1.49,1.04,,,"https://rimibaltic-res.cloudinary.com/image/upload/b_white,c_limit,dpr_auto,f_webp,q_auto:low,w_auto/d_ecommerce:backend-fallback.png/MAT_7231373_PCE_LV"
Nektārs Cido plūmju 1l,rimi.lv,2.15,1.55,1.55,€/l,"https://rimibaltic-res.cloudinary.com/image/upload/b_white,c_limit,dpr_auto,f_webp,q_auto:low,w_auto/d_ecommerce:backend-fallback.png/MAT_117668_PCE_LV"
Zobu pasta Sensodyne Pronamel 75ml,rimi.lv,9.59,7.19,95.87,€/l,"https://rimibaltic-res.cloudinary.com/image/upload/b_white,c_limit,dpr_auto,f_webp,q_auto:low,w_auto/d_ecommerce:backend-fallback.png/MAT_703022_PCE_LV"
"Augļu tēja Možums melisa, vilkābele 20x1,5g",rimi.lv,1.49,0.99,33.00,€/kg,"https://rimibaltic-res.cloudinary.com/image/upload/b_white,c_limit,dpr_auto,f_webp,q_auto:low,w_auto/d_ecommerce:backend-fallback.png/MAT_160107_PCE_LV"
Kaķ.kons. Nutribalance las.menc.for.415g,rimi.lv,0.95,0.76,1.83,€/kg,"https://rimibaltic-res.cloudinary.com/image/upload/b_white,c_limit,dpr_auto,f_webp,q_auto:low,w_auto/d_ecommerce:backend-fallback.png/MAT_804586_PCE_LV"
"Ikd.ieliktn. Libresse Protection, 24 gab",rimi.lv,2.39,2.05,,,"https://rimibaltic-res.cloudinary.com/image/upload/b_white,c_limit,dpr_auto,f_webp,q_auto:low,w_auto/d_ecommerce:backend-fallback.png/MAT_7235808_PCE_LV"
Kapu svece 24stundas SU-430,rimi.lv,2.09,1.46,,,"https://rimibaltic-res.cloudinary.com/image/upload/b_white,c_limit,dpr_auto,f_webp,q_auto:low,w_auto/d_ecommerce:backend-fallback.png/MAT_626061_PCE_LV"
Auzu pārslu cepumi Flora ar rozīnēm 300g,rimi.lv,3.99,3.49,11.63,€/kg,"https://rimibaltic-res.cloudinary.com/image/upload/b_white,c_limit,dpr_auto,f_webp,q_auto:low,w_auto/d_ecommerce:backend-fallback.png/MAT_142808_PCE_LV"
Zobu pasta Ecodenta balinoša 100ml,rimi.lv,4.59,3.59,35.90,€/l,"https://rimibaltic-res.cloudinary.com/image/upload/b_white,c_limit,dpr_auto,f_webp,q_auto:low,w_auto/d_ecommerce:backend-fallback.png/MAT_7023107_PCE_LV"
Dez.tīr.līdz.Cillit Bang Bleach&Hygiene 750ml,rimi.lv,8.59,4.99,6.65,€/l,"https://rimibaltic-res.cloudinary.com/image/upload/b_white,c_limit,dpr_auto,f_webp,q_auto:low,w_auto/d_ecommerce:backend-fallback.png/MAT_7098521_PCE_LV"
Siers gorgonzola Dolce Igor 200g,rimi.lv,3.99,3.49,17.45,€/kg,"https://rimibaltic-res.cloudinary.com/image/upload/b_white,c_limit,dpr_auto,f_webp,q_auto:low,w_auto/d_ecommerce:backend-fallback.png/MAT_926746_PCE_LV"
Mērce Barilla Bolognese 400g,rimi.lv,4.79,3.35,8.37,€/kg,"https://rimibaltic-res.cloudinary.com/image/upload/b_white,c_limit,dpr_auto,f_webp,q_auto:low,w_auto/d_ecommerce:backend-fallback.png/MAT_156323_PCE_LV"
Sviesta cepumi St Michel Palets 150g,rimi.lv,2.89,1.99,13.27,€/kg,"https://rimibaltic-res.cloudinary.com/image/upload/b_white,c_limit,dpr_auto,f_webp,q_auto:low,w_auto/d_ecommerce:backend-fallback.png/MAT_180427_PCE_LV"
Nūdeles Knorr ar siera mērci 55g,rimi.lv,2.15,1.42,25.82,€/kg,"https://rimibaltic-res.cloudinary.com/image/upload/b_white,c_limit,dpr_auto,f_webp,q_auto:low,w_auto/d_ecommerce:backend-fallback.png/MAT_194503_PCE_LV"
Burgers Meat future classic saldēts 227g,rimi.lv,,2.99,13.17,€/kg,"https://rimibaltic-res.cloudinary.com/image/upload/b_white,c_limit,dpr_auto,f_webp,q_auto:low,w_auto/d_ecommerce:backend-fallback.png/MAT_981645_PCE_LV"
"Bezalko. dzirk. vīna dzēriens Mionetto 0,75l",rimi.lv,6.99,4.79,6.39,€/l,"https://rimibaltic-res.cloudinary.com/image/upload/b_white,c_limit,dpr_auto,f_webp,q_auto:low,w_auto/d_ecommerce:backend-fallback.png/MAT_1368827_PCE_LV"
Zefīrs Laima Maigums ogu debesmanna 175g,rimi.lv,3.99,2.69,15.37,€/kg,"https://rimibaltic-res.cloudinary.com/image/upload/b_white,c_limit,dpr_auto,f_webp,q_auto:low,w_auto/d_ecommerce:backend-fallback.png/MAT_1020240_PCE_LV"
Siers Dublin Dairy Čedaras sark. šķ.150g,rimi.lv,2.75,2.29,15.27,€/kg,"https://rimibaltic-res.cloudinary.com/image/upload/b_white,c_limit,dpr_auto,f_webp,q_auto:low,w_auto/d_ecommerce:backend-fallback.png/MAT_993298_PCE_LV"
Saldā maiz. Latvijas Maiznieks ar rozīn. 220g,rimi.lv,1.47,1.09,4.95,€/kg,"https://rimibaltic-res.cloudinary.com/image/upload/b_white,c_limit,dpr_auto,f_webp,q_auto:low,w_auto/d_ecommerce:backend-fallback.png/MAT_4009015_PCE_LV"
"Gāzēts dzēriens Pepsi Max ar saldinātāju 0,5l",rimi.lv,,0.69,1.38,€/l,"https://rimibaltic-res.cloudinary.com/image/upload/b_white,c_limit,dpr_auto,f_webp,q_auto:low,w_auto/d_ecommerce:backend-fallback.png/MAT_1362573_PCE_LV"
"Gāz. bezalk. dzēriens Rimi Party ar zem.0,75l",rimi.lv,,2.19,2.92,€/l,"https://rimibaltic-res.cloudinary.com/image/upload/b_white,c_limit,dpr_auto,f_webp,q_auto:low,w_auto/d_ecommerce:backend-fallback.png/MAT_1365987_PCE_LV"
Šampūns Syoss Men Power 440ml,rimi.lv,7.49,4.49,10.20,€/l,"https://rimibaltic-res.cloudinary.com/image/upload/b_white,c_limit,dpr_auto,f_webp,q_auto:low,w_auto/d_ecommerce:backend-fallback.png/MAT_7239628_PCE_LV"
Ābol.banān.cepum.tūbiņ Hipp BIO 100g,rimi.lv,1.69,1.25,12.50,€/kg,"https://rimibaltic-res.cloudinary.com/image/upload/b_white,c_limit,dpr_auto,f_webp,q_auto:low,w_auto/d_ecommerce:backend-fallback.png/MAT_7159149_PCE_LV"
Makaroni Italpasta Nr.58 Farfalle 500g,rimi.lv,1.75,1.45,2.90,€/kg,"https://rimibaltic-res.cloudinary.com/image/upload/b_white,c_limit,dpr_auto,f_webp,q_auto:low,w_auto/d_ecommerce:backend-fallback.png/MAT_182095_PCE_LV"
Pusdienu šķīvis Luminarc Harena 25cm,rimi.lv,1.99,1.39,,,"https://rimibaltic-res.cloudinary.com/image/upload/b_white,c_limit,dpr_auto,f_webp,q_auto:low,w_auto/d_ecommerce:backend-fallback.png/MAT_7121324_PCE_LV"
Zobu pasta Sensodyne Sensitivity & Gum 75ml,rimi.lv,8.99,6.69,89.20,€/l,"https://rimibaltic-res.cloudinary.com/image/upload/b_white,c_limit,dpr_auto,f_webp,q_auto:low,w_auto/d_ecommerce:backend-fallback.png/MAT_7206073_PCE_LV"
Baterijas Energizer MAX LR03 AAA 4 gab.,rimi.lv,6.49,3.89,,,"https://rimibaltic-res.cloudinary.com/image/upload/b_white,c_limit,dpr_auto,f_webp,q_auto:low,w_auto/d_ecommerce:backend-fallback.png/MAT_7055441_PCE_LV"
Universāls krēms Nivea creme 75ml,rimi.lv,4.09,2.89,38.53,€/l,"https://rimibaltic-res.cloudinary.com/image/upload/b_white,c_limit,dpr_auto,f_webp,q_auto:low,w_auto/d_ecommerce:backend-fallback.png/MAT_402228_PCE_LV"
Tako laiviņas Santa Maria 135g,rimi.lv,4.15,3.32,24.59,€/kg,"https://rimibaltic-res.cloudinary.com/image/upload/b_white,c_limit,dpr_auto,f_webp,q_auto:low,w_auto/d_ecommerce:backend-fallback.png/MAT_100119_PCE_LV"
Kūciņas Vēja pikas ar biezpienu 200g,rimi.lv,4.19,3.69,18.45,€/kg,"https://rimibaltic-res.cloudinary.com/image/upload/b_white,c_limit,dpr_auto,f_webp,q_auto:low,w_auto/d_ecommerce:backend-fallback.png/MAT_267726_PCE_LV"
Garšv.mais. Vegeta Natur zeltainai vistai 20g,rimi.lv,0.79,0.59,29.50,€/kg,"https://rimibaltic-res.cloudinary.com/image/upload/b_white,c_limit,dpr_auto,f_webp,q_auto:low,w_auto/d_ecommerce:backend-fallback.png/MAT_192229_PCE_LV"
Kombuča dzīvības dzēr. marakuj. BIO 330ml,rimi.lv,3.39,2.20,6.67,€/l,"https://rimibaltic-res.cloudinary.com/image/upload/b_white,c_limit,dpr_auto,f_webp,q_auto:low,w_auto/d_ecommerce:backend-fallback.png/MAT_195087_PCE_LV"
Šķidrās ziepes Citrus & Olive uzpilde 3L,rimi.lv,6.09,4.79,1.60,€/l,"https://rimibaltic-res.cloudinary.com/image/upload/b_white,c_limit,dpr_auto,f_webp,q_auto:low,w_auto/d_ecommerce:backend-fallback.png/MAT_7284758_PCE_LV"
Jogurts Fantasia ar Mars maisījumu 104g,rimi.lv,1.49,0.95,9.13,€/kg,"https://rimibaltic-res.cloudinary.com/image/upload/b_white,c_limit,dpr_auto,f_webp,q_auto:low,w_auto/d_ecommerce:backend-fallback.png/MAT_4009006_PCE_LV"
Saldskābā maize Fazer gardā 550g,rimi.lv,1.84,1.45,2.64,€/kg,"https://rimibaltic-res.cloudinary.com/image/upload/b_white,c_limit,dpr_auto,f_webp,q_auto:low,w_auto/d_ecommerce:backend-fallback.png/MAT_4010935_PCE_LV"
Pilngraudu rudzu maize Druva Spēkavota 400g,rimi.lv,1.10,0.95,2.37,€/kg,"https://rimibaltic-res.cloudinary.com/image/upload/b_white,c_limit,dpr_auto,f_webp,q_auto:low,w_auto/d_ecommerce:backend-fallback.png/MAT_4011109_PCE_LV"
"Veļas mazgāšanas līdzeklis Woolite Dark 1,8L",rimi.lv,11.99,6.99,3.88,€/l,"https://rimibaltic-res.cloudinary.com/image/upload/b_white,c_limit,dpr_auto,f_webp,q_auto:low,w_auto/d_ecommerce:backend-fallback.png/MAT_7210501_PCE_LV"
"Veļas mazg. līdzeklis Woolite Delicate 1,8L",rimi.lv,11.99,6.99,3.88,€/l,"https://rimibaltic-res.cloudinary.com/image/upload/b_white,c_limit,dpr_auto,f_webp,q_auto:low,w_auto/d_ecommerce:backend-fallback.png/MAT_7210513_PCE_LV"
"Suņu konservi NutriBalance vistas 1,24kg",rimi.lv,1.99,1.60,1.29,€/kg,"https://rimibaltic-res.cloudinary.com/image/upload/b_white,c_limit,dpr_auto,f_webp,q_auto:low,w_auto/d_ecommerce:backend-fallback.png/MAT_804589_PCE_LV"
Tr. m/l fairy sensit. teatree&mint 900ml,rimi.lv,4.99,3.99,4.43,€/l,"https://rimibaltic-res.cloudinary.com/image/upload/b_white,c_limit,dpr_auto,f_webp,q_auto:low,w_auto/d_ecommerce:backend-fallback.png/MAT_7135193_PCE_LV"
Mic. ūdens jutīgai ādai Nivea MicellAir 400ml,rimi.lv,9.49,6.79,16.97,€/l,"https://rimibaltic-res.cloudinary.com/image/upload/b_white,c_limit,dpr_auto,f_webp,q_auto:low,w_auto/d_ecommerce:backend-fallback.png/MAT_7150649_PCE_LV"
"Enerģijas dzēriens Red Bull 0,355l",rimi.lv,,1.59,4.48,€/l,"https://rimibaltic-res.cloudinary.com/image/upload/b_white,c_limit,dpr_auto,f_webp,q_auto:low,w_auto/d_ecommerce:backend-fallback.png/MAT_139192_PCE_LV"
Balzams Syoss Repair 440ml,rimi.lv,7.49,4.99,11.34,€/l,"https://rimibaltic-res.cloudinary.com/image/upload/b_white,c_limit,dpr_auto,f_webp,q_auto:low,w_auto/d_ecommerce:backend-fallback.png/MAT_7239638_PCE_LV"
Vafeļu torte Vāverīte glazēta 350g,rimi.lv,7.99,6.39,18.26,€/kg,"https://rimibaltic-res.cloudinary.com/image/upload/b_white,c_limit,dpr_auto,f_webp,q_auto:low,w_auto/d_ecommerce:backend-fallback.png/MAT_181373_PCE_LV"
Kosm. noņ. Nivea jutīgai ādai ap acīm 125ml,rimi.lv,7.69,5.49,43.92,€/l,"https://rimibaltic-res.cloudinary.com/image/upload/b_white,c_limit,dpr_auto,f_webp,q_auto:low,w_auto/d_ecommerce:backend-fallback.png/MAT_7180381_PCE_LV"
Tēja Loyd Rooibos apelsīna-kanēļa 10x2g,rimi.lv,3.49,2.39,59.75,€/kg,"https://rimibaltic-res.cloudinary.com/image/upload/b_white,c_limit,dpr_auto,f_webp,q_auto:low,w_auto/d_ecommerce:backend-fallback.png/MAT_1002687_PCE_LV"
Gaisa atsvaidzin. Clerit Ocean Breeze 300ml,rimi.lv,2.39,2.15,7.17,€/l,"https://rimibaltic-res.cloudinary.com/image/upload/b_white,c_limit,dpr_auto,f_webp,q_auto:low,w_auto/d_ecommerce:backend-fallback.png/MAT_812880_PCE_LV"
"Kārums suņiem Adventuros, strēmeles, 90g",rimi.lv,,1.03,11.44,€/kg,"https://rimibaltic-res.cloudinary.com/image/upload/b_white,c_limit,dpr_auto,f_webp,q_auto:low,w_auto/d_ecommerce:backend-fallback.png/MAT_7146977_PCE_LV"
Karamel. ieb. piens Tautas ar cukuru 397g,rimi.lv,3.99,3.29,8.29,€/kg,"https://rimibaltic-res.cloudinary.com/image/upload/b_white,c_limit,dpr_auto,f_webp,q_auto:low,w_auto/d_ecommerce:backend-fallback.png/MAT_270384_PCE_LV"
"Gāzēts dzēriens Rimi ar citrona garšu 0,5l",rimi.lv,0.99,0.79,1.58,€/l,"https://rimibaltic-res.cloudinary.com/image/upload/b_white,c_limit,dpr_auto,f_webp,q_auto:low,w_auto/d_ecommerce:backend-fallback.png/MAT_1360582_PCE_LV"
Garšviela Santa Maria vistas gaļas 90g,rimi.lv,2.29,1.59,17.67,€/kg,"https://rimibaltic-res.cloudinary.com/image/upload/b_white,c_limit,dpr_auto,f_webp,q_auto:low,w_auto/d_ecommerce:backend-fallback.png/MAT_181612_PCE_LV"
Vistas zupa Maggi ar makaroniem 12g,rimi.lv,0.69,0.48,40.00,€/kg,"https://rimibaltic-res.cloudinary.com/image/upload/b_white,c_limit,dpr_auto,f_webp,q_auto:low,w_auto/d_ecommerce:backend-fallback.png/MAT_193468_PCE_LV"
Dāņu salami Gaļas nams Ādaži 350g,rimi.lv,2.99,1.99,5.69,€/kg,"https://rimibaltic-res.cloudinary.com/image/upload/b_white,c_limit,dpr_auto,f_webp,q_auto:low,w_auto/d_ecommerce:backend-fallback.png/MAT_983165_PCE_LV"
"Salātu maisījums Fit&Easy ,,Active“ 120g",rimi.lv,1.59,1.29,10.75,€/kg,"https://rimibaltic-res.cloudinary.com/image/upload/b_white,c_limit,dpr_auto,f_webp,q_auto:low,w_auto/d_ecommerce:backend-fallback.png/MAT_918677_PCE_LV"
Kaķu barība Purina One pieaug.kaķ. 4x85g,rimi.lv,4.29,2.59,7.62,€/kg,"https://rimibaltic-res.cloudinary.com/image/upload/b_white,c_limit,dpr_auto,f_webp,q_auto:low,w_auto/d_ecommerce:backend-fallback.png/MAT_7279375_PCE_LV"
"Kart. čipsi Estrella sviesta, sāls garša 170g",rimi.lv,2.79,1.99,11.71,€/kg,"https://rimibaltic-res.cloudinary.com/image/upload/b_white,c_limit,dpr_auto,f_webp,q_auto:low,w_auto/d_ecommerce:backend-fallback.png/MAT_1016948_PCE_LV"
Desiņas Ādaži Grill Collec. Cheddarwurst 350g,rimi.lv,3.29,2.49,7.11,€/kg,"https://rimibaltic-res.cloudinary.com/image/upload/b_white,c_limit,dpr_auto,f_webp,q_auto:low,w_auto/d_ecommerce:backend-fallback.png/MAT_4007485_PCE_LV"
Matu laka Syoss max hold 300ml,rimi.lv,9.99,6.99,23.30,€/l,"https://rimibaltic-res.cloudinary.com/image/upload/b_white,c_limit,dpr_auto,f_webp,q_auto:low,w_auto/d_ecommerce:backend-fallback.png/MAT_778835_PCE_LV"
Sejas maska Garnier Camomile 0.32g,rimi.lv,3.69,2.21,,,"https://rimibaltic-res.cloudinary.com/image/upload/b_white,c_limit,dpr_auto,f_webp,q_auto:low,w_auto/d_ecommerce:backend-fallback.png/MAT_7147745_PCE_LV"
"Pusgarās zeķes PC Evry 20den, visione",rimi.lv,2.79,1.67,,,"https://rimibaltic-res.cloudinary.com/image/upload/b_white,c_limit,dpr_auto,f_webp,q_auto:low,w_auto/d_ecommerce:backend-fallback.png/MAT_7053761_PCE_LV"
Dezod. siev. izsmidz. Rexona aloe vera 150ml,rimi.lv,4.89,2.99,19.93,€/l,"https://rimibaltic-res.cloudinary.com/image/upload/b_white,c_limit,dpr_auto,f_webp,q_auto:low,w_auto/d_ecommerce:backend-fallback.png/MAT_401250_PCE_LV"
Aloe dzēriens Aleo premium 500 ml,rimi.lv,,1.19,2.38,€/l,"https://rimibaltic-res.cloudinary.com/image/upload/b_white,c_limit,dpr_auto,f_webp,q_auto:low,w_auto/d_ecommerce:backend-fallback.png/MAT_1355181_PCE_LV"
Kaķu kārums Dreamies ar lasi 60g,rimi.lv,2.09,1.29,21.50,€/kg,"https://rimibaltic-res.cloudinary.com/image/upload/b_white,c_limit,dpr_auto,f_webp,q_auto:low,w_auto/d_ecommerce:backend-fallback.png/MAT_7077328_PCE_LV"
Kaķ.kons. Nutribalance tīt.vis.liel.415g,rimi.lv,0.95,0.76,1.83,€/kg,"https://rimibaltic-res.cloudinary.com/image/upload/b_white,c_limit,dpr_auto,f_webp,q_auto:low,w_auto/d_ecommerce:backend-fallback.png/MAT_804587_PCE_LV"
Skuvekļi Wilkinson Xtreme3 Beauty 3+1gab,rimi.lv,6.19,4.29,,,"https://rimibaltic-res.cloudinary.com/image/upload/b_white,c_limit,dpr_auto,f_webp,q_auto:low,w_auto/d_ecommerce:backend-fallback.png/MAT_7227094_PCE_LV"
Makaroni Italpasta Nr.53 Penne 500g,rimi.lv,1.75,1.45,2.90,€/kg,"https://rimibaltic-res.cloudinary.com/image/upload/b_white,c_limit,dpr_auto,f_webp,q_auto:low,w_auto/d_ecommerce:backend-fallback.png/MAT_105278_PCE_LV"
Biezenis Hipp ban. bumb. mango no 4m BIO 100g,rimi.lv,1.69,1.25,12.50,€/kg,"https://rimibaltic-res.cloudinary.com/image/upload/b_white,c_limit,dpr_auto,f_webp,q_auto:low,w_auto/d_ecommerce:backend-fallback.png/MAT_7159128_PCE_LV"
"Gaisa atsv. Botanica Karību sandal,236ml",rimi.lv,6.79,5.19,21.99,€/l,"https://rimibaltic-res.cloudinary.com/image/upload/b_white,c_limit,dpr_auto,f_webp,q_auto:low,w_auto/d_ecommerce:backend-fallback.png/MAT_7232817_PCE_LV"
Dezodorants Old Spice Whitewater 50ml,rimi.lv,5.69,4.69,93.80,€/l,"https://rimibaltic-res.cloudinary.com/image/upload/b_white,c_limit,dpr_auto,f_webp,q_auto:low,w_auto/d_ecommerce:backend-fallback.png/MAT_7103821_PCE_LV"
Gaisa atsvaidzin. Clerit Summer Blossom 300ml,rimi.lv,2.39,2.15,7.17,€/l,"https://rimibaltic-res.cloudinary.com/image/upload/b_white,c_limit,dpr_auto,f_webp,q_auto:low,w_auto/d_ecommerce:backend-fallback.png/MAT_812888_PCE_LV"
Mērce Santa Maria Terijaki 300ml,rimi.lv,6.69,5.35,17.83,€/l,"https://rimibaltic-res.cloudinary.com/image/upload/b_white,c_limit,dpr_auto,f_webp,q_auto:low,w_auto/d_ecommerce:backend-fallback.png/MAT_104059_PCE_LV"
Sausā zupa Maggi vistas ar grauzd. ā. p. 16g,rimi.lv,0.69,0.48,30.00,€/kg,"https://rimibaltic-res.cloudinary.com/image/upload/b_white,c_limit,dpr_auto,f_webp,q_auto:low,w_auto/d_ecommerce:backend-fallback.png/MAT_140055_PCE_LV"
Sēņu zupa Maggi ātri pagatavojamā 22g,rimi.lv,0.69,0.48,21.82,€/kg,"https://rimibaltic-res.cloudinary.com/image/upload/b_white,c_limit,dpr_auto,f_webp,q_auto:low,w_auto/d_ecommerce:backend-fallback.png/MAT_165575_PCE_LV"
Siļķes fileja Viči 400g/315g,rimi.lv,4.99,3.49,11.08,€/kg,"https://rimibaltic-res.cloudinary.com/image/upload/b_white,c_limit,dpr_auto,f_webp,q_auto:low,w_auto/d_ecommerce:backend-fallback.png/MAT_212276_PCE_LV"
Siļķu fileja Gardums Kaija eļļā 250g/188g,rimi.lv,2.99,1.99,10.59,€/kg,"https://rimibaltic-res.cloudinary.com/image/upload/b_white,c_limit,dpr_auto,f_webp,q_auto:low,w_auto/d_ecommerce:backend-fallback.png/MAT_296499_PCE_LV"
Sauce Santa Maria sw.chili less s.500ml,rimi.lv,3.79,2.99,5.98,€/l,"https://rimibaltic-res.cloudinary.com/image/upload/b_white,c_limit,dpr_auto,f_webp,q_auto:low,w_auto/d_ecommerce:backend-fallback.png/MAT_175815_PCE_LV"
Desa vegāniem vārīta 200g,rimi.lv,3.09,2.59,12.95,€/kg,"https://rimibaltic-res.cloudinary.com/image/upload/b_white,c_limit,dpr_auto,f_webp,q_auto:low,w_auto/d_ecommerce:backend-fallback.png/MAT_959573_PCE_LV"
Dūmdesa Neparastā ar ķipl. šķēlēs 110g,rimi.lv,2.19,1.89,17.18,€/kg,"https://rimibaltic-res.cloudinary.com/image/upload/b_white,c_limit,dpr_auto,f_webp,q_auto:low,w_auto/d_ecommerce:backend-fallback.png/MAT_970181_PCE_LV"
Dārzeņu sula Rimi 100% 1L,rimi.lv,1.79,1.39,1.39,€/l,"https://rimibaltic-res.cloudinary.com/image/upload/b_white,c_limit,dpr_auto,f_webp,q_auto:low,w_auto/d_ecommerce:backend-fallback.png/MAT_813594_PCE_LV"
Kukurūzas čipsi Doritos siera garšu 180g,rimi.lv,3.09,2.15,11.94,€/kg,"https://rimibaltic-res.cloudinary.com/image/upload/b_white,c_limit,dpr_auto,f_webp,q_auto:low,w_auto/d_ecommerce:backend-fallback.png/MAT_1008363_PCE_LV"
Kombuča dzīvības dzēr. Rooibos 330ml,rimi.lv,2.99,1.94,5.88,€/l,"https://rimibaltic-res.cloudinary.com/image/upload/b_white,c_limit,dpr_auto,f_webp,q_auto:low,w_auto/d_ecommerce:backend-fallback.png/MAT_1372053_PCE_LV"
Kons.kaķiem Gourmet ar tītara gaļu 4x85g,rimi.lv,,2.29,6.74,€/kg,"https://rimibaltic-res.cloudinary.com/image/upload/b_white,c_limit,dpr_auto,f_webp,q_auto:low,w_auto/d_ecommerce:backend-fallback.png/MAT_7270363_PCE_LV"
Tumšā šokolāde Pergale ar lazdu riekstiem 85g,rimi.lv,2.39,1.49,17.53,€/kg,"https://rimibaltic-res.cloudinary.com/image/upload/b_white,c_limit,dpr_auto,f_webp,q_auto:low,w_auto/d_ecommerce:backend-fallback.png/MAT_1013211_PCE_LV"
Šķidrās ziepes Pineapple & Mango 300ml,rimi.lv,2.39,1.89,6.30,€/l,"https://rimibaltic-res.cloudinary.com/image/upload/b_white,c_limit,dpr_auto,f_webp,q_auto:low,w_auto/d_ecommerce:backend-fallback.png/MAT_7284771_PCE_LV"
Kausētais siers Baltais Šveices gaumē 180g,rimi.lv,2.29,1.79,9.94,€/kg,"https://rimibaltic-res.cloudinary.com/image/upload/b_white,c_limit,dpr_auto,f_webp,q_auto:low,w_auto/d_ecommerce:backend-fallback.png/MAT_4004756_PCE_LV"
"Šokolādes batoniņš Kinder Crispy 34,5g",rimi.lv,1.19,0.99,28.29,€/kg,"https://rimibaltic-res.cloudinary.com/image/upload/b_white,c_limit,dpr_auto,f_webp,q_auto:low,w_auto/d_ecommerce:backend-fallback.png/MAT_1019531_PCE_LV"
"Cepums ar zemesr. krēmu, dzērv., vaniļ. 50g",rimi.lv,1.09,0.89,17.80,€/kg,"https://rimibaltic-res.cloudinary.com/image/upload/b_white,c_limit,dpr_auto,f_webp,q_auto:low,w_auto/d_ecommerce:backend-fallback.png/MAT_1020605_PCE_LV"
Želejkonfe.Rowntrees Randoms augļu garšu 150g,rimi.lv,1.99,1.49,9.93,€/kg,"https://rimibaltic-res.cloudinary.com/image/upload/b_white,c_limit,dpr_auto,f_webp,q_auto:low,w_auto/d_ecommerce:backend-fallback.png/MAT_1021375_PCE_LV"
"Izoton. dz. Mangaļi Multifruit ar sald. 0,75l",rimi.lv,1.49,0.99,1.32,€/l,"https://rimibaltic-res.cloudinary.com/image/upload/b_white,c_limit,dpr_auto,f_webp,q_auto:low,w_auto/d_ecommerce:backend-fallback.png/MAT_1376240_PCE_LV"
Protēžu fiks. krēms Corega Extra Strong 40 g,rimi.lv,8.49,6.29,157.25,€/kg,"https://rimibaltic-res.cloudinary.com/image/upload/b_white,c_limit,dpr_auto,f_webp,q_auto:low,w_auto/d_ecommerce:backend-fallback.png/MAT_7026014_PCE_LV"
Bļoda Luminarc Stack 14cm 62.5cl,rimi.lv,2.79,1.95,,,"https://rimibaltic-res.cloudinary.com/image/upload/b_white,c_limit,dpr_auto,f_webp,q_auto:low,w_auto/d_ecommerce:backend-fallback.png/MAT_7227296_PCE_LV"
"Biezsula Semper jog.,ban.,mellenes. 6m. 90g",rimi.lv,,1.15,12.78,€/kg,"https://rimibaltic-res.cloudinary.com/image/upload/b_white,c_limit,dpr_auto,f_webp,q_auto:low,w_auto/d_ecommerce:backend-fallback.png/MAT_7104177_PCE_LV"
Miltu maisījums Rimi šokolādes kēkss 400 g,rimi.lv,1.89,1.59,3.97,€/kg,"https://rimibaltic-res.cloudinary.com/image/upload/b_white,c_limit,dpr_auto,f_webp,q_auto:low,w_auto/d_ecommerce:backend-fallback.png/MAT_811312_PCE_LV"
Zobu pasta Sensodyne Complete Protection 75ml,rimi.lv,9.99,7.49,99.87,€/l,"https://rimibaltic-res.cloudinary.com/image/upload/b_white,c_limit,dpr_auto,f_webp,q_auto:low,w_auto/d_ecommerce:backend-fallback.png/MAT_7075253_PCE_LV"
Universāls krēms Nivea creme 100ml,rimi.lv,4.79,3.39,33.90,€/l,"https://rimibaltic-res.cloudinary.com/image/upload/b_white,c_limit,dpr_auto,f_webp,q_auto:low,w_auto/d_ecommerce:backend-fallback.png/MAT_406689_PCE_LV"
Zobu birste Colgate Max White soft,rimi.lv,4.59,2.95,,,"https://rimibaltic-res.cloudinary.com/image/upload/b_white,c_limit,dpr_auto,f_webp,q_auto:low,w_auto/d_ecommerce:backend-fallback.png/MAT_768218_PCE_LV"
"Zob.pasta ECODENTA SENSIT.WHITEN.,100ml",rimi.lv,6.79,5.39,53.90,€/l,"https://rimibaltic-res.cloudinary.com/image/upload/b_white,c_limit,dpr_auto,f_webp,q_auto:low,w_auto/d_ecommerce:backend-fallback.png/MAT_7244291_PCE_LV"
"Gāzēts dzēriens Rimi ar apelsīnu garšu 0,5l",rimi.lv,0.99,0.79,1.58,€/l,"https://rimibaltic-res.cloudinary.com/image/upload/b_white,c_limit,dpr_auto,f_webp,q_auto:low,w_auto/d_ecommerce:backend-fallback.png/MAT_1360186_PCE_LV"
Hig.pak. Libresse Ultra Night Extra 8gab,rimi.lv,3.29,2.79,,,"https://rimibaltic-res.cloudinary.com/image/upload/b_white,c_limit,dpr_auto,f_webp,q_auto:low,w_auto/d_ecommerce:backend-fallback.png/MAT_7168986_PCE_LV"
Gurķi marinēti 950g,rimi.lv,3.99,3.49,3.67,€/kg,"https://rimibaltic-res.cloudinary.com/image/upload/b_white,c_limit,dpr_auto,f_webp,q_auto:low,w_auto/d_ecommerce:backend-fallback.png/MAT_285980_PCE_LV"
Vienreizliet. skuvekļi Gillette Blue 3 6+2gab,rimi.lv,10.79,9.09,,,"https://rimibaltic-res.cloudinary.com/image/upload/b_white,c_limit,dpr_auto,f_webp,q_auto:low,w_auto/d_ecommerce:backend-fallback.png/MAT_7054552_PCE_LV"
Mājas smaržas Peony Blossom 85ml,rimi.lv,10.99,7.69,,,"https://rimibaltic-res.cloudinary.com/image/upload/b_white,c_limit,dpr_auto,f_webp,q_auto:low,w_auto/d_ecommerce:backend-fallback.png/MAT_7235734_PCE_LV"
Bļoda Luminarc Stack 23cm 2.9l,rimi.lv,7.39,5.17,,,"https://rimibaltic-res.cloudinary.com/image/upload/b_white,c_limit,dpr_auto,f_webp,q_auto:low,w_auto/d_ecommerce:backend-fallback.png/MAT_7227295_PCE_LV"
S zeķub.Immagine marlen 40d nero 3,rimi.lv,4.09,2.45,,,"https://rimibaltic-res.cloudinary.com/image/upload/b_white,c_limit,dpr_auto,f_webp,q_auto:low,w_auto/d_ecommerce:backend-fallback.png/MAT_782658_PCE_LV"
Brokastu pārslas Nestle Cookie Crisp 625g,rimi.lv,5.99,4.39,7.02,€/kg,"https://rimibaltic-res.cloudinary.com/image/upload/b_white,c_limit,dpr_auto,f_webp,q_auto:low,w_auto/d_ecommerce:backend-fallback.png/MAT_164500_PCE_LV"
Piena maisījums Hipp Combiotic 2 6+ BIO 800g,rimi.lv,19.49,14.59,18.24,€/kg,"https://rimibaltic-res.cloudinary.com/image/upload/b_white,c_limit,dpr_auto,f_webp,q_auto:low,w_auto/d_ecommerce:backend-fallback.png/MAT_7040394_PCE_LV"
Medus delikatese Vinnis tējai 260g,rimi.lv,4.39,3.89,14.96,€/kg,"https://rimibaltic-res.cloudinary.com/image/upload/b_white,c_limit,dpr_auto,f_webp,q_auto:low,w_auto/d_ecommerce:backend-fallback.png/MAT_171037_PCE_LV"
Gard.kaķ. Felix Party Mix Original 60g,rimi.lv,,1.59,26.50,€/kg,"https://rimibaltic-res.cloudinary.com/image/upload/b_white,c_limit,dpr_auto,f_webp,q_auto:low,w_auto/d_ecommerce:backend-fallback.png/MAT_7190827_PCE_LV"
Gard.kaķ. Felix Party Mix Ocean Mix 60g,rimi.lv,,1.59,26.50,€/kg,"https://rimibaltic-res.cloudinary.com/image/upload/b_white,c_limit,dpr_auto,f_webp,q_auto:low,w_auto/d_ecommerce:backend-fallback.png/MAT_7190842_PCE_LV"
Baterijas Energizer MAX AA 4 gab.,rimi.lv,6.49,3.89,,,"https://rimibaltic-res.cloudinary.com/image/upload/b_white,c_limit,dpr_auto,f_webp,q_auto:low,w_auto/d_ecommerce:backend-fallback.png/MAT_7055435_PCE_LV"
Kabaču ikri Nizhyn 450g,rimi.lv,2.39,1.99,4.42,€/kg,"https://rimibaltic-res.cloudinary.com/image/upload/b_white,c_limit,dpr_auto,f_webp,q_auto:low,w_auto/d_ecommerce:backend-fallback.png/MAT_152586_PCE_LV"
Tomātu mērce Spilva ķiploku 510g,rimi.lv,2.65,1.79,3.51,€/kg,"https://rimibaltic-res.cloudinary.com/image/upload/b_white,c_limit,dpr_auto,f_webp,q_auto:low,w_auto/d_ecommerce:backend-fallback.png/MAT_155906_PCE_LV"
Citronpipari Santa Maria 55g,rimi.lv,2.69,1.99,36.18,€/kg,"https://rimibaltic-res.cloudinary.com/image/upload/b_white,c_limit,dpr_auto,f_webp,q_auto:low,w_auto/d_ecommerce:backend-fallback.png/MAT_191166_PCE_LV"
Baltmaize Druva mākoņmaize sagr. 300g,rimi.lv,0.92,0.79,2.63,€/kg,"https://rimibaltic-res.cloudinary.com/image/upload/b_white,c_limit,dpr_auto,f_webp,q_auto:low,w_auto/d_ecommerce:backend-fallback.png/MAT_279895_PCE_LV"
Saldējums Tio šokolādes 500ml/240g,rimi.lv,2.65,1.49,6.21,€/kg,"https://rimibaltic-res.cloudinary.com/image/upload/b_white,c_limit,dpr_auto,f_webp,q_auto:low,w_auto/d_ecommerce:backend-fallback.png/MAT_298473_PCE_LV"
Maisījums Dobele maizes zupa ar augļiem 300g,rimi.lv,1.99,1.39,4.63,€/kg,"https://rimibaltic-res.cloudinary.com/image/upload/b_white,c_limit,dpr_auto,f_webp,q_auto:low,w_auto/d_ecommerce:backend-fallback.png/MAT_114678_PCE_LV"
Jog. kokt. Baltais Shake meža zem. 250g,rimi.lv,1.19,0.95,3.80,€/kg,"https://rimibaltic-res.cloudinary.com/image/upload/b_white,c_limit,dpr_auto,f_webp,q_auto:low,w_auto/d_ecommerce:backend-fallback.png/MAT_964917_PCE_LV"
"Bagete Izcep pats ar ķiploku, zaļumu sv. 175g",rimi.lv,1.75,1.39,7.94,€/kg,"https://rimibaltic-res.cloudinary.com/image/upload/b_white,c_limit,dpr_auto,f_webp,q_auto:low,w_auto/d_ecommerce:backend-fallback.png/MAT_977023_PCE_LV"
Maisījums A'la Carbonara ar šampinjoniem 400g,rimi.lv,3.39,2.89,7.22,€/kg,"https://rimibaltic-res.cloudinary.com/image/upload/b_white,c_limit,dpr_auto,f_webp,q_auto:low,w_auto/d_ecommerce:backend-fallback.png/MAT_973845_PCE_LV"
Zefīrs Laima zemeņu 200g,rimi.lv,2.59,1.79,8.95,€/kg,"https://rimibaltic-res.cloudinary.com/image/upload/b_white,c_limit,dpr_auto,f_webp,q_auto:low,w_auto/d_ecommerce:backend-fallback.png/MAT_1008935_PCE_LV"
Garneles ASC garšaugu-ķipl. Rimi 300g,rimi.lv,8.79,5.69,18.97,€/kg,"https://rimibaltic-res.cloudinary.com/image/upload/b_white,c_limit,dpr_auto,f_webp,q_auto:low,w_auto/d_ecommerce:backend-fallback.png/MAT_813899_PCE_LV"
Sardeles Mārupes vārītas 360g,rimi.lv,4.59,3.49,9.69,€/kg,"https://rimibaltic-res.cloudinary.com/image/upload/b_white,c_limit,dpr_auto,f_webp,q_auto:low,w_auto/d_ecommerce:backend-fallback.png/MAT_993501_PCE_LV"
Kafijas kapsulas Lavazza AMM Oro 120g,rimi.lv,6.99,5.99,,,"https://rimibaltic-res.cloudinary.com/image/upload/b_white,c_limit,dpr_auto,f_webp,q_auto:low,w_auto/d_ecommerce:backend-fallback.png/MAT_1012444_PCE_LV"
Olīveļļa augstakā labuma neapstrādāta 750ml,rimi.lv,16.69,8.99,11.99,€/l,"https://rimibaltic-res.cloudinary.com/image/upload/b_white,c_limit,dpr_auto,f_webp,q_auto:low,w_auto/d_ecommerce:backend-fallback.png/MAT_1014498_PCE_LV"
"Suņu bar.Nutribalance ar liell.,teļa g.4x100g",rimi.lv,1.99,1.39,3.47,€/kg,"https://rimibaltic-res.cloudinary.com/image/upload/b_white,c_limit,dpr_auto,f_webp,q_auto:low,w_auto/d_ecommerce:backend-fallback.png/MAT_816160_PCE_LV"
Kakao kapsulas Nescafe Nesquik 16x16g,rimi.lv,8.69,5.99,,,"https://rimibaltic-res.cloudinary.com/image/upload/b_white,c_limit,dpr_auto,f_webp,q_auto:low,w_auto/d_ecommerce:backend-fallback.png/MAT_154234_PCE_LV"
"Kārums suņiem Adventuros, gabaliņi, 90g",rimi.lv,,1.03,11.44,€/kg,"https://rimibaltic-res.cloudinary.com/image/upload/b_white,c_limit,dpr_auto,f_webp,q_auto:low,w_auto/d_ecommerce:backend-fallback.png/MAT_7147006_PCE_LV"
Pelēkie zirņi Spilva ar cūku taukiem 570g,rimi.lv,3.29,2.59,4.54,€/kg,"https://rimibaltic-res.cloudinary.com/image/upload/b_white,c_limit,dpr_auto,f_webp,q_auto:low,w_auto/d_ecommerce:backend-fallback.png/MAT_127143_PCE_LV"
Zobu b. Sensodyne Complete Protection Soft,rimi.lv,6.39,4.79,,,"https://rimibaltic-res.cloudinary.com/image/upload/b_white,c_limit,dpr_auto,f_webp,q_auto:low,w_auto/d_ecommerce:backend-fallback.png/MAT_7075254_PCE_LV"
Zobu p. Sensodyne Sensit.&Gum Whitening 75ml,rimi.lv,8.99,6.69,89.20,€/l,"https://rimibaltic-res.cloudinary.com/image/upload/b_white,c_limit,dpr_auto,f_webp,q_auto:low,w_auto/d_ecommerce:backend-fallback.png/MAT_7206075_PCE_LV"
Balzams Syoss Colorist 440ml,rimi.lv,7.49,4.99,11.34,€/l,"https://rimibaltic-res.cloudinary.com/image/upload/b_white,c_limit,dpr_auto,f_webp,q_auto:low,w_auto/d_ecommerce:backend-fallback.png/MAT_7239641_PCE_LV"
Nakts krēms Nivea Anti-Wrinkle 65+ 50ml,rimi.lv,12.69,8.99,179.80,€/l,"https://rimibaltic-res.cloudinary.com/image/upload/b_white,c_limit,dpr_auto,f_webp,q_auto:low,w_auto/d_ecommerce:backend-fallback.png/MAT_7207050_PCE_LV"
Šampūns Syoss Colorist 440ml,rimi.lv,7.49,5.09,11.57,€/l,"https://rimibaltic-res.cloudinary.com/image/upload/b_white,c_limit,dpr_auto,f_webp,q_auto:low,w_auto/d_ecommerce:backend-fallback.png/MAT_7239624_PCE_LV"
S pusg. zeķes Immagine emi 40d nero,rimi.lv,3.49,2.09,,,"https://rimibaltic-res.cloudinary.com/image/upload/b_white,c_limit,dpr_auto,f_webp,q_auto:low,w_auto/d_ecommerce:backend-fallback.png/MAT_7215873_PCE_LV"
Kafijas pupiņas Jacobs crema beans 1kg,rimi.lv,29.99,13.99,13.99,€/kg,"https://rimibaltic-res.cloudinary.com/image/upload/b_white,c_limit,dpr_auto,f_webp,q_auto:low,w_auto/d_ecommerce:backend-fallback.png/MAT_182515_PCE_LV"
Zupas bļoda Windmill blue 20.3cm,rimi.lv,4.99,3.49,,,"https://rimibaltic-res.cloudinary.com/image/upload/b_white,c_limit,dpr_auto,f_webp,q_auto:low,w_auto/d_ecommerce:backend-fallback.png/MAT_7077685_PCE_LV"
Matu ķemme Natural Fiber,rimi.lv,9.99,7.49,,,"https://rimibaltic-res.cloudinary.com/image/upload/b_white,c_limit,dpr_auto,f_webp,q_auto:low,w_auto/d_ecommerce:backend-fallback.png/MAT_7236498_PCE_LV"
Kons. k. Gourmet gold želejas izlase 4x85g,rimi.lv,,2.29,6.74,€/kg,"https://rimibaltic-res.cloudinary.com/image/upload/b_white,c_limit,dpr_auto,f_webp,q_auto:low,w_auto/d_ecommerce:backend-fallback.png/MAT_150300_PCE_LV"
Mērce Santa Maria tako maigā 230g,rimi.lv,3.79,2.99,13.00,€/kg,"https://rimibaltic-res.cloudinary.com/image/upload/b_white,c_limit,dpr_auto,f_webp,q_auto:low,w_auto/d_ecommerce:backend-fallback.png/MAT_100006_PCE_LV"
"Pelējuma siers brie Ermitage 60%, 500g",rimi.lv,9.99,6.99,13.98,€/kg,"https://rimibaltic-res.cloudinary.com/image/upload/b_white,c_limit,dpr_auto,f_webp,q_auto:low,w_auto/d_ecommerce:backend-fallback.png/MAT_934657_PCE_LV"
"Alus Lāčplēsis bezalkoholisks, bundžā 0,5l",rimi.lv,1.29,0.69,1.38,€/l,"https://rimibaltic-res.cloudinary.com/image/upload/b_white,c_limit,dpr_auto,f_webp,q_auto:low,w_auto/d_ecommerce:backend-fallback.png/MAT_1354902_PCE_LV"
Desa Galda puskūpināta 400g,rimi.lv,3.39,2.49,6.22,€/kg,"https://rimibaltic-res.cloudinary.com/image/upload/b_white,c_limit,dpr_auto,f_webp,q_auto:low,w_auto/d_ecommerce:backend-fallback.png/MAT_959240_PCE_LV"
"Šķidr.mazg.līdz.krāsain.aud LOVELA 1,45L",rimi.lv,11.79,9.59,6.61,€/l,"https://rimibaltic-res.cloudinary.com/image/upload/b_white,c_limit,dpr_auto,f_webp,q_auto:low,w_auto/d_ecommerce:backend-fallback.png/MAT_7239414_PCE_LV"
Baltā šokolāde Schogetten 100g,rimi.lv,1.99,1.59,15.90,€/kg,"https://rimibaltic-res.cloudinary.com/image/upload/b_white,c_limit,dpr_auto,f_webp,q_auto:low,w_auto/d_ecommerce:backend-fallback.png/MAT_103079_PCE_LV"
Paprika Minikapya 250g,rimi.lv,2.99,2.59,10.36,€/kg,"https://rimibaltic-res.cloudinary.com/image/upload/b_white,c_limit,dpr_auto,f_webp,q_auto:low,w_auto/d_ecommerce:backend-fallback.png/MAT_4003198_PCE_LV"
Rudzu rikas Īstenā pilngraudu 230g,rimi.lv,1.38,1.15,5.00,€/kg,"https://rimibaltic-res.cloudinary.com/image/upload/b_white,c_limit,dpr_auto,f_webp,q_auto:low,w_auto/d_ecommerce:backend-fallback.png/MAT_4005496_PCE_LV"
"Kvass Rimi 1,5l",rimi.lv,1.65,1.19,0.79,€/l,"https://rimibaltic-res.cloudinary.com/image/upload/b_white,c_limit,dpr_auto,f_webp,q_auto:low,w_auto/d_ecommerce:backend-fallback.png/MAT_1375041_PCE_LV"
Deserts Piatnica ar straciatella gabal. 150g,rimi.lv,1.19,0.89,5.93,€/kg,"https://rimibaltic-res.cloudinary.com/image/upload/b_white,c_limit,dpr_auto,f_webp,q_auto:low,w_auto/d_ecommerce:backend-fallback.png/MAT_4006579_PCE_LV"
Eklēri Pellija ar šokolādes krēmu 200g,rimi.lv,2.99,2.49,12.45,€/kg,"https://rimibaltic-res.cloudinary.com/image/upload/b_white,c_limit,dpr_auto,f_webp,q_auto:low,w_auto/d_ecommerce:backend-fallback.png/MAT_4006567_PCE_LV"
Cepumi Roshen Multicake kokos. kr. gar. 180g,rimi.lv,0.99,0.75,4.17,€/kg,"https://rimibaltic-res.cloudinary.com/image/upload/b_white,c_limit,dpr_auto,f_webp,q_auto:low,w_auto/d_ecommerce:backend-fallback.png/MAT_1021348_PCE_LV"
"Muss Profeel bezlaktozes, aveņu 150g",rimi.lv,1.99,1.59,10.60,€/kg,"https://rimibaltic-res.cloudinary.com/image/upload/b_white,c_limit,dpr_auto,f_webp,q_auto:low,w_auto/d_ecommerce:backend-fallback.png/MAT_4007678_PCE_LV"
"Gāzēts dzēriens Cola Rimi 0,5l",rimi.lv,0.99,0.79,1.58,€/l,"https://rimibaltic-res.cloudinary.com/image/upload/b_white,c_limit,dpr_auto,f_webp,q_auto:low,w_auto/d_ecommerce:backend-fallback.png/MAT_1360201_PCE_LV"
Mic. ūdens normālai ādai Nivea MicellAir400ml,rimi.lv,9.49,6.59,16.47,€/l,"https://rimibaltic-res.cloudinary.com/image/upload/b_white,c_limit,dpr_auto,f_webp,q_auto:low,w_auto/d_ecommerce:backend-fallback.png/MAT_7150662_PCE_LV"
S zeķub.Immagine marlen 40d neutro 4,rimi.lv,4.09,2.45,,,"https://rimibaltic-res.cloudinary.com/image/upload/b_white,c_limit,dpr_auto,f_webp,q_auto:low,w_auto/d_ecommerce:backend-fallback.png/MAT_782661_PCE_LV"
S zeķubikses Pc belfort 40 visone 4 40d,rimi.lv,5.29,3.17,,,"https://rimibaltic-res.cloudinary.com/image/upload/b_white,c_limit,dpr_auto,f_webp,q_auto:low,w_auto/d_ecommerce:backend-fallback.png/MAT_7004914_PCE_LV"
Pedigree denta stix large 270g,rimi.lv,5.29,3.39,12.56,€/kg,"https://rimibaltic-res.cloudinary.com/image/upload/b_white,c_limit,dpr_auto,f_webp,q_auto:low,w_auto/d_ecommerce:backend-fallback.png/MAT_7002226_PCE_LV"
Biezenis Hipp meža ogu ābolu no 4m BIO 100g,rimi.lv,1.69,1.25,12.50,€/kg,"https://rimibaltic-res.cloudinary.com/image/upload/b_white,c_limit,dpr_auto,f_webp,q_auto:low,w_auto/d_ecommerce:backend-fallback.png/MAT_7159129_PCE_LV"
Dušas želeja NEUTRAL 250ml,rimi.lv,4.79,3.89,15.56,€/l,"https://rimibaltic-res.cloudinary.com/image/upload/b_white,c_limit,dpr_auto,f_webp,q_auto:low,w_auto/d_ecommerce:backend-fallback.png/MAT_785590_PCE_LV"
Zobu birste Sensodyne Sensitivity&Gum Soft,rimi.lv,5.99,4.49,,,"https://rimibaltic-res.cloudinary.com/image/upload/b_white,c_limit,dpr_auto,f_webp,q_auto:low,w_auto/d_ecommerce:backend-fallback.png/MAT_7206074_PCE_LV"
"Gāz. dzēriens Tērvete ar mango garšu 0,5l",rimi.lv,0.78,0.59,1.18,€/l,"https://rimibaltic-res.cloudinary.com/image/upload/b_white,c_limit,dpr_auto,f_webp,q_auto:low,w_auto/d_ecommerce:backend-fallback.png/MAT_1366258_PCE_LV"
Dezodorants Fa Island Vibes Fiji 150ml,rimi.lv,4.69,3.09,20.60,€/l,"https://rimibaltic-res.cloudinary.com/image/upload/b_white,c_limit,dpr_auto,f_webp,q_auto:low,w_auto/d_ecommerce:backend-fallback.png/MAT_7176992_PCE_LV"
"Banānu nektārs Rimi 0,75l",rimi.lv,1.29,0.99,1.32,€/l,"https://rimibaltic-res.cloudinary.com/image/upload/b_white,c_limit,dpr_auto,f_webp,q_auto:low,w_auto/d_ecommerce:backend-fallback.png/MAT_1367771_PCE_LV"
"Veļas mazgāšanas līdzeklis Delicate 0,9L",rimi.lv,6.39,3.79,4.21,€/l,"https://rimibaltic-res.cloudinary.com/image/upload/b_white,c_limit,dpr_auto,f_webp,q_auto:low,w_auto/d_ecommerce:backend-fallback.png/MAT_7210487_PCE_LV"
Līdz. mājdz. smaku likv. Tri-bio 420ml,rimi.lv,5.29,3.39,8.07,€/l,"https://rimibaltic-res.cloudinary.com/image/upload/b_white,c_limit,dpr_auto,f_webp,q_auto:low,w_auto/d_ecommerce:backend-fallback.png/MAT_7080038_PCE_LV"
Zirņu zupa Maggi ar grauzdiņiem 22g,rimi.lv,0.49,0.39,17.73,€/kg,"https://rimibaltic-res.cloudinary.com/image/upload/b_white,c_limit,dpr_auto,f_webp,q_auto:low,w_auto/d_ecommerce:backend-fallback.png/MAT_194335_PCE_LV"
Želejkonfektes Tropical mix 100g,rimi.lv,1.35,0.99,9.90,€/kg,"https://rimibaltic-res.cloudinary.com/image/upload/b_white,c_limit,dpr_auto,f_webp,q_auto:low,w_auto/d_ecommerce:backend-fallback.png/MAT_812325_PCE_LV"
Jog. Activia ar meža ogām un actirreg. 4x120g,rimi.lv,3.19,2.55,5.31,€/kg,"https://rimibaltic-res.cloudinary.com/image/upload/b_white,c_limit,dpr_auto,f_webp,q_auto:low,w_auto/d_ecommerce:backend-fallback.png/MAT_971690_PCE_LV"
Pilngraudu uzkoda zemeņ. Semper EKO 18g,rimi.lv,1.99,1.39,77.22,€/kg,"https://rimibaltic-res.cloudinary.com/image/upload/b_white,c_limit,dpr_auto,f_webp,q_auto:low,w_auto/d_ecommerce:backend-fallback.png/MAT_7273445_PCE_LV"
Riekstu - rozīņu maisījums Rimi 700g,rimi.lv,8.25,4.95,7.07,€/kg,"https://rimibaltic-res.cloudinary.com/image/upload/b_white,c_limit,dpr_auto,f_webp,q_auto:low,w_auto/d_ecommerce:backend-fallback.png/MAT_815060_PCE_LV"
Lielogu dzērvenes Rimi ātri sasaldētas 400g,rimi.lv,2.59,1.79,4.47,€/kg,"https://rimibaltic-res.cloudinary.com/image/upload/b_white,c_limit,dpr_auto,f_webp,q_auto:low,w_auto/d_ecommerce:backend-fallback.png/MAT_815689_PCE_LV"
Šķiņķis Kurzemes Gaļsaimnieks vārīts kg,rimi.lv,9.29,7.59,7.59,€/kg,"https://rimibaltic-res.cloudinary.com/image/upload/b_white,c_limit,dpr_auto,f_webp,q_auto:low,w_auto/d_ecommerce:backend-fallback.png/MAT_4004815_KGM_LV"
Nūdeles Knorr Sweet and Sour 65g,rimi.lv,0.99,0.65,10.00,€/kg,"https://rimibaltic-res.cloudinary.com/image/upload/b_white,c_limit,dpr_auto,f_webp,q_auto:low,w_auto/d_ecommerce:backend-fallback.png/MAT_1019434_PCE_LV"
Siers Sierštelle ar mandelēm 310g,rimi.lv,6.19,4.89,15.77,€/kg,"https://rimibaltic-res.cloudinary.com/image/upload/b_white,c_limit,dpr_auto,f_webp,q_auto:low,w_auto/d_ecommerce:backend-fallback.png/MAT_4006171_PCE_LV"
Maize Gardmaize rāces ar burkāniem 500g,rimi.lv,1.84,1.59,3.18,€/kg,"https://rimibaltic-res.cloudinary.com/image/upload/b_white,c_limit,dpr_auto,f_webp,q_auto:low,w_auto/d_ecommerce:backend-fallback.png/MAT_4009882_PCE_LV"
Proteīna batoniņš Skrīveru saldumi upeņu 45g,rimi.lv,3.79,2.89,64.22,€/kg,"https://rimibaltic-res.cloudinary.com/image/upload/b_white,c_limit,dpr_auto,f_webp,q_auto:low,w_auto/d_ecommerce:backend-fallback.png/MAT_1022500_PCE_LV"
"Kruasāns ar vaniļ.garš.pild.,kakao cep. 60g",rimi.lv,0.99,0.65,10.83,€/kg,"https://rimibaltic-res.cloudinary.com/image/upload/b_white,c_limit,dpr_auto,f_webp,q_auto:low,w_auto/d_ecommerce:backend-fallback.png/MAT_1023435_PCE_LV"
Saldējums Plombir 67 Hype 55g/70ml,rimi.lv,1.19,0.59,10.73,€/kg,"https://rimibaltic-res.cloudinary.com/image/upload/b_white,c_limit,dpr_auto,f_webp,q_auto:low,w_auto/d_ecommerce:backend-fallback.png/MAT_4010884_PCE_LV"
Brokastu pārslas Nestle Nesquik 625g,rimi.lv,5.99,4.39,7.02,€/kg,"https://rimibaltic-res.cloudinary.com/image/upload/b_white,c_limit,dpr_auto,f_webp,q_auto:low,w_auto/d_ecommerce:backend-fallback.png/MAT_161254_PCE_LV"
"Sīrups Spilva grenadīna 0,3l",rimi.lv,1.99,1.59,5.30,€/l,"https://rimibaltic-res.cloudinary.com/image/upload/b_white,c_limit,dpr_auto,f_webp,q_auto:low,w_auto/d_ecommerce:backend-fallback.png/MAT_163941_PCE_LV"
Siev zeķubikses Pc nice visone 3 20d,rimi.lv,4.99,2.99,,,"https://rimibaltic-res.cloudinary.com/image/upload/b_white,c_limit,dpr_auto,f_webp,q_auto:low,w_auto/d_ecommerce:backend-fallback.png/MAT_7030583_PCE_LV"
Ķemmes matu cirtošanai Afro Comb,rimi.lv,4.49,3.36,,,"https://rimibaltic-res.cloudinary.com/image/upload/b_white,c_limit,dpr_auto,f_webp,q_auto:low,w_auto/d_ecommerce:backend-fallback.png/MAT_7236515_PCE_LV"
Dušas želeja Palmolive Nat.Olive Milk 500ml,rimi.lv,7.59,5.29,10.58,€/l,"https://rimibaltic-res.cloudinary.com/image/upload/b_white,c_limit,dpr_auto,f_webp,q_auto:low,w_auto/d_ecommerce:backend-fallback.png/MAT_7229373_PCE_LV"
Fuze tēja ar persiku un karkādes garšu 1500ml,rimi.lv,2.25,1.39,0.93,€/l,"https://rimibaltic-res.cloudinary.com/image/upload/b_white,c_limit,dpr_auto,f_webp,q_auto:low,w_auto/d_ecommerce:backend-fallback.png/MAT_1363227_PCE_LV"
Matu laka Syoss volume lift 300ml,rimi.lv,9.99,6.99,23.30,€/l,"https://rimibaltic-res.cloudinary.com/image/upload/b_white,c_limit,dpr_auto,f_webp,q_auto:low,w_auto/d_ecommerce:backend-fallback.png/MAT_778837_PCE_LV"
Acu kosm. noņēmējs Nivea dubultas ied. 125ml,rimi.lv,7.69,5.49,43.92,€/l,"https://rimibaltic-res.cloudinary.com/image/upload/b_white,c_limit,dpr_auto,f_webp,q_auto:low,w_auto/d_ecommerce:backend-fallback.png/MAT_7001439_PCE_LV"
S zeķub.Immagine body plus 40d nero 2,rimi.lv,6.69,4.01,,,"https://rimibaltic-res.cloudinary.com/image/upload/b_white,c_limit,dpr_auto,f_webp,q_auto:low,w_auto/d_ecommerce:backend-fallback.png/MAT_795829_PCE_LV"
Siev zeķubikses Pc floreal visone 3 20d,rimi.lv,5.19,3.11,,,"https://rimibaltic-res.cloudinary.com/image/upload/b_white,c_limit,dpr_auto,f_webp,q_auto:low,w_auto/d_ecommerce:backend-fallback.png/MAT_7008542_PCE_LV"
Dušas žel. Palmolive Men Revit.750ml,rimi.lv,10.49,5.29,7.05,€/l,"https://rimibaltic-res.cloudinary.com/image/upload/b_white,c_limit,dpr_auto,f_webp,q_auto:low,w_auto/d_ecommerce:backend-fallback.png/MAT_7137829_PCE_LV"
Zobu p. Ecodenta Extra Black Whit. 100ml,rimi.lv,6.39,4.99,49.90,€/l,"https://rimibaltic-res.cloudinary.com/image/upload/b_white,c_limit,dpr_auto,f_webp,q_auto:low,w_auto/d_ecommerce:backend-fallback.png/MAT_7170734_PCE_LV"
Cukura aizvietotājs Diamant 38g,rimi.lv,1.49,1.19,31.32,€/kg,"https://rimibaltic-res.cloudinary.com/image/upload/b_white,c_limit,dpr_auto,f_webp,q_auto:low,w_auto/d_ecommerce:backend-fallback.png/MAT_103341_PCE_LV"
Siers Alpu 45% kg,rimi.lv,14.99,11.99,11.99,€/kg,"https://rimibaltic-res.cloudinary.com/image/upload/b_white,c_limit,dpr_auto,f_webp,q_auto:low,w_auto/d_ecommerce:backend-fallback.png/MAT_901486_KGM_LV"
Šampinjoni RIMI Eco brūni 250g,rimi.lv,1.99,1.59,6.36,€/kg,"https://rimibaltic-res.cloudinary.com/image/upload/b_white,c_limit,dpr_auto,f_webp,q_auto:low,w_auto/d_ecommerce:backend-fallback.png/MAT_911497_PCE_LV"
"Kartupeļu biezp. Maggi ar bekonu, grauzd. 53g",rimi.lv,1.99,1.39,26.23,€/kg,"https://rimibaltic-res.cloudinary.com/image/upload/b_white,c_limit,dpr_auto,f_webp,q_auto:low,w_auto/d_ecommerce:backend-fallback.png/MAT_194882_PCE_LV"
Tumšā šokolāde Rimi ar ķiršiem 100g,rimi.lv,2.99,2.39,23.90,€/kg,"https://rimibaltic-res.cloudinary.com/image/upload/b_white,c_limit,dpr_auto,f_webp,q_auto:low,w_auto/d_ecommerce:backend-fallback.png/MAT_813575_PCE_LV"
Groziņi ar vārīto krēmu un persikiem 200g,rimi.lv,3.89,3.29,16.45,€/kg,"https://rimibaltic-res.cloudinary.com/image/upload/b_white,c_limit,dpr_auto,f_webp,q_auto:low,w_auto/d_ecommerce:backend-fallback.png/MAT_987064_PCE_LV"
Kafijas pupiņas Dallmayr intenso 1kg,rimi.lv,31.99,16.79,16.79,€/kg,"https://rimibaltic-res.cloudinary.com/image/upload/b_white,c_limit,dpr_auto,f_webp,q_auto:low,w_auto/d_ecommerce:backend-fallback.png/MAT_1010000_PCE_LV"
"Cep. Frank&Oli ar kokosr., Indijas rieks. 50g",rimi.lv,1.09,0.89,17.80,€/kg,"https://rimibaltic-res.cloudinary.com/image/upload/b_white,c_limit,dpr_auto,f_webp,q_auto:low,w_auto/d_ecommerce:backend-fallback.png/MAT_1017689_PCE_LV"
"Kart.čip. Estrella skāb.krēj., ķipl.gar. 170g",rimi.lv,2.49,1.99,11.71,€/kg,"https://rimibaltic-res.cloudinary.com/image/upload/b_white,c_limit,dpr_auto,f_webp,q_auto:low,w_auto/d_ecommerce:backend-fallback.png/MAT_1024639_PCE_LV"
"Zob.pasta ECODENTA ORGANIC WHITEN., 75ML",rimi.lv,6.99,5.59,74.53,€/l,"https://rimibaltic-res.cloudinary.com/image/upload/b_white,c_limit,dpr_auto,f_webp,q_auto:low,w_auto/d_ecommerce:backend-fallback.png/MAT_7244275_PCE_LV"
"Zob.pasta ECODENTA CERTIF.ORGANIC,75ml",rimi.lv,6.99,5.59,74.53,€/l,"https://rimibaltic-res.cloudinary.com/image/upload/b_white,c_limit,dpr_auto,f_webp,q_auto:low,w_auto/d_ecommerce:backend-fallback.png/MAT_7244276_PCE_LV"
Z.pasta Ecodenta jūtīgiem zobiem 100ml,rimi.lv,4.59,3.59,35.90,€/l,"https://rimibaltic-res.cloudinary.com/image/upload/b_white,c_limit,dpr_auto,f_webp,q_auto:low,w_auto/d_ecommerce:backend-fallback.png/MAT_7023109_PCE_LV"
Šampūns Syoss Blonde & Silver 440ml,rimi.lv,7.49,5.29,12.02,€/l,"https://rimibaltic-res.cloudinary.com/image/upload/b_white,c_limit,dpr_auto,f_webp,q_auto:low,w_auto/d_ecommerce:backend-fallback.png/MAT_7239651_PCE_LV"
"Surimi Viči garneļu formā, panējumā, sald. kg",rimi.lv,13.49,11.69,11.69,€/kg,"https://rimibaltic-res.cloudinary.com/image/upload/b_white,c_limit,dpr_auto,f_webp,q_auto:low,w_auto/d_ecommerce:backend-fallback.png/MAT_920605_KGM_LV"
"Biezenis Semper cūkgaļa,timiāns no 12m. 235g",rimi.lv,,1.99,8.47,€/kg,"https://rimibaltic-res.cloudinary.com/image/upload/b_white,c_limit,dpr_auto,f_webp,q_auto:low,w_auto/d_ecommerce:backend-fallback.png/MAT_7104666_PCE_LV"
Dušas želeja Nivea active clean vīriešiem,rimi.lv,4.69,3.29,13.16,€/l,"https://rimibaltic-res.cloudinary.com/image/upload/b_white,c_limit,dpr_auto,f_webp,q_auto:low,w_auto/d_ecommerce:backend-fallback.png/MAT_7103542_PCE_LV"
Z.pasta Ecodenta trīskāršas iedarb.100ml,rimi.lv,6.49,5.19,51.90,€/l,"https://rimibaltic-res.cloudinary.com/image/upload/b_white,c_limit,dpr_auto,f_webp,q_auto:low,w_auto/d_ecommerce:backend-fallback.png/MAT_7048822_PCE_LV"
Siev zeķubikses Pc paris nero 2 150d,rimi.lv,8.69,5.21,,,"https://rimibaltic-res.cloudinary.com/image/upload/b_white,c_limit,dpr_auto,f_webp,q_auto:low,w_auto/d_ecommerce:backend-fallback.png/MAT_7043645_PCE_LV"
Dezod. s. izsm. Rexona cryst.cl.diamond,rimi.lv,4.89,2.99,19.93,€/l,"https://rimibaltic-res.cloudinary.com/image/upload/b_white,c_limit,dpr_auto,f_webp,q_auto:low,w_auto/d_ecommerce:backend-fallback.png/MAT_779735_PCE_LV"
"Zob.birs. Colgate Max White Charcoal,2gb",rimi.lv,5.79,4.59,,,"https://rimibaltic-res.cloudinary.com/image/upload/b_white,c_limit,dpr_auto,f_webp,q_auto:low,w_auto/d_ecommerce:backend-fallback.png/MAT_7243753_PCE_LV"
"Zob.pasta ECODENTA EXCEPT.WHITEN.,100ml",rimi.lv,6.79,5.39,53.90,€/l,"https://rimibaltic-res.cloudinary.com/image/upload/b_white,c_limit,dpr_auto,f_webp,q_auto:low,w_auto/d_ecommerce:backend-fallback.png/MAT_7199651_PCE_LV"
Protēžu tīrīšanas tabletes Corega Bio 30 gab.,rimi.lv,7.39,5.49,,,"https://rimibaltic-res.cloudinary.com/image/upload/b_white,c_limit,dpr_auto,f_webp,q_auto:low,w_auto/d_ecommerce:backend-fallback.png/MAT_608378_PCE_LV"
Garšviela piedeva Santa Maria kotletēm 28g,rimi.lv,1.05,0.89,31.79,€/kg,"https://rimibaltic-res.cloudinary.com/image/upload/b_white,c_limit,dpr_auto,f_webp,q_auto:low,w_auto/d_ecommerce:backend-fallback.png/MAT_109737_PCE_LV"
Jogurta kokteilis Baltais Shake ābolu 250g,rimi.lv,1.19,0.95,3.80,€/kg,"https://rimibaltic-res.cloudinary.com/image/upload/b_white,c_limit,dpr_auto,f_webp,q_auto:low,w_auto/d_ecommerce:backend-fallback.png/MAT_908427_PCE_LV"
Jogurta kokteilis Shake plombīrs 250g,rimi.lv,1.19,0.95,3.80,€/kg,"https://rimibaltic-res.cloudinary.com/image/upload/b_white,c_limit,dpr_auto,f_webp,q_auto:low,w_auto/d_ecommerce:backend-fallback.png/MAT_934697_PCE_LV"
Lavaša rullīši Rimi ar kūp.lasi 210g,rimi.lv,3.79,2.99,14.24,€/kg,"https://rimibaltic-res.cloudinary.com/image/upload/b_white,c_limit,dpr_auto,f_webp,q_auto:low,w_auto/d_ecommerce:backend-fallback.png/MAT_811850_PCE_LV"
Kukurūzas čipsi Santa Maria ar sāli 185g,rimi.lv,2.39,1.67,9.03,€/kg,"https://rimibaltic-res.cloudinary.com/image/upload/b_white,c_limit,dpr_auto,f_webp,q_auto:low,w_auto/d_ecommerce:backend-fallback.png/MAT_174868_PCE_LV"
Bumbieri Migo 75-80 2. šķira mm kg,rimi.lv,2.29,1.89,1.89,€/kg,"https://rimibaltic-res.cloudinary.com/image/upload/b_white,c_limit,dpr_auto,f_webp,q_auto:low,w_auto/d_ecommerce:backend-fallback.png/MAT_934778_KGM_LV"
Konf. Werthers Original krējuma karamele 135g,rimi.lv,2.89,1.99,14.74,€/kg,"https://rimibaltic-res.cloudinary.com/image/upload/b_white,c_limit,dpr_auto,f_webp,q_auto:low,w_auto/d_ecommerce:backend-fallback.png/MAT_1000468_PCE_LV"
Tīrīšanas līdzeklis Tiret caurulēm 1l,rimi.lv,9.49,5.69,5.69,€/l,"https://rimibaltic-res.cloudinary.com/image/upload/b_white,c_limit,dpr_auto,f_webp,q_auto:low,w_auto/d_ecommerce:backend-fallback.png/MAT_402761_PCE_LV"
Vārīta desa Piena dabīgā apvalkā 400g,rimi.lv,2.29,1.79,4.47,€/kg,"https://rimibaltic-res.cloudinary.com/image/upload/b_white,c_limit,dpr_auto,f_webp,q_auto:low,w_auto/d_ecommerce:backend-fallback.png/MAT_924593_PCE_LV"
Saldējums Milka Mini Stick 6x50ml,rimi.lv,7.99,4.79,21.58,€/kg,"https://rimibaltic-res.cloudinary.com/image/upload/b_white,c_limit,dpr_auto,f_webp,q_auto:low,w_auto/d_ecommerce:backend-fallback.png/MAT_4003379_PCE_LV"
Sald. Nutri ban.garš. ar kakao glaz. 75ml/67g,rimi.lv,2.19,1.39,20.75,€/kg,"https://rimibaltic-res.cloudinary.com/image/upload/b_white,c_limit,dpr_auto,f_webp,q_auto:low,w_auto/d_ecommerce:backend-fallback.png/MAT_4007587_PCE_LV"
Garšvielu maisījums Spilva vistas gaļai 25g,rimi.lv,1.05,0.74,29.60,€/kg,"https://rimibaltic-res.cloudinary.com/image/upload/b_white,c_limit,dpr_auto,f_webp,q_auto:low,w_auto/d_ecommerce:backend-fallback.png/MAT_1020761_PCE_LV"
Dušas želeja Palmolive Energising 500ml,rimi.lv,7.59,4.49,8.98,€/l,"https://rimibaltic-res.cloudinary.com/image/upload/b_white,c_limit,dpr_auto,f_webp,q_auto:low,w_auto/d_ecommerce:backend-fallback.png/MAT_7050192_PCE_LV"
Aromātiskie kociņi AREON BLACK 85ml,rimi.lv,8.99,6.29,74.00,€/l,"https://rimibaltic-res.cloudinary.com/image/upload/b_white,c_limit,dpr_auto,f_webp,q_auto:low,w_auto/d_ecommerce:backend-fallback.png/MAT_7235733_PCE_LV"
"Māj.atsv. AREON BLACK-Gold Amber,85 ml",rimi.lv,8.99,6.29,74.00,€/l,"https://rimibaltic-res.cloudinary.com/image/upload/b_white,c_limit,dpr_auto,f_webp,q_auto:low,w_auto/d_ecommerce:backend-fallback.png/MAT_7235741_PCE_LV"
S zeķubikses Pc belfort 40 nero xl 40d,rimi.lv,5.29,3.17,,,"https://rimibaltic-res.cloudinary.com/image/upload/b_white,c_limit,dpr_auto,f_webp,q_auto:low,w_auto/d_ecommerce:backend-fallback.png/MAT_705393_PCE_LV"
S zeķubikses Pc belfort 40 nero 4 40d,rimi.lv,5.29,3.17,,,"https://rimibaltic-res.cloudinary.com/image/upload/b_white,c_limit,dpr_auto,f_webp,q_auto:low,w_auto/d_ecommerce:backend-fallback.png/MAT_7004911_PCE_LV"
Nakts krēms Nivea VSG Q10 30+ nakts 50ml,rimi.lv,19.59,11.75,235.00,€/l,"https://rimibaltic-res.cloudinary.com/image/upload/b_white,c_limit,dpr_auto,f_webp,q_auto:low,w_auto/d_ecommerce:backend-fallback.png/MAT_400621_PCE_LV"
S zeķub.Immagine body plus 40d nero xl,rimi.lv,6.69,4.01,,,"https://rimibaltic-res.cloudinary.com/image/upload/b_white,c_limit,dpr_auto,f_webp,q_auto:low,w_auto/d_ecommerce:backend-fallback.png/MAT_7090552_PCE_LV"
Dušas želeja Palmolive Almond 750ml,rimi.lv,10.49,5.29,7.05,€/l,"https://rimibaltic-res.cloudinary.com/image/upload/b_white,c_limit,dpr_auto,f_webp,q_auto:low,w_auto/d_ecommerce:backend-fallback.png/MAT_7020582_PCE_LV"
"Veļas mazg. līdzeklis Woolite Color 15MR 0,9l",rimi.lv,6.39,3.79,4.21,€/l,"https://rimibaltic-res.cloudinary.com/image/upload/b_white,c_limit,dpr_auto,f_webp,q_auto:low,w_auto/d_ecommerce:backend-fallback.png/MAT_7210499_PCE_LV"
Dezodorants Fa Island Vibes Fiji rullv. 50ml,rimi.lv,4.69,3.09,61.80,€/l,"https://rimibaltic-res.cloudinary.com/image/upload/b_white,c_limit,dpr_auto,f_webp,q_auto:low,w_auto/d_ecommerce:backend-fallback.png/MAT_7176983_PCE_LV"
Dušas želeja Fa Island Vibes Fiji Dream 400ml,rimi.lv,5.49,3.29,8.22,€/l,"https://rimibaltic-res.cloudinary.com/image/upload/b_white,c_limit,dpr_auto,f_webp,q_auto:low,w_auto/d_ecommerce:backend-fallback.png/MAT_7197546_PCE_LV"
Dušas želeja Fa men extreme cool 250ml,rimi.lv,4.19,2.69,10.76,€/l,"https://rimibaltic-res.cloudinary.com/image/upload/b_white,c_limit,dpr_auto,f_webp,q_auto:low,w_auto/d_ecommerce:backend-fallback.png/MAT_772334_PCE_LV"
Dienas krēms Nivea Anti-Winkle 65+ 50ml,rimi.lv,12.69,8.99,179.80,€/l,"https://rimibaltic-res.cloudinary.com/image/upload/b_white,c_limit,dpr_auto,f_webp,q_auto:low,w_auto/d_ecommerce:backend-fallback.png/MAT_7207051_PCE_LV"
"Autiņbiks. Pampers Prem S4 9-14kg, 52gb",rimi.lv,20.49,14.99,,,"https://rimibaltic-res.cloudinary.com/image/upload/b_white,c_limit,dpr_auto,f_webp,q_auto:low,w_auto/d_ecommerce:backend-fallback.png/MAT_770661_PCE_LV"
Medus Vinnis griķu ziedu 300g,rimi.lv,4.99,4.49,14.97,€/kg,"https://rimibaltic-res.cloudinary.com/image/upload/b_white,c_limit,dpr_auto,f_webp,q_auto:low,w_auto/d_ecommerce:backend-fallback.png/MAT_154197_PCE_LV"
S zeķub.Immagine forming 40d nero 4,rimi.lv,5.99,3.59,,,"https://rimibaltic-res.cloudinary.com/image/upload/b_white,c_limit,dpr_auto,f_webp,q_auto:low,w_auto/d_ecommerce:backend-fallback.png/MAT_7090556_PCE_LV"
Batoniņš Tupla King Size šokolādes 85g,rimi.lv,1.85,1.49,17.53,€/kg,"https://rimibaltic-res.cloudinary.com/image/upload/b_white,c_limit,dpr_auto,f_webp,q_auto:low,w_auto/d_ecommerce:backend-fallback.png/MAT_100827_PCE_LV"
Timiāns Santa Maria 10g,rimi.lv,1.05,0.89,89.00,€/kg,"https://rimibaltic-res.cloudinary.com/image/upload/b_white,c_limit,dpr_auto,f_webp,q_auto:low,w_auto/d_ecommerce:backend-fallback.png/MAT_129128_PCE_LV"
Siers Cesvaine ar amoliņu 45% kg,rimi.lv,15.99,11.99,11.99,€/kg,"https://rimibaltic-res.cloudinary.com/image/upload/b_white,c_limit,dpr_auto,f_webp,q_auto:low,w_auto/d_ecommerce:backend-fallback.png/MAT_927376_KGM_LV"
Kotlete požarska pildīta 400g,rimi.lv,4.19,3.59,8.97,€/kg,"https://rimibaltic-res.cloudinary.com/image/upload/b_white,c_limit,dpr_auto,f_webp,q_auto:low,w_auto/d_ecommerce:backend-fallback.png/MAT_959481_PCE_LV"
Lāpstiņa cūkgaļas vārīta kg,rimi.lv,11.59,8.99,8.99,€/kg,"https://rimibaltic-res.cloudinary.com/image/upload/b_white,c_limit,dpr_auto,f_webp,q_auto:low,w_auto/d_ecommerce:backend-fallback.png/MAT_959414_KGM_LV"
Čipsi Ādažu ar siera garšu 130g,rimi.lv,2.49,1.74,13.38,€/kg,"https://rimibaltic-res.cloudinary.com/image/upload/b_white,c_limit,dpr_auto,f_webp,q_auto:low,w_auto/d_ecommerce:backend-fallback.png/MAT_1008023_PCE_LV"
"Laša fileja Zigmas aukst kūpināta, šķēl. 100g",rimi.lv,4.69,3.49,34.90,€/kg,"https://rimibaltic-res.cloudinary.com/image/upload/b_white,c_limit,dpr_auto,f_webp,q_auto:low,w_auto/d_ecommerce:backend-fallback.png/MAT_248904_PCE_LV"
Beļģu vafele atkausēta 85g,rimi.lv,1.39,1.09,12.82,€/kg,"https://rimibaltic-res.cloudinary.com/image/upload/b_white,c_limit,dpr_auto,f_webp,q_auto:low,w_auto/d_ecommerce:backend-fallback.png/MAT_968568_PCE_LV"
Maltā kafija Selection by Rimi Espresso 500g,rimi.lv,11.99,7.99,15.98,€/kg,"https://rimibaltic-res.cloudinary.com/image/upload/b_white,c_limit,dpr_auto,f_webp,q_auto:low,w_auto/d_ecommerce:backend-fallback.png/MAT_814571_PCE_LV"
Vistas stilbiņi Forevers karsti kūpināti kg,rimi.lv,8.69,6.99,6.99,€/kg,"https://rimibaltic-res.cloudinary.com/image/upload/b_white,c_limit,dpr_auto,f_webp,q_auto:low,w_auto/d_ecommerce:backend-fallback.png/MAT_999167_KGM_LV"
Kaķu barība Purina One Dif. Appet. 4x85g,rimi.lv,4.29,2.59,7.62,€/kg,"https://rimibaltic-res.cloudinary.com/image/upload/b_white,c_limit,dpr_auto,f_webp,q_auto:low,w_auto/d_ecommerce:backend-fallback.png/MAT_7279384_PCE_LV"
Dzēriens Nesquik Instant Cocoa 600g,rimi.lv,7.99,5.99,9.98,€/kg,"https://rimibaltic-res.cloudinary.com/image/upload/b_white,c_limit,dpr_auto,f_webp,q_auto:low,w_auto/d_ecommerce:backend-fallback.png/MAT_1018864_PCE_LV"
Tumšā šokolāde Laima Serenāde ar apr.90g,rimi.lv,2.99,2.19,24.33,€/kg,"https://rimibaltic-res.cloudinary.com/image/upload/b_white,c_limit,dpr_auto,f_webp,q_auto:low,w_auto/d_ecommerce:backend-fallback.png/MAT_1020815_PCE_LV"
Kausēts siers Jaunpils Klasiskais 180g,rimi.lv,1.99,1.49,8.28,€/kg,"https://rimibaltic-res.cloudinary.com/image/upload/b_white,c_limit,dpr_auto,f_webp,q_auto:low,w_auto/d_ecommerce:backend-fallback.png/MAT_4008548_PCE_LV"
Lauru lapas Spilva 3g,rimi.lv,0.89,0.62,206.67,€/kg,"https://rimibaltic-res.cloudinary.com/image/upload/b_white,c_limit,dpr_auto,f_webp,q_auto:low,w_auto/d_ecommerce:backend-fallback.png/MAT_1022266_PCE_LV"
Piena dz. Mullermilch Prot. Zero banānu 400g,rimi.lv,2.39,1.89,4.72,€/kg,"https://rimibaltic-res.cloudinary.com/image/upload/b_white,c_limit,dpr_auto,f_webp,q_auto:low,w_auto/d_ecommerce:backend-fallback.png/MAT_4009528_PCE_LV"
"Zeķes PC Metz 20den, nero",rimi.lv,2.35,1.41,,,"https://rimibaltic-res.cloudinary.com/image/upload/b_white,c_limit,dpr_auto,f_webp,q_auto:low,w_auto/d_ecommerce:backend-fallback.png/MAT_799484_PCE_LV"
Zobu birste Colgate elektriskā Harry Potter,rimi.lv,11.99,7.19,,,"https://rimibaltic-res.cloudinary.com/image/upload/b_white,c_limit,dpr_auto,f_webp,q_auto:low,w_auto/d_ecommerce:backend-fallback.png/MAT_7222998_PCE_LV"
"Biezsula Semper jog.,ban.,zemenes. 6m. 90g",rimi.lv,,1.15,12.78,€/kg,"https://rimibaltic-res.cloudinary.com/image/upload/b_white,c_limit,dpr_auto,f_webp,q_auto:low,w_auto/d_ecommerce:backend-fallback.png/MAT_7070169_PCE_LV"
Izsm. dezodorants Rexona invisible B&W 150ml,rimi.lv,4.89,2.99,19.93,€/l,"https://rimibaltic-res.cloudinary.com/image/upload/b_white,c_limit,dpr_auto,f_webp,q_auto:low,w_auto/d_ecommerce:backend-fallback.png/MAT_7080441_PCE_LV"
"Ledus tēja Fuze Tea Lemon Lemongrass 1,5l",rimi.lv,,1.39,0.93,€/l,"https://rimibaltic-res.cloudinary.com/image/upload/b_white,c_limit,dpr_auto,f_webp,q_auto:low,w_auto/d_ecommerce:backend-fallback.png/MAT_1363221_PCE_LV"
S zeķubikses Pc belfort 40 visone 3 40d,rimi.lv,5.29,3.17,,,"https://rimibaltic-res.cloudinary.com/image/upload/b_white,c_limit,dpr_auto,f_webp,q_auto:low,w_auto/d_ecommerce:backend-fallback.png/MAT_7004913_PCE_LV"
S zeķub.Immagine marlen 40d nero 4,rimi.lv,4.09,2.45,,,"https://rimibaltic-res.cloudinary.com/image/upload/b_white,c_limit,dpr_auto,f_webp,q_auto:low,w_auto/d_ecommerce:backend-fallback.png/MAT_651956_PCE_LV"
S zeķub.Immagine body plus 40d nero 4,rimi.lv,6.69,4.01,,,"https://rimibaltic-res.cloudinary.com/image/upload/b_white,c_limit,dpr_auto,f_webp,q_auto:low,w_auto/d_ecommerce:backend-fallback.png/MAT_795831_PCE_LV"
Dušas žel. un šampūns Fa Pirate bērniem 250ml,rimi.lv,4.19,2.69,10.76,€/l,"https://rimibaltic-res.cloudinary.com/image/upload/b_white,c_limit,dpr_auto,f_webp,q_auto:low,w_auto/d_ecommerce:backend-fallback.png/MAT_7008677_PCE_LV"
"Dzer. jogurts Activia aveņu, granātābolu 300g",rimi.lv,1.40,1.09,3.63,€/kg,"https://rimibaltic-res.cloudinary.com/image/upload/b_white,c_limit,dpr_auto,f_webp,q_auto:low,w_auto/d_ecommerce:backend-fallback.png/MAT_298518_PCE_LV"
Siers Smiltene Maasdamer 45% kg,rimi.lv,14.99,10.99,10.99,€/kg,"https://rimibaltic-res.cloudinary.com/image/upload/b_white,c_limit,dpr_auto,f_webp,q_auto:low,w_auto/d_ecommerce:backend-fallback.png/MAT_904855_KGM_LV"
Maize Zeltene sēklu 800g,rimi.lv,1.93,1.59,1.99,€/kg,"https://rimibaltic-res.cloudinary.com/image/upload/b_white,c_limit,dpr_auto,f_webp,q_auto:low,w_auto/d_ecommerce:backend-fallback.png/MAT_929781_PCE_LV"
Mērcīte čipsiem Ādažu Dipi Dārza zaļumu 15g,rimi.lv,1.45,0.87,58.00,€/kg,"https://rimibaltic-res.cloudinary.com/image/upload/b_white,c_limit,dpr_auto,f_webp,q_auto:low,w_auto/d_ecommerce:backend-fallback.png/MAT_1000206_PCE_LV"
Biezp.krēms Straupe saldais ar marmelādi 200g,rimi.lv,2.29,1.79,8.95,€/kg,"https://rimibaltic-res.cloudinary.com/image/upload/b_white,c_limit,dpr_auto,f_webp,q_auto:low,w_auto/d_ecommerce:backend-fallback.png/MAT_964913_PCE_LV"
Vafeles Gullon šokolādes pild. bez cuk. 60g,rimi.lv,1.15,0.99,16.50,€/kg,"https://rimibaltic-res.cloudinary.com/image/upload/b_white,c_limit,dpr_auto,f_webp,q_auto:low,w_auto/d_ecommerce:backend-fallback.png/MAT_1001655_PCE_LV"
Kombuča dzīvības dzēr. jasmīnu 330ml,rimi.lv,2.99,1.94,5.88,€/l,"https://rimibaltic-res.cloudinary.com/image/upload/b_white,c_limit,dpr_auto,f_webp,q_auto:low,w_auto/d_ecommerce:backend-fallback.png/MAT_1372047_PCE_LV"
Konservi kaķiem Felix gaļa 4x85g,rimi.lv,2.35,1.49,4.66,€/kg,"https://rimibaltic-res.cloudinary.com/image/upload/b_white,c_limit,dpr_auto,f_webp,q_auto:low,w_auto/d_ecommerce:backend-fallback.png/MAT_7290343_PCE_LV"
Cāļa fileja Ķekava BBQ marinādē 400g,rimi.lv,5.49,3.99,9.97,€/kg,"https://rimibaltic-res.cloudinary.com/image/upload/b_white,c_limit,dpr_auto,f_webp,q_auto:low,w_auto/d_ecommerce:backend-fallback.png/MAT_4005073_PCE_LV"
"Sula Cido Kids Paw Patrol zem., ar sald. 0,2l",rimi.lv,0.64,0.45,2.25,€/l,"https://rimibaltic-res.cloudinary.com/image/upload/b_white,c_limit,dpr_auto,f_webp,q_auto:low,w_auto/d_ecommerce:backend-fallback.png/MAT_1020832_PCE_LV"
Mērce Santa Maria Butter chicken 360g,rimi.lv,3.99,3.29,9.14,€/kg,"https://rimibaltic-res.cloudinary.com/image/upload/b_white,c_limit,dpr_auto,f_webp,q_auto:low,w_auto/d_ecommerce:backend-fallback.png/MAT_1021418_PCE_LV"
Maizītes Fazer Caramel dream karamele 220g,rimi.lv,2.59,2.05,9.32,€/kg,"https://rimibaltic-res.cloudinary.com/image/upload/b_white,c_limit,dpr_auto,f_webp,q_auto:low,w_auto/d_ecommerce:backend-fallback.png/MAT_4008792_PCE_LV"
Enerģijas dzēriens Monster Zero Ultra 4x500ml,rimi.lv,6.35,3.49,1.75,€/l,"https://rimibaltic-res.cloudinary.com/image/upload/b_white,c_limit,dpr_auto,f_webp,q_auto:low,w_auto/d_ecommerce:backend-fallback.png/MAT_1376152_PCE_LV"
"Čipsi Pringles skāb. krēj., sīp. garša 125g",rimi.lv,2.59,1.99,15.92,€/kg,"https://rimibaltic-res.cloudinary.com/image/upload/b_white,c_limit,dpr_auto,f_webp,q_auto:low,w_auto/d_ecommerce:backend-fallback.png/MAT_1023767_PCE_LV"
Šķidr.krēmziepes Dove 500ml,rimi.lv,4.19,2.55,5.10,€/l,"https://rimibaltic-res.cloudinary.com/image/upload/b_white,c_limit,dpr_auto,f_webp,q_auto:low,w_auto/d_ecommerce:backend-fallback.png/MAT_7065466_PCE_LV"
"Lūpu balzams Nivea Cherry Shine 4,8g",rimi.lv,3.89,2.79,558.00,€/l,"https://rimibaltic-res.cloudinary.com/image/upload/b_white,c_limit,dpr_auto,f_webp,q_auto:low,w_auto/d_ecommerce:backend-fallback.png/MAT_7117169_PCE_LV"
Zobu birste PARODONTAX GENTLE Extra Soft,rimi.lv,5.39,3.99,,,"https://rimibaltic-res.cloudinary.com/image/upload/b_white,c_limit,dpr_auto,f_webp,q_auto:low,w_auto/d_ecommerce:backend-fallback.png/MAT_7199242_PCE_LV"
S zeķub.Immagine forming 40d nero 2,rimi.lv,5.99,3.59,,,"https://rimibaltic-res.cloudinary.com/image/upload/b_white,c_limit,dpr_auto,f_webp,q_auto:low,w_auto/d_ecommerce:backend-fallback.png/MAT_7090554_PCE_LV"
S zeķub.Immagine forming 40d nero 3,rimi.lv,5.99,3.59,,,"https://rimibaltic-res.cloudinary.com/image/upload/b_white,c_limit,dpr_auto,f_webp,q_auto:low,w_auto/d_ecommerce:backend-fallback.png/MAT_7090555_PCE_LV"
Vista ar dārzeņ.nūdel. Hipp BIO 220g,rimi.lv,2.79,2.09,9.50,€/kg,"https://rimibaltic-res.cloudinary.com/image/upload/b_white,c_limit,dpr_auto,f_webp,q_auto:low,w_auto/d_ecommerce:backend-fallback.png/MAT_108999_PCE_LV"
Siev zeķubikses Pc nice nero 2 20d,rimi.lv,4.99,2.99,,,"https://rimibaltic-res.cloudinary.com/image/upload/b_white,c_limit,dpr_auto,f_webp,q_auto:low,w_auto/d_ecommerce:backend-fallback.png/MAT_7030576_PCE_LV"
Siev zeķubikses Pc nice nero 3 20d,rimi.lv,4.99,2.99,,,"https://rimibaltic-res.cloudinary.com/image/upload/b_white,c_limit,dpr_auto,f_webp,q_auto:low,w_auto/d_ecommerce:backend-fallback.png/MAT_7030577_PCE_LV"
Siev zeķubikses Pc nice visone 4 20d,rimi.lv,4.99,2.99,,,"https://rimibaltic-res.cloudinary.com/image/upload/b_white,c_limit,dpr_auto,f_webp,q_auto:low,w_auto/d_ecommerce:backend-fallback.png/MAT_7030584_PCE_LV"
Siev zeķubikses Pc nice visone xl 20d,rimi.lv,4.99,2.99,,,"https://rimibaltic-res.cloudinary.com/image/upload/b_white,c_limit,dpr_auto,f_webp,q_auto:low,w_auto/d_ecommerce:backend-fallback.png/MAT_7141060_PCE_LV"
Biezenis Hipp ābolu bumbieru banānu BIO 100g,rimi.lv,1.69,1.25,12.50,€/kg,"https://rimibaltic-res.cloudinary.com/image/upload/b_white,c_limit,dpr_auto,f_webp,q_auto:low,w_auto/d_ecommerce:backend-fallback.png/MAT_7159171_PCE_LV"
"Zeķes pc metz 20den, visone",rimi.lv,2.35,1.41,,,"https://rimibaltic-res.cloudinary.com/image/upload/b_white,c_limit,dpr_auto,f_webp,q_auto:low,w_auto/d_ecommerce:backend-fallback.png/MAT_799495_PCE_LV"
"Zaļā tēja Loyd ar citronu un laima g. 20x1,7g",rimi.lv,2.89,1.99,58.53,€/kg,"https://rimibaltic-res.cloudinary.com/image/upload/b_white,c_limit,dpr_auto,f_webp,q_auto:low,w_auto/d_ecommerce:backend-fallback.png/MAT_1002839_PCE_LV"
"Pusg.z. Pc evry 20den, nero",rimi.lv,2.79,1.67,,,"https://rimibaltic-res.cloudinary.com/image/upload/b_white,c_limit,dpr_auto,f_webp,q_auto:low,w_auto/d_ecommerce:backend-fallback.png/MAT_7053760_PCE_LV"
Skuvekļi Bic Miss Soleil Colour 4gab.,rimi.lv,6.49,4.79,,,"https://rimibaltic-res.cloudinary.com/image/upload/b_white,c_limit,dpr_auto,f_webp,q_auto:low,w_auto/d_ecommerce:backend-fallback.png/MAT_7068295_PCE_LV"
Dezodorants Fa Pink Paradise rullveida 50ml,rimi.lv,4.69,3.09,61.80,€/l,"https://rimibaltic-res.cloudinary.com/image/upload/b_white,c_limit,dpr_auto,f_webp,q_auto:low,w_auto/d_ecommerce:backend-fallback.png/MAT_640833_PCE_LV"
"Kart. čipsi Lay's ar sēņu, krējuma g. 130g",rimi.lv,2.69,1.59,12.23,€/kg,"https://rimibaltic-res.cloudinary.com/image/upload/b_white,c_limit,dpr_auto,f_webp,q_auto:low,w_auto/d_ecommerce:backend-fallback.png/MAT_192790_PCE_LV"
Torte biezpiena Smiltene ar ķiršiem 500g,rimi.lv,5.49,4.89,9.78,€/kg,"https://rimibaltic-res.cloudinary.com/image/upload/b_white,c_limit,dpr_auto,f_webp,q_auto:low,w_auto/d_ecommerce:backend-fallback.png/MAT_904725_PCE_LV"
Jogurts Movenpic sezonas garšas 150g,rimi.lv,1.85,1.29,8.60,€/kg,"https://rimibaltic-res.cloudinary.com/image/upload/b_white,c_limit,dpr_auto,f_webp,q_auto:low,w_auto/d_ecommerce:backend-fallback.png/MAT_933422_PCE_LV"
Tomātu kečups Heinz 460g,rimi.lv,4.55,3.19,6.93,€/kg,"https://rimibaltic-res.cloudinary.com/image/upload/b_white,c_limit,dpr_auto,f_webp,q_auto:low,w_auto/d_ecommerce:backend-fallback.png/MAT_120821_PCE_LV"
Kaķu konservi Felix Fant. zivju izl. 4x85g,rimi.lv,2.35,1.49,4.38,€/kg,"https://rimibaltic-res.cloudinary.com/image/upload/b_white,c_limit,dpr_auto,f_webp,q_auto:low,w_auto/d_ecommerce:backend-fallback.png/MAT_7255801_PCE_LV"
Universāls tīr. līdz. Tri-bio 3in1 420ml,rimi.lv,4.49,3.09,7.36,€/l,"https://rimibaltic-res.cloudinary.com/image/upload/b_white,c_limit,dpr_auto,f_webp,q_auto:low,w_auto/d_ecommerce:backend-fallback.png/MAT_7259253_PCE_LV"
Kafijas kaps. Lavazza Qualita Oro 10 gab.,rimi.lv,4.99,3.89,,,"https://rimibaltic-res.cloudinary.com/image/upload/b_white,c_limit,dpr_auto,f_webp,q_auto:low,w_auto/d_ecommerce:backend-fallback.png/MAT_1008360_PCE_LV"
Brok. pārslas Kellogg's Tresor Choco Nut 410g,rimi.lv,5.49,3.89,9.49,€/kg,"https://rimibaltic-res.cloudinary.com/image/upload/b_white,c_limit,dpr_auto,f_webp,q_auto:low,w_auto/d_ecommerce:backend-fallback.png/MAT_1008611_PCE_LV"
Cūkgaļas šašliks ar majonēzi un sinepēm kg,rimi.lv,7.99,5.99,5.99,€/kg,"https://rimibaltic-res.cloudinary.com/image/upload/b_white,c_limit,dpr_auto,f_webp,q_auto:low,w_auto/d_ecommerce:backend-fallback.png/MAT_2000225_KGM_LV"
Kafijas pupiņas Dallmayr forte 1kg,rimi.lv,29.49,16.79,16.79,€/kg,"https://rimibaltic-res.cloudinary.com/image/upload/b_white,c_limit,dpr_auto,f_webp,q_auto:low,w_auto/d_ecommerce:backend-fallback.png/MAT_1010001_PCE_LV"
Servel. Gaļas Nams Ādaži Lielvārdes 700g,rimi.lv,5.19,3.19,4.56,€/kg,"https://rimibaltic-res.cloudinary.com/image/upload/b_white,c_limit,dpr_auto,f_webp,q_auto:low,w_auto/d_ecommerce:backend-fallback.png/MAT_4000307_PCE_LV"
"Ūdens Mangaļi VitaFruit Mango 1,5l",rimi.lv,,1.09,0.73,€/l,"https://rimibaltic-res.cloudinary.com/image/upload/b_white,c_limit,dpr_auto,f_webp,q_auto:low,w_auto/d_ecommerce:backend-fallback.png/MAT_1373218_PCE_LV"
"Panna Fiskars 28cm, keramiskā AW26",rimi.lv,39.99,19.99,,,"https://rimibaltic-res.cloudinary.com/image/upload/b_white,c_limit,dpr_auto,f_webp,q_auto:low,w_auto/d_ecommerce:backend-fallback.png/MAT_7298394_PCE_LV"
"Šķ. kaf. dzēr. Jacobs 3in1 Original 10x12,6g",rimi.lv,2.89,1.89,15.00,€/kg,"https://rimibaltic-res.cloudinary.com/image/upload/b_white,c_limit,dpr_auto,f_webp,q_auto:low,w_auto/d_ecommerce:backend-fallback.png/MAT_1021595_PCE_LV"
Marc.baton.kakao glaz.Rimi ar ķiršu garšu 40g,rimi.lv,0.69,0.59,14.75,€/kg,"https://rimibaltic-res.cloudinary.com/image/upload/b_white,c_limit,dpr_auto,f_webp,q_auto:low,w_auto/d_ecommerce:backend-fallback.png/MAT_817305_PCE_LV"
"Kaķu barība Friskies liell.,vistas,dārz. 800g",rimi.lv,3.59,2.69,3.36,€/kg,"https://rimibaltic-res.cloudinary.com/image/upload/b_white,c_limit,dpr_auto,f_webp,q_auto:low,w_auto/d_ecommerce:backend-fallback.png/MAT_7316053_PCE_LV"
"Autiņbiks.Salling Fri Junior izmērs 5, 20gab.",rimi.lv,5.99,4.79,,,"https://rimibaltic-res.cloudinary.com/image/upload/b_white,c_limit,dpr_auto,f_webp,q_auto:low,w_auto/d_ecommerce:backend-fallback.png/MAT_817678_PCE_LV"
Kaķu barība Purina One pieaug. ar vistu 750g,rimi.lv,6.49,4.19,5.59,€/kg,"https://rimibaltic-res.cloudinary.com/image/upload/b_white,c_limit,dpr_auto,f_webp,q_auto:low,w_auto/d_ecommerce:backend-fallback.png/MAT_7316289_PCE_LV"
Čipsi Pringles Original 125g,rimi.lv,2.59,1.99,15.92,€/kg,"https://rimibaltic-res.cloudinary.com/image/upload/b_white,c_limit,dpr_auto,f_webp,q_auto:low,w_auto/d_ecommerce:backend-fallback.png/MAT_1023791_PCE_LV"
Saldējums Valsoia tiramisu garša 510ml/300g,rimi.lv,,3.59,11.97,€/kg,"https://rimibaltic-res.cloudinary.com/image/upload/b_white,c_limit,dpr_auto,f_webp,q_auto:low,w_auto/d_ecommerce:backend-fallback.png/MAT_4011195_PCE_LV"
S zeķubikses Pc belfort 40 nero 3 40d,rimi.lv,5.29,3.17,,,"https://rimibaltic-res.cloudinary.com/image/upload/b_white,c_limit,dpr_auto,f_webp,q_auto:low,w_auto/d_ecommerce:backend-fallback.png/MAT_7004910_PCE_LV"
S zeķubikses Pc belfort 40 visone xl 40d,rimi.lv,5.29,3.17,,,"https://rimibaltic-res.cloudinary.com/image/upload/b_white,c_limit,dpr_auto,f_webp,q_auto:low,w_auto/d_ecommerce:backend-fallback.png/MAT_7114692_PCE_LV"
S zeķub.Immagine marlen 40d neutro 3,rimi.lv,4.09,2.45,,,"https://rimibaltic-res.cloudinary.com/image/upload/b_white,c_limit,dpr_auto,f_webp,q_auto:low,w_auto/d_ecommerce:backend-fallback.png/MAT_782660_PCE_LV"
Tīrīš. līdz. Cilit Bang Limescale&Dirt 750ml,rimi.lv,8.59,4.99,6.65,€/l,"https://rimibaltic-res.cloudinary.com/image/upload/b_white,c_limit,dpr_auto,f_webp,q_auto:low,w_auto/d_ecommerce:backend-fallback.png/MAT_7098513_PCE_LV"
"Nūd.zivis,krēm.brok. Hipp,no8mēn. 220g",rimi.lv,2.79,2.09,9.50,€/kg,"https://rimibaltic-res.cloudinary.com/image/upload/b_white,c_limit,dpr_auto,f_webp,q_auto:low,w_auto/d_ecommerce:backend-fallback.png/MAT_105114_PCE_LV"
Biezenis Hipp kivi ban. bumb. no 6m BIO 100g,rimi.lv,1.69,1.25,12.50,€/kg,"https://rimibaltic-res.cloudinary.com/image/upload/b_white,c_limit,dpr_auto,f_webp,q_auto:low,w_auto/d_ecommerce:backend-fallback.png/MAT_7159170_PCE_LV"
Zobu birste Oral-B Star Wars 6-12 gadiem,rimi.lv,3.39,2.69,,,"https://rimibaltic-res.cloudinary.com/image/upload/b_white,c_limit,dpr_auto,f_webp,q_auto:low,w_auto/d_ecommerce:backend-fallback.png/MAT_441641_PCE_LV"
Siev zeķubikses Pc nice nero 4 20d,rimi.lv,4.99,2.99,,,"https://rimibaltic-res.cloudinary.com/image/upload/b_white,c_limit,dpr_auto,f_webp,q_auto:low,w_auto/d_ecommerce:backend-fallback.png/MAT_7030578_PCE_LV"
Zobu pasta Sensodyne Extra Whitening 75ml,rimi.lv,7.29,5.39,71.87,€/l,"https://rimibaltic-res.cloudinary.com/image/upload/b_white,c_limit,dpr_auto,f_webp,q_auto:low,w_auto/d_ecommerce:backend-fallback.png/MAT_403180_PCE_LV"
Skalošanas līdzeklis Finish Rinse Aid 800ml,rimi.lv,8.99,6.19,7.74,€/l,"https://rimibaltic-res.cloudinary.com/image/upload/b_white,c_limit,dpr_auto,f_webp,q_auto:low,w_auto/d_ecommerce:backend-fallback.png/MAT_797617_PCE_LV"
Matu Laka Syoss Ceramide 300Ml,rimi.lv,9.99,6.99,27.96,€/l,"https://rimibaltic-res.cloudinary.com/image/upload/b_white,c_limit,dpr_auto,f_webp,q_auto:low,w_auto/d_ecommerce:backend-fallback.png/MAT_7122420_PCE_LV"
Garšviela Santa Maria picai 5g,rimi.lv,1.05,0.79,158.00,€/kg,"https://rimibaltic-res.cloudinary.com/image/upload/b_white,c_limit,dpr_auto,f_webp,q_auto:low,w_auto/d_ecommerce:backend-fallback.png/MAT_100353_PCE_LV"
Kūciņas Vēja pikas ar vārīto krēmu 200g,rimi.lv,4.19,3.69,18.45,€/kg,"https://rimibaltic-res.cloudinary.com/image/upload/b_white,c_limit,dpr_auto,f_webp,q_auto:low,w_auto/d_ecommerce:backend-fallback.png/MAT_295502_PCE_LV"
Cepumi Domino Original 175g,rimi.lv,2.89,1.69,9.66,€/kg,"https://rimibaltic-res.cloudinary.com/image/upload/b_white,c_limit,dpr_auto,f_webp,q_auto:low,w_auto/d_ecommerce:backend-fallback.png/MAT_1008503_PCE_LV"
Čipsi Ādažu krēmīgais čedars 130g,rimi.lv,2.49,1.74,13.38,€/kg,"https://rimibaltic-res.cloudinary.com/image/upload/b_white,c_limit,dpr_auto,f_webp,q_auto:low,w_auto/d_ecommerce:backend-fallback.png/MAT_1012000_PCE_LV"
Saulespuķu sēklas Fishka grauzd. ar sāli 100g,rimi.lv,1.15,0.89,8.90,€/kg,"https://rimibaltic-res.cloudinary.com/image/upload/b_white,c_limit,dpr_auto,f_webp,q_auto:low,w_auto/d_ecommerce:backend-fallback.png/MAT_1012815_PCE_LV"
Cīsiņi Forevers bez apvalka kg,rimi.lv,4.99,3.99,3.99,€/kg,"https://rimibaltic-res.cloudinary.com/image/upload/b_white,c_limit,dpr_auto,f_webp,q_auto:low,w_auto/d_ecommerce:backend-fallback.png/MAT_999174_KGM_LV"
Tumšā šok. Pergale ar kafijas pildījumu 100g,rimi.lv,2.19,1.49,14.90,€/kg,"https://rimibaltic-res.cloudinary.com/image/upload/b_white,c_limit,dpr_auto,f_webp,q_auto:low,w_auto/d_ecommerce:backend-fallback.png/MAT_1015633_PCE_LV"
Kons.kaķiem Gourmet Gold Succulent 4x85g,rimi.lv,,2.29,6.74,€/kg,"https://rimibaltic-res.cloudinary.com/image/upload/b_white,c_limit,dpr_auto,f_webp,q_auto:low,w_auto/d_ecommerce:backend-fallback.png/MAT_7290662_PCE_LV"
Tumšā šokolāde Lukss Roze 90g,rimi.lv,2.99,2.19,24.33,€/kg,"https://rimibaltic-res.cloudinary.com/image/upload/b_white,c_limit,dpr_auto,f_webp,q_auto:low,w_auto/d_ecommerce:backend-fallback.png/MAT_1020813_PCE_LV"
Remulāde Salling 400g,rimi.lv,1.99,1.59,3.97,€/kg,"https://rimibaltic-res.cloudinary.com/image/upload/b_white,c_limit,dpr_auto,f_webp,q_auto:low,w_auto/d_ecommerce:backend-fallback.png/MAT_817517_PCE_LV"
Kaķu bar. Purina One Senior 7+ ar vistu 750g,rimi.lv,6.49,4.19,5.59,€/kg,"https://rimibaltic-res.cloudinary.com/image/upload/b_white,c_limit,dpr_auto,f_webp,q_auto:low,w_auto/d_ecommerce:backend-fallback.png/MAT_7316283_PCE_LV"
"Kukur. gredzeni Semper no 6 mēn., BIO 20g",rimi.lv,1.99,1.39,69.50,€/kg,"https://rimibaltic-res.cloudinary.com/image/upload/b_white,c_limit,dpr_auto,f_webp,q_auto:low,w_auto/d_ecommerce:backend-fallback.png/MAT_7320502_PCE_LV"
Malta kafija Paulig Classic Cremoso 500g,rimi.lv,13.29,7.89,15.78,€/kg,"https://rimibaltic-res.cloudinary.com/image/upload/b_white,c_limit,dpr_auto,f_webp,q_auto:low,w_auto/d_ecommerce:backend-fallback.png/MAT_1000697_PCE_LV"
"Suņu bar.Animonda VF Adult mājp., teļa g.150g",rimi.lv,1.99,1.39,9.27,€/kg,"https://rimibaltic-res.cloudinary.com/image/upload/b_white,c_limit,dpr_auto,f_webp,q_auto:low,w_auto/d_ecommerce:backend-fallback.png/MAT_683697_PCE_LV"
Piena putr.banān.sausiņ. Hipp BIO 250g,rimi.lv,4.69,3.49,13.96,€/kg,"https://rimibaltic-res.cloudinary.com/image/upload/b_white,c_limit,dpr_auto,f_webp,q_auto:low,w_auto/d_ecommerce:backend-fallback.png/MAT_7176585_PCE_LV"
Protēžu fik. kr. Corega smaganu aizsardz. 40g,rimi.lv,7.59,5.69,142.25,€/kg,"https://rimibaltic-res.cloudinary.com/image/upload/b_white,c_limit,dpr_auto,f_webp,q_auto:low,w_auto/d_ecommerce:backend-fallback.png/MAT_7207947_PCE_LV"
Sīpolu maisījums 350g,rimi.lv,1.59,1.19,3.40,€/kg,"https://rimibaltic-res.cloudinary.com/image/upload/b_white,c_limit,dpr_auto,f_webp,q_auto:low,w_auto/d_ecommerce:backend-fallback.png/MAT_973211_PCE_LV"
Miežu pārslas Herkuless 500g,rimi.lv,1.99,1.19,2.38,€/kg,"https://rimibaltic-res.cloudinary.com/image/upload/b_white,c_limit,dpr_auto,f_webp,q_auto:low,w_auto/d_ecommerce:backend-fallback.png/MAT_114471_PCE_LV"
Dezod. siev. izsmidz. Fa pink paradise 150ml,rimi.lv,4.69,3.09,20.60,€/l,"https://rimibaltic-res.cloudinary.com/image/upload/b_white,c_limit,dpr_auto,f_webp,q_auto:low,w_auto/d_ecommerce:backend-fallback.png/MAT_701639_PCE_LV"
Matu laka Nivea Volume Sensation,rimi.lv,7.79,3.99,15.96,€/l,"https://rimibaltic-res.cloudinary.com/image/upload/b_white,c_limit,dpr_auto,f_webp,q_auto:low,w_auto/d_ecommerce:backend-fallback.png/MAT_406663_PCE_LV"
S zeķub.Immagine marlen 40d nero 2,rimi.lv,4.09,2.45,,,"https://rimibaltic-res.cloudinary.com/image/upload/b_white,c_limit,dpr_auto,f_webp,q_auto:low,w_auto/d_ecommerce:backend-fallback.png/MAT_782657_PCE_LV"
S zeķub.Immagine marlen 40d neutro 2,rimi.lv,4.09,2.45,,,"https://rimibaltic-res.cloudinary.com/image/upload/b_white,c_limit,dpr_auto,f_webp,q_auto:low,w_auto/d_ecommerce:backend-fallback.png/MAT_782659_PCE_LV"
"Matu kr.Syoss oleo int.4-18,mokas brūns",rimi.lv,11.59,6.95,,,"https://rimibaltic-res.cloudinary.com/image/upload/b_white,c_limit,dpr_auto,f_webp,q_auto:low,w_auto/d_ecommerce:backend-fallback.png/MAT_7055379_PCE_LV"
Gard. suņiem Pedigree denta stix 7gab.,rimi.lv,3.95,2.59,14.39,€/kg,"https://rimibaltic-res.cloudinary.com/image/upload/b_white,c_limit,dpr_auto,f_webp,q_auto:low,w_auto/d_ecommerce:backend-fallback.png/MAT_105916_PCE_LV"
Dienas krēms Loreal Paris Hyal. Spec. 50ml,rimi.lv,12.99,7.79,155.80,€/l,"https://rimibaltic-res.cloudinary.com/image/upload/b_white,c_limit,dpr_auto,f_webp,q_auto:low,w_auto/d_ecommerce:backend-fallback.png/MAT_7213222_PCE_LV"
Kons. suņiem Grancarno Adult jēra gaļu 800g,rimi.lv,4.99,3.49,4.36,€/kg,"https://rimibaltic-res.cloudinary.com/image/upload/b_white,c_limit,dpr_auto,f_webp,q_auto:low,w_auto/d_ecommerce:backend-fallback.png/MAT_142750_PCE_LV"
Mērce Spilva Cēzara 375g,rimi.lv,3.79,2.65,7.07,€/kg,"https://rimibaltic-res.cloudinary.com/image/upload/b_white,c_limit,dpr_auto,f_webp,q_auto:low,w_auto/d_ecommerce:backend-fallback.png/MAT_187005_PCE_LV"
Bekons Rakvere Brokastu šķēlēs kg,rimi.lv,14.69,11.99,11.99,€/kg,"https://rimibaltic-res.cloudinary.com/image/upload/b_white,c_limit,dpr_auto,f_webp,q_auto:low,w_auto/d_ecommerce:backend-fallback.png/MAT_975193_KGM_LV"
Karsti kūpināta makreles plētne Gardēžu kg,rimi.lv,18.99,14.99,14.99,€/kg,"https://rimibaltic-res.cloudinary.com/image/upload/b_white,c_limit,dpr_auto,f_webp,q_auto:low,w_auto/d_ecommerce:backend-fallback.png/MAT_987626_KGM_LV"
Ziepes Dove Cream 90g,rimi.lv,1.69,1.45,16.11,€/kg,"https://rimibaltic-res.cloudinary.com/image/upload/b_white,c_limit,dpr_auto,f_webp,q_auto:low,w_auto/d_ecommerce:backend-fallback.png/MAT_7271733_PCE_LV"
Cāļa filejas kraukšķu bumbiņas Ķekava 280g,rimi.lv,3.19,2.39,8.54,€/kg,"https://rimibaltic-res.cloudinary.com/image/upload/b_white,c_limit,dpr_auto,f_webp,q_auto:low,w_auto/d_ecommerce:backend-fallback.png/MAT_996021_PCE_LV"
"Bezalkoholiskais alus Carlsberg Organic 0,33l",rimi.lv,1.69,0.99,3.00,€/l,"https://rimibaltic-res.cloudinary.com/image/upload/b_white,c_limit,dpr_auto,f_webp,q_auto:low,w_auto/d_ecommerce:backend-fallback.png/MAT_1372726_PCE_LV"
Cāļa šķiņķi Ķekava sarkanajā marinādē kg,rimi.lv,5.99,3.99,3.99,€/kg,"https://rimibaltic-res.cloudinary.com/image/upload/b_white,c_limit,dpr_auto,f_webp,q_auto:low,w_auto/d_ecommerce:backend-fallback.png/MAT_4012159_KGM_LV"
Kons.suņ. Grancarno Adult liellopa 800g,rimi.lv,4.99,3.49,4.36,€/kg,"https://rimibaltic-res.cloudinary.com/image/upload/b_white,c_limit,dpr_auto,f_webp,q_auto:low,w_auto/d_ecommerce:backend-fallback.png/MAT_112610_PCE_LV"
Nakts krēms Nivea pretgrumbu vsg 55+ 50ml,rimi.lv,12.69,8.99,179.80,€/l,"https://rimibaltic-res.cloudinary.com/image/upload/b_white,c_limit,dpr_auto,f_webp,q_auto:low,w_auto/d_ecommerce:backend-fallback.png/MAT_7174290_PCE_LV"
Zobu pasta Parodontax Fluoride 75ml,rimi.lv,8.49,6.29,83.87,€/l,"https://rimibaltic-res.cloudinary.com/image/upload/b_white,c_limit,dpr_auto,f_webp,q_auto:low,w_auto/d_ecommerce:backend-fallback.png/MAT_400289_PCE_LV"
Siev zeķubikses Pc nice visone 2 20d,rimi.lv,4.99,2.99,,,"https://rimibaltic-res.cloudinary.com/image/upload/b_white,c_limit,dpr_auto,f_webp,q_auto:low,w_auto/d_ecommerce:backend-fallback.png/MAT_7030582_PCE_LV"
Siev zeķubikses Pc nice nero xl 20d,rimi.lv,4.99,2.99,,,"https://rimibaltic-res.cloudinary.com/image/upload/b_white,c_limit,dpr_auto,f_webp,q_auto:low,w_auto/d_ecommerce:backend-fallback.png/MAT_7141017_PCE_LV"
Dušas žel. Palmolive For Men Refreshing 500ml,rimi.lv,7.59,4.49,8.98,€/l,"https://rimibaltic-res.cloudinary.com/image/upload/b_white,c_limit,dpr_auto,f_webp,q_auto:low,w_auto/d_ecommerce:backend-fallback.png/MAT_7050191_PCE_LV"
Siev zeķubikses Pc floreal nero 2 20d,rimi.lv,5.19,3.11,,,"https://rimibaltic-res.cloudinary.com/image/upload/b_white,c_limit,dpr_auto,f_webp,q_auto:low,w_auto/d_ecommerce:backend-fallback.png/MAT_7008535_PCE_LV"
Siev zeķubikses Pc floreal nero 3 20d,rimi.lv,5.19,3.11,,,"https://rimibaltic-res.cloudinary.com/image/upload/b_white,c_limit,dpr_auto,f_webp,q_auto:low,w_auto/d_ecommerce:backend-fallback.png/MAT_7008536_PCE_LV"
Siev zeķubikses Pc floreal visone 4 20d,rimi.lv,5.19,3.11,,,"https://rimibaltic-res.cloudinary.com/image/upload/b_white,c_limit,dpr_auto,f_webp,q_auto:low,w_auto/d_ecommerce:backend-fallback.png/MAT_7008543_PCE_LV"
S zeķubikses Pc belfort 40 visone 2 40d,rimi.lv,5.29,3.17,,,"https://rimibaltic-res.cloudinary.com/image/upload/b_white,c_limit,dpr_auto,f_webp,q_auto:low,w_auto/d_ecommerce:backend-fallback.png/MAT_7004912_PCE_LV"
Matu krāsa Oleo Intense Syoss Deep Brown,rimi.lv,11.59,6.95,,,"https://rimibaltic-res.cloudinary.com/image/upload/b_white,c_limit,dpr_auto,f_webp,q_auto:low,w_auto/d_ecommerce:backend-fallback.png/MAT_7060094_PCE_LV"
Matu Krāsa Syoss Oleo Intense 4-86,rimi.lv,11.59,6.95,,,"https://rimibaltic-res.cloudinary.com/image/upload/b_white,c_limit,dpr_auto,f_webp,q_auto:low,w_auto/d_ecommerce:backend-fallback.png/MAT_7106240_PCE_LV"
Matu krāsa Syoss color 4-8 šokolādes brūns,rimi.lv,10.59,6.79,,,"https://rimibaltic-res.cloudinary.com/image/upload/b_white,c_limit,dpr_auto,f_webp,q_auto:low,w_auto/d_ecommerce:backend-fallback.png/MAT_791971_PCE_LV"
Siers Sniega bumbas  ar ķipl. 240/150g,rimi.lv,3.79,2.99,19.93,€/kg,"https://rimibaltic-res.cloudinary.com/image/upload/b_white,c_limit,dpr_auto,f_webp,q_auto:low,w_auto/d_ecommerce:backend-fallback.png/MAT_277015_PCE_LV"
Kafijas pupiņas Lavazza Barista Crema 1kg,rimi.lv,35.99,22.99,22.99,€/kg,"https://rimibaltic-res.cloudinary.com/image/upload/b_white,c_limit,dpr_auto,f_webp,q_auto:low,w_auto/d_ecommerce:backend-fallback.png/MAT_152054_PCE_LV"
Holandes siers Smiltene šķēlēs 45% 150g,rimi.lv,2.79,1.99,13.27,€/kg,"https://rimibaltic-res.cloudinary.com/image/upload/b_white,c_limit,dpr_auto,f_webp,q_auto:low,w_auto/d_ecommerce:backend-fallback.png/MAT_4000332_PCE_LV"
Enerģijas dzēriens Red Bull Sugar Free 355ml,rimi.lv,,1.59,4.48,€/l,"https://rimibaltic-res.cloudinary.com/image/upload/b_white,c_limit,dpr_auto,f_webp,q_auto:low,w_auto/d_ecommerce:backend-fallback.png/MAT_1367206_PCE_LV"
Šķīstošā kaf. Jacobs Cronat Gold Refill 150g,rimi.lv,8.99,5.39,35.93,€/kg,"https://rimibaltic-res.cloudinary.com/image/upload/b_white,c_limit,dpr_auto,f_webp,q_auto:low,w_auto/d_ecommerce:backend-fallback.png/MAT_1017312_PCE_LV"
Uzkodas Smash ar piena šokolādi 100g,rimi.lv,2.99,2.19,21.90,€/kg,"https://rimibaltic-res.cloudinary.com/image/upload/b_white,c_limit,dpr_auto,f_webp,q_auto:low,w_auto/d_ecommerce:backend-fallback.png/MAT_194619_PCE_LV"
Cepumi Salling klasiskie 200g,rimi.lv,1.09,0.95,4.75,€/kg,"https://rimibaltic-res.cloudinary.com/image/upload/b_white,c_limit,dpr_auto,f_webp,q_auto:low,w_auto/d_ecommerce:backend-fallback.png/MAT_816773_PCE_LV"
Sausā uzkoda kaķiem Salling ar liellopu 60g,rimi.lv,0.89,0.66,11.00,€/kg,"https://rimibaltic-res.cloudinary.com/image/upload/b_white,c_limit,dpr_auto,f_webp,q_auto:low,w_auto/d_ecommerce:backend-fallback.png/MAT_817544_PCE_LV"
Gardmaize Sēļu ar ķimenēm 400g,rimi.lv,1.43,0.99,2.47,€/kg,"https://rimibaltic-res.cloudinary.com/image/upload/b_white,c_limit,dpr_auto,f_webp,q_auto:low,w_auto/d_ecommerce:backend-fallback.png/MAT_4010000_PCE_LV"
Kombučas dzīvības dzēr. Moona BIO 333ml,rimi.lv,2.99,1.94,5.83,€/l,"https://rimibaltic-res.cloudinary.com/image/upload/b_white,c_limit,dpr_auto,f_webp,q_auto:low,w_auto/d_ecommerce:backend-fallback.png/MAT_1376305_PCE_LV"
Sardeles Kurzemes Gaļsaimnieks alus 420g,rimi.lv,2.29,1.99,4.74,€/kg,"https://rimibaltic-res.cloudinary.com/image/upload/b_white,c_limit,dpr_auto,f_webp,q_auto:low,w_auto/d_ecommerce:backend-fallback.png/MAT_4011126_PCE_LV"
Bumbieru biezenis Hipp BIO 125g,rimi.lv,1.69,1.25,10.00,€/kg,"https://rimibaltic-res.cloudinary.com/image/upload/b_white,c_limit,dpr_auto,f_webp,q_auto:low,w_auto/d_ecommerce:backend-fallback.png/MAT_107308_PCE_LV"
Vafeļu torte Laima Lācītis Ķepainītis 350g,rimi.lv,7.99,6.39,18.26,€/kg,"https://rimibaltic-res.cloudinary.com/image/upload/b_white,c_limit,dpr_auto,f_webp,q_auto:low,w_auto/d_ecommerce:backend-fallback.png/MAT_181365_PCE_LV"
Brokastu pārslas Lion 600g,rimi.lv,5.99,4.39,7.32,€/kg,"https://rimibaltic-res.cloudinary.com/image/upload/b_white,c_limit,dpr_auto,f_webp,q_auto:low,w_auto/d_ecommerce:backend-fallback.png/MAT_172708_PCE_LV"
Tomāti Spilva kaltēti 330g/190g,rimi.lv,6.79,4.33,22.79,€/kg,"https://rimibaltic-res.cloudinary.com/image/upload/b_white,c_limit,dpr_auto,f_webp,q_auto:low,w_auto/d_ecommerce:backend-fallback.png/MAT_139735_PCE_LV"
Gard.suņiem Pedigree dentastix gr.kaul. 7gb,rimi.lv,2.49,1.65,15.00,€/kg,"https://rimibaltic-res.cloudinary.com/image/upload/b_white,c_limit,dpr_auto,f_webp,q_auto:low,w_auto/d_ecommerce:backend-fallback.png/MAT_7080824_PCE_LV"
Marināde Santa Maria ar ķiploku garšu 75g,rimi.lv,1.09,0.76,10.13,€/kg,"https://rimibaltic-res.cloudinary.com/image/upload/b_white,c_limit,dpr_auto,f_webp,q_auto:low,w_auto/d_ecommerce:backend-fallback.png/MAT_100034_PCE_LV"
Garšviela Santa Maria kartupeļiem 100g,rimi.lv,2.29,1.59,15.90,€/kg,"https://rimibaltic-res.cloudinary.com/image/upload/b_white,c_limit,dpr_auto,f_webp,q_auto:low,w_auto/d_ecommerce:backend-fallback.png/MAT_181638_PCE_LV"
Kartupeļu čipsi Lay's ar siera garšu 130g,rimi.lv,2.69,1.59,12.23,€/kg,"https://rimibaltic-res.cloudinary.com/image/upload/b_white,c_limit,dpr_auto,f_webp,q_auto:low,w_auto/d_ecommerce:backend-fallback.png/MAT_192787_PCE_LV"
Siļķu rolmopši marin.bez ādas 690g/410g,rimi.lv,5.39,4.59,11.20,€/kg,"https://rimibaltic-res.cloudinary.com/image/upload/b_white,c_limit,dpr_auto,f_webp,q_auto:low,w_auto/d_ecommerce:backend-fallback.png/MAT_220058_PCE_LV"
Sāls Finish trauku mazgājamām mašīnām 4 kg,rimi.lv,9.39,6.49,1.62,€/kg,"https://rimibaltic-res.cloudinary.com/image/upload/b_white,c_limit,dpr_auto,f_webp,q_auto:low,w_auto/d_ecommerce:backend-fallback.png/MAT_477973_PCE_LV"
Mērce Rimi Planet Tikka Masala 480g,rimi.lv,4.19,3.36,7.00,€/kg,"https://rimibaltic-res.cloudinary.com/image/upload/b_white,c_limit,dpr_auto,f_webp,q_auto:low,w_auto/d_ecommerce:backend-fallback.png/MAT_804013_PCE_LV"
Sinepes Selection by Rimi ar medu 235g,rimi.lv,2.79,2.24,9.53,€/kg,"https://rimibaltic-res.cloudinary.com/image/upload/b_white,c_limit,dpr_auto,f_webp,q_auto:low,w_auto/d_ecommerce:backend-fallback.png/MAT_807018_PCE_LV"
Cepamās desiņas Kabanos 400g,rimi.lv,3.49,2.59,6.47,€/kg,"https://rimibaltic-res.cloudinary.com/image/upload/b_white,c_limit,dpr_auto,f_webp,q_auto:low,w_auto/d_ecommerce:backend-fallback.png/MAT_921516_PCE_LV"
Salsa Santa Maria sark. tomātu vid. asa 230g,rimi.lv,4.25,3.39,14.74,€/kg,"https://rimibaltic-res.cloudinary.com/image/upload/b_white,c_limit,dpr_auto,f_webp,q_auto:low,w_auto/d_ecommerce:backend-fallback.png/MAT_177891_PCE_LV"
Kotletes ar burkāniem vegāniem 200g,rimi.lv,2.39,1.99,9.95,€/kg,"https://rimibaltic-res.cloudinary.com/image/upload/b_white,c_limit,dpr_auto,f_webp,q_auto:low,w_auto/d_ecommerce:backend-fallback.png/MAT_959571_PCE_LV"
Sezamas sēklu pasta Tahini Doyal 300g,rimi.lv,6.79,5.59,18.63,€/kg,"https://rimibaltic-res.cloudinary.com/image/upload/b_white,c_limit,dpr_auto,f_webp,q_auto:low,w_auto/d_ecommerce:backend-fallback.png/MAT_1005356_PCE_LV"
Kons.kaķiem Gourmet ar liel. gaļu 4x85g,rimi.lv,,2.29,6.74,€/kg,"https://rimibaltic-res.cloudinary.com/image/upload/b_white,c_limit,dpr_auto,f_webp,q_auto:low,w_auto/d_ecommerce:backend-fallback.png/MAT_7270364_PCE_LV"
"Sidrs Somersby Strawberry&Lime bezalk. 0,5l",rimi.lv,1.99,1.39,2.78,€/l,"https://rimibaltic-res.cloudinary.com/image/upload/b_white,c_limit,dpr_auto,f_webp,q_auto:low,w_auto/d_ecommerce:backend-fallback.png/MAT_1370698_PCE_LV"
Polārmaize Fazer Street Food 140g,rimi.lv,1.84,1.49,10.64,€/kg,"https://rimibaltic-res.cloudinary.com/image/upload/b_white,c_limit,dpr_auto,f_webp,q_auto:low,w_auto/d_ecommerce:backend-fallback.png/MAT_4000379_PCE_LV"
Ābolu biezenis Spilva ar saldo krējumu 300g,rimi.lv,2.05,1.59,5.30,€/kg,"https://rimibaltic-res.cloudinary.com/image/upload/b_white,c_limit,dpr_auto,f_webp,q_auto:low,w_auto/d_ecommerce:backend-fallback.png/MAT_1019539_PCE_LV"
Sinepju sēklas Spilva 28g,rimi.lv,0.65,0.46,16.43,€/kg,"https://rimibaltic-res.cloudinary.com/image/upload/b_white,c_limit,dpr_auto,f_webp,q_auto:low,w_auto/d_ecommerce:backend-fallback.png/MAT_1021192_PCE_LV"
Dez.tual.tīr.līdz.Harpic Pow.Pl. Cl.&Pr.750ml,rimi.lv,4.99,3.69,4.92,€/l,"https://rimibaltic-res.cloudinary.com/image/upload/b_white,c_limit,dpr_auto,f_webp,q_auto:low,w_auto/d_ecommerce:backend-fallback.png/MAT_7309966_PCE_LV"
Želejkonfe.Rowntrees Randoms augļu garšu 140g,rimi.lv,1.99,1.49,10.64,€/kg,"https://rimibaltic-res.cloudinary.com/image/upload/b_white,c_limit,dpr_auto,f_webp,q_auto:low,w_auto/d_ecommerce:backend-fallback.png/MAT_1021397_PCE_LV"
"Autiņbiks. Salling Fri Midi izmērs 3, 56gab.",rimi.lv,9.49,7.59,,,"https://rimibaltic-res.cloudinary.com/image/upload/b_white,c_limit,dpr_auto,f_webp,q_auto:low,w_auto/d_ecommerce:backend-fallback.png/MAT_817682_PCE_LV"
Biezp.krēms Baltais protein bez piedevām 300g,rimi.lv,1.99,1.49,4.97,€/kg,"https://rimibaltic-res.cloudinary.com/image/upload/b_white,c_limit,dpr_auto,f_webp,q_auto:low,w_auto/d_ecommerce:backend-fallback.png/MAT_4011669_PCE_LV"
Papildbar. kaķ. Brit Care Soup ar lasi 75g,rimi.lv,0.99,0.75,10.00,€/kg,"https://rimibaltic-res.cloudinary.com/image/upload/b_white,c_limit,dpr_auto,f_webp,q_auto:low,w_auto/d_ecommerce:backend-fallback.png/MAT_7320059_PCE_LV"
Kaķu konservu 4-paka Sheba jauktā 4x85g,rimi.lv,3.65,1.89,5.56,€/kg,"https://rimibaltic-res.cloudinary.com/image/upload/b_white,c_limit,dpr_auto,f_webp,q_auto:low,w_auto/d_ecommerce:backend-fallback.png/MAT_7279962_PCE_LV"
"Vienr. skuvekļi Gillette Venus Simply 3, 3gb.",rimi.lv,7.99,6.79,,,"https://rimibaltic-res.cloudinary.com/image/upload/b_white,c_limit,dpr_auto,f_webp,q_auto:low,w_auto/d_ecommerce:backend-fallback.png/MAT_781497_PCE_LV"
"Suņu gardumi Pedigree Rodeo, 4gb 20x70g",rimi.lv,1.65,1.09,15.57,€/kg,"https://rimibaltic-res.cloudinary.com/image/upload/b_white,c_limit,dpr_auto,f_webp,q_auto:low,w_auto/d_ecommerce:backend-fallback.png/MAT_119437_PCE_LV"
Siev zeķubikses Pc floreal nero 4 20d,rimi.lv,5.19,3.11,,,"https://rimibaltic-res.cloudinary.com/image/upload/b_white,c_limit,dpr_auto,f_webp,q_auto:low,w_auto/d_ecommerce:backend-fallback.png/MAT_7008537_PCE_LV"
Siev zeķubikses Pc floreal visone 2 20d,rimi.lv,5.19,3.11,,,"https://rimibaltic-res.cloudinary.com/image/upload/b_white,c_limit,dpr_auto,f_webp,q_auto:low,w_auto/d_ecommerce:backend-fallback.png/MAT_7008541_PCE_LV"
Siev zeķubikses Pc floreal nero xl 20d,rimi.lv,5.19,3.11,,,"https://rimibaltic-res.cloudinary.com/image/upload/b_white,c_limit,dpr_auto,f_webp,q_auto:low,w_auto/d_ecommerce:backend-fallback.png/MAT_7141018_PCE_LV"
Siev zeķubikses Pc floreal visone xl 20d,rimi.lv,5.19,3.11,,,"https://rimibaltic-res.cloudinary.com/image/upload/b_white,c_limit,dpr_auto,f_webp,q_auto:low,w_auto/d_ecommerce:backend-fallback.png/MAT_7141051_PCE_LV"
S zeķubikses Pc belfort 40 nero 2 40d,rimi.lv,5.29,3.17,,,"https://rimibaltic-res.cloudinary.com/image/upload/b_white,c_limit,dpr_auto,f_webp,q_auto:low,w_auto/d_ecommerce:backend-fallback.png/MAT_7004909_PCE_LV"
Matu eļļa Syoss Beauty Elixir 100ml,rimi.lv,13.29,9.29,92.90,€/l,"https://rimibaltic-res.cloudinary.com/image/upload/b_white,c_limit,dpr_auto,f_webp,q_auto:low,w_auto/d_ecommerce:backend-fallback.png/MAT_7030118_PCE_LV"
Matu krāsa Syoss intense 2-10 melni brūns,rimi.lv,11.59,6.95,,,"https://rimibaltic-res.cloudinary.com/image/upload/b_white,c_limit,dpr_auto,f_webp,q_auto:low,w_auto/d_ecommerce:backend-fallback.png/MAT_7055377_PCE_LV"
Mutes skal. līdz. Sensodyne Cool Mint 500ml,rimi.lv,9.59,7.19,14.38,€/l,"https://rimibaltic-res.cloudinary.com/image/upload/b_white,c_limit,dpr_auto,f_webp,q_auto:low,w_auto/d_ecommerce:backend-fallback.png/MAT_7099677_PCE_LV"
Dušas želeja Palmolive Black Orchid 500ml,rimi.lv,7.59,5.29,10.58,€/l,"https://rimibaltic-res.cloudinary.com/image/upload/b_white,c_limit,dpr_auto,f_webp,q_auto:low,w_auto/d_ecommerce:backend-fallback.png/MAT_7061170_PCE_LV"
S/K Vom Feinstein junior 150g,rimi.lv,1.99,1.39,9.27,€/kg,"https://rimibaltic-res.cloudinary.com/image/upload/b_white,c_limit,dpr_auto,f_webp,q_auto:low,w_auto/d_ecommerce:backend-fallback.png/MAT_145906_PCE_LV"
Rīsi Dobele gargraudu 8x125g,rimi.lv,3.49,2.39,2.39,€/kg,"https://rimibaltic-res.cloudinary.com/image/upload/b_white,c_limit,dpr_auto,f_webp,q_auto:low,w_auto/d_ecommerce:backend-fallback.png/MAT_113277_PCE_LV"
Buljons Natur Compagnie dārzeņu BIO 84g,rimi.lv,2.75,1.89,22.50,€/kg,"https://rimibaltic-res.cloudinary.com/image/upload/b_white,c_limit,dpr_auto,f_webp,q_auto:low,w_auto/d_ecommerce:backend-fallback.png/MAT_142809_PCE_LV"
Bekons amerikāņu gaumē Rakvere a/k 1kg,rimi.lv,15.59,12.99,12.99,€/kg,"https://rimibaltic-res.cloudinary.com/image/upload/b_white,c_limit,dpr_auto,f_webp,q_auto:low,w_auto/d_ecommerce:backend-fallback.png/MAT_946808_PCE_LV"
"Alus Tērvete bezalkoholiskais 0,5l",rimi.lv,,1.09,2.18,€/l,"https://rimibaltic-res.cloudinary.com/image/upload/b_white,c_limit,dpr_auto,f_webp,q_auto:low,w_auto/d_ecommerce:backend-fallback.png/MAT_1365869_PCE_LV"
Zefīrs Skrīveru ar Gotiņas garšu 170g,rimi.lv,2.55,1.79,10.53,€/kg,"https://rimibaltic-res.cloudinary.com/image/upload/b_white,c_limit,dpr_auto,f_webp,q_auto:low,w_auto/d_ecommerce:backend-fallback.png/MAT_1006752_PCE_LV"
Tīr.līdz. grīdām Tri-bio mājdz.dr. 890ml,rimi.lv,4.69,2.99,3.56,€/l,"https://rimibaltic-res.cloudinary.com/image/upload/b_white,c_limit,dpr_auto,f_webp,q_auto:low,w_auto/d_ecommerce:backend-fallback.png/MAT_7259252_PCE_LV"
Karbonāde Gurmānu vārīta kg,rimi.lv,9.99,7.99,7.99,€/kg,"https://rimibaltic-res.cloudinary.com/image/upload/b_white,c_limit,dpr_auto,f_webp,q_auto:low,w_auto/d_ecommerce:backend-fallback.png/MAT_989441_KGM_LV"
R. piena prod. Lakto Graudi aveņu -gran. 270g,rimi.lv,1.59,1.29,4.78,€/kg,"https://rimibaltic-res.cloudinary.com/image/upload/b_white,c_limit,dpr_auto,f_webp,q_auto:low,w_auto/d_ecommerce:backend-fallback.png/MAT_988202_PCE_LV"
"Dzēriens Rimi Pink Tonic gāzēts 1,5l",rimi.lv,1.49,1.29,0.86,€/l,"https://rimibaltic-res.cloudinary.com/image/upload/b_white,c_limit,dpr_auto,f_webp,q_auto:low,w_auto/d_ecommerce:backend-fallback.png/MAT_1374801_PCE_LV"
"Sidrs Somersby Mandarin bezalkoholiskais 0,5l",rimi.lv,1.99,1.39,2.78,€/l,"https://rimibaltic-res.cloudinary.com/image/upload/b_white,c_limit,dpr_auto,f_webp,q_auto:low,w_auto/d_ecommerce:backend-fallback.png/MAT_1374096_PCE_LV"
"Dzēr. Tērvete ar ananāsu-koksriekstu g. 1,5l",rimi.lv,1.49,1.05,0.70,€/l,"https://rimibaltic-res.cloudinary.com/image/upload/b_white,c_limit,dpr_auto,f_webp,q_auto:low,w_auto/d_ecommerce:backend-fallback.png/MAT_1375457_PCE_LV"
Pica Suprema Salame Romano 487g,rimi.lv,6.99,5.59,11.48,€/kg,"https://rimibaltic-res.cloudinary.com/image/upload/b_white,c_limit,dpr_auto,f_webp,q_auto:low,w_auto/d_ecommerce:backend-fallback.png/MAT_4008116_PCE_LV"
Garšviela cūkgaļai Spilva 28g,rimi.lv,1.15,0.81,28.93,€/kg,"https://rimibaltic-res.cloudinary.com/image/upload/b_white,c_limit,dpr_auto,f_webp,q_auto:low,w_auto/d_ecommerce:backend-fallback.png/MAT_1021193_PCE_LV"
Cepumi Salling ar tumšo šokolādi 250g,rimi.lv,3.79,3.25,13.00,€/kg,"https://rimibaltic-res.cloudinary.com/image/upload/b_white,c_limit,dpr_auto,f_webp,q_auto:low,w_auto/d_ecommerce:backend-fallback.png/MAT_816775_PCE_LV"
Ūdens filtrs Brita MXpro pure perf.,rimi.lv,10.99,7.69,,,"https://rimibaltic-res.cloudinary.com/image/upload/b_white,c_limit,dpr_auto,f_webp,q_auto:low,w_auto/d_ecommerce:backend-fallback.png/MAT_7313754_PCE_LV"
Uzkoda kaķiem Salling ar vistu un sieru 60g,rimi.lv,0.89,0.66,11.00,€/kg,"https://rimibaltic-res.cloudinary.com/image/upload/b_white,c_limit,dpr_auto,f_webp,q_auto:low,w_auto/d_ecommerce:backend-fallback.png/MAT_817543_PCE_LV"
"Čipsi Estrella ar gurķu, sk.krēj. garšu 170g",rimi.lv,2.79,1.99,11.71,€/kg,"https://rimibaltic-res.cloudinary.com/image/upload/b_white,c_limit,dpr_auto,f_webp,q_auto:low,w_auto/d_ecommerce:backend-fallback.png/MAT_1021506_PCE_LV"
Mednieku desiņas Kurzemes Gaļsaimnieks 420g,rimi.lv,2.39,2.15,5.12,€/kg,"https://rimibaltic-res.cloudinary.com/image/upload/b_white,c_limit,dpr_auto,f_webp,q_auto:low,w_auto/d_ecommerce:backend-fallback.png/MAT_4011139_PCE_LV"
Konservi kaķiem Encore vista ar pīli 70g,rimi.lv,1.75,1.29,18.43,€/kg,"https://rimibaltic-res.cloudinary.com/image/upload/b_white,c_limit,dpr_auto,f_webp,q_auto:low,w_auto/d_ecommerce:backend-fallback.png/MAT_7319273_PCE_LV"
Kukurūzas pārsl.putra 100% Hipp BIO 200g,rimi.lv,4.69,3.49,17.45,€/kg,"https://rimibaltic-res.cloudinary.com/image/upload/b_white,c_limit,dpr_auto,f_webp,q_auto:low,w_auto/d_ecommerce:backend-fallback.png/MAT_7092436_PCE_LV"
Dušas želeja Palmolive Black Orchide 750ml,rimi.lv,10.49,5.29,7.05,€/l,"https://rimibaltic-res.cloudinary.com/image/upload/b_white,c_limit,dpr_auto,f_webp,q_auto:low,w_auto/d_ecommerce:backend-fallback.png/MAT_7043922_PCE_LV"
Vaska strēm. Veet Cold Wax Sensitive 12 gab.,rimi.lv,7.99,7.19,,,"https://rimibaltic-res.cloudinary.com/image/upload/b_white,c_limit,dpr_auto,f_webp,q_auto:low,w_auto/d_ecommerce:backend-fallback.png/MAT_658563_PCE_LV"
Matu krāsa Syoss color 8-7 medus blonds,rimi.lv,10.59,6.79,,,"https://rimibaltic-res.cloudinary.com/image/upload/b_white,c_limit,dpr_auto,f_webp,q_auto:low,w_auto/d_ecommerce:backend-fallback.png/MAT_791981_PCE_LV"
"Biezsula Semper jogurts,ban.,aprik. 6m. 90g",rimi.lv,,1.15,12.78,€/kg,"https://rimibaltic-res.cloudinary.com/image/upload/b_white,c_limit,dpr_auto,f_webp,q_auto:low,w_auto/d_ecommerce:backend-fallback.png/MAT_7070210_PCE_LV"
Hig. pak. Libresse maxi normal 10gab.,rimi.lv,2.29,1.95,,,"https://rimibaltic-res.cloudinary.com/image/upload/b_white,c_limit,dpr_auto,f_webp,q_auto:low,w_auto/d_ecommerce:backend-fallback.png/MAT_401703_PCE_LV"
Kanēlis Santa Maria malts 22g,rimi.lv,1.39,1.29,58.64,€/kg,"https://rimibaltic-res.cloudinary.com/image/upload/b_white,c_limit,dpr_auto,f_webp,q_auto:low,w_auto/d_ecommerce:backend-fallback.png/MAT_100376_PCE_LV"
Lavašs Gruzīnu ovāls 200g,rimi.lv,1.93,1.59,7.95,€/kg,"https://rimibaltic-res.cloudinary.com/image/upload/b_white,c_limit,dpr_auto,f_webp,q_auto:low,w_auto/d_ecommerce:backend-fallback.png/MAT_291056_PCE_LV"
Torte biezpiena  Smiltene ar mellenēm 500g,rimi.lv,5.49,4.89,9.78,€/kg,"https://rimibaltic-res.cloudinary.com/image/upload/b_white,c_limit,dpr_auto,f_webp,q_auto:low,w_auto/d_ecommerce:backend-fallback.png/MAT_299008_PCE_LV"
Vistas rulete kg,rimi.lv,12.89,9.99,9.99,€/kg,"https://rimibaltic-res.cloudinary.com/image/upload/b_white,c_limit,dpr_auto,f_webp,q_auto:low,w_auto/d_ecommerce:backend-fallback.png/MAT_916603_KGM_LV"
"Saulespuķu sēklas Rimi melnās,grauzdētas 300g",rimi.lv,2.99,1.99,6.63,€/kg,"https://rimibaltic-res.cloudinary.com/image/upload/b_white,c_limit,dpr_auto,f_webp,q_auto:low,w_auto/d_ecommerce:backend-fallback.png/MAT_812437_PCE_LV"
"Sidrs Somersby bumbiera bezalkoholisks 0,5l",rimi.lv,1.99,1.39,2.78,€/l,"https://rimibaltic-res.cloudinary.com/image/upload/b_white,c_limit,dpr_auto,f_webp,q_auto:low,w_auto/d_ecommerce:backend-fallback.png/MAT_1367086_PCE_LV"
Veļas mazg. līdzeklis Perwoll Color 60MR 3l,rimi.lv,20.39,11.99,4.00,€/l,"https://rimibaltic-res.cloudinary.com/image/upload/b_white,c_limit,dpr_auto,f_webp,q_auto:low,w_auto/d_ecommerce:backend-fallback.png/MAT_7293574_PCE_LV"
Saldējums Oga jogurta zemeņu 80ml/54g,rimi.lv,1.09,0.69,12.78,€/kg,"https://rimibaltic-res.cloudinary.com/image/upload/b_white,c_limit,dpr_auto,f_webp,q_auto:low,w_auto/d_ecommerce:backend-fallback.png/MAT_4003076_PCE_LV"
Saldējums Oga jogurta persiku 80ml/55g,rimi.lv,1.09,0.69,12.78,€/kg,"https://rimibaltic-res.cloudinary.com/image/upload/b_white,c_limit,dpr_auto,f_webp,q_auto:low,w_auto/d_ecommerce:backend-fallback.png/MAT_4003077_PCE_LV"
Konfektes Rimi ar augļu garšu 16g,rimi.lv,0.55,0.45,28.12,€/kg,"https://rimibaltic-res.cloudinary.com/image/upload/b_white,c_limit,dpr_auto,f_webp,q_auto:low,w_auto/d_ecommerce:backend-fallback.png/MAT_815911_PCE_LV"
Zupa kaķiem Felix Soup Origin. ar zivīm 6x48g,rimi.lv,,1.99,6.91,€/kg,"https://rimibaltic-res.cloudinary.com/image/upload/b_white,c_limit,dpr_auto,f_webp,q_auto:low,w_auto/d_ecommerce:backend-fallback.png/MAT_7304594_PCE_LV"
"Kons.kaķ. Purrrfect ar zivi, mājp.gaļu 4x100g",rimi.lv,1.19,1.05,2.62,€/kg,"https://rimibaltic-res.cloudinary.com/image/upload/b_white,c_limit,dpr_auto,f_webp,q_auto:low,w_auto/d_ecommerce:backend-fallback.png/MAT_816057_PCE_LV"
Siers Maasdam Deli Q 250g,rimi.lv,3.99,3.49,13.96,€/kg,"https://rimibaltic-res.cloudinary.com/image/upload/b_white,c_limit,dpr_auto,f_webp,q_auto:low,w_auto/d_ecommerce:backend-fallback.png/MAT_4006955_PCE_LV"
"Sula Cido Kids Paw Patrol ogu ar sald. 0,2l",rimi.lv,0.64,0.45,2.25,€/l,"https://rimibaltic-res.cloudinary.com/image/upload/b_white,c_limit,dpr_auto,f_webp,q_auto:low,w_auto/d_ecommerce:backend-fallback.png/MAT_1020823_PCE_LV"
"Tumšā šok.Laima Lukss ķirš., mand. 90g",rimi.lv,2.99,2.19,24.33,€/kg,"https://rimibaltic-res.cloudinary.com/image/upload/b_white,c_limit,dpr_auto,f_webp,q_auto:low,w_auto/d_ecommerce:backend-fallback.png/MAT_1020816_PCE_LV"
Melnie pipari Spilva malti 18g,rimi.lv,1.09,0.76,42.22,€/kg,"https://rimibaltic-res.cloudinary.com/image/upload/b_white,c_limit,dpr_auto,f_webp,q_auto:low,w_auto/d_ecommerce:backend-fallback.png/MAT_1020747_PCE_LV"
Zobu pasta Colgate Advance White Purple 75ml,rimi.lv,3.29,2.45,32.67,€/l,"https://rimibaltic-res.cloudinary.com/image/upload/b_white,c_limit,dpr_auto,f_webp,q_auto:low,w_auto/d_ecommerce:backend-fallback.png/MAT_7310506_PCE_LV"
Colgate Zobu Suka 360 Black Mīksta,rimi.lv,5.69,3.69,,,"https://rimibaltic-res.cloudinary.com/image/upload/b_white,c_limit,dpr_auto,f_webp,q_auto:low,w_auto/d_ecommerce:backend-fallback.png/MAT_7113882_PCE_LV"
"Kazas piena maisijums Kabrita3,12m, 800g",rimi.lv,41.99,33.49,41.86,€/kg,"https://rimibaltic-res.cloudinary.com/image/upload/b_white,c_limit,dpr_auto,f_webp,q_auto:low,w_auto/d_ecommerce:backend-fallback.png/MAT_7189428_PCE_LV"
"Biezsula Semper ābolu, mango 6m. 90g",rimi.lv,,1.15,12.78,€/kg,"https://rimibaltic-res.cloudinary.com/image/upload/b_white,c_limit,dpr_auto,f_webp,q_auto:low,w_auto/d_ecommerce:backend-fallback.png/MAT_7050868_PCE_LV"
"Biks. HuggiesPants MP5,12-17kg Boy,48gb",rimi.lv,18.69,12.99,,,"https://rimibaltic-res.cloudinary.com/image/upload/b_white,c_limit,dpr_auto,f_webp,q_auto:low,w_auto/d_ecommerce:backend-fallback.png/MAT_7158516_PCE_LV"
Graudu sausmaizītes Finn Crisp 175g,rimi.lv,2.15,1.85,10.57,€/kg,"https://rimibaltic-res.cloudinary.com/image/upload/b_white,c_limit,dpr_auto,f_webp,q_auto:low,w_auto/d_ecommerce:backend-fallback.png/MAT_103131_PCE_LV"
Cepumi ar šokolādes pildījumu bez cukura 250g,rimi.lv,2.69,2.25,9.00,€/kg,"https://rimibaltic-res.cloudinary.com/image/upload/b_white,c_limit,dpr_auto,f_webp,q_auto:low,w_auto/d_ecommerce:backend-fallback.png/MAT_164612_PCE_LV"
Kokosr. eļļa The Beginnings BIO rafin. 400ml,rimi.lv,6.39,4.99,12.47,€/l,"https://rimibaltic-res.cloudinary.com/image/upload/b_white,c_limit,dpr_auto,f_webp,q_auto:low,w_auto/d_ecommerce:backend-fallback.png/MAT_180429_PCE_LV"
Vītināta cūkgaļas fileja Serrano šķēlēs 80g,rimi.lv,3.09,2.69,33.63,€/kg,"https://rimibaltic-res.cloudinary.com/image/upload/b_white,c_limit,dpr_auto,f_webp,q_auto:low,w_auto/d_ecommerce:backend-fallback.png/MAT_999441_PCE_LV"
Batoniņš The Begginings Flapjack ananāsu 60g,rimi.lv,1.69,1.29,21.50,€/kg,"https://rimibaltic-res.cloudinary.com/image/upload/b_white,c_limit,dpr_auto,f_webp,q_auto:low,w_auto/d_ecommerce:backend-fallback.png/MAT_1011855_PCE_LV"
Cepumi Selga šok. braunija un lazdu r. 180g,rimi.lv,1.69,1.29,7.17,€/kg,"https://rimibaltic-res.cloudinary.com/image/upload/b_white,c_limit,dpr_auto,f_webp,q_auto:low,w_auto/d_ecommerce:backend-fallback.png/MAT_1023261_PCE_LV"
Želejkonf. Rowntrees Pastilles augļu g. 143g,rimi.lv,1.99,1.49,10.42,€/kg,"https://rimibaltic-res.cloudinary.com/image/upload/b_white,c_limit,dpr_auto,f_webp,q_auto:low,w_auto/d_ecommerce:backend-fallback.png/MAT_1023339_PCE_LV"
Kaķu gardumi Dreamies Meaty ar vistu 6x5g,rimi.lv,2.09,1.39,46.33,€/kg,"https://rimibaltic-res.cloudinary.com/image/upload/b_white,c_limit,dpr_auto,f_webp,q_auto:low,w_auto/d_ecommerce:backend-fallback.png/MAT_7319339_PCE_LV"
Kaķu gardumi Dreamies Meaty ar lašu 6x5g,rimi.lv,2.09,1.39,46.33,€/kg,"https://rimibaltic-res.cloudinary.com/image/upload/b_white,c_limit,dpr_auto,f_webp,q_auto:low,w_auto/d_ecommerce:backend-fallback.png/MAT_7319338_PCE_LV"
Matu kr.Syoss color 4-2 sarkankoka br.,rimi.lv,10.59,7.19,,,"https://rimibaltic-res.cloudinary.com/image/upload/b_white,c_limit,dpr_auto,f_webp,q_auto:low,w_auto/d_ecommerce:backend-fallback.png/MAT_791969_PCE_LV"
Matu krāsa Syoss vēsi platīnblonds 12-59,rimi.lv,10.59,6.79,,,"https://rimibaltic-res.cloudinary.com/image/upload/b_white,c_limit,dpr_auto,f_webp,q_auto:low,w_auto/d_ecommerce:backend-fallback.png/MAT_7185338_PCE_LV"
Āboli ar banāniem tūbiņā Hipp BIO 100g,rimi.lv,1.69,1.25,12.50,€/kg,"https://rimibaltic-res.cloudinary.com/image/upload/b_white,c_limit,dpr_auto,f_webp,q_auto:low,w_auto/d_ecommerce:backend-fallback.png/MAT_7159147_PCE_LV"
Zobu birste Colgate slim black soft,rimi.lv,4.89,3.09,,,"https://rimibaltic-res.cloudinary.com/image/upload/b_white,c_limit,dpr_auto,f_webp,q_auto:low,w_auto/d_ecommerce:backend-fallback.png/MAT_7083764_PCE_LV"
Baklažānu ikri Janarat 470g,rimi.lv,5.19,3.99,8.49,€/kg,"https://rimibaltic-res.cloudinary.com/image/upload/b_white,c_limit,dpr_auto,f_webp,q_auto:low,w_auto/d_ecommerce:backend-fallback.png/MAT_195136_PCE_LV"
Konstr. Klucīšu kārba 10913,rimi.lv,36.49,25.49,,,"https://rimibaltic-res.cloudinary.com/image/upload/b_white,c_limit,dpr_auto,f_webp,q_auto:low,w_auto/d_ecommerce:backend-fallback.png/MAT_7225413_PCE_LV"
Gaļas kopējā garšviela Santa Maria 290g,rimi.lv,5.69,4.39,15.14,€/kg,"https://rimibaltic-res.cloudinary.com/image/upload/b_white,c_limit,dpr_auto,f_webp,q_auto:low,w_auto/d_ecommerce:backend-fallback.png/MAT_134098_PCE_LV"
Kartup. biezputra Maggi ar krējumu ā. p. 35g,rimi.lv,0.79,0.55,15.71,€/kg,"https://rimibaltic-res.cloudinary.com/image/upload/b_white,c_limit,dpr_auto,f_webp,q_auto:low,w_auto/d_ecommerce:backend-fallback.png/MAT_138797_PCE_LV"
Sausā zupa Knorr siera 22g,rimi.lv,0.79,0.55,25.00,€/kg,"https://rimibaltic-res.cloudinary.com/image/upload/b_white,c_limit,dpr_auto,f_webp,q_auto:low,w_auto/d_ecommerce:backend-fallback.png/MAT_162632_PCE_LV"
Konfektes Laima Rīts kg,rimi.lv,18.99,12.99,12.99,€/kg,"https://rimibaltic-res.cloudinary.com/image/upload/b_white,c_limit,dpr_auto,f_webp,q_auto:low,w_auto/d_ecommerce:backend-fallback.png/MAT_164032_KGM_LV"
Karameles Bārbele 1kg,rimi.lv,6.99,5.99,5.99,€/kg,"https://rimibaltic-res.cloudinary.com/image/upload/b_white,c_limit,dpr_auto,f_webp,q_auto:low,w_auto/d_ecommerce:backend-fallback.png/MAT_164038_KGM_LV"
Vafeļu stobriņi ar vaniļas pildījumu 1kg,rimi.lv,7.49,6.49,6.49,€/kg,"https://rimibaltic-res.cloudinary.com/image/upload/b_white,c_limit,dpr_auto,f_webp,q_auto:low,w_auto/d_ecommerce:backend-fallback.png/MAT_119879_KGM_LV"
Trifeles Pergale Original 200g,rimi.lv,3.99,2.69,13.45,€/kg,"https://rimibaltic-res.cloudinary.com/image/upload/b_white,c_limit,dpr_auto,f_webp,q_auto:low,w_auto/d_ecommerce:backend-fallback.png/MAT_140870_PCE_LV"
Kart. biezp. Maggi 5 minutes sīpol. 59g,rimi.lv,1.99,1.39,23.56,€/kg,"https://rimibaltic-res.cloudinary.com/image/upload/b_white,c_limit,dpr_auto,f_webp,q_auto:low,w_auto/d_ecommerce:backend-fallback.png/MAT_195098_PCE_LV"
"Kaķu barība Josicat sterilised classic 1,9kg",rimi.lv,,6.54,3.44,€/kg,"https://rimibaltic-res.cloudinary.com/image/upload/b_white,c_limit,dpr_auto,f_webp,q_auto:low,w_auto/d_ecommerce:backend-fallback.png/MAT_7292700_PCE_LV"
Siera uzkoda Tere ar zaļumiem 200g,rimi.lv,2.99,2.24,11.20,€/kg,"https://rimibaltic-res.cloudinary.com/image/upload/b_white,c_limit,dpr_auto,f_webp,q_auto:low,w_auto/d_ecommerce:backend-fallback.png/MAT_4004370_PCE_LV"
Kausētais siers Baltais ar trifelēm 180g,rimi.lv,2.29,1.79,9.94,€/kg,"https://rimibaltic-res.cloudinary.com/image/upload/b_white,c_limit,dpr_auto,f_webp,q_auto:low,w_auto/d_ecommerce:backend-fallback.png/MAT_4004761_PCE_LV"
Krekeri Laurieri Scrocchi ar rozmarīnu 175g,rimi.lv,2.69,1.99,11.37,€/kg,"https://rimibaltic-res.cloudinary.com/image/upload/b_white,c_limit,dpr_auto,f_webp,q_auto:low,w_auto/d_ecommerce:backend-fallback.png/MAT_1017080_PCE_LV"
Vafeles Roshen ar citronu pildījumu 216g,rimi.lv,1.99,1.49,6.90,€/kg,"https://rimibaltic-res.cloudinary.com/image/upload/b_white,c_limit,dpr_auto,f_webp,q_auto:low,w_auto/d_ecommerce:backend-fallback.png/MAT_1018965_PCE_LV"
Veļas salvetes Vanish 60MR 30gab.,rimi.lv,11.45,8.49,,,"https://rimibaltic-res.cloudinary.com/image/upload/b_white,c_limit,dpr_auto,f_webp,q_auto:low,w_auto/d_ecommerce:backend-fallback.png/MAT_7301980_PCE_LV"
Zemesrieksti apvalkā Rimi krējuma garša 140g,rimi.lv,1.89,1.49,10.64,€/kg,"https://rimibaltic-res.cloudinary.com/image/upload/b_white,c_limit,dpr_auto,f_webp,q_auto:low,w_auto/d_ecommerce:backend-fallback.png/MAT_1022416_PCE_LV"
Dušas želeja Dove Juicy Hydrate 450ml,rimi.lv,6.89,4.39,9.76,€/l,"https://rimibaltic-res.cloudinary.com/image/upload/b_white,c_limit,dpr_auto,f_webp,q_auto:low,w_auto/d_ecommerce:backend-fallback.png/MAT_7314653_PCE_LV"
Šķidrās ziepes Palmolive Anti Odor 500ml,rimi.lv,4.59,3.49,6.98,€/l,"https://rimibaltic-res.cloudinary.com/image/upload/b_white,c_limit,dpr_auto,f_webp,q_auto:low,w_auto/d_ecommerce:backend-fallback.png/MAT_7073691_PCE_LV"
Autiņbiksītes Pampers Premium Care S1 26gb,rimi.lv,8.29,5.99,,,"https://rimibaltic-res.cloudinary.com/image/upload/b_white,c_limit,dpr_auto,f_webp,q_auto:low,w_auto/d_ecommerce:backend-fallback.png/MAT_7130494_PCE_LV"
Nakts krēms Nivea Cellular Anti-Age 50ml,rimi.lv,20.79,14.79,295.80,€/l,"https://rimibaltic-res.cloudinary.com/image/upload/b_white,c_limit,dpr_auto,f_webp,q_auto:low,w_auto/d_ecommerce:backend-fallback.png/MAT_7058085_PCE_LV"
Ikdienas ieliktnīši Libresse Normal 58 gab.,rimi.lv,3.49,2.99,,,"https://rimibaltic-res.cloudinary.com/image/upload/b_white,c_limit,dpr_auto,f_webp,q_auto:low,w_auto/d_ecommerce:backend-fallback.png/MAT_7066287_PCE_LV"
Dušas želeja Palmolive extreme wave 250ml,rimi.lv,4.89,3.39,13.56,€/l,"https://rimibaltic-res.cloudinary.com/image/upload/b_white,c_limit,dpr_auto,f_webp,q_auto:low,w_auto/d_ecommerce:backend-fallback.png/MAT_7018901_PCE_LV"
Zobu birste Sensodyne Multi Care Soft,rimi.lv,5.39,3.99,,,"https://rimibaltic-res.cloudinary.com/image/upload/b_white,c_limit,dpr_auto,f_webp,q_auto:low,w_auto/d_ecommerce:backend-fallback.png/MAT_443005_PCE_LV"
Marināde Santa Maria saldā čili 75g,rimi.lv,1.09,0.89,11.87,€/kg,"https://rimibaltic-res.cloudinary.com/image/upload/b_white,c_limit,dpr_auto,f_webp,q_auto:low,w_auto/d_ecommerce:backend-fallback.png/MAT_107583_PCE_LV"
Šokolādes konfektes Vāverīte 160g,rimi.lv,3.99,2.39,14.94,€/kg,"https://rimibaltic-res.cloudinary.com/image/upload/b_white,c_limit,dpr_auto,f_webp,q_auto:low,w_auto/d_ecommerce:backend-fallback.png/MAT_165894_PCE_LV"
Zilā pelējuma siers Fourme D'ambert 50%,rimi.lv,18.19,17.49,17.49,€/kg,"https://rimibaltic-res.cloudinary.com/image/upload/b_white,c_limit,dpr_auto,f_webp,q_auto:low,w_auto/d_ecommerce:backend-fallback.png/MAT_913485_KGM_LV"
Siers Jaunpils Mednieku kūpināts 45% 240g,rimi.lv,3.79,2.99,12.46,€/kg,"https://rimibaltic-res.cloudinary.com/image/upload/b_white,c_limit,dpr_auto,f_webp,q_auto:low,w_auto/d_ecommerce:backend-fallback.png/MAT_914010_PCE_LV"
Maize Zeltene sēklu 390g,rimi.lv,1.29,0.99,2.54,€/kg,"https://rimibaltic-res.cloudinary.com/image/upload/b_white,c_limit,dpr_auto,f_webp,q_auto:low,w_auto/d_ecommerce:backend-fallback.png/MAT_930895_PCE_LV"
Skābas želejkonfektes Kola Rimi 100g,rimi.lv,0.95,0.79,7.90,€/kg,"https://rimibaltic-res.cloudinary.com/image/upload/b_white,c_limit,dpr_auto,f_webp,q_auto:low,w_auto/d_ecommerce:backend-fallback.png/MAT_812313_PCE_LV"
"Mellenes fasētas, 250g",rimi.lv,4.99,3.49,13.96,€/kg,"https://rimibaltic-res.cloudinary.com/image/upload/b_white,c_limit,dpr_auto,f_webp,q_auto:low,w_auto/d_ecommerce:backend-fallback.png/MAT_207905_PCE_LV"
Āboli Skrīveru piena šokolādē 100g,rimi.lv,3.79,2.79,27.90,€/kg,"https://rimibaltic-res.cloudinary.com/image/upload/b_white,c_limit,dpr_auto,f_webp,q_auto:low,w_auto/d_ecommerce:backend-fallback.png/MAT_185293_PCE_LV"
Zefīrs Skrīveru ar zemeņu garšu 170g,rimi.lv,2.79,1.79,10.53,€/kg,"https://rimibaltic-res.cloudinary.com/image/upload/b_white,c_limit,dpr_auto,f_webp,q_auto:low,w_auto/d_ecommerce:backend-fallback.png/MAT_1006753_PCE_LV"
Olīveļļa Gustolu Extra Virgin Grecale 750ml,rimi.lv,16.79,8.99,11.99,€/l,"https://rimibaltic-res.cloudinary.com/image/upload/b_white,c_limit,dpr_auto,f_webp,q_auto:low,w_auto/d_ecommerce:backend-fallback.png/MAT_1016675_PCE_LV"
Zefīrs Laima Maigums aveņu 175g,rimi.lv,3.99,2.69,15.37,€/kg,"https://rimibaltic-res.cloudinary.com/image/upload/b_white,c_limit,dpr_auto,f_webp,q_auto:low,w_auto/d_ecommerce:backend-fallback.png/MAT_1020221_PCE_LV"
"Bezalk. dz. augļu vīns Wolu Rabarberu 0,75l",rimi.lv,4.79,3.39,4.52,€/l,"https://rimibaltic-res.cloudinary.com/image/upload/b_white,c_limit,dpr_auto,f_webp,q_auto:low,w_auto/d_ecommerce:backend-fallback.png/MAT_1374082_PCE_LV"
Saldējums B&J Bohemian Raspberry 465ml/403g,rimi.lv,9.99,4.99,12.38,€/kg,"https://rimibaltic-res.cloudinary.com/image/upload/b_white,c_limit,dpr_auto,f_webp,q_auto:low,w_auto/d_ecommerce:backend-fallback.png/MAT_4006333_PCE_LV"
Marc.bat. kakao glazūrā Rimi ar sāļo kar. 40g,rimi.lv,0.69,0.59,14.75,€/kg,"https://rimibaltic-res.cloudinary.com/image/upload/b_white,c_limit,dpr_auto,f_webp,q_auto:low,w_auto/d_ecommerce:backend-fallback.png/MAT_817263_PCE_LV"
Majonēze Dimdiņi klasiskā 250g,rimi.lv,1.79,1.19,4.76,€/kg,"https://rimibaltic-res.cloudinary.com/image/upload/b_white,c_limit,dpr_auto,f_webp,q_auto:low,w_auto/d_ecommerce:backend-fallback.png/MAT_4010016_PCE_LV"
"Ananasu nektārs Don Simon 1,5l",rimi.lv,3.69,2.49,1.66,€/l,"https://rimibaltic-res.cloudinary.com/image/upload/b_white,c_limit,dpr_auto,f_webp,q_auto:low,w_auto/d_ecommerce:backend-fallback.png/MAT_1373632_PCE_LV"
Čipsi Pringles ar siera un sīpolu garšu 125g,rimi.lv,2.59,1.99,15.92,€/kg,"https://rimibaltic-res.cloudinary.com/image/upload/b_white,c_limit,dpr_auto,f_webp,q_auto:low,w_auto/d_ecommerce:backend-fallback.png/MAT_1023786_PCE_LV"
WC bloks Bref Color Auto Active Eucal. 3x50g,rimi.lv,7.55,4.49,29.93,€/kg,"https://rimibaltic-res.cloudinary.com/image/upload/b_white,c_limit,dpr_auto,f_webp,q_auto:low,w_auto/d_ecommerce:backend-fallback.png/MAT_7318328_PCE_LV"
Tunča steiks JW savā sulā 160g/112g,rimi.lv,3.39,2.85,17.81,€/kg,"https://rimibaltic-res.cloudinary.com/image/upload/b_white,c_limit,dpr_auto,f_webp,q_auto:low,w_auto/d_ecommerce:backend-fallback.png/MAT_948729_PCE_LV"
Tual.tīr.līdz.Bref Power Act. Gel Lemon 750ml,rimi.lv,3.89,2.99,3.99,€/l,"https://rimibaltic-res.cloudinary.com/image/upload/b_white,c_limit,dpr_auto,f_webp,q_auto:low,w_auto/d_ecommerce:backend-fallback.png/MAT_7319897_PCE_LV"
Vistas fileja De Lukss Cēzara salātiem 250g,rimi.lv,3.99,3.19,12.76,€/kg,"https://rimibaltic-res.cloudinary.com/image/upload/b_white,c_limit,dpr_auto,f_webp,q_auto:low,w_auto/d_ecommerce:backend-fallback.png/MAT_4012037_PCE_LV"
"Siļķes fileja Zigmas mazsālīta,eļļā 220g",rimi.lv,2.59,1.79,8.14,€/kg,"https://rimibaltic-res.cloudinary.com/image/upload/b_white,c_limit,dpr_auto,f_webp,q_auto:low,w_auto/d_ecommerce:backend-fallback.png/MAT_4012048_PCE_LV"
Trauku mazgāšanas balzāms Tri-bio 420ml,rimi.lv,2.79,1.95,4.64,€/l,"https://rimibaltic-res.cloudinary.com/image/upload/b_white,c_limit,dpr_auto,f_webp,q_auto:low,w_auto/d_ecommerce:backend-fallback.png/MAT_7076319_PCE_LV"
"Dažādu graudu putra,ķirbi Hipp BIO 200g",rimi.lv,4.69,3.49,17.45,€/kg,"https://rimibaltic-res.cloudinary.com/image/upload/b_white,c_limit,dpr_auto,f_webp,q_auto:low,w_auto/d_ecommerce:backend-fallback.png/MAT_7131591_PCE_LV"
"Enerģijas dzēriens Red Bull komplekts 4x0,25l",rimi.lv,6.75,4.99,4.99,€/l,"https://rimibaltic-res.cloudinary.com/image/upload/b_white,c_limit,dpr_auto,f_webp,q_auto:low,w_auto/d_ecommerce:backend-fallback.png/MAT_1350926_PCE_LV"
Nektārs Gutta Max apelsīnu 50% 2l,rimi.lv,4.59,3.69,1.85,€/l,"https://rimibaltic-res.cloudinary.com/image/upload/b_white,c_limit,dpr_auto,f_webp,q_auto:low,w_auto/d_ecommerce:backend-fallback.png/MAT_108219_PCE_LV"
"Biezsula Semper ābolu, zemeņu 6m. 90g",rimi.lv,,1.15,12.78,€/kg,"https://rimibaltic-res.cloudinary.com/image/upload/b_white,c_limit,dpr_auto,f_webp,q_auto:low,w_auto/d_ecommerce:backend-fallback.png/MAT_7050869_PCE_LV"
Košļājamās konfektes Mamba 106g,rimi.lv,1.65,1.39,13.11,€/kg,"https://rimibaltic-res.cloudinary.com/image/upload/b_white,c_limit,dpr_auto,f_webp,q_auto:low,w_auto/d_ecommerce:backend-fallback.png/MAT_170355_PCE_LV"
"Autiņb. I Love Eco Maxi S4 7-17kg,40gb",rimi.lv,10.89,7.99,,,"https://rimibaltic-res.cloudinary.com/image/upload/b_white,c_limit,dpr_auto,f_webp,q_auto:low,w_auto/d_ecommerce:backend-fallback.png/MAT_814013_PCE_LV"
Pilng. uzk. mango-banānu Semper EKO 18g,rimi.lv,1.99,1.39,77.22,€/kg,"https://rimibaltic-res.cloudinary.com/image/upload/b_white,c_limit,dpr_auto,f_webp,q_auto:low,w_auto/d_ecommerce:backend-fallback.png/MAT_7273444_PCE_LV"
Cāļa gaļas Ādaži nageti Zero Oil 300g,rimi.lv,2.99,2.39,7.97,€/kg,"https://rimibaltic-res.cloudinary.com/image/upload/b_white,c_limit,dpr_auto,f_webp,q_auto:low,w_auto/d_ecommerce:backend-fallback.png/MAT_4000991_PCE_LV"
Kon. kaķiem Encore ar tunci. 70g,rimi.lv,1.79,1.29,18.43,€/kg,"https://rimibaltic-res.cloudinary.com/image/upload/b_white,c_limit,dpr_auto,f_webp,q_auto:low,w_auto/d_ecommerce:backend-fallback.png/MAT_7270452_PCE_LV"
Siers Brie French Deli Q 150g,rimi.lv,2.99,2.59,17.27,€/kg,"https://rimibaltic-res.cloudinary.com/image/upload/b_white,c_limit,dpr_auto,f_webp,q_auto:low,w_auto/d_ecommerce:backend-fallback.png/MAT_4006948_PCE_LV"
"Saldēj. Pols auzu cep., aveņu mērce 140ml/75g",rimi.lv,1.79,1.19,15.87,€/kg,"https://rimibaltic-res.cloudinary.com/image/upload/b_white,c_limit,dpr_auto,f_webp,q_auto:low,w_auto/d_ecommerce:backend-fallback.png/MAT_4007891_PCE_LV"
Hig.ieliktnīši Salling bez smaržvielām 46 gab,rimi.lv,1.99,1.79,,,"https://rimibaltic-res.cloudinary.com/image/upload/b_white,c_limit,dpr_auto,f_webp,q_auto:low,w_auto/d_ecommerce:backend-fallback.png/MAT_816807_PCE_LV"
Tiramisu rulete Fazer 450g,rimi.lv,6.59,4.69,10.42,€/kg,"https://rimibaltic-res.cloudinary.com/image/upload/b_white,c_limit,dpr_auto,f_webp,q_auto:low,w_auto/d_ecommerce:backend-fallback.png/MAT_4009726_PCE_LV"
Absorb. pal. PetPerfect mājdz. 60x60cm 10gab.,rimi.lv,,2.24,,,"https://rimibaltic-res.cloudinary.com/image/upload/b_white,c_limit,dpr_auto,f_webp,q_auto:low,w_auto/d_ecommerce:backend-fallback.png/MAT_816739_PCE_LV"
Nektārs Gutta Max ābolu vīnogu 2l,rimi.lv,3.89,2.89,1.45,€/l,"https://rimibaltic-res.cloudinary.com/image/upload/b_white,c_limit,dpr_auto,f_webp,q_auto:low,w_auto/d_ecommerce:backend-fallback.png/MAT_140991_PCE_LV"
Gard. suņiem Pedigree denta stix 45gr.,rimi.lv,1.59,1.05,23.33,€/kg,"https://rimibaltic-res.cloudinary.com/image/upload/b_white,c_limit,dpr_auto,f_webp,q_auto:low,w_auto/d_ecommerce:backend-fallback.png/MAT_119478_PCE_LV"
Konfektes Mentos ar augļu garšu 38g,rimi.lv,0.99,0.65,17.11,€/kg,"https://rimibaltic-res.cloudinary.com/image/upload/b_white,c_limit,dpr_auto,f_webp,q_auto:low,w_auto/d_ecommerce:backend-fallback.png/MAT_100787_PCE_LV"
Baltā šokolāde Schogetten Trilogia 100g,rimi.lv,1.99,1.59,15.90,€/kg,"https://rimibaltic-res.cloudinary.com/image/upload/b_white,c_limit,dpr_auto,f_webp,q_auto:low,w_auto/d_ecommerce:backend-fallback.png/MAT_108573_PCE_LV"
Borščs Maggi ar grauzdiņiem ātri pagatav. 16g,rimi.lv,0.69,0.48,30.00,€/kg,"https://rimibaltic-res.cloudinary.com/image/upload/b_white,c_limit,dpr_auto,f_webp,q_auto:low,w_auto/d_ecommerce:backend-fallback.png/MAT_140057_PCE_LV"
"Kart. čipsi Lay's ,ar krēj., garšaugu g. 130g",rimi.lv,2.69,1.59,12.23,€/kg,"https://rimibaltic-res.cloudinary.com/image/upload/b_white,c_limit,dpr_auto,f_webp,q_auto:low,w_auto/d_ecommerce:backend-fallback.png/MAT_192795_PCE_LV"
Olīveļļa Rimi Extra Light 500ml,rimi.lv,7.29,3.99,7.98,€/l,"https://rimibaltic-res.cloudinary.com/image/upload/b_white,c_limit,dpr_auto,f_webp,q_auto:low,w_auto/d_ecommerce:backend-fallback.png/MAT_803241_PCE_LV"
Bekons dižskabārža kg,rimi.lv,9.99,8.59,8.59,€/kg,"https://rimibaltic-res.cloudinary.com/image/upload/b_white,c_limit,dpr_auto,f_webp,q_auto:low,w_auto/d_ecommerce:backend-fallback.png/MAT_934656_KGM_LV"
Želejkonfektes Trolli persiku gredz.200g,rimi.lv,2.25,1.55,7.75,€/kg,"https://rimibaltic-res.cloudinary.com/image/upload/b_white,c_limit,dpr_auto,f_webp,q_auto:low,w_auto/d_ecommerce:backend-fallback.png/MAT_1000467_PCE_LV"
Vafeles Gullon ar vaniļas pild. bez cuk. 60g,rimi.lv,1.15,0.99,16.50,€/kg,"https://rimibaltic-res.cloudinary.com/image/upload/b_white,c_limit,dpr_auto,f_webp,q_auto:low,w_auto/d_ecommerce:backend-fallback.png/MAT_1001654_PCE_LV"
Granola The Beginnings mango 200g,rimi.lv,4.29,3.69,18.45,€/kg,"https://rimibaltic-res.cloudinary.com/image/upload/b_white,c_limit,dpr_auto,f_webp,q_auto:low,w_auto/d_ecommerce:backend-fallback.png/MAT_1003922_PCE_LV"
Zefīrs Skrīveru ar vaniļas garšu 170g,rimi.lv,2.79,1.79,10.53,€/kg,"https://rimibaltic-res.cloudinary.com/image/upload/b_white,c_limit,dpr_auto,f_webp,q_auto:low,w_auto/d_ecommerce:backend-fallback.png/MAT_1006754_PCE_LV"
Barankas Maiznieks ar vaniļas garšu 280g,rimi.lv,2.79,2.49,8.89,€/kg,"https://rimibaltic-res.cloudinary.com/image/upload/b_white,c_limit,dpr_auto,f_webp,q_auto:low,w_auto/d_ecommerce:backend-fallback.png/MAT_996287_PCE_LV"
Tumšā šokolāde Pergale 85g,rimi.lv,2.39,1.49,17.53,€/kg,"https://rimibaltic-res.cloudinary.com/image/upload/b_white,c_limit,dpr_auto,f_webp,q_auto:low,w_auto/d_ecommerce:backend-fallback.png/MAT_1013187_PCE_LV"
Želejkonfektes Trolli skābie tārpi 200g,rimi.lv,2.25,1.55,7.75,€/kg,"https://rimibaltic-res.cloudinary.com/image/upload/b_white,c_limit,dpr_auto,f_webp,q_auto:low,w_auto/d_ecommerce:backend-fallback.png/MAT_1005067_PCE_LV"
Mandeles Rimi 700g,rimi.lv,14.09,8.45,12.07,€/kg,"https://rimibaltic-res.cloudinary.com/image/upload/b_white,c_limit,dpr_auto,f_webp,q_auto:low,w_auto/d_ecommerce:backend-fallback.png/MAT_815067_PCE_LV"
Ābolu un ķiršu nektārs Rimi 50% 1l,rimi.lv,1.79,1.39,1.39,€/l,"https://rimibaltic-res.cloudinary.com/image/upload/b_white,c_limit,dpr_auto,f_webp,q_auto:low,w_auto/d_ecommerce:backend-fallback.png/MAT_815160_PCE_LV"
Šķ. dzēr. Mokate Latte Matcha Classic 6x14g,rimi.lv,3.29,2.59,30.83,€/kg,"https://rimibaltic-res.cloudinary.com/image/upload/b_white,c_limit,dpr_auto,f_webp,q_auto:low,w_auto/d_ecommerce:backend-fallback.png/MAT_1017319_PCE_LV"
Ābolu biezenis Spilva ar persikiem 300g,rimi.lv,2.15,1.59,5.30,€/kg,"https://rimibaltic-res.cloudinary.com/image/upload/b_white,c_limit,dpr_auto,f_webp,q_auto:low,w_auto/d_ecommerce:backend-fallback.png/MAT_1019563_PCE_LV"
Frī kartupeļi Aviko Garlic&Herbs 600g,rimi.lv,3.49,2.59,4.32,€/kg,"https://rimibaltic-res.cloudinary.com/image/upload/b_white,c_limit,dpr_auto,f_webp,q_auto:low,w_auto/d_ecommerce:backend-fallback.png/MAT_4008738_PCE_LV"
Sald.biezp.Baltais Dubajas šokolādes gar.180g,rimi.lv,1.59,1.29,7.17,€/kg,"https://rimibaltic-res.cloudinary.com/image/upload/b_white,c_limit,dpr_auto,f_webp,q_auto:low,w_auto/d_ecommerce:backend-fallback.png/MAT_4008848_PCE_LV"
Siers cepšanai Rimi 43% 200g,rimi.lv,2.69,2.39,11.95,€/kg,"https://rimibaltic-res.cloudinary.com/image/upload/b_white,c_limit,dpr_auto,f_webp,q_auto:low,w_auto/d_ecommerce:backend-fallback.png/MAT_817187_PCE_LV"
"Desa Salling Dienvidjutlandes, kūp., žāv.100g",rimi.lv,1.69,1.49,14.90,€/kg,"https://rimibaltic-res.cloudinary.com/image/upload/b_white,c_limit,dpr_auto,f_webp,q_auto:low,w_auto/d_ecommerce:backend-fallback.png/MAT_817474_PCE_LV"
Uzkoda kaķiem Salling ar tītaru un jēru 50g,rimi.lv,1.49,1.09,21.80,€/kg,"https://rimibaltic-res.cloudinary.com/image/upload/b_white,c_limit,dpr_auto,f_webp,q_auto:low,w_auto/d_ecommerce:backend-fallback.png/MAT_817545_PCE_LV"
Daļ. mitra uzkoda kaķiem Salling ar lasi 50g,rimi.lv,1.49,1.09,21.80,€/kg,"https://rimibaltic-res.cloudinary.com/image/upload/b_white,c_limit,dpr_auto,f_webp,q_auto:low,w_auto/d_ecommerce:backend-fallback.png/MAT_817546_PCE_LV"
"Sausm.Finn Crisp ar čia sēkl.,jūras sāli 195g",rimi.lv,1.99,1.69,8.67,€/kg,"https://rimibaltic-res.cloudinary.com/image/upload/b_white,c_limit,dpr_auto,f_webp,q_auto:low,w_auto/d_ecommerce:backend-fallback.png/MAT_1023406_PCE_LV"
Čipsi Ādažu uzmini garšu nr.2 130g,rimi.lv,2.49,1.49,11.46,€/kg,"https://rimibaltic-res.cloudinary.com/image/upload/b_white,c_limit,dpr_auto,f_webp,q_auto:low,w_auto/d_ecommerce:backend-fallback.png/MAT_1023533_PCE_LV"
"Pilnv.bar.suņ. Piper ar jēra gaļu, burk. 800g",rimi.lv,3.49,2.69,3.36,€/kg,"https://rimibaltic-res.cloudinary.com/image/upload/b_white,c_limit,dpr_auto,f_webp,q_auto:low,w_auto/d_ecommerce:backend-fallback.png/MAT_7317356_PCE_LV"
"Pudiņš Muller šokolādes vaniļas 2,4% 450g",rimi.lv,2.99,1.79,3.98,€/kg,"https://rimibaltic-res.cloudinary.com/image/upload/b_white,c_limit,dpr_auto,f_webp,q_auto:low,w_auto/d_ecommerce:backend-fallback.png/MAT_4011492_PCE_LV"
Mit.salv. Ultra Compact Poem Ital. 100gab.,rimi.lv,2.99,2.39,,,"https://rimibaltic-res.cloudinary.com/image/upload/b_white,c_limit,dpr_auto,f_webp,q_auto:low,w_auto/d_ecommerce:backend-fallback.png/MAT_7319240_PCE_LV"
Garneles Rimi Mare vār.ar čaul.60/70 ASC 300g,rimi.lv,6.99,3.59,11.97,€/kg,"https://rimibaltic-res.cloudinary.com/image/upload/b_white,c_limit,dpr_auto,f_webp,q_auto:low,w_auto/d_ecommerce:backend-fallback.png/MAT_818928_PCE_LV"
Dušas želeja Nivea lemongrass&oil 250ml,rimi.lv,4.69,3.29,13.16,€/l,"https://rimibaltic-res.cloudinary.com/image/upload/b_white,c_limit,dpr_auto,f_webp,q_auto:low,w_auto/d_ecommerce:backend-fallback.png/MAT_696575_PCE_LV"
Piena mais. Hipp Combiotic 3 no 12 mēn. 500g,rimi.lv,12.49,9.33,18.66,€/kg,"https://rimibaltic-res.cloudinary.com/image/upload/b_white,c_limit,dpr_auto,f_webp,q_auto:low,w_auto/d_ecommerce:backend-fallback.png/MAT_7120140_PCE_LV"
"Gāz.dzēriens Pepsi Cola 0,5L",rimi.lv,,0.69,1.38,€/l,"https://rimibaltic-res.cloudinary.com/image/upload/b_white,c_limit,dpr_auto,f_webp,q_auto:low,w_auto/d_ecommerce:backend-fallback.png/MAT_1360392_PCE_LV"
Skūšanās želeja Gillette Satin Care 200ml,rimi.lv,7.19,5.99,29.95,€/l,"https://rimibaltic-res.cloudinary.com/image/upload/b_white,c_limit,dpr_auto,f_webp,q_auto:low,w_auto/d_ecommerce:backend-fallback.png/MAT_404863_PCE_LV"
Gard. suņiem Pedigree biscrok cepumi 200g,rimi.lv,2.65,1.69,8.45,€/kg,"https://rimibaltic-res.cloudinary.com/image/upload/b_white,c_limit,dpr_auto,f_webp,q_auto:low,w_auto/d_ecommerce:backend-fallback.png/MAT_101039_PCE_LV"
Dilles Santa Maria 7g,rimi.lv,1.05,0.89,127.14,€/kg,"https://rimibaltic-res.cloudinary.com/image/upload/b_white,c_limit,dpr_auto,f_webp,q_auto:low,w_auto/d_ecommerce:backend-fallback.png/MAT_100272_PCE_LV"
Šokolādes batoniņš Kinder Bueno 39g,rimi.lv,1.39,1.09,27.95,€/kg,"https://rimibaltic-res.cloudinary.com/image/upload/b_white,c_limit,dpr_auto,f_webp,q_auto:low,w_auto/d_ecommerce:backend-fallback.png/MAT_132289_PCE_LV"
Šokolāde Schogetten ar lazdu riekstiem 100g,rimi.lv,1.99,1.59,15.90,€/kg,"https://rimibaltic-res.cloudinary.com/image/upload/b_white,c_limit,dpr_auto,f_webp,q_auto:low,w_auto/d_ecommerce:backend-fallback.png/MAT_107823_PCE_LV"
Konfektes Vēsma 1kg,rimi.lv,16.99,12.99,12.99,€/kg,"https://rimibaltic-res.cloudinary.com/image/upload/b_white,c_limit,dpr_auto,f_webp,q_auto:low,w_auto/d_ecommerce:backend-fallback.png/MAT_163740_KGM_LV"
Buljons Gallina Blanca vistas 15x10g,rimi.lv,1.65,1.32,8.80,€/kg,"https://rimibaltic-res.cloudinary.com/image/upload/b_white,c_limit,dpr_auto,f_webp,q_auto:low,w_auto/d_ecommerce:backend-fallback.png/MAT_178123_PCE_LV"
Šokolādes batoniņš Laima Serenāde XL 75g,rimi.lv,1.89,1.39,18.53,€/kg,"https://rimibaltic-res.cloudinary.com/image/upload/b_white,c_limit,dpr_auto,f_webp,q_auto:low,w_auto/d_ecommerce:backend-fallback.png/MAT_181364_PCE_LV"
Rīsu milti Naturalisimo bez lipekļa 900g,rimi.lv,3.49,2.95,3.28,€/kg,"https://rimibaltic-res.cloudinary.com/image/upload/b_white,c_limit,dpr_auto,f_webp,q_auto:low,w_auto/d_ecommerce:backend-fallback.png/MAT_187613_PCE_LV"
Makaroni Knorr Mr Bacon&cheese 71g,rimi.lv,2.15,1.42,20.00,€/kg,"https://rimibaltic-res.cloudinary.com/image/upload/b_white,c_limit,dpr_auto,f_webp,q_auto:low,w_auto/d_ecommerce:backend-fallback.png/MAT_189682_PCE_LV"
Sāls Santa Maria 92g,rimi.lv,1.65,1.35,14.67,€/kg,"https://rimibaltic-res.cloudinary.com/image/upload/b_white,c_limit,dpr_auto,f_webp,q_auto:low,w_auto/d_ecommerce:backend-fallback.png/MAT_191169_PCE_LV"
Siers sniega bumb.ar cieto sier.240/150g,rimi.lv,3.79,2.99,19.93,€/kg,"https://rimibaltic-res.cloudinary.com/image/upload/b_white,c_limit,dpr_auto,f_webp,q_auto:low,w_auto/d_ecommerce:backend-fallback.png/MAT_929406_PCE_LV"
Mērce Santa Maria Āzijas vok saldskābā 150g,rimi.lv,2.85,2.15,14.33,€/kg,"https://rimibaltic-res.cloudinary.com/image/upload/b_white,c_limit,dpr_auto,f_webp,q_auto:low,w_auto/d_ecommerce:backend-fallback.png/MAT_181666_PCE_LV"
Tuncis Vigilante savā sulā 3x80g/3x52g,rimi.lv,4.99,3.59,23.01,€/kg,"https://rimibaltic-res.cloudinary.com/image/upload/b_white,c_limit,dpr_auto,f_webp,q_auto:low,w_auto/d_ecommerce:backend-fallback.png/MAT_954269_PCE_LV"
Gaļa senču marinēta kg,rimi.lv,10.59,8.99,8.99,€/kg,"https://rimibaltic-res.cloudinary.com/image/upload/b_white,c_limit,dpr_auto,f_webp,q_auto:low,w_auto/d_ecommerce:backend-fallback.png/MAT_904013_KGM_LV"
Marcipāna batoniņš Skrīveru tumšajā šok. 40g,rimi.lv,1.29,0.99,24.75,€/kg,"https://rimibaltic-res.cloudinary.com/image/upload/b_white,c_limit,dpr_auto,f_webp,q_auto:low,w_auto/d_ecommerce:backend-fallback.png/MAT_192766_PCE_LV"
Batoniņš The Beginning mango 40g,rimi.lv,1.79,1.49,37.25,€/kg,"https://rimibaltic-res.cloudinary.com/image/upload/b_white,c_limit,dpr_auto,f_webp,q_auto:low,w_auto/d_ecommerce:backend-fallback.png/MAT_1001053_PCE_LV"
Rīsi Garde Manger Frutti Di Mare 400g,rimi.lv,3.99,3.39,8.47,€/kg,"https://rimibaltic-res.cloudinary.com/image/upload/b_white,c_limit,dpr_auto,f_webp,q_auto:low,w_auto/d_ecommerce:backend-fallback.png/MAT_986144_PCE_LV"
Cūkgaļas šķiņķis Nākotne vārīts kg,rimi.lv,9.99,7.99,7.99,€/kg,"https://rimibaltic-res.cloudinary.com/image/upload/b_white,c_limit,dpr_auto,f_webp,q_auto:low,w_auto/d_ecommerce:backend-fallback.png/MAT_999284_KGM_LV"
"Rožu pušķis Rimi 50cm, 9 kāti",rimi.lv,6.99,3.99,,,"https://rimibaltic-res.cloudinary.com/image/upload/b_white,c_limit,dpr_auto,f_webp,q_auto:low,w_auto/d_ecommerce:backend-fallback.png/MAT_815041_PCE_LV"
Tumšā šokol. Pergale ar mango pildījumu 100g,rimi.lv,2.19,1.49,14.90,€/kg,"https://rimibaltic-res.cloudinary.com/image/upload/b_white,c_limit,dpr_auto,f_webp,q_auto:low,w_auto/d_ecommerce:backend-fallback.png/MAT_1015635_PCE_LV"
Siera uzkoda Tere ar papriku 200g,rimi.lv,2.99,2.24,11.20,€/kg,"https://rimibaltic-res.cloudinary.com/image/upload/b_white,c_limit,dpr_auto,f_webp,q_auto:low,w_auto/d_ecommerce:backend-fallback.png/MAT_4004371_PCE_LV"
Kausēt. siers Baltais bazil. pesto mērc. 180g,rimi.lv,2.29,1.79,9.94,€/kg,"https://rimibaltic-res.cloudinary.com/image/upload/b_white,c_limit,dpr_auto,f_webp,q_auto:low,w_auto/d_ecommerce:backend-fallback.png/MAT_4004755_PCE_LV"
Standziņas Latvijas Maiznieks ar dārz. 200g,rimi.lv,3.39,2.55,12.75,€/kg,"https://rimibaltic-res.cloudinary.com/image/upload/b_white,c_limit,dpr_auto,f_webp,q_auto:low,w_auto/d_ecommerce:backend-fallback.png/MAT_1017503_PCE_LV"
Makaroni Selection by Rimi Maccheroni 500g,rimi.lv,2.39,1.79,3.58,€/kg,"https://rimibaltic-res.cloudinary.com/image/upload/b_white,c_limit,dpr_auto,f_webp,q_auto:low,w_auto/d_ecommerce:backend-fallback.png/MAT_815858_PCE_LV"
Kukur. čipsi Doritos ar saldā čili garšu 180g,rimi.lv,3.09,2.15,11.94,€/kg,"https://rimibaltic-res.cloudinary.com/image/upload/b_white,c_limit,dpr_auto,f_webp,q_auto:low,w_auto/d_ecommerce:backend-fallback.png/MAT_1020772_PCE_LV"
Veļas mīkstinātājs Salling Fri 1l,rimi.lv,2.79,2.49,2.49,€/l,"https://rimibaltic-res.cloudinary.com/image/upload/b_white,c_limit,dpr_auto,f_webp,q_auto:low,w_auto/d_ecommerce:backend-fallback.png/MAT_816848_PCE_LV"
Lazanja Semper no 1 gada 235g,rimi.lv,,2.09,8.89,€/kg,"https://rimibaltic-res.cloudinary.com/image/upload/b_white,c_limit,dpr_auto,f_webp,q_auto:low,w_auto/d_ecommerce:backend-fallback.png/MAT_7309975_PCE_LV"
"Kaķu bar.Purina One Sensit. ar tīt., rīs.750g",rimi.lv,6.49,4.19,5.59,€/kg,"https://rimibaltic-res.cloudinary.com/image/upload/b_white,c_limit,dpr_auto,f_webp,q_auto:low,w_auto/d_ecommerce:backend-fallback.png/MAT_7316276_PCE_LV"
Armēņu lavašs Marko's 220g,rimi.lv,2.40,2.15,9.77,€/kg,"https://rimibaltic-res.cloudinary.com/image/upload/b_white,c_limit,dpr_auto,f_webp,q_auto:low,w_auto/d_ecommerce:backend-fallback.png/MAT_4011378_PCE_LV"
"Pudiņš Muller vaniļas ķiršu 2,3% 450g",rimi.lv,2.99,1.79,3.98,€/kg,"https://rimibaltic-res.cloudinary.com/image/upload/b_white,c_limit,dpr_auto,f_webp,q_auto:low,w_auto/d_ecommerce:backend-fallback.png/MAT_4011493_PCE_LV"
Mit.salv. Ultra Compact Poem Espanola 100gab.,rimi.lv,2.99,2.39,,,"https://rimibaltic-res.cloudinary.com/image/upload/b_white,c_limit,dpr_auto,f_webp,q_auto:low,w_auto/d_ecommerce:backend-fallback.png/MAT_7319219_PCE_LV"
Zobu pasta Colgate Advan.White Charcoal 125ml,rimi.lv,3.29,1.99,15.92,€/l,"https://rimibaltic-res.cloudinary.com/image/upload/b_white,c_limit,dpr_auto,f_webp,q_auto:low,w_auto/d_ecommerce:backend-fallback.png/MAT_7320388_PCE_LV"
Kons. steril. kaķ. Brit Premium vistas 100g,rimi.lv,0.85,0.63,6.30,€/kg,"https://rimibaltic-res.cloudinary.com/image/upload/b_white,c_limit,dpr_auto,f_webp,q_auto:low,w_auto/d_ecommerce:backend-fallback.png/MAT_7320060_PCE_LV"
Mutes Skal.līdz. Colgate Cool Mint 500ml,rimi.lv,8.49,5.49,10.98,€/l,"https://rimibaltic-res.cloudinary.com/image/upload/b_white,c_limit,dpr_auto,f_webp,q_auto:low,w_auto/d_ecommerce:backend-fallback.png/MAT_731142_PCE_LV"
Eļļa linsēklu auksti spiesta 200ml,rimi.lv,2.45,2.19,10.95,€/l,"https://rimibaltic-res.cloudinary.com/image/upload/b_white,c_limit,dpr_auto,f_webp,q_auto:low,w_auto/d_ecommerce:backend-fallback.png/MAT_137680_PCE_LV"
Mērce Santa Maria austeru 200ml,rimi.lv,4.65,3.49,17.45,€/l,"https://rimibaltic-res.cloudinary.com/image/upload/b_white,c_limit,dpr_auto,f_webp,q_auto:low,w_auto/d_ecommerce:backend-fallback.png/MAT_104055_PCE_LV"
Kēkss Lāči ar marcipānu 270g,rimi.lv,3.99,3.39,12.56,€/kg,"https://rimibaltic-res.cloudinary.com/image/upload/b_white,c_limit,dpr_auto,f_webp,q_auto:low,w_auto/d_ecommerce:backend-fallback.png/MAT_292785_PCE_LV"
Proteīna batoniņš Better pistāciju 50g,rimi.lv,1.75,1.55,34.44,€/kg,"https://rimibaltic-res.cloudinary.com/image/upload/b_white,c_limit,dpr_auto,f_webp,q_auto:low,w_auto/d_ecommerce:backend-fallback.png/MAT_1004372_PCE_LV"
Zirņi zaļie 500g,rimi.lv,4.99,3.99,7.98,€/kg,"https://rimibaltic-res.cloudinary.com/image/upload/b_white,c_limit,dpr_auto,f_webp,q_auto:low,w_auto/d_ecommerce:backend-fallback.png/MAT_988072_PCE_LV"
Mērce Spilva Street nagetu 220g,rimi.lv,2.59,1.79,8.14,€/kg,"https://rimibaltic-res.cloudinary.com/image/upload/b_white,c_limit,dpr_auto,f_webp,q_auto:low,w_auto/d_ecommerce:backend-fallback.png/MAT_1011440_PCE_LV"
Dezod. Rexona Invisible On Black & White 50ml,rimi.lv,4.89,2.99,59.80,€/l,"https://rimibaltic-res.cloudinary.com/image/upload/b_white,c_limit,dpr_auto,f_webp,q_auto:low,w_auto/d_ecommerce:backend-fallback.png/MAT_7283529_PCE_LV"
Tumšā šokolāde Pergale ar dzērvenēm 85g,rimi.lv,2.39,1.49,17.53,€/kg,"https://rimibaltic-res.cloudinary.com/image/upload/b_white,c_limit,dpr_auto,f_webp,q_auto:low,w_auto/d_ecommerce:backend-fallback.png/MAT_1013188_PCE_LV"
Majonēze Heinz Seriously good 400ml,rimi.lv,3.69,2.99,7.57,€/kg,"https://rimibaltic-res.cloudinary.com/image/upload/b_white,c_limit,dpr_auto,f_webp,q_auto:low,w_auto/d_ecommerce:backend-fallback.png/MAT_921999_PCE_LV"
Olīvu izspaidu eļļa Gustolu 1l,rimi.lv,11.99,4.99,4.99,€/l,"https://rimibaltic-res.cloudinary.com/image/upload/b_white,c_limit,dpr_auto,f_webp,q_auto:low,w_auto/d_ecommerce:backend-fallback.png/MAT_1016677_PCE_LV"
Saldējums Avenei karameļu - brūkleņu 80ml/80g,rimi.lv,2.15,1.79,22.38,€/kg,"https://rimibaltic-res.cloudinary.com/image/upload/b_white,c_limit,dpr_auto,f_webp,q_auto:low,w_auto/d_ecommerce:backend-fallback.png/MAT_4003904_PCE_LV"
Makaroni Selection by Rimi Conchiglie 500g,rimi.lv,2.39,1.79,3.58,€/kg,"https://rimibaltic-res.cloudinary.com/image/upload/b_white,c_limit,dpr_auto,f_webp,q_auto:low,w_auto/d_ecommerce:backend-fallback.png/MAT_815854_PCE_LV"
"Nektārs Don Simon Marakuja 1,5l",rimi.lv,3.99,2.49,1.66,€/l,"https://rimibaltic-res.cloudinary.com/image/upload/b_white,c_limit,dpr_auto,f_webp,q_auto:low,w_auto/d_ecommerce:backend-fallback.png/MAT_1374836_PCE_LV"
Dušas želeja Dove Hydrate 450ml,rimi.lv,7.29,4.69,10.42,€/l,"https://rimibaltic-res.cloudinary.com/image/upload/b_white,c_limit,dpr_auto,f_webp,q_auto:low,w_auto/d_ecommerce:backend-fallback.png/MAT_7304559_PCE_LV"
Kanēlis Spilva malts 23g,rimi.lv,1.19,0.95,41.30,€/kg,"https://rimibaltic-res.cloudinary.com/image/upload/b_white,c_limit,dpr_auto,f_webp,q_auto:low,w_auto/d_ecommerce:backend-fallback.png/MAT_1021194_PCE_LV"
"Enerģijas dzēr. Battery Blue Raspberry 0,5l",rimi.lv,1.55,0.99,1.98,€/l,"https://rimibaltic-res.cloudinary.com/image/upload/b_white,c_limit,dpr_auto,f_webp,q_auto:low,w_auto/d_ecommerce:backend-fallback.png/MAT_1375253_PCE_LV"
Higiēn.paketes Salling bez smaržvielām 20 gab,rimi.lv,1.35,1.19,,,"https://rimibaltic-res.cloudinary.com/image/upload/b_white,c_limit,dpr_auto,f_webp,q_auto:low,w_auto/d_ecommerce:backend-fallback.png/MAT_816802_PCE_LV"
Cepumi Oreo Golden 154g,rimi.lv,2.59,1.79,11.62,€/kg,"https://rimibaltic-res.cloudinary.com/image/upload/b_white,c_limit,dpr_auto,f_webp,q_auto:low,w_auto/d_ecommerce:backend-fallback.png/MAT_1022031_PCE_LV"
Zemesrieksti apvalkā Rimi paprikas garša 140g,rimi.lv,1.89,1.49,10.64,€/kg,"https://rimibaltic-res.cloudinary.com/image/upload/b_white,c_limit,dpr_auto,f_webp,q_auto:low,w_auto/d_ecommerce:backend-fallback.png/MAT_1022415_PCE_LV"
"Zaļā tēja Loyd ar mango garšu 20x1,5g",rimi.lv,2.99,2.09,69.67,€/kg,"https://rimibaltic-res.cloudinary.com/image/upload/b_white,c_limit,dpr_auto,f_webp,q_auto:low,w_auto/d_ecommerce:backend-fallback.png/MAT_1022510_PCE_LV"
"Saldējums Oga melleņu, jogurta glaz. 80ml/54g",rimi.lv,1.09,0.69,12.78,€/kg,"https://rimibaltic-res.cloudinary.com/image/upload/b_white,c_limit,dpr_auto,f_webp,q_auto:low,w_auto/d_ecommerce:backend-fallback.png/MAT_4007575_PCE_LV"
Pica Rīgas Miesnieks Hot Dog salami 551g,rimi.lv,6.99,4.49,8.15,€/kg,"https://rimibaltic-res.cloudinary.com/image/upload/b_white,c_limit,dpr_auto,f_webp,q_auto:low,w_auto/d_ecommerce:backend-fallback.png/MAT_4010037_PCE_LV"
Kaķu bar.Purina One Urin.Health ar vistu 750g,rimi.lv,6.49,4.19,5.59,€/kg,"https://rimibaltic-res.cloudinary.com/image/upload/b_white,c_limit,dpr_auto,f_webp,q_auto:low,w_auto/d_ecommerce:backend-fallback.png/MAT_7316288_PCE_LV"
Kaķēnu barība Purina One Junior ar vistu 750g,rimi.lv,6.49,4.19,5.59,€/kg,"https://rimibaltic-res.cloudinary.com/image/upload/b_white,c_limit,dpr_auto,f_webp,q_auto:low,w_auto/d_ecommerce:backend-fallback.png/MAT_7316297_PCE_LV"
"Tomāti, smalki sagriezti MUTTI, 400g",rimi.lv,2.99,2.39,5.97,€/kg,"https://rimibaltic-res.cloudinary.com/image/upload/b_white,c_limit,dpr_auto,f_webp,q_auto:low,w_auto/d_ecommerce:backend-fallback.png/MAT_964982_PCE_LV"
Kombuča dzīvības dzēr. Maya BIO 330ml,rimi.lv,2.99,1.94,5.88,€/l,"https://rimibaltic-res.cloudinary.com/image/upload/b_white,c_limit,dpr_auto,f_webp,q_auto:low,w_auto/d_ecommerce:backend-fallback.png/MAT_1376461_PCE_LV"
Grildesiņas De Lukss pārgājiena 280g,rimi.lv,3.69,3.19,11.39,€/kg,"https://rimibaltic-res.cloudinary.com/image/upload/b_white,c_limit,dpr_auto,f_webp,q_auto:low,w_auto/d_ecommerce:backend-fallback.png/MAT_4011086_PCE_LV"
Tual.tīr.līdz.Bref Auto Ac.Gel Bl.Fresh 750ml,rimi.lv,4.69,3.29,4.39,€/l,"https://rimibaltic-res.cloudinary.com/image/upload/b_white,c_limit,dpr_auto,f_webp,q_auto:low,w_auto/d_ecommerce:backend-fallback.png/MAT_7319898_PCE_LV"
Siļķu fil.gab.Zigmas marinādē ar sīpol. 370g,rimi.lv,3.99,2.99,8.08,€/kg,"https://rimibaltic-res.cloudinary.com/image/upload/b_white,c_limit,dpr_auto,f_webp,q_auto:low,w_auto/d_ecommerce:backend-fallback.png/MAT_4012039_PCE_LV"
Papildbar. kaķ. Brit Care Soup tītara 75g,rimi.lv,0.99,0.75,10.00,€/kg,"https://rimibaltic-res.cloudinary.com/image/upload/b_white,c_limit,dpr_auto,f_webp,q_auto:low,w_auto/d_ecommerce:backend-fallback.png/MAT_7320044_PCE_LV"
Dezodorants Nivea Fresh Natural rull.sieviešu,rimi.lv,5.79,4.09,81.80,€/l,"https://rimibaltic-res.cloudinary.com/image/upload/b_white,c_limit,dpr_auto,f_webp,q_auto:low,w_auto/d_ecommerce:backend-fallback.png/MAT_406675_PCE_LV"
Skūšanās žel. Gillette Series Sensitive 200ml,rimi.lv,6.99,5.79,28.95,€/l,"https://rimibaltic-res.cloudinary.com/image/upload/b_white,c_limit,dpr_auto,f_webp,q_auto:low,w_auto/d_ecommerce:backend-fallback.png/MAT_401494_PCE_LV"
Zobu p. Parodontax Complete Extra Fresh 75ml,rimi.lv,10.99,8.19,109.20,€/l,"https://rimibaltic-res.cloudinary.com/image/upload/b_white,c_limit,dpr_auto,f_webp,q_auto:low,w_auto/d_ecommerce:backend-fallback.png/MAT_7180699_PCE_LV"
Kafijas pupiņas Jacobs kronung beans 1kg,rimi.lv,29.99,13.99,13.99,€/kg,"https://rimibaltic-res.cloudinary.com/image/upload/b_white,c_limit,dpr_auto,f_webp,q_auto:low,w_auto/d_ecommerce:backend-fallback.png/MAT_182514_PCE_LV"
Sausā zupa Knorr baraviku 15g,rimi.lv,0.79,0.55,34.37,€/kg,"https://rimibaltic-res.cloudinary.com/image/upload/b_white,c_limit,dpr_auto,f_webp,q_auto:low,w_auto/d_ecommerce:backend-fallback.png/MAT_162638_PCE_LV"
Šokolādes konfektes Laima Vētrasputns 160g,rimi.lv,3.99,2.39,14.94,€/kg,"https://rimibaltic-res.cloudinary.com/image/upload/b_white,c_limit,dpr_auto,f_webp,q_auto:low,w_auto/d_ecommerce:backend-fallback.png/MAT_165888_PCE_LV"
Ievārījums Spilva meža ogu 380g,rimi.lv,4.55,3.29,8.66,€/kg,"https://rimibaltic-res.cloudinary.com/image/upload/b_white,c_limit,dpr_auto,f_webp,q_auto:low,w_auto/d_ecommerce:backend-fallback.png/MAT_179941_PCE_LV"
Cūkas pavēdere mājas gaumē k/k kg,rimi.lv,12.99,8.99,8.99,€/kg,"https://rimibaltic-res.cloudinary.com/image/upload/b_white,c_limit,dpr_auto,f_webp,q_auto:low,w_auto/d_ecommerce:backend-fallback.png/MAT_295412_KGM_LV"
Sojas mērce Rimi tumšā 150ml,rimi.lv,3.09,2.48,16.53,€/l,"https://rimibaltic-res.cloudinary.com/image/upload/b_white,c_limit,dpr_auto,f_webp,q_auto:low,w_auto/d_ecommerce:backend-fallback.png/MAT_804032_PCE_LV"
Vafeles ar iebiezināto pienu 340g,rimi.lv,4.19,3.49,10.26,€/kg,"https://rimibaltic-res.cloudinary.com/image/upload/b_white,c_limit,dpr_auto,f_webp,q_auto:low,w_auto/d_ecommerce:backend-fallback.png/MAT_195763_PCE_LV"
Mērce Barilla Napoletana 400g,rimi.lv,3.49,2.44,6.10,€/kg,"https://rimibaltic-res.cloudinary.com/image/upload/b_white,c_limit,dpr_auto,f_webp,q_auto:low,w_auto/d_ecommerce:backend-fallback.png/MAT_106493_PCE_LV"
Rudzu maize Lāči Mājas 700g,rimi.lv,2.95,2.29,3.27,€/kg,"https://rimibaltic-res.cloudinary.com/image/upload/b_white,c_limit,dpr_auto,f_webp,q_auto:low,w_auto/d_ecommerce:backend-fallback.png/MAT_967466_PCE_LV"
Kūka Kūko medus-karameļu 300g,rimi.lv,4.69,4.19,13.97,€/kg,"https://rimibaltic-res.cloudinary.com/image/upload/b_white,c_limit,dpr_auto,f_webp,q_auto:low,w_auto/d_ecommerce:backend-fallback.png/MAT_968880_PCE_LV"
Granola The Beginnings auzu-pekanriekstu 200g,rimi.lv,4.29,3.69,18.45,€/kg,"https://rimibaltic-res.cloudinary.com/image/upload/b_white,c_limit,dpr_auto,f_webp,q_auto:low,w_auto/d_ecommerce:backend-fallback.png/MAT_1002334_PCE_LV"
Karijs Santa Maria 34g,rimi.lv,1.65,1.01,29.71,€/kg,"https://rimibaltic-res.cloudinary.com/image/upload/b_white,c_limit,dpr_auto,f_webp,q_auto:low,w_auto/d_ecommerce:backend-fallback.png/MAT_100570_PCE_LV"
Garneles Rimi 40/50 atlaidin. ASC 300g,rimi.lv,8.79,5.69,18.97,€/kg,"https://rimibaltic-res.cloudinary.com/image/upload/b_white,c_limit,dpr_auto,f_webp,q_auto:low,w_auto/d_ecommerce:backend-fallback.png/MAT_814579_PCE_LV"
"Kvass Valmiermuiža rudzu iesala 0,5l",rimi.lv,2.45,1.79,3.58,€/l,"https://rimibaltic-res.cloudinary.com/image/upload/b_white,c_limit,dpr_auto,f_webp,q_auto:low,w_auto/d_ecommerce:backend-fallback.png/MAT_1372743_PCE_LV"
Kondensētais piens Dovgan 950g,rimi.lv,5.99,4.99,5.25,€/kg,"https://rimibaltic-res.cloudinary.com/image/upload/b_white,c_limit,dpr_auto,f_webp,q_auto:low,w_auto/d_ecommerce:backend-fallback.png/MAT_999007_PCE_LV"
Siers Čederas Red ar Halapenjo pip. kg,rimi.lv,14.99,11.99,11.99,€/kg,"https://rimibaltic-res.cloudinary.com/image/upload/b_white,c_limit,dpr_auto,f_webp,q_auto:low,w_auto/d_ecommerce:backend-fallback.png/MAT_4001211_KGM_LV"
Tomātu mērce Rimi Classic 400g,rimi.lv,1.79,1.49,3.72,€/kg,"https://rimibaltic-res.cloudinary.com/image/upload/b_white,c_limit,dpr_auto,f_webp,q_auto:low,w_auto/d_ecommerce:backend-fallback.png/MAT_815785_PCE_LV"
Krekeri Laurieri Scrocchi ar trifelēm 175g,rimi.lv,2.69,1.99,11.37,€/kg,"https://rimibaltic-res.cloudinary.com/image/upload/b_white,c_limit,dpr_auto,f_webp,q_auto:low,w_auto/d_ecommerce:backend-fallback.png/MAT_1017075_PCE_LV"
Krekeri Laurieri Scrocchi ar olīvām 175g,rimi.lv,2.69,1.99,11.37,€/kg,"https://rimibaltic-res.cloudinary.com/image/upload/b_white,c_limit,dpr_auto,f_webp,q_auto:low,w_auto/d_ecommerce:backend-fallback.png/MAT_1018880_PCE_LV"
"Šķ.mazg.līdz.Woolite Keratine krās. apģ. 2,7l",rimi.lv,14.49,8.79,3.26,€/l,"https://rimibaltic-res.cloudinary.com/image/upload/b_white,c_limit,dpr_auto,f_webp,q_auto:low,w_auto/d_ecommerce:backend-fallback.png/MAT_7301969_PCE_LV"
Zefīrs Laima Maigums ķiršu 175g,rimi.lv,3.99,2.69,15.37,€/kg,"https://rimibaltic-res.cloudinary.com/image/upload/b_white,c_limit,dpr_auto,f_webp,q_auto:low,w_auto/d_ecommerce:backend-fallback.png/MAT_1020232_PCE_LV"
"Suņu bar. Nutribalance ar vistu,jēra g.4x100g",rimi.lv,1.99,1.39,3.47,€/kg,"https://rimibaltic-res.cloudinary.com/image/upload/b_white,c_limit,dpr_auto,f_webp,q_auto:low,w_auto/d_ecommerce:backend-fallback.png/MAT_816140_PCE_LV"
Siers Dublin Dairy Čedaras īru sarkanais 200g,rimi.lv,3.69,3.49,17.45,€/kg,"https://rimibaltic-res.cloudinary.com/image/upload/b_white,c_limit,dpr_auto,f_webp,q_auto:low,w_auto/d_ecommerce:backend-fallback.png/MAT_4007024_PCE_LV"
Svece Bolsius cilindr. ziloņk. 120/58mm,rimi.lv,2.59,1.81,,,"https://rimibaltic-res.cloudinary.com/image/upload/b_white,c_limit,dpr_auto,f_webp,q_auto:low,w_auto/d_ecommerce:backend-fallback.png/MAT_7308796_PCE_LV"
Svece Bolsius cilindr. balta 150/58mm,rimi.lv,3.19,2.23,,,"https://rimibaltic-res.cloudinary.com/image/upload/b_white,c_limit,dpr_auto,f_webp,q_auto:low,w_auto/d_ecommerce:backend-fallback.png/MAT_7308812_PCE_LV"
"LED tējas sveces 4gab, 3,6x4,5cm AW26",rimi.lv,3.99,2.79,,,"https://rimibaltic-res.cloudinary.com/image/upload/b_white,c_limit,dpr_auto,f_webp,q_auto:low,w_auto/d_ecommerce:backend-fallback.png/MAT_7311136_PCE_LV"
Ķiploku maizīte Maiziņš 220g,rimi.lv,1.38,1.09,4.95,€/kg,"https://rimibaltic-res.cloudinary.com/image/upload/b_white,c_limit,dpr_auto,f_webp,q_auto:low,w_auto/d_ecommerce:backend-fallback.png/MAT_4008999_PCE_LV"
"Konf.Laima Braunijs lazdu rieksti,karamele kg",rimi.lv,18.99,12.99,12.99,€/kg,"https://rimibaltic-res.cloudinary.com/image/upload/b_white,c_limit,dpr_auto,f_webp,q_auto:low,w_auto/d_ecommerce:backend-fallback.png/MAT_1021875_KGM_LV"
"Kaķu bar.Gourmet Rev.ar lasi, mērci pas.2x57g",rimi.lv,,1.49,17.53,€/kg,"https://rimibaltic-res.cloudinary.com/image/upload/b_white,c_limit,dpr_auto,f_webp,q_auto:low,w_auto/d_ecommerce:backend-fallback.png/MAT_7313775_PCE_LV"
Krēma kūka Kūko burkānu 300g,rimi.lv,4.99,4.19,13.97,€/kg,"https://rimibaltic-res.cloudinary.com/image/upload/b_white,c_limit,dpr_auto,f_webp,q_auto:low,w_auto/d_ecommerce:backend-fallback.png/MAT_4009723_PCE_LV"
Šķ.mazg.līdz.Salling Fri melnai veļai 750ml,rimi.lv,3.49,3.09,4.12,€/l,"https://rimibaltic-res.cloudinary.com/image/upload/b_white,c_limit,dpr_auto,f_webp,q_auto:low,w_auto/d_ecommerce:backend-fallback.png/MAT_817621_PCE_LV"
"Sausā kaķu bar. Friskies ar vistu, dārz. 800g",rimi.lv,3.59,2.69,3.36,€/kg,"https://rimibaltic-res.cloudinary.com/image/upload/b_white,c_limit,dpr_auto,f_webp,q_auto:low,w_auto/d_ecommerce:backend-fallback.png/MAT_7316037_PCE_LV"
Kukurūzas čipsi Santa Maria salsas g. 160g,rimi.lv,2.49,1.74,10.88,€/kg,"https://rimibaltic-res.cloudinary.com/image/upload/b_white,c_limit,dpr_auto,f_webp,q_auto:low,w_auto/d_ecommerce:backend-fallback.png/MAT_1023353_PCE_LV"
Cepumi Salling ar vaniļas garšu 125g,rimi.lv,1.49,1.29,10.32,€/kg,"https://rimibaltic-res.cloudinary.com/image/upload/b_white,c_limit,dpr_auto,f_webp,q_auto:low,w_auto/d_ecommerce:backend-fallback.png/MAT_818296_PCE_LV"
"Žāv.augļu,riekstu mais.Alis Co Gardēžiem 500g",rimi.lv,9.99,5.99,11.98,€/kg,"https://rimibaltic-res.cloudinary.com/image/upload/b_white,c_limit,dpr_auto,f_webp,q_auto:low,w_auto/d_ecommerce:backend-fallback.png/MAT_1024342_PCE_LV"
Kaķu kons. Felix Deli Moments ar vistu 4x10g,rimi.lv,1.39,1.15,28.75,€/kg,"https://rimibaltic-res.cloudinary.com/image/upload/b_white,c_limit,dpr_auto,f_webp,q_auto:low,w_auto/d_ecommerce:backend-fallback.png/MAT_7319544_PCE_LV"
Kukur. gredzeni Semper ar burkān. 9m. BIO 15g,rimi.lv,1.99,1.39,92.67,€/kg,"https://rimibaltic-res.cloudinary.com/image/upload/b_white,c_limit,dpr_auto,f_webp,q_auto:low,w_auto/d_ecommerce:backend-fallback.png/MAT_7320493_PCE_LV"
Krēmzupa Knorr šampinjonu 15g,rimi.lv,0.79,0.55,36.67,€/kg,"https://rimibaltic-res.cloudinary.com/image/upload/b_white,c_limit,dpr_auto,f_webp,q_auto:low,w_auto/d_ecommerce:backend-fallback.png/MAT_162636_PCE_LV"
Zefīrs šokolādē Maigums 185g,rimi.lv,5.99,3.99,21.57,€/kg,"https://rimibaltic-res.cloudinary.com/image/upload/b_white,c_limit,dpr_auto,f_webp,q_auto:low,w_auto/d_ecommerce:backend-fallback.png/MAT_175538_PCE_LV"
Garš.mais.Vegeta Natur tom.mocarel.salāt. 20g,rimi.lv,0.79,0.59,29.50,€/kg,"https://rimibaltic-res.cloudinary.com/image/upload/b_white,c_limit,dpr_auto,f_webp,q_auto:low,w_auto/d_ecommerce:backend-fallback.png/MAT_192230_PCE_LV"
Surimi nūjiņas Viči classic garās 500g,rimi.lv,5.99,4.59,9.18,€/kg,"https://rimibaltic-res.cloudinary.com/image/upload/b_white,c_limit,dpr_auto,f_webp,q_auto:low,w_auto/d_ecommerce:backend-fallback.png/MAT_977399_PCE_LV"
"Sald. Manhattan banānu - šokolādes 1,4L/742g",rimi.lv,,7.99,5.39,€/kg,"https://rimibaltic-res.cloudinary.com/image/upload/b_white,c_limit,dpr_auto,f_webp,q_auto:low,w_auto/d_ecommerce:backend-fallback.png/MAT_977562_PCE_LV"
Cepumi The Beginnings mandeļu pekanriek. 80g,rimi.lv,3.99,3.29,41.13,€/kg,"https://rimibaltic-res.cloudinary.com/image/upload/b_white,c_limit,dpr_auto,f_webp,q_auto:low,w_auto/d_ecommerce:backend-fallback.png/MAT_1004192_PCE_LV"
Šķidr.kaļķak. tīrīšanai Cillit 450ml,rimi.lv,4.19,2.49,5.53,€/l,"https://rimibaltic-res.cloudinary.com/image/upload/b_white,c_limit,dpr_auto,f_webp,q_auto:low,w_auto/d_ecommerce:backend-fallback.png/MAT_7274789_PCE_LV"
Brokastu pārslas Nestle Chocapic 375g,rimi.lv,4.49,3.49,9.31,€/kg,"https://rimibaltic-res.cloudinary.com/image/upload/b_white,c_limit,dpr_auto,f_webp,q_auto:low,w_auto/d_ecommerce:backend-fallback.png/MAT_1012203_PCE_LV"
Kūka Kūko Rabarberu 230g,rimi.lv,3.99,3.19,13.87,€/kg,"https://rimibaltic-res.cloudinary.com/image/upload/b_white,c_limit,dpr_auto,f_webp,q_auto:low,w_auto/d_ecommerce:backend-fallback.png/MAT_4001416_PCE_LV"
Garspuru tunzivs steiki Rimi MSC 250g,rimi.lv,8.69,6.99,27.96,€/kg,"https://rimibaltic-res.cloudinary.com/image/upload/b_white,c_limit,dpr_auto,f_webp,q_auto:low,w_auto/d_ecommerce:backend-fallback.png/MAT_815429_PCE_LV"
Zobu pasta Sensodyne Daily Protection 100ml,rimi.lv,5.49,4.09,40.90,€/l,"https://rimibaltic-res.cloudinary.com/image/upload/b_white,c_limit,dpr_auto,f_webp,q_auto:low,w_auto/d_ecommerce:backend-fallback.png/MAT_7292805_PCE_LV"
Kons. m. Sheba Kitten jauktā iz. 4x85g,rimi.lv,3.39,1.89,5.56,€/kg,"https://rimibaltic-res.cloudinary.com/image/upload/b_white,c_limit,dpr_auto,f_webp,q_auto:low,w_auto/d_ecommerce:backend-fallback.png/MAT_7293704_PCE_LV"
Prot. cepums Go On šokolādes ar saldin. 50g,rimi.lv,2.19,1.59,31.80,€/kg,"https://rimibaltic-res.cloudinary.com/image/upload/b_white,c_limit,dpr_auto,f_webp,q_auto:low,w_auto/d_ecommerce:backend-fallback.png/MAT_1017354_PCE_LV"
Maizes uzkoda Tarallini ar olīveļļu 200g,rimi.lv,2.99,2.29,11.45,€/kg,"https://rimibaltic-res.cloudinary.com/image/upload/b_white,c_limit,dpr_auto,f_webp,q_auto:low,w_auto/d_ecommerce:backend-fallback.png/MAT_4006130_PCE_LV"
Veļas mīkstināt. Lenor Sensitive 71MR 1491ml,rimi.lv,9.39,5.59,3.75,€/l,"https://rimibaltic-res.cloudinary.com/image/upload/b_white,c_limit,dpr_auto,f_webp,q_auto:low,w_auto/d_ecommerce:backend-fallback.png/MAT_7306834_PCE_LV"
Kaķu bar.Nutribalance Select. ar teļa g.100g,rimi.lv,,0.49,4.90,€/kg,"https://rimibaltic-res.cloudinary.com/image/upload/b_white,c_limit,dpr_auto,f_webp,q_auto:low,w_auto/d_ecommerce:backend-fallback.png/MAT_816136_PCE_LV"
Raudene Spilva 8g,rimi.lv,1.15,0.81,101.25,€/kg,"https://rimibaltic-res.cloudinary.com/image/upload/b_white,c_limit,dpr_auto,f_webp,q_auto:low,w_auto/d_ecommerce:backend-fallback.png/MAT_1022272_PCE_LV"
Saldējums Nutella 470ml/230g,rimi.lv,8.99,5.79,25.17,€/kg,"https://rimibaltic-res.cloudinary.com/image/upload/b_white,c_limit,dpr_auto,f_webp,q_auto:low,w_auto/d_ecommerce:backend-fallback.png/MAT_4009524_PCE_LV"
Buljons Ķekava vistas 750ml,rimi.lv,7.99,5.69,7.59,€/kg,"https://rimibaltic-res.cloudinary.com/image/upload/b_white,c_limit,dpr_auto,f_webp,q_auto:low,w_auto/d_ecommerce:backend-fallback.png/MAT_1023936_PCE_LV"
Tunča steiks JW saulespuķu eļļā 160g/112g,rimi.lv,3.49,2.85,17.81,€/kg,"https://rimibaltic-res.cloudinary.com/image/upload/b_white,c_limit,dpr_auto,f_webp,q_auto:low,w_auto/d_ecommerce:backend-fallback.png/MAT_948728_PCE_LV"
Zobu pasta Parodontax Complete Whitening 75ml,rimi.lv,10.99,8.19,109.20,€/l,"https://rimibaltic-res.cloudinary.com/image/upload/b_white,c_limit,dpr_auto,f_webp,q_auto:low,w_auto/d_ecommerce:backend-fallback.png/MAT_7180700_PCE_LV"
"Biks. Huggies PantsMP5,12-17kg Girl,48gb",rimi.lv,18.69,12.99,,,"https://rimibaltic-res.cloudinary.com/image/upload/b_white,c_limit,dpr_auto,f_webp,q_auto:low,w_auto/d_ecommerce:backend-fallback.png/MAT_7158515_PCE_LV"
Roku krēms Nivea repair care 75ml,rimi.lv,6.39,4.39,58.53,€/l,"https://rimibaltic-res.cloudinary.com/image/upload/b_white,c_limit,dpr_auto,f_webp,q_auto:low,w_auto/d_ecommerce:backend-fallback.png/MAT_7153307_PCE_LV"
Gard. suņiem Pedigree markies cepumi 150g,rimi.lv,2.65,1.69,11.27,€/kg,"https://rimibaltic-res.cloudinary.com/image/upload/b_white,c_limit,dpr_auto,f_webp,q_auto:low,w_auto/d_ecommerce:backend-fallback.png/MAT_100724_PCE_LV"
"Biezsula Semper ābolu, banānu 6m. 90g",rimi.lv,,1.15,12.78,€/kg,"https://rimibaltic-res.cloudinary.com/image/upload/b_white,c_limit,dpr_auto,f_webp,q_auto:low,w_auto/d_ecommerce:backend-fallback.png/MAT_7050867_PCE_LV"
Līdzeklis Finish trauku mazg. maš. tīr. 250ml,rimi.lv,8.19,5.69,22.76,€/l,"https://rimibaltic-res.cloudinary.com/image/upload/b_white,c_limit,dpr_auto,f_webp,q_auto:low,w_auto/d_ecommerce:backend-fallback.png/MAT_7026852_PCE_LV"
Mutes skal. Parad. Daily Fr. Mint 500ml,rimi.lv,9.79,7.29,14.58,€/l,"https://rimibaltic-res.cloudinary.com/image/upload/b_white,c_limit,dpr_auto,f_webp,q_auto:low,w_auto/d_ecommerce:backend-fallback.png/MAT_7224694_PCE_LV"
Konfektes Ferrero Rocher 300g,rimi.lv,15.79,11.89,39.63,€/kg,"https://rimibaltic-res.cloudinary.com/image/upload/b_white,c_limit,dpr_auto,f_webp,q_auto:low,w_auto/d_ecommerce:backend-fallback.png/MAT_109148_PCE_LV"
Sausā zupa Maggi šampin. ar grauzd. ā. p. 14g,rimi.lv,0.69,0.48,34.29,€/kg,"https://rimibaltic-res.cloudinary.com/image/upload/b_white,c_limit,dpr_auto,f_webp,q_auto:low,w_auto/d_ecommerce:backend-fallback.png/MAT_140089_PCE_LV"
Šokolādes batoniņš Kit Kat Chunky 40g,rimi.lv,1.25,0.79,19.75,€/kg,"https://rimibaltic-res.cloudinary.com/image/upload/b_white,c_limit,dpr_auto,f_webp,q_auto:low,w_auto/d_ecommerce:backend-fallback.png/MAT_142448_PCE_LV"
Siļķes fileja Viči vieglā sālījumā 400g/315g,rimi.lv,4.99,3.49,11.08,€/kg,"https://rimibaltic-res.cloudinary.com/image/upload/b_white,c_limit,dpr_auto,f_webp,q_auto:low,w_auto/d_ecommerce:backend-fallback.png/MAT_221667_PCE_LV"
Dūmdesa neparastā ar sēkliņām 300g,rimi.lv,4.49,3.89,12.97,€/kg,"https://rimibaltic-res.cloudinary.com/image/upload/b_white,c_limit,dpr_auto,f_webp,q_auto:low,w_auto/d_ecommerce:backend-fallback.png/MAT_900694_PCE_LV"
Sojas dzēriens Valsoia light 1l,rimi.lv,2.75,1.99,1.99,€/l,"https://rimibaltic-res.cloudinary.com/image/upload/b_white,c_limit,dpr_auto,f_webp,q_auto:low,w_auto/d_ecommerce:backend-fallback.png/MAT_916400_PCE_LV"
"Nūdeles Maggi Pasta carbonara, ātri pag. 50g",rimi.lv,1.99,1.65,33.00,€/kg,"https://rimibaltic-res.cloudinary.com/image/upload/b_white,c_limit,dpr_auto,f_webp,q_auto:low,w_auto/d_ecommerce:backend-fallback.png/MAT_194604_PCE_LV"
Mērce Santa Maria Pad Thai Āzijas vok 150g,rimi.lv,2.85,2.25,15.00,€/kg,"https://rimibaltic-res.cloudinary.com/image/upload/b_white,c_limit,dpr_auto,f_webp,q_auto:low,w_auto/d_ecommerce:backend-fallback.png/MAT_181430_PCE_LV"
Kaf. kap. Nescafe Espresso Intenso 16x7g,rimi.lv,8.69,5.99,,,"https://rimibaltic-res.cloudinary.com/image/upload/b_white,c_limit,dpr_auto,f_webp,q_auto:low,w_auto/d_ecommerce:backend-fallback.png/MAT_196228_PCE_LV"
Melnā tēja Ahmad Tea persiku/marakujas 20x2g,rimi.lv,4.29,3.19,79.75,€/kg,"https://rimibaltic-res.cloudinary.com/image/upload/b_white,c_limit,dpr_auto,f_webp,q_auto:low,w_auto/d_ecommerce:backend-fallback.png/MAT_163903_PCE_LV"
Čipsi Ādažu šašlika un grauzdētu sīpolu 130g,rimi.lv,2.49,1.74,13.38,€/kg,"https://rimibaltic-res.cloudinary.com/image/upload/b_white,c_limit,dpr_auto,f_webp,q_auto:low,w_auto/d_ecommerce:backend-fallback.png/MAT_1008025_PCE_LV"
Kafijas kapsulas Aroma Gold Irish Cream 256g,rimi.lv,5.49,4.69,,,"https://rimibaltic-res.cloudinary.com/image/upload/b_white,c_limit,dpr_auto,f_webp,q_auto:low,w_auto/d_ecommerce:backend-fallback.png/MAT_1011646_PCE_LV"
"Alus Beerville bezalkoholiskais 0,5l",rimi.lv,,0.55,1.10,€/l,"https://rimibaltic-res.cloudinary.com/image/upload/b_white,c_limit,dpr_auto,f_webp,q_auto:low,w_auto/d_ecommerce:backend-fallback.png/MAT_1371565_PCE_LV"
Mērce Street Mērce sinepju - medus 220g,rimi.lv,2.59,1.79,8.14,€/kg,"https://rimibaltic-res.cloudinary.com/image/upload/b_white,c_limit,dpr_auto,f_webp,q_auto:low,w_auto/d_ecommerce:backend-fallback.png/MAT_1011429_PCE_LV"
Dušas želeja Almeda Berries 750ml,rimi.lv,5.99,4.79,6.39,€/l,"https://rimibaltic-res.cloudinary.com/image/upload/b_white,c_limit,dpr_auto,f_webp,q_auto:low,w_auto/d_ecommerce:backend-fallback.png/MAT_814893_PCE_LV"
Veļas mazg. līdzeklis Perwoll Black 60MR 3l,rimi.lv,20.39,11.99,4.00,€/l,"https://rimibaltic-res.cloudinary.com/image/upload/b_white,c_limit,dpr_auto,f_webp,q_auto:low,w_auto/d_ecommerce:backend-fallback.png/MAT_7293558_PCE_LV"
"Kart. čipsi Estrella gail., siera m. g. 170g",rimi.lv,2.79,1.99,11.71,€/kg,"https://rimibaltic-res.cloudinary.com/image/upload/b_white,c_limit,dpr_auto,f_webp,q_auto:low,w_auto/d_ecommerce:backend-fallback.png/MAT_1016981_PCE_LV"
Šokolādes konfektes Rimi Royal Mints 200g,rimi.lv,3.99,3.49,17.45,€/kg,"https://rimibaltic-res.cloudinary.com/image/upload/b_white,c_limit,dpr_auto,f_webp,q_auto:low,w_auto/d_ecommerce:backend-fallback.png/MAT_815727_PCE_LV"
Saldējums Druva Cigoriņa 1l/500g,rimi.lv,6.69,3.99,7.98,€/kg,"https://rimibaltic-res.cloudinary.com/image/upload/b_white,c_limit,dpr_auto,f_webp,q_auto:low,w_auto/d_ecommerce:backend-fallback.png/MAT_4006091_PCE_LV"
Tumšā maize Lāči sēklu 250g,rimi.lv,1.29,0.99,3.96,€/kg,"https://rimibaltic-res.cloudinary.com/image/upload/b_white,c_limit,dpr_auto,f_webp,q_auto:low,w_auto/d_ecommerce:backend-fallback.png/MAT_4006138_PCE_LV"
Kondicionieris Elseve Hyaluron Plump 200ml,rimi.lv,5.79,3.99,19.95,€/l,"https://rimibaltic-res.cloudinary.com/image/upload/b_white,c_limit,dpr_auto,f_webp,q_auto:low,w_auto/d_ecommerce:backend-fallback.png/MAT_7304481_PCE_LV"
Zefīrs šokol. sirdsformas Laima Maigums 135g,rimi.lv,4.79,2.84,21.04,€/kg,"https://rimibaltic-res.cloudinary.com/image/upload/b_white,c_limit,dpr_auto,f_webp,q_auto:low,w_auto/d_ecommerce:backend-fallback.png/MAT_1019916_PCE_LV"
"Kons.kaķ. Purrrfect ar liel.,mājp.gaļu 4x100g",rimi.lv,1.19,1.05,2.62,€/kg,"https://rimibaltic-res.cloudinary.com/image/upload/b_white,c_limit,dpr_auto,f_webp,q_auto:low,w_auto/d_ecommerce:backend-fallback.png/MAT_816056_PCE_LV"
Citronskābe Spilva 30g,rimi.lv,0.75,0.65,21.67,€/kg,"https://rimibaltic-res.cloudinary.com/image/upload/b_white,c_limit,dpr_auto,f_webp,q_auto:low,w_auto/d_ecommerce:backend-fallback.png/MAT_1020738_PCE_LV"
"Pistācijas Alis Co grauzd., jūras sāls 400g",rimi.lv,9.99,5.59,13.97,€/kg,"https://rimibaltic-res.cloudinary.com/image/upload/b_white,c_limit,dpr_auto,f_webp,q_auto:low,w_auto/d_ecommerce:backend-fallback.png/MAT_1020013_PCE_LV"
Dez. zīmulis Rexona Aloe Vera 50ml,rimi.lv,4.89,2.99,59.80,€/l,"https://rimibaltic-res.cloudinary.com/image/upload/b_white,c_limit,dpr_auto,f_webp,q_auto:low,w_auto/d_ecommerce:backend-fallback.png/MAT_7309247_PCE_LV"
Ziepes Dove Nourishing 90g,rimi.lv,1.69,1.45,16.11,€/kg,"https://rimibaltic-res.cloudinary.com/image/upload/b_white,c_limit,dpr_auto,f_webp,q_auto:low,w_auto/d_ecommerce:backend-fallback.png/MAT_7309033_PCE_LV"
Marinēta vista Mārupes desu f.kūpin.kg,rimi.lv,9.99,7.99,7.99,€/kg,"https://rimibaltic-res.cloudinary.com/image/upload/b_white,c_limit,dpr_auto,f_webp,q_auto:low,w_auto/d_ecommerce:backend-fallback.png/MAT_4008806_KGM_LV"
Enerģijas dzēriens Pulse Sugar Free 250ml,rimi.lv,,0.62,2.48,€/l,"https://rimibaltic-res.cloudinary.com/image/upload/b_white,c_limit,dpr_auto,f_webp,q_auto:low,w_auto/d_ecommerce:backend-fallback.png/MAT_1375915_PCE_LV"
Zemesrieksti apvalkā Rimi siera garša 140g,rimi.lv,1.89,1.49,10.64,€/kg,"https://rimibaltic-res.cloudinary.com/image/upload/b_white,c_limit,dpr_auto,f_webp,q_auto:low,w_auto/d_ecommerce:backend-fallback.png/MAT_1022429_PCE_LV"
Cepumi Mulino Bianco Girotondi 350g,rimi.lv,2.99,2.29,6.54,€/kg,"https://rimibaltic-res.cloudinary.com/image/upload/b_white,c_limit,dpr_auto,f_webp,q_auto:low,w_auto/d_ecommerce:backend-fallback.png/MAT_1022723_PCE_LV"
Vafeļu trubiņas Maria zebra 450g,rimi.lv,3.29,2.79,6.20,€/kg,"https://rimibaltic-res.cloudinary.com/image/upload/b_white,c_limit,dpr_auto,f_webp,q_auto:low,w_auto/d_ecommerce:backend-fallback.png/MAT_1022747_PCE_LV"
Košļājamās nūjiņas Salling no liel.ādas 25gab,rimi.lv,1.79,1.35,13.50,€/kg,"https://rimibaltic-res.cloudinary.com/image/upload/b_white,c_limit,dpr_auto,f_webp,q_auto:low,w_auto/d_ecommerce:backend-fallback.png/MAT_817550_PCE_LV"
"Autiņbiks. Salling Fri XL izmērs 6, 18gab.",rimi.lv,4.99,4.39,,,"https://rimibaltic-res.cloudinary.com/image/upload/b_white,c_limit,dpr_auto,f_webp,q_auto:low,w_auto/d_ecommerce:backend-fallback.png/MAT_817679_PCE_LV"
"Autiņbiks.Salling Fri Maxi izmērs 4, 50gab.",rimi.lv,9.99,7.99,,,"https://rimibaltic-res.cloudinary.com/image/upload/b_white,c_limit,dpr_auto,f_webp,q_auto:low,w_auto/d_ecommerce:backend-fallback.png/MAT_817683_PCE_LV"
Tējas svece Bolsius 30gab. 4h,rimi.lv,3.29,2.30,,,"https://rimibaltic-res.cloudinary.com/image/upload/b_white,c_limit,dpr_auto,f_webp,q_auto:low,w_auto/d_ecommerce:backend-fallback.png/MAT_7316966_PCE_LV"
Biezpiena drumstalkūka Kūko upeņu 450g,rimi.lv,4.99,3.99,8.87,€/kg,"https://rimibaltic-res.cloudinary.com/image/upload/b_white,c_limit,dpr_auto,f_webp,q_auto:low,w_auto/d_ecommerce:backend-fallback.png/MAT_4012128_PCE_LV"
Smūtijs Kivi SUN365 250ml,rimi.lv,2.35,1.79,7.16,€/l,"https://rimibaltic-res.cloudinary.com/image/upload/b_white,c_limit,dpr_auto,f_webp,q_auto:low,w_auto/d_ecommerce:backend-fallback.png/MAT_1360939_PCE_LV"
Šampūns Fructis norm.matiem 2in1 400ml,rimi.lv,7.19,4.99,12.47,€/l,"https://rimibaltic-res.cloudinary.com/image/upload/b_white,c_limit,dpr_auto,f_webp,q_auto:low,w_auto/d_ecommerce:backend-fallback.png/MAT_7158417_PCE_LV"
Ikd. ieliktnīši Libresse Natural Normal 58gb.,rimi.lv,3.29,2.79,,,"https://rimibaltic-res.cloudinary.com/image/upload/b_white,c_limit,dpr_auto,f_webp,q_auto:low,w_auto/d_ecommerce:backend-fallback.png/MAT_7209644_PCE_LV"
Nektārs Gutta Max ābolu 2l,rimi.lv,3.89,2.89,1.45,€/l,"https://rimibaltic-res.cloudinary.com/image/upload/b_white,c_limit,dpr_auto,f_webp,q_auto:low,w_auto/d_ecommerce:backend-fallback.png/MAT_127067_PCE_LV"
Autiņbiksītes Pampers Premium Care S5 44gb,rimi.lv,20.49,14.99,,,"https://rimibaltic-res.cloudinary.com/image/upload/b_white,c_limit,dpr_auto,f_webp,q_auto:low,w_auto/d_ecommerce:backend-fallback.png/MAT_770662_PCE_LV"
Lečo Nizhyn 450g,rimi.lv,3.19,2.49,5.53,€/kg,"https://rimibaltic-res.cloudinary.com/image/upload/b_white,c_limit,dpr_auto,f_webp,q_auto:low,w_auto/d_ecommerce:backend-fallback.png/MAT_152598_PCE_LV"
Košļājamo konfekšu Laima izlase kg,rimi.lv,9.99,7.99,7.99,€/kg,"https://rimibaltic-res.cloudinary.com/image/upload/b_white,c_limit,dpr_auto,f_webp,q_auto:low,w_auto/d_ecommerce:backend-fallback.png/MAT_162927_KGM_LV"
Sausais šampūns Syoss anti-grease 200ml,rimi.lv,7.49,4.59,22.95,€/l,"https://rimibaltic-res.cloudinary.com/image/upload/b_white,c_limit,dpr_auto,f_webp,q_auto:low,w_auto/d_ecommerce:backend-fallback.png/MAT_7018285_PCE_LV"
Kart. biez. Maggi 5 minūtes ar dillēm 50g,rimi.lv,1.99,1.39,27.80,€/kg,"https://rimibaltic-res.cloudinary.com/image/upload/b_white,c_limit,dpr_auto,f_webp,q_auto:low,w_auto/d_ecommerce:backend-fallback.png/MAT_194589_PCE_LV"
Pupiņu maisījums Heinz tomātu mērcē 415g,rimi.lv,2.55,1.79,4.31,€/kg,"https://rimibaltic-res.cloudinary.com/image/upload/b_white,c_limit,dpr_auto,f_webp,q_auto:low,w_auto/d_ecommerce:backend-fallback.png/MAT_192106_PCE_LV"
Kombuča dzīvības dzēr. ingv. un kurk.330ml,rimi.lv,2.99,1.94,5.88,€/l,"https://rimibaltic-res.cloudinary.com/image/upload/b_white,c_limit,dpr_auto,f_webp,q_auto:low,w_auto/d_ecommerce:backend-fallback.png/MAT_195097_PCE_LV"
"Biezenis Kubuš ābolu, banānu 100% 100g",rimi.lv,1.05,0.79,7.90,€/kg,"https://rimibaltic-res.cloudinary.com/image/upload/b_white,c_limit,dpr_auto,f_webp,q_auto:low,w_auto/d_ecommerce:backend-fallback.png/MAT_164453_PCE_LV"
Cālis Ķekava karsti kūpināts kg,rimi.lv,9.39,6.99,6.99,€/kg,"https://rimibaltic-res.cloudinary.com/image/upload/b_white,c_limit,dpr_auto,f_webp,q_auto:low,w_auto/d_ecommerce:backend-fallback.png/MAT_983006_KGM_LV"
Marcipāns šokolādē Skrīveri sāļo karame. 40g,rimi.lv,1.29,0.99,24.75,€/kg,"https://rimibaltic-res.cloudinary.com/image/upload/b_white,c_limit,dpr_auto,f_webp,q_auto:low,w_auto/d_ecommerce:backend-fallback.png/MAT_1007433_PCE_LV"
Olīveļļa Grande Uliveto augstākā labuma 1l,rimi.lv,16.99,12.99,12.99,€/l,"https://rimibaltic-res.cloudinary.com/image/upload/b_white,c_limit,dpr_auto,f_webp,q_auto:low,w_auto/d_ecommerce:backend-fallback.png/MAT_196165_PCE_LV"
Čipsi Ādažu ar krējuma un lociņu garšu 130g,rimi.lv,2.49,1.59,12.23,€/kg,"https://rimibaltic-res.cloudinary.com/image/upload/b_white,c_limit,dpr_auto,f_webp,q_auto:low,w_auto/d_ecommerce:backend-fallback.png/MAT_1008030_PCE_LV"
Zaļā tēja LOYD citronu&citronzāles 30g,rimi.lv,2.99,2.09,69.67,€/kg,"https://rimibaltic-res.cloudinary.com/image/upload/b_white,c_limit,dpr_auto,f_webp,q_auto:low,w_auto/d_ecommerce:backend-fallback.png/MAT_191385_PCE_LV"
Dārzeņu asorti Rimi 860g/460g,rimi.lv,2.69,2.16,4.70,€/kg,"https://rimibaltic-res.cloudinary.com/image/upload/b_white,c_limit,dpr_auto,f_webp,q_auto:low,w_auto/d_ecommerce:backend-fallback.png/MAT_814051_PCE_LV"
Baterija Energizer Power Alk AA 8 gab,rimi.lv,7.99,4.79,,,"https://rimibaltic-res.cloudinary.com/image/upload/b_white,c_limit,dpr_auto,f_webp,q_auto:low,w_auto/d_ecommerce:backend-fallback.png/MAT_7251767_PCE_LV"
Šampuns Argan Divin 400ml,rimi.lv,4.09,3.19,7.97,€/l,"https://rimibaltic-res.cloudinary.com/image/upload/b_white,c_limit,dpr_auto,f_webp,q_auto:low,w_auto/d_ecommerce:backend-fallback.png/MAT_7272603_PCE_LV"
Šampuns Pluie de Coco 400ml,rimi.lv,4.09,3.19,7.97,€/l,"https://rimibaltic-res.cloudinary.com/image/upload/b_white,c_limit,dpr_auto,f_webp,q_auto:low,w_auto/d_ecommerce:backend-fallback.png/MAT_7272616_PCE_LV"
Ieliktn. Libresse Protection Long 42 gab,rimi.lv,3.79,3.19,,,"https://rimibaltic-res.cloudinary.com/image/upload/b_white,c_limit,dpr_auto,f_webp,q_auto:low,w_auto/d_ecommerce:backend-fallback.png/MAT_7271784_PCE_LV"
Piena šokolāde Pergale 85g,rimi.lv,2.19,1.49,17.53,€/kg,"https://rimibaltic-res.cloudinary.com/image/upload/b_white,c_limit,dpr_auto,f_webp,q_auto:low,w_auto/d_ecommerce:backend-fallback.png/MAT_1013220_PCE_LV"
Foreles gabaliņi karsti kūpinātas kg,rimi.lv,22.99,18.99,18.99,€/kg,"https://rimibaltic-res.cloudinary.com/image/upload/b_white,c_limit,dpr_auto,f_webp,q_auto:low,w_auto/d_ecommerce:backend-fallback.png/MAT_999274_KGM_LV"
Putojošās ziepes Grapefruit 300ml,rimi.lv,3.19,2.55,8.50,€/l,"https://rimibaltic-res.cloudinary.com/image/upload/b_white,c_limit,dpr_auto,f_webp,q_auto:low,w_auto/d_ecommerce:backend-fallback.png/MAT_7284745_PCE_LV"
Kafijas pupiņas Merrild Barista Espresso 1kg,rimi.lv,29.99,15.49,15.49,€/kg,"https://rimibaltic-res.cloudinary.com/image/upload/b_white,c_limit,dpr_auto,f_webp,q_auto:low,w_auto/d_ecommerce:backend-fallback.png/MAT_1014042_PCE_LV"
"Persiku nektārs Don Simon 1,5l",rimi.lv,3.69,2.49,1.66,€/l,"https://rimibaltic-res.cloudinary.com/image/upload/b_white,c_limit,dpr_auto,f_webp,q_auto:low,w_auto/d_ecommerce:backend-fallback.png/MAT_1373556_PCE_LV"
Šķidrās ziepes Sensitive 300ml,rimi.lv,2.39,1.89,6.30,€/l,"https://rimibaltic-res.cloudinary.com/image/upload/b_white,c_limit,dpr_auto,f_webp,q_auto:low,w_auto/d_ecommerce:backend-fallback.png/MAT_7284756_PCE_LV"
Šķidrās ziepes Almond 300ml,rimi.lv,2.39,1.89,6.30,€/l,"https://rimibaltic-res.cloudinary.com/image/upload/b_white,c_limit,dpr_auto,f_webp,q_auto:low,w_auto/d_ecommerce:backend-fallback.png/MAT_7284764_PCE_LV"
Šķidrās ziepes Citrus & Olive 300ml,rimi.lv,2.39,1.89,6.30,€/l,"https://rimibaltic-res.cloudinary.com/image/upload/b_white,c_limit,dpr_auto,f_webp,q_auto:low,w_auto/d_ecommerce:backend-fallback.png/MAT_7284765_PCE_LV"
Barība kaķiem JosiCat Sterilised 650g,rimi.lv,,2.39,3.68,€/kg,"https://rimibaltic-res.cloudinary.com/image/upload/b_white,c_limit,dpr_auto,f_webp,q_auto:low,w_auto/d_ecommerce:backend-fallback.png/MAT_7288931_PCE_LV"
"Paella Hipp ar jauktiem dārz., vistu BIO 250g",rimi.lv,3.49,2.59,10.36,€/kg,"https://rimibaltic-res.cloudinary.com/image/upload/b_white,c_limit,dpr_auto,f_webp,q_auto:low,w_auto/d_ecommerce:backend-fallback.png/MAT_7298158_PCE_LV"
Šī sviesta lokšņu maska Missha Airy Fit 19g,rimi.lv,1.99,1.59,83.68,€/l,"https://rimibaltic-res.cloudinary.com/image/upload/b_white,c_limit,dpr_auto,f_webp,q_auto:low,w_auto/d_ecommerce:backend-fallback.png/MAT_7299953_PCE_LV"
Sēnes Enoki 100g,rimi.lv,1.99,1.69,16.90,€/kg,"https://rimibaltic-res.cloudinary.com/image/upload/b_white,c_limit,dpr_auto,f_webp,q_auto:low,w_auto/d_ecommerce:backend-fallback.png/MAT_4007147_PCE_LV"
Sojas šašliks Nata maigais marinādē 300g,rimi.lv,6.99,5.99,19.97,€/kg,"https://rimibaltic-res.cloudinary.com/image/upload/b_white,c_limit,dpr_auto,f_webp,q_auto:low,w_auto/d_ecommerce:backend-fallback.png/MAT_4007956_PCE_LV"
"Bezalk.alus Bavaria ingvera - laima 0,33",rimi.lv,1.55,1.39,4.21,€/l,"https://rimibaltic-res.cloudinary.com/image/upload/b_white,c_limit,dpr_auto,f_webp,q_auto:low,w_auto/d_ecommerce:backend-fallback.png/MAT_1375590_PCE_LV"
Tr.noņ. gēls Vanish Oxi Action krās. veļai 1l,rimi.lv,8.29,6.79,6.79,€/l,"https://rimibaltic-res.cloudinary.com/image/upload/b_white,c_limit,dpr_auto,f_webp,q_auto:low,w_auto/d_ecommerce:backend-fallback.png/MAT_7309546_PCE_LV"
Lavas kūka Beldessert tum.šok.pild. 2x90g,rimi.lv,4.99,3.99,22.17,€/kg,"https://rimibaltic-res.cloudinary.com/image/upload/b_white,c_limit,dpr_auto,f_webp,q_auto:low,w_auto/d_ecommerce:backend-fallback.png/MAT_4008702_PCE_LV"
Keto draudzīgie cīsiņi Marno 280g,rimi.lv,3.39,2.79,9.96,€/kg,"https://rimibaltic-res.cloudinary.com/image/upload/b_white,c_limit,dpr_auto,f_webp,q_auto:low,w_auto/d_ecommerce:backend-fallback.png/MAT_4009653_PCE_LV"
"Kaķu bar.Gourmet Rev.ar vistu, mērci p. 2x57g",rimi.lv,,1.49,17.53,€/kg,"https://rimibaltic-res.cloudinary.com/image/upload/b_white,c_limit,dpr_auto,f_webp,q_auto:low,w_auto/d_ecommerce:backend-fallback.png/MAT_7313767_PCE_LV"
Maltīte kaķiem Sheba Mini ar mājputnu g.6x50g,rimi.lv,3.75,2.59,8.63,€/kg,"https://rimibaltic-res.cloudinary.com/image/upload/b_white,c_limit,dpr_auto,f_webp,q_auto:low,w_auto/d_ecommerce:backend-fallback.png/MAT_7305790_PCE_LV"
Uzkoda suņiem Salling daudzkrāsaina 360g,rimi.lv,2.59,1.89,5.25,€/kg,"https://rimibaltic-res.cloudinary.com/image/upload/b_white,c_limit,dpr_auto,f_webp,q_auto:low,w_auto/d_ecommerce:backend-fallback.png/MAT_817552_PCE_LV"
Siers Casa Azzura Stracciatella 150g,rimi.lv,2.99,1.99,13.27,€/kg,"https://rimibaltic-res.cloudinary.com/image/upload/b_white,c_limit,dpr_auto,f_webp,q_auto:low,w_auto/d_ecommerce:backend-fallback.png/MAT_4010344_PCE_LV"
Kaus.siers Jermi Black Forest kūpināts 45% kg,rimi.lv,12.99,7.99,7.99,€/kg,"https://rimibaltic-res.cloudinary.com/image/upload/b_white,c_limit,dpr_auto,f_webp,q_auto:low,w_auto/d_ecommerce:backend-fallback.png/MAT_4009623_KGM_LV"
Melnā tēja Možums meža ogu aromatizētā 30g,rimi.lv,0.89,0.69,23.00,€/kg,"https://rimibaltic-res.cloudinary.com/image/upload/b_white,c_limit,dpr_auto,f_webp,q_auto:low,w_auto/d_ecommerce:backend-fallback.png/MAT_1023321_PCE_LV"
Ātri pagatav.nūdeles Glads Ramen Chicken 105g,rimi.lv,1.79,1.29,12.29,€/kg,"https://rimibaltic-res.cloudinary.com/image/upload/b_white,c_limit,dpr_auto,f_webp,q_auto:low,w_auto/d_ecommerce:backend-fallback.png/MAT_1023445_PCE_LV"
Liellopu gaļ. uzk. Sticks Beef Original 35g,rimi.lv,2.29,1.80,51.43,€/kg,"https://rimibaltic-res.cloudinary.com/image/upload/b_white,c_limit,dpr_auto,f_webp,q_auto:low,w_auto/d_ecommerce:backend-fallback.png/MAT_4011089_PCE_LV"
Grauzdiņi Lāči ar bekonu un mārrutkiem 100g,rimi.lv,2.29,1.89,18.90,€/kg,"https://rimibaltic-res.cloudinary.com/image/upload/b_white,c_limit,dpr_auto,f_webp,q_auto:low,w_auto/d_ecommerce:backend-fallback.png/MAT_4012002_PCE_LV"
Apavu dezodorants Tri-bio 210ml,rimi.lv,5.19,3.59,17.10,€/l,"https://rimibaltic-res.cloudinary.com/image/upload/b_white,c_limit,dpr_auto,f_webp,q_auto:low,w_auto/d_ecommerce:backend-fallback.png/MAT_7063562_PCE_LV"
Kons.suņiem Pedigree liell&&tīt 4x100g,rimi.lv,2.89,1.85,4.62,€/kg,"https://rimibaltic-res.cloudinary.com/image/upload/b_white,c_limit,dpr_auto,f_webp,q_auto:low,w_auto/d_ecommerce:backend-fallback.png/MAT_7137434_PCE_LV"
"Ūdens mīkstinātājs Calgon tabl.,30 gab.",rimi.lv,19.99,15.29,,,"https://rimibaltic-res.cloudinary.com/image/upload/b_white,c_limit,dpr_auto,f_webp,q_auto:low,w_auto/d_ecommerce:backend-fallback.png/MAT_7159682_PCE_LV"
Piena maisījums Kabrita 2  6-12 mēnešiem 800g,rimi.lv,41.99,33.49,41.86,€/kg,"https://rimibaltic-res.cloudinary.com/image/upload/b_white,c_limit,dpr_auto,f_webp,q_auto:low,w_auto/d_ecommerce:backend-fallback.png/MAT_7189443_PCE_LV"
Dušas želeja Nivea Sensitive vīr. 250ml,rimi.lv,4.69,3.29,13.16,€/l,"https://rimibaltic-res.cloudinary.com/image/upload/b_white,c_limit,dpr_auto,f_webp,q_auto:low,w_auto/d_ecommerce:backend-fallback.png/MAT_727875_PCE_LV"
"Suņu gardumi Pedigree Jumbone L, 180g",rimi.lv,3.49,2.29,10.90,€/kg,"https://rimibaltic-res.cloudinary.com/image/upload/b_white,c_limit,dpr_auto,f_webp,q_auto:low,w_auto/d_ecommerce:backend-fallback.png/MAT_515369_PCE_LV"
Košļājamā gumija Fini arbūzs 90g,rimi.lv,1.49,0.99,11.00,€/kg,"https://rimibaltic-res.cloudinary.com/image/upload/b_white,c_limit,dpr_auto,f_webp,q_auto:low,w_auto/d_ecommerce:backend-fallback.png/MAT_149317_PCE_LV"
Cāļu stilbi Ķekava karsti kūpināti kg,rimi.lv,8.59,7.69,7.69,€/kg,"https://rimibaltic-res.cloudinary.com/image/upload/b_white,c_limit,dpr_auto,f_webp,q_auto:low,w_auto/d_ecommerce:backend-fallback.png/MAT_907189_KGM_LV"
"B.v. Blue Nun bezalkoholisks 0% 0,75l",rimi.lv,7.59,4.99,6.65,€/l,"https://rimibaltic-res.cloudinary.com/image/upload/b_white,c_limit,dpr_auto,f_webp,q_auto:low,w_auto/d_ecommerce:backend-fallback.png/MAT_1356001_PCE_LV"
Sausmaizītes Finn Crisp oriģinālās 400g,rimi.lv,4.19,3.59,8.97,€/kg,"https://rimibaltic-res.cloudinary.com/image/upload/b_white,c_limit,dpr_auto,f_webp,q_auto:low,w_auto/d_ecommerce:backend-fallback.png/MAT_104951_PCE_LV"
Kukurūzas čipsi Estrella ar siera garšu 110g,rimi.lv,2.19,1.59,14.45,€/kg,"https://rimibaltic-res.cloudinary.com/image/upload/b_white,c_limit,dpr_auto,f_webp,q_auto:low,w_auto/d_ecommerce:backend-fallback.png/MAT_1009655_PCE_LV"
Tum. šok. trifeles ar citronu kr. pild. 148g,rimi.lv,4.99,3.79,25.61,€/kg,"https://rimibaltic-res.cloudinary.com/image/upload/b_white,c_limit,dpr_auto,f_webp,q_auto:low,w_auto/d_ecommerce:backend-fallback.png/MAT_1013975_PCE_LV"
Veļ.M. Sensitive Silan 880ml (40MR),rimi.lv,5.19,3.39,3.85,€/l,"https://rimibaltic-res.cloudinary.com/image/upload/b_white,c_limit,dpr_auto,f_webp,q_auto:low,w_auto/d_ecommerce:backend-fallback.png/MAT_7286720_PCE_LV"
Sausās brok. Draugu Frosty Corn Flakes 225g,rimi.lv,1.69,1.39,6.18,€/kg,"https://rimibaltic-res.cloudinary.com/image/upload/b_white,c_limit,dpr_auto,f_webp,q_auto:low,w_auto/d_ecommerce:backend-fallback.png/MAT_1016591_PCE_LV"
Olu nūdeles Alb Gold ar spinātiem 500g,rimi.lv,5.29,4.59,9.18,€/kg,"https://rimibaltic-res.cloudinary.com/image/upload/b_white,c_limit,dpr_auto,f_webp,q_auto:low,w_auto/d_ecommerce:backend-fallback.png/MAT_1017194_PCE_LV"
"Dzēriens Garage Hard Lemon 0.0% 0,275l",rimi.lv,1.29,0.99,3.60,€/l,"https://rimibaltic-res.cloudinary.com/image/upload/b_white,c_limit,dpr_auto,f_webp,q_auto:low,w_auto/d_ecommerce:backend-fallback.png/MAT_1374743_PCE_LV"
SUN365 imunitātes dzēr. ar D vitamīnu,rimi.lv,1.99,1.49,24.83,€/l,"https://rimibaltic-res.cloudinary.com/image/upload/b_white,c_limit,dpr_auto,f_webp,q_auto:low,w_auto/d_ecommerce:backend-fallback.png/MAT_1370776_PCE_LV"
Kaķu barība Nutribalance Sel. vistas gaļ.100g,rimi.lv,,0.49,4.90,€/kg,"https://rimibaltic-res.cloudinary.com/image/upload/b_white,c_limit,dpr_auto,f_webp,q_auto:low,w_auto/d_ecommerce:backend-fallback.png/MAT_816145_PCE_LV"
Zaļās olīvas El Faro ar garnelēm 370ml/150g,rimi.lv,2.49,2.00,13.33,€/kg,"https://rimibaltic-res.cloudinary.com/image/upload/b_white,c_limit,dpr_auto,f_webp,q_auto:low,w_auto/d_ecommerce:backend-fallback.png/MAT_1021532_PCE_LV"
Piena šok. batoniņš Rimi piena pildījums 100g,rimi.lv,1.69,1.19,11.90,€/kg,"https://rimibaltic-res.cloudinary.com/image/upload/b_white,c_limit,dpr_auto,f_webp,q_auto:low,w_auto/d_ecommerce:backend-fallback.png/MAT_816378_PCE_LV"
Ieliktn.nesat.Salling bez smaržv.10 gab,rimi.lv,3.49,3.09,,,"https://rimibaltic-res.cloudinary.com/image/upload/b_white,c_limit,dpr_auto,f_webp,q_auto:low,w_auto/d_ecommerce:backend-fallback.png/MAT_816809_PCE_LV"
Asā paprika Spilva 23g,rimi.lv,0.75,0.53,23.04,€/kg,"https://rimibaltic-res.cloudinary.com/image/upload/b_white,c_limit,dpr_auto,f_webp,q_auto:low,w_auto/d_ecommerce:backend-fallback.png/MAT_1022290_PCE_LV"
Siera uzkoda Collection ar baraviku g. 300g,rimi.lv,3.49,2.79,9.30,€/kg,"https://rimibaltic-res.cloudinary.com/image/upload/b_white,c_limit,dpr_auto,f_webp,q_auto:low,w_auto/d_ecommerce:backend-fallback.png/MAT_4010617_PCE_LV"
Čipsi Ādažu uzmini garšu nr.1 130g,rimi.lv,2.49,1.49,11.46,€/kg,"https://rimibaltic-res.cloudinary.com/image/upload/b_white,c_limit,dpr_auto,f_webp,q_auto:low,w_auto/d_ecommerce:backend-fallback.png/MAT_1023534_PCE_LV"
Buljons Ķekava Ramen 350ml,rimi.lv,3.77,2.69,7.69,€/kg,"https://rimibaltic-res.cloudinary.com/image/upload/b_white,c_limit,dpr_auto,f_webp,q_auto:low,w_auto/d_ecommerce:backend-fallback.png/MAT_1023950_PCE_LV"
Limonāde Dimdiņi aveņu kombuča 330ml,rimi.lv,2.79,2.19,6.64,€/l,"https://rimibaltic-res.cloudinary.com/image/upload/b_white,c_limit,dpr_auto,f_webp,q_auto:low,w_auto/d_ecommerce:backend-fallback.png/MAT_1376680_PCE_LV"
Konservi kaķiem Sheba Filets ar vistu 60g,rimi.lv,2.19,1.49,24.83,€/kg,"https://rimibaltic-res.cloudinary.com/image/upload/b_white,c_limit,dpr_auto,f_webp,q_auto:low,w_auto/d_ecommerce:backend-fallback.png/MAT_7319325_PCE_LV"
Tual.tīr.līdz.Bref Power Act.Gel Ocean 750ml,rimi.lv,3.89,2.89,3.85,€/l,"https://rimibaltic-res.cloudinary.com/image/upload/b_white,c_limit,dpr_auto,f_webp,q_auto:low,w_auto/d_ecommerce:backend-fallback.png/MAT_7319908_PCE_LV"
Gaisa atsvaidzin. Air Wick Pure Spring 250ml,rimi.lv,5.69,4.49,17.96,€/l,"https://rimibaltic-res.cloudinary.com/image/upload/b_white,c_limit,dpr_auto,f_webp,q_auto:low,w_auto/d_ecommerce:backend-fallback.png/MAT_7117129_PCE_LV"
Suņu konservi Pedigree junior 100gx4,rimi.lv,2.89,1.85,4.62,€/kg,"https://rimibaltic-res.cloudinary.com/image/upload/b_white,c_limit,dpr_auto,f_webp,q_auto:low,w_auto/d_ecommerce:backend-fallback.png/MAT_140754_PCE_LV"
Dušas želeja Nivea Sport vīriešu 250ml,rimi.lv,4.69,3.29,13.16,€/l,"https://rimibaltic-res.cloudinary.com/image/upload/b_white,c_limit,dpr_auto,f_webp,q_auto:low,w_auto/d_ecommerce:backend-fallback.png/MAT_696715_PCE_LV"
Raudene Santa Maria 5g,rimi.lv,1.65,1.01,202.00,€/kg,"https://rimibaltic-res.cloudinary.com/image/upload/b_white,c_limit,dpr_auto,f_webp,q_auto:low,w_auto/d_ecommerce:backend-fallback.png/MAT_100561_PCE_LV"
Piena šokolāde Milka ar riekstiem 250g,rimi.lv,6.49,4.39,17.56,€/kg,"https://rimibaltic-res.cloudinary.com/image/upload/b_white,c_limit,dpr_auto,f_webp,q_auto:low,w_auto/d_ecommerce:backend-fallback.png/MAT_139448_PCE_LV"
Mārrutki Spilva ar saldo krējumu 140g,rimi.lv,1.89,1.49,10.64,€/kg,"https://rimibaltic-res.cloudinary.com/image/upload/b_white,c_limit,dpr_auto,f_webp,q_auto:low,w_auto/d_ecommerce:backend-fallback.png/MAT_155611_PCE_LV"
Sausbaranciņas ar vanilīnu glazētas 250g,rimi.lv,1.99,1.69,6.76,€/kg,"https://rimibaltic-res.cloudinary.com/image/upload/b_white,c_limit,dpr_auto,f_webp,q_auto:low,w_auto/d_ecommerce:backend-fallback.png/MAT_270158_PCE_LV"
Ā/p nūdeles Maggi 5 minutes ar tomātiem 62g,rimi.lv,1.99,1.69,29.65,€/kg,"https://rimibaltic-res.cloudinary.com/image/upload/b_white,c_limit,dpr_auto,f_webp,q_auto:low,w_auto/d_ecommerce:backend-fallback.png/MAT_194881_PCE_LV"
Nūdeles Knorr ar Boloņas mērci 60g,rimi.lv,2.15,1.42,23.67,€/kg,"https://rimibaltic-res.cloudinary.com/image/upload/b_white,c_limit,dpr_auto,f_webp,q_auto:low,w_auto/d_ecommerce:backend-fallback.png/MAT_194600_PCE_LV"
Garšvielu maisījums Vegeta Natur zivīm 20g,rimi.lv,0.79,0.59,29.50,€/kg,"https://rimibaltic-res.cloudinary.com/image/upload/b_white,c_limit,dpr_auto,f_webp,q_auto:low,w_auto/d_ecommerce:backend-fallback.png/MAT_192238_PCE_LV"
Želejkonfektes Trolli Milch Kuh 200g,rimi.lv,2.35,1.55,7.75,€/kg,"https://rimibaltic-res.cloudinary.com/image/upload/b_white,c_limit,dpr_auto,f_webp,q_auto:low,w_auto/d_ecommerce:backend-fallback.png/MAT_187998_PCE_LV"
Kafijas pupiņas Lofbergs Brazil 1kg,rimi.lv,30.99,17.39,17.39,€/kg,"https://rimibaltic-res.cloudinary.com/image/upload/b_white,c_limit,dpr_auto,f_webp,q_auto:low,w_auto/d_ecommerce:backend-fallback.png/MAT_1006558_PCE_LV"
Ziepes Dove Pink 90g,rimi.lv,1.69,1.45,16.11,€/kg,"https://rimibaltic-res.cloudinary.com/image/upload/b_white,c_limit,dpr_auto,f_webp,q_auto:low,w_auto/d_ecommerce:backend-fallback.png/MAT_7271735_PCE_LV"
Vistas zupa Gallina Blanca ar smalk. nūd. 71g,rimi.lv,1.75,1.39,19.31,€/kg,"https://rimibaltic-res.cloudinary.com/image/upload/b_white,c_limit,dpr_auto,f_webp,q_auto:low,w_auto/d_ecommerce:backend-fallback.png/MAT_1011338_PCE_LV"
Dabīgais minerālūdens Peter Mikheim gāzēts 1l,rimi.lv,,1.39,1.39,€/l,"https://rimibaltic-res.cloudinary.com/image/upload/b_white,c_limit,dpr_auto,f_webp,q_auto:low,w_auto/d_ecommerce:backend-fallback.png/MAT_1370677_PCE_LV"
Kukurūzas čipsi Santa Maria ar čili g. 185g,rimi.lv,2.49,1.74,9.41,€/kg,"https://rimibaltic-res.cloudinary.com/image/upload/b_white,c_limit,dpr_auto,f_webp,q_auto:low,w_auto/d_ecommerce:backend-fallback.png/MAT_1015781_PCE_LV"
Šķ. ziepes Palmolive Olive refill 1l,rimi.lv,7.89,4.73,4.73,€/l,"https://rimibaltic-res.cloudinary.com/image/upload/b_white,c_limit,dpr_auto,f_webp,q_auto:low,w_auto/d_ecommerce:backend-fallback.png/MAT_7288269_PCE_LV"
Zobu pasta Colgate Max Fresh Cooling Cr. 75ml,rimi.lv,3.29,2.39,31.87,€/l,"https://rimibaltic-res.cloudinary.com/image/upload/b_white,c_limit,dpr_auto,f_webp,q_auto:low,w_auto/d_ecommerce:backend-fallback.png/MAT_7292716_PCE_LV"
Saldējuma konuss Kinder 62g/90ml,rimi.lv,2.79,1.99,32.10,€/kg,"https://rimibaltic-res.cloudinary.com/image/upload/b_white,c_limit,dpr_auto,f_webp,q_auto:low,w_auto/d_ecommerce:backend-fallback.png/MAT_4002720_PCE_LV"
Dezodorants Old Spice Wolfhorn 85ml,rimi.lv,8.29,6.79,79.88,€/l,"https://rimibaltic-res.cloudinary.com/image/upload/b_white,c_limit,dpr_auto,f_webp,q_auto:low,w_auto/d_ecommerce:backend-fallback.png/MAT_7295262_PCE_LV"
Rīsu loksnes maska Missha Airy Fit 19g,rimi.lv,1.99,1.59,83.68,€/l,"https://rimibaltic-res.cloudinary.com/image/upload/b_white,c_limit,dpr_auto,f_webp,q_auto:low,w_auto/d_ecommerce:backend-fallback.png/MAT_7299954_PCE_LV"
Plovs Rimi ar cūkgaļu 480g,rimi.lv,3.59,2.88,6.00,€/kg,"https://rimibaltic-res.cloudinary.com/image/upload/b_white,c_limit,dpr_auto,f_webp,q_auto:low,w_auto/d_ecommerce:backend-fallback.png/MAT_815869_PCE_LV"
Salsas mērce Santa Maria vidēja asuma 250g,rimi.lv,4.29,3.43,13.72,€/kg,"https://rimibaltic-res.cloudinary.com/image/upload/b_white,c_limit,dpr_auto,f_webp,q_auto:low,w_auto/d_ecommerce:backend-fallback.png/MAT_1019482_PCE_LV"
"Suņu bar.Nutrib. ar vistu,liell.,jēru 12x100g",rimi.lv,,3.59,2.99,€/kg,"https://rimibaltic-res.cloudinary.com/image/upload/b_white,c_limit,dpr_auto,f_webp,q_auto:low,w_auto/d_ecommerce:backend-fallback.png/MAT_816159_PCE_LV"
Svece Bolsius cilindr. balta 80/58mm,rimi.lv,1.79,1.25,,,"https://rimibaltic-res.cloudinary.com/image/upload/b_white,c_limit,dpr_auto,f_webp,q_auto:low,w_auto/d_ecommerce:backend-fallback.png/MAT_7308748_PCE_LV"
Svece Bolsius cilindr. balta 120/58mm,rimi.lv,2.59,1.81,,,"https://rimibaltic-res.cloudinary.com/image/upload/b_white,c_limit,dpr_auto,f_webp,q_auto:low,w_auto/d_ecommerce:backend-fallback.png/MAT_7308811_PCE_LV"
Zaļās olīvas El Faro ar anšoviem 370ml/150g,rimi.lv,2.49,2.00,13.33,€/kg,"https://rimibaltic-res.cloudinary.com/image/upload/b_white,c_limit,dpr_auto,f_webp,q_auto:low,w_auto/d_ecommerce:backend-fallback.png/MAT_1021502_PCE_LV"
Kondicion. Elseve Glycolic Gloss Core 200ml,rimi.lv,5.79,3.99,19.95,€/l,"https://rimibaltic-res.cloudinary.com/image/upload/b_white,c_limit,dpr_auto,f_webp,q_auto:low,w_auto/d_ecommerce:backend-fallback.png/MAT_7311552_PCE_LV"
Hig.ieliktnīši Salling bez smaržvielām 32 gab,rimi.lv,1.75,1.55,,,"https://rimibaltic-res.cloudinary.com/image/upload/b_white,c_limit,dpr_auto,f_webp,q_auto:low,w_auto/d_ecommerce:backend-fallback.png/MAT_816806_PCE_LV"
Ieliktn.nesat.Salling bez smaržv.12 gab,rimi.lv,3.29,2.95,,,"https://rimibaltic-res.cloudinary.com/image/upload/b_white,c_limit,dpr_auto,f_webp,q_auto:low,w_auto/d_ecommerce:backend-fallback.png/MAT_816810_PCE_LV"
Šķīstošā kafija Indian Instant 90g,rimi.lv,3.49,2.89,32.11,€/kg,"https://rimibaltic-res.cloudinary.com/image/upload/b_white,c_limit,dpr_auto,f_webp,q_auto:low,w_auto/d_ecommerce:backend-fallback.png/MAT_1015423_PCE_LV"
Želejk.Rowntrees Randoms skābu augļu gar.130g,rimi.lv,1.99,1.49,11.46,€/kg,"https://rimibaltic-res.cloudinary.com/image/upload/b_white,c_limit,dpr_auto,f_webp,q_auto:low,w_auto/d_ecommerce:backend-fallback.png/MAT_1021387_PCE_LV"
Dilles Spilva 8g,rimi.lv,1.09,0.76,95.00,€/kg,"https://rimibaltic-res.cloudinary.com/image/upload/b_white,c_limit,dpr_auto,f_webp,q_auto:low,w_auto/d_ecommerce:backend-fallback.png/MAT_1022268_PCE_LV"
Melnie graudu pipari Spilva 18g,rimi.lv,1.59,1.11,61.67,€/kg,"https://rimibaltic-res.cloudinary.com/image/upload/b_white,c_limit,dpr_auto,f_webp,q_auto:low,w_auto/d_ecommerce:backend-fallback.png/MAT_1022269_PCE_LV"
"Melnā tēja Loyd mango, persiku garšu 20x1,7g",rimi.lv,2.99,2.09,58.06,€/kg,"https://rimibaltic-res.cloudinary.com/image/upload/b_white,c_limit,dpr_auto,f_webp,q_auto:low,w_auto/d_ecommerce:backend-fallback.png/MAT_1022511_PCE_LV"
Uzkoda suņiem Salling žāvētas cūku ausis 110g,rimi.lv,4.49,3.29,29.91,€/kg,"https://rimibaltic-res.cloudinary.com/image/upload/b_white,c_limit,dpr_auto,f_webp,q_auto:low,w_auto/d_ecommerce:backend-fallback.png/MAT_817551_PCE_LV"
Enerģijas dzēriens Monster Energy 4x500ml,rimi.lv,7.19,3.49,1.75,€/l,"https://rimibaltic-res.cloudinary.com/image/upload/b_white,c_limit,dpr_auto,f_webp,q_auto:low,w_auto/d_ecommerce:backend-fallback.png/MAT_1376148_PCE_LV"
Gardmaize Dabas ar sēklām un medu 500g,rimi.lv,1.71,1.39,2.78,€/kg,"https://rimibaltic-res.cloudinary.com/image/upload/b_white,c_limit,dpr_auto,f_webp,q_auto:low,w_auto/d_ecommerce:backend-fallback.png/MAT_4009989_PCE_LV"
Kaķu bar.Purina One Indoor Form. ar tīt. 750g,rimi.lv,6.49,4.19,5.59,€/kg,"https://rimibaltic-res.cloudinary.com/image/upload/b_white,c_limit,dpr_auto,f_webp,q_auto:low,w_auto/d_ecommerce:backend-fallback.png/MAT_7316298_PCE_LV"
Gāzēts bezalkoholis.dzēriens Limpo cola 0.33l,rimi.lv,1.59,0.59,1.79,€/l,"https://rimibaltic-res.cloudinary.com/image/upload/b_white,c_limit,dpr_auto,f_webp,q_auto:low,w_auto/d_ecommerce:backend-fallback.png/MAT_1376448_PCE_LV"
Augļu un zāļu tēja Ahmad Sleep 30g,rimi.lv,3.69,2.79,93.00,€/kg,"https://rimibaltic-res.cloudinary.com/image/upload/b_white,c_limit,dpr_auto,f_webp,q_auto:low,w_auto/d_ecommerce:backend-fallback.png/MAT_1023587_PCE_LV"
"Pilnv.bar.suņ.Piper ar liel.kuņģi, biet. 800g",rimi.lv,3.49,2.69,3.36,€/kg,"https://rimibaltic-res.cloudinary.com/image/upload/b_white,c_limit,dpr_auto,f_webp,q_auto:low,w_auto/d_ecommerce:backend-fallback.png/MAT_7317344_PCE_LV"
Kons. kaķiem Sheba Fine Flakes Mixed 4x85g,rimi.lv,3.65,1.89,5.56,€/kg,"https://rimibaltic-res.cloudinary.com/image/upload/b_white,c_limit,dpr_auto,f_webp,q_auto:low,w_auto/d_ecommerce:backend-fallback.png/MAT_7319340_PCE_LV"
Kaķu gardumi Dreamies Creamy ar vistu 4x10g,rimi.lv,2.09,1.39,34.75,€/kg,"https://rimibaltic-res.cloudinary.com/image/upload/b_white,c_limit,dpr_auto,f_webp,q_auto:low,w_auto/d_ecommerce:backend-fallback.png/MAT_7319353_PCE_LV"
Cepumi Oreo karamel.pankūku vaniļ.pild.157g,rimi.lv,2.79,1.69,10.76,€/kg,"https://rimibaltic-res.cloudinary.com/image/upload/b_white,c_limit,dpr_auto,f_webp,q_auto:low,w_auto/d_ecommerce:backend-fallback.png/MAT_1024398_PCE_LV"
Lazdu rieksti Alis Co 300g,rimi.lv,8.99,6.59,21.97,€/kg,"https://rimibaltic-res.cloudinary.com/image/upload/b_white,c_limit,dpr_auto,f_webp,q_auto:low,w_auto/d_ecommerce:backend-fallback.png/MAT_1024460_PCE_LV"
Kons.ster.k. Brit Prem. Steril. lasis 100g,rimi.lv,0.85,0.63,6.30,€/kg,"https://rimibaltic-res.cloudinary.com/image/upload/b_white,c_limit,dpr_auto,f_webp,q_auto:low,w_auto/d_ecommerce:backend-fallback.png/MAT_7320043_PCE_LV"
Cepumi Domino ar zemeņu garšas pildijumu 175g,rimi.lv,2.89,1.69,9.66,€/kg,"https://rimibaltic-res.cloudinary.com/image/upload/b_white,c_limit,dpr_auto,f_webp,q_auto:low,w_auto/d_ecommerce:backend-fallback.png/MAT_1022858_PCE_LV"
Dušas želeja Palmolive Olive Milk 750ml,rimi.lv,10.49,5.29,7.05,€/l,"https://rimibaltic-res.cloudinary.com/image/upload/b_white,c_limit,dpr_auto,f_webp,q_auto:low,w_auto/d_ecommerce:backend-fallback.png/MAT_792343_PCE_LV"
Ūdens mīkstinātājs Calgon 1 kg,rimi.lv,11.99,9.19,9.19,€/kg,"https://rimibaltic-res.cloudinary.com/image/upload/b_white,c_limit,dpr_auto,f_webp,q_auto:low,w_auto/d_ecommerce:backend-fallback.png/MAT_419415_PCE_LV"
Lauru lapas Santa Maria 4g,rimi.lv,1.79,1.35,337.50,€/kg,"https://rimibaltic-res.cloudinary.com/image/upload/b_white,c_limit,dpr_auto,f_webp,q_auto:low,w_auto/d_ecommerce:backend-fallback.png/MAT_100571_PCE_LV"
Garšvielas Kotanyi ar ķiplokiem vistai 30g,rimi.lv,1.39,1.09,36.33,€/kg,"https://rimibaltic-res.cloudinary.com/image/upload/b_white,c_limit,dpr_auto,f_webp,q_auto:low,w_auto/d_ecommerce:backend-fallback.png/MAT_156630_PCE_LV"
Cepumi Gullon Choco Chips bezglutēna 200g,rimi.lv,3.49,2.95,14.75,€/kg,"https://rimibaltic-res.cloudinary.com/image/upload/b_white,c_limit,dpr_auto,f_webp,q_auto:low,w_auto/d_ecommerce:backend-fallback.png/MAT_157471_PCE_LV"
Garšviela Santa Maria maltajai gaļai 80g,rimi.lv,2.39,1.79,22.38,€/kg,"https://rimibaltic-res.cloudinary.com/image/upload/b_white,c_limit,dpr_auto,f_webp,q_auto:low,w_auto/d_ecommerce:backend-fallback.png/MAT_181639_PCE_LV"
Rulete ar želejas gabaliņiem 300g,rimi.lv,3.69,3.29,10.97,€/kg,"https://rimibaltic-res.cloudinary.com/image/upload/b_white,c_limit,dpr_auto,f_webp,q_auto:low,w_auto/d_ecommerce:backend-fallback.png/MAT_296403_PCE_LV"
"Piena putra ar augļiem,jogurtu Hipp 250g",rimi.lv,4.69,3.49,13.96,€/kg,"https://rimibaltic-res.cloudinary.com/image/upload/b_white,c_limit,dpr_auto,f_webp,q_auto:low,w_auto/d_ecommerce:backend-fallback.png/MAT_738014_PCE_LV"
Sausiņi Flora ar vanilīnu 180g,rimi.lv,1.49,1.29,7.17,€/kg,"https://rimibaltic-res.cloudinary.com/image/upload/b_white,c_limit,dpr_auto,f_webp,q_auto:low,w_auto/d_ecommerce:backend-fallback.png/MAT_900602_PCE_LV"
"Papīra dvielis Zewa Jumbo Premium, 1 gab,230s",rimi.lv,6.69,5.59,,,"https://rimibaltic-res.cloudinary.com/image/upload/b_white,c_limit,dpr_auto,f_webp,q_auto:low,w_auto/d_ecommerce:backend-fallback.png/MAT_7232287_PCE_LV"
Šokolādes batoniņš Karl Fazer Crunchy 55g,rimi.lv,1.95,1.35,24.55,€/kg,"https://rimibaltic-res.cloudinary.com/image/upload/b_white,c_limit,dpr_auto,f_webp,q_auto:low,w_auto/d_ecommerce:backend-fallback.png/MAT_1001163_PCE_LV"
Proteīna batoniņš Beginnings ananāsu 40g,rimi.lv,1.79,1.59,39.75,€/kg,"https://rimibaltic-res.cloudinary.com/image/upload/b_white,c_limit,dpr_auto,f_webp,q_auto:low,w_auto/d_ecommerce:backend-fallback.png/MAT_1002611_PCE_LV"
Nūjiņas surimi Atlantika saldētas kg,rimi.lv,9.79,8.49,8.49,€/kg,"https://rimibaltic-res.cloudinary.com/image/upload/b_white,c_limit,dpr_auto,f_webp,q_auto:low,w_auto/d_ecommerce:backend-fallback.png/MAT_970679_KGM_LV"
Kuprlaša sark. ikri Lemberg Alaska gold 140g,rimi.lv,14.99,12.99,92.79,€/kg,"https://rimibaltic-res.cloudinary.com/image/upload/b_white,c_limit,dpr_auto,f_webp,q_auto:low,w_auto/d_ecommerce:backend-fallback.png/MAT_987453_PCE_LV"
Ziepes Dove Relaxing 90g,rimi.lv,1.69,1.45,16.11,€/kg,"https://rimibaltic-res.cloudinary.com/image/upload/b_white,c_limit,dpr_auto,f_webp,q_auto:low,w_auto/d_ecommerce:backend-fallback.png/MAT_7271750_PCE_LV"
Kaķu gardumi Dreamies ar kaķumētru 60g,rimi.lv,2.09,1.29,21.50,€/kg,"https://rimibaltic-res.cloudinary.com/image/upload/b_white,c_limit,dpr_auto,f_webp,q_auto:low,w_auto/d_ecommerce:backend-fallback.png/MAT_7270626_PCE_LV"
Šķ. z. Palmolive Almond Refill 1L,rimi.lv,7.99,4.79,4.79,€/l,"https://rimibaltic-res.cloudinary.com/image/upload/b_white,c_limit,dpr_auto,f_webp,q_auto:low,w_auto/d_ecommerce:backend-fallback.png/MAT_7193014_PCE_LV"
Mērce Spilva Street frī kartupeļu 220g,rimi.lv,2.59,1.79,8.14,€/kg,"https://rimibaltic-res.cloudinary.com/image/upload/b_white,c_limit,dpr_auto,f_webp,q_auto:low,w_auto/d_ecommerce:backend-fallback.png/MAT_1011439_PCE_LV"
"Saldējums ar pistācijas g., riek. 200g/326ml",rimi.lv,,4.99,24.95,€/kg,"https://rimibaltic-res.cloudinary.com/image/upload/b_white,c_limit,dpr_auto,f_webp,q_auto:low,w_auto/d_ecommerce:backend-fallback.png/MAT_998818_PCE_LV"
Hig. paketes Libresse Maxi Night Duo 18gab.,rimi.lv,3.99,3.39,,,"https://rimibaltic-res.cloudinary.com/image/upload/b_white,c_limit,dpr_auto,f_webp,q_auto:low,w_auto/d_ecommerce:backend-fallback.png/MAT_7287828_PCE_LV"
Veļas mazg. līdzeklis Perwoll Blossom 60MR 3l,rimi.lv,20.39,11.99,4.00,€/l,"https://rimibaltic-res.cloudinary.com/image/upload/b_white,c_limit,dpr_auto,f_webp,q_auto:low,w_auto/d_ecommerce:backend-fallback.png/MAT_7293582_PCE_LV"
Piena šok. Laima Vāverīte lazdu riek. 190g,rimi.lv,4.59,2.99,15.74,€/kg,"https://rimibaltic-res.cloudinary.com/image/upload/b_white,c_limit,dpr_auto,f_webp,q_auto:low,w_auto/d_ecommerce:backend-fallback.png/MAT_1017439_PCE_LV"
Šķist. dzēr. Mokate Latte Matcha Mango 6x14g,rimi.lv,3.29,2.59,30.83,€/kg,"https://rimibaltic-res.cloudinary.com/image/upload/b_white,c_limit,dpr_auto,f_webp,q_auto:low,w_auto/d_ecommerce:backend-fallback.png/MAT_1017318_PCE_LV"
Svece Cozy Home 6 gab ķirbis HW26,rimi.lv,5.99,4.19,,,"https://rimibaltic-res.cloudinary.com/image/upload/b_white,c_limit,dpr_auto,f_webp,q_auto:low,w_auto/d_ecommerce:backend-fallback.png/MAT_815709_PCE_LV"
"Augļu tēja Možums karkāde, zemene 20x1,7g",rimi.lv,1.39,0.99,33.00,€/kg,"https://rimibaltic-res.cloudinary.com/image/upload/b_white,c_limit,dpr_auto,f_webp,q_auto:low,w_auto/d_ecommerce:backend-fallback.png/MAT_112499_PCE_LV"
Sēnes Shimeji brūnās 150g,rimi.lv,1.79,1.49,9.93,€/kg,"https://rimibaltic-res.cloudinary.com/image/upload/b_white,c_limit,dpr_auto,f_webp,q_auto:low,w_auto/d_ecommerce:backend-fallback.png/MAT_4007164_PCE_LV"
Krēms Lotus Biscoff Crunchy kar. cepumu 380g,rimi.lv,5.99,5.39,14.18,€/kg,"https://rimibaltic-res.cloudinary.com/image/upload/b_white,c_limit,dpr_auto,f_webp,q_auto:low,w_auto/d_ecommerce:backend-fallback.png/MAT_1020562_PCE_LV"
"Gāz. bezalk. dz. Limonāde ar saldinātāju 1,5l",rimi.lv,1.59,1.39,0.93,€/l,"https://rimibaltic-res.cloudinary.com/image/upload/b_white,c_limit,dpr_auto,f_webp,q_auto:low,w_auto/d_ecommerce:backend-fallback.png/MAT_1375321_PCE_LV"
Veļas mazg. kaps.Ariel Mountain Spring 30gab.,rimi.lv,22.99,15.99,,,"https://rimibaltic-res.cloudinary.com/image/upload/b_white,c_limit,dpr_auto,f_webp,q_auto:low,w_auto/d_ecommerce:backend-fallback.png/MAT_7306771_PCE_LV"
Svece Bolsius cilindr. sarkana 120/58mm,rimi.lv,2.59,1.81,,,"https://rimibaltic-res.cloudinary.com/image/upload/b_white,c_limit,dpr_auto,f_webp,q_auto:low,w_auto/d_ecommerce:backend-fallback.png/MAT_7308804_PCE_LV"
Dez. zīm. Rexona Invisible B&W 50ml,rimi.lv,4.89,2.99,59.80,€/l,"https://rimibaltic-res.cloudinary.com/image/upload/b_white,c_limit,dpr_auto,f_webp,q_auto:low,w_auto/d_ecommerce:backend-fallback.png/MAT_7309239_PCE_LV"
Želatīns Spilva 18g,rimi.lv,1.25,1.09,60.56,€/kg,"https://rimibaltic-res.cloudinary.com/image/upload/b_white,c_limit,dpr_auto,f_webp,q_auto:low,w_auto/d_ecommerce:backend-fallback.png/MAT_1021210_PCE_LV"
Tr.tīr.gēls Vanish Oxi Action baltai veļai 1l,rimi.lv,8.29,6.79,6.79,€/l,"https://rimibaltic-res.cloudinary.com/image/upload/b_white,c_limit,dpr_auto,f_webp,q_auto:low,w_auto/d_ecommerce:backend-fallback.png/MAT_7309581_PCE_LV"
Cepumi Roshen Multicake citron. kr .gar. 180g,rimi.lv,0.99,0.75,4.17,€/kg,"https://rimibaltic-res.cloudinary.com/image/upload/b_white,c_limit,dpr_auto,f_webp,q_auto:low,w_auto/d_ecommerce:backend-fallback.png/MAT_1021368_PCE_LV"
Saldēts sēņu maisījums Greens 600g,rimi.lv,6.59,5.59,9.32,€/kg,"https://rimibaltic-res.cloudinary.com/image/upload/b_white,c_limit,dpr_auto,f_webp,q_auto:low,w_auto/d_ecommerce:backend-fallback.png/MAT_4008701_PCE_LV"
Smaržīgie pipari Spilva 15g,rimi.lv,1.29,0.89,59.33,€/kg,"https://rimibaltic-res.cloudinary.com/image/upload/b_white,c_limit,dpr_auto,f_webp,q_auto:low,w_auto/d_ecommerce:backend-fallback.png/MAT_1022265_PCE_LV"
"Viegli gāz.dz.Rimi godži ogu,dzērv.gar.0,568l",rimi.lv,1.25,0.96,1.69,€/l,"https://rimibaltic-res.cloudinary.com/image/upload/b_white,c_limit,dpr_auto,f_webp,q_auto:low,w_auto/d_ecommerce:backend-fallback.png/MAT_1376244_PCE_LV"
Roku ziepes Salling Fri putojošas 300ml,rimi.lv,2.39,1.89,6.30,€/l,"https://rimibaltic-res.cloudinary.com/image/upload/b_white,c_limit,dpr_auto,f_webp,q_auto:low,w_auto/d_ecommerce:backend-fallback.png/MAT_817614_PCE_LV"
Tomāti Mutti sasmalcināti ar baziliku 400g,rimi.lv,2.99,2.39,5.97,€/kg,"https://rimibaltic-res.cloudinary.com/image/upload/b_white,c_limit,dpr_auto,f_webp,q_auto:low,w_auto/d_ecommerce:backend-fallback.png/MAT_1023182_PCE_LV"
Kukurūzas čipsi Santa Maria siera g. 160g,rimi.lv,2.49,1.74,10.88,€/kg,"https://rimibaltic-res.cloudinary.com/image/upload/b_white,c_limit,dpr_auto,f_webp,q_auto:low,w_auto/d_ecommerce:backend-fallback.png/MAT_1023350_PCE_LV"
Gāz.bezalk.dzēriens Limpo apelsī.garša 0.33l,rimi.lv,1.59,0.62,1.88,€/l,"https://rimibaltic-res.cloudinary.com/image/upload/b_white,c_limit,dpr_auto,f_webp,q_auto:low,w_auto/d_ecommerce:backend-fallback.png/MAT_1376469_PCE_LV"
"Pilnv.bar.suņ.Piper ar liell.aknām, kart.800g",rimi.lv,3.49,2.69,3.36,€/kg,"https://rimibaltic-res.cloudinary.com/image/upload/b_white,c_limit,dpr_auto,f_webp,q_auto:low,w_auto/d_ecommerce:backend-fallback.png/MAT_7317338_PCE_LV"
Limonāde Dimdiņi bumbieru kombuča 330ml,rimi.lv,2.79,2.19,6.64,€/l,"https://rimibaltic-res.cloudinary.com/image/upload/b_white,c_limit,dpr_auto,f_webp,q_auto:low,w_auto/d_ecommerce:backend-fallback.png/MAT_1376679_PCE_LV"
Desiņas Kurzemes Gaļsaimnieks svētku kg,rimi.lv,6.49,5.79,5.79,€/kg,"https://rimibaltic-res.cloudinary.com/image/upload/b_white,c_limit,dpr_auto,f_webp,q_auto:low,w_auto/d_ecommerce:backend-fallback.png/MAT_4011125_KGM_LV"
Kon.kaķ. Brit Prem.by Nat. gaļas izl. 4x100g,rimi.lv,3.29,2.45,6.12,€/kg,"https://rimibaltic-res.cloudinary.com/image/upload/b_white,c_limit,dpr_auto,f_webp,q_auto:low,w_auto/d_ecommerce:backend-fallback.png/MAT_7320057_PCE_LV"
Trauku mazgāš. līdz. Fairy Pomegranate 900ml,rimi.lv,4.99,3.99,4.43,€/l,"https://rimibaltic-res.cloudinary.com/image/upload/b_white,c_limit,dpr_auto,f_webp,q_auto:low,w_auto/d_ecommerce:backend-fallback.png/MAT_7135192_PCE_LV"
Balzāms pēc skūšanās Nivea for men original,rimi.lv,13.39,9.59,95.90,€/l,"https://rimibaltic-res.cloudinary.com/image/upload/b_white,c_limit,dpr_auto,f_webp,q_auto:low,w_auto/d_ecommerce:backend-fallback.png/MAT_402113_PCE_LV"
Šampūns Nivea Strong Power vīriešiem 250ml,rimi.lv,4.79,3.29,13.16,€/l,"https://rimibaltic-res.cloudinary.com/image/upload/b_white,c_limit,dpr_auto,f_webp,q_auto:low,w_auto/d_ecommerce:backend-fallback.png/MAT_662143_PCE_LV"
Šampūns Nivea Men pretblaugznu 250ml,rimi.lv,4.79,3.29,13.16,€/l,"https://rimibaltic-res.cloudinary.com/image/upload/b_white,c_limit,dpr_auto,f_webp,q_auto:low,w_auto/d_ecommerce:backend-fallback.png/MAT_789985_PCE_LV"
"Krēms Kiddy Duo šoko., lazdu riekstu gar.700g",rimi.lv,5.99,5.39,7.70,€/kg,"https://rimibaltic-res.cloudinary.com/image/upload/b_white,c_limit,dpr_auto,f_webp,q_auto:low,w_auto/d_ecommerce:backend-fallback.png/MAT_187993_PCE_LV"
Piedeva Santa Maria vistas gaļai 24g,rimi.lv,1.05,0.79,32.92,€/kg,"https://rimibaltic-res.cloudinary.com/image/upload/b_white,c_limit,dpr_auto,f_webp,q_auto:low,w_auto/d_ecommerce:backend-fallback.png/MAT_108596_PCE_LV"
Garšviela Santa Maria zivīm ar garšaugiem 15g,rimi.lv,1.05,0.79,52.67,€/kg,"https://rimibaltic-res.cloudinary.com/image/upload/b_white,c_limit,dpr_auto,f_webp,q_auto:low,w_auto/d_ecommerce:backend-fallback.png/MAT_146047_PCE_LV"
Šokolādes konfektes Laima Rudzupuķe 160g,rimi.lv,3.99,2.39,14.94,€/kg,"https://rimibaltic-res.cloudinary.com/image/upload/b_white,c_limit,dpr_auto,f_webp,q_auto:low,w_auto/d_ecommerce:backend-fallback.png/MAT_165887_PCE_LV"
Garšviela Santa Maria šašlikam 100g,rimi.lv,2.29,1.59,15.90,€/kg,"https://rimibaltic-res.cloudinary.com/image/upload/b_white,c_limit,dpr_auto,f_webp,q_auto:low,w_auto/d_ecommerce:backend-fallback.png/MAT_181643_PCE_LV"
Šokolādes konfektes Rimi Seashells 250g,rimi.lv,4.69,3.79,15.16,€/kg,"https://rimibaltic-res.cloudinary.com/image/upload/b_white,c_limit,dpr_auto,f_webp,q_auto:low,w_auto/d_ecommerce:backend-fallback.png/MAT_808727_PCE_LV"
"Sojas produkts Yosoi persiku, marakujas 250g",rimi.lv,2.09,1.59,6.36,€/kg,"https://rimibaltic-res.cloudinary.com/image/upload/b_white,c_limit,dpr_auto,f_webp,q_auto:low,w_auto/d_ecommerce:backend-fallback.png/MAT_916383_PCE_LV"
Rīsu pārslu putra 100% Hipp BIO 200g,rimi.lv,4.69,3.49,17.45,€/kg,"https://rimibaltic-res.cloudinary.com/image/upload/b_white,c_limit,dpr_auto,f_webp,q_auto:low,w_auto/d_ecommerce:backend-fallback.png/MAT_7033350_PCE_LV"
Mērces mais. Santa Maria Dip gvakamole 15g,rimi.lv,1.65,1.32,88.00,€/kg,"https://rimibaltic-res.cloudinary.com/image/upload/b_white,c_limit,dpr_auto,f_webp,q_auto:low,w_auto/d_ecommerce:backend-fallback.png/MAT_177913_PCE_LV"
Konservi suņiem Pedigree Adult 4x100g,rimi.lv,2.89,1.85,4.62,€/kg,"https://rimibaltic-res.cloudinary.com/image/upload/b_white,c_limit,dpr_auto,f_webp,q_auto:low,w_auto/d_ecommerce:backend-fallback.png/MAT_735459_PCE_LV"
Sojas pupiņu pasta Shinjyo Miso gaišā 500g,rimi.lv,7.19,5.79,11.58,€/kg,"https://rimibaltic-res.cloudinary.com/image/upload/b_white,c_limit,dpr_auto,f_webp,q_auto:low,w_auto/d_ecommerce:backend-fallback.png/MAT_1002407_PCE_LV"
Kapu svece 24stundas SU-430 sarkana,rimi.lv,2.09,1.46,,,"https://rimibaltic-res.cloudinary.com/image/upload/b_white,c_limit,dpr_auto,f_webp,q_auto:low,w_auto/d_ecommerce:backend-fallback.png/MAT_7029787_PCE_LV"
V. buljons Gallina Blaca dill./pēters. 12x10g,rimi.lv,1.35,1.08,9.00,€/kg,"https://rimibaltic-res.cloudinary.com/image/upload/b_white,c_limit,dpr_auto,f_webp,q_auto:low,w_auto/d_ecommerce:backend-fallback.png/MAT_192219_PCE_LV"
Ziepes Dove Gentle Exfoliating 90g,rimi.lv,1.69,1.45,16.11,€/kg,"https://rimibaltic-res.cloudinary.com/image/upload/b_white,c_limit,dpr_auto,f_webp,q_auto:low,w_auto/d_ecommerce:backend-fallback.png/MAT_7271732_PCE_LV"
Konservi kaķiem PrimaCat ar tunča fileju 50g,rimi.lv,1.79,1.29,25.80,€/kg,"https://rimibaltic-res.cloudinary.com/image/upload/b_white,c_limit,dpr_auto,f_webp,q_auto:low,w_auto/d_ecommerce:backend-fallback.png/MAT_7271074_PCE_LV"
Putojošās ziepes Jasmine 300ml,rimi.lv,3.19,2.55,8.50,€/l,"https://rimibaltic-res.cloudinary.com/image/upload/b_white,c_limit,dpr_auto,f_webp,q_auto:low,w_auto/d_ecommerce:backend-fallback.png/MAT_7284753_PCE_LV"
Maska Fructis Hair Food Banana 400ml,rimi.lv,11.89,8.79,21.97,€/l,"https://rimibaltic-res.cloudinary.com/image/upload/b_white,c_limit,dpr_auto,f_webp,q_auto:low,w_auto/d_ecommerce:backend-fallback.png/MAT_7285910_PCE_LV"
"Gāzētais dzēriens Limonāde Mežaogu 1,5l",rimi.lv,1.75,1.45,0.97,€/l,"https://rimibaltic-res.cloudinary.com/image/upload/b_white,c_limit,dpr_auto,f_webp,q_auto:low,w_auto/d_ecommerce:backend-fallback.png/MAT_1373402_PCE_LV"
Trifeles Pure Chocolate beļ.cep.krēm.pil.148g,rimi.lv,4.99,3.79,25.61,€/kg,"https://rimibaltic-res.cloudinary.com/image/upload/b_white,c_limit,dpr_auto,f_webp,q_auto:low,w_auto/d_ecommerce:backend-fallback.png/MAT_1018061_PCE_LV"
"Šķ. mazg. līdz. Woolite Mix Colors 2,7l 45MR",rimi.lv,14.49,8.79,3.26,€/l,"https://rimibaltic-res.cloudinary.com/image/upload/b_white,c_limit,dpr_auto,f_webp,q_auto:low,w_auto/d_ecommerce:backend-fallback.png/MAT_7301208_PCE_LV"
Konfektes Rimi Fresh Mint 16g,rimi.lv,0.55,0.45,28.12,€/kg,"https://rimibaltic-res.cloudinary.com/image/upload/b_white,c_limit,dpr_auto,f_webp,q_auto:low,w_auto/d_ecommerce:backend-fallback.png/MAT_815924_PCE_LV"
Sēnes Mikado Shitake marinētas 530g/310g,rimi.lv,4.69,4.19,13.52,€/kg,"https://rimibaltic-res.cloudinary.com/image/upload/b_white,c_limit,dpr_auto,f_webp,q_auto:low,w_auto/d_ecommerce:backend-fallback.png/MAT_1019036_PCE_LV"
Mini desiņas Ādaži Grill Coll. barberkjū 250g,rimi.lv,2.89,2.39,9.56,€/kg,"https://rimibaltic-res.cloudinary.com/image/upload/b_white,c_limit,dpr_auto,f_webp,q_auto:low,w_auto/d_ecommerce:backend-fallback.png/MAT_4007484_PCE_LV"
Svece Bolsius cilindr. ziloņk. 80/58mm,rimi.lv,1.79,1.25,,,"https://rimibaltic-res.cloudinary.com/image/upload/b_white,c_limit,dpr_auto,f_webp,q_auto:low,w_auto/d_ecommerce:backend-fallback.png/MAT_7308814_PCE_LV"
Poru skrubis Farmstay Hyaluronic 7g,rimi.lv,1.19,0.95,135.71,€/kg,"https://rimibaltic-res.cloudinary.com/image/upload/b_white,c_limit,dpr_auto,f_webp,q_auto:low,w_auto/d_ecommerce:backend-fallback.png/MAT_7307505_PCE_LV"
Zaļās olīvas El Faro ar lasi 370ml/150g,rimi.lv,2.49,2.00,13.33,€/kg,"https://rimibaltic-res.cloudinary.com/image/upload/b_white,c_limit,dpr_auto,f_webp,q_auto:low,w_auto/d_ecommerce:backend-fallback.png/MAT_1021489_PCE_LV"
Zaļās olīvas El Faro ar citronu 370ml/150g,rimi.lv,2.49,2.00,13.33,€/kg,"https://rimibaltic-res.cloudinary.com/image/upload/b_white,c_limit,dpr_auto,f_webp,q_auto:low,w_auto/d_ecommerce:backend-fallback.png/MAT_1021503_PCE_LV"
Želejkonfektes Zozole Rainbow strip 75g,rimi.lv,0.99,0.84,11.20,€/kg,"https://rimibaltic-res.cloudinary.com/image/upload/b_white,c_limit,dpr_auto,f_webp,q_auto:low,w_auto/d_ecommerce:backend-fallback.png/MAT_1008819_PCE_LV"
Tomāti Mutti mizoti 400g/260g,rimi.lv,2.99,2.39,5.97,€/kg,"https://rimibaltic-res.cloudinary.com/image/upload/b_white,c_limit,dpr_auto,f_webp,q_auto:low,w_auto/d_ecommerce:backend-fallback.png/MAT_1002788_PCE_LV"
"Ledus tēja Nestea ķiršu zero 1,5l",rimi.lv,1.99,1.69,1.13,€/l,"https://rimibaltic-res.cloudinary.com/image/upload/b_white,c_limit,dpr_auto,f_webp,q_auto:low,w_auto/d_ecommerce:backend-fallback.png/MAT_1376367_PCE_LV"
Sl. kaķu bar. My love truša gaļas mērcē 4x85g,rimi.lv,,1.29,3.79,€/kg,"https://rimibaltic-res.cloudinary.com/image/upload/b_white,c_limit,dpr_auto,f_webp,q_auto:low,w_auto/d_ecommerce:backend-fallback.png/MAT_7317312_PCE_LV"
Sl.kaķu barība My love vistas gaļu mēr. 4x85g,rimi.lv,,1.29,3.79,€/kg,"https://rimibaltic-res.cloudinary.com/image/upload/b_white,c_limit,dpr_auto,f_webp,q_auto:low,w_auto/d_ecommerce:backend-fallback.png/MAT_7317313_PCE_LV"
WC bloks Bref Spa Moments Harmony 3x50g,rimi.lv,7.99,4.79,31.93,€/kg,"https://rimibaltic-res.cloudinary.com/image/upload/b_white,c_limit,dpr_auto,f_webp,q_auto:low,w_auto/d_ecommerce:backend-fallback.png/MAT_7319905_PCE_LV"
Siļķu fil.gab.Zigmas mar. Skandinā.gau. 370g,rimi.lv,3.99,2.99,8.08,€/kg,"https://rimibaltic-res.cloudinary.com/image/upload/b_white,c_limit,dpr_auto,f_webp,q_auto:low,w_auto/d_ecommerce:backend-fallback.png/MAT_4012047_PCE_LV"
Colgate Zobu Pasta Mw.Expert White 75Ml,rimi.lv,8.59,5.09,67.87,€/l,"https://rimibaltic-res.cloudinary.com/image/upload/b_white,c_limit,dpr_auto,f_webp,q_auto:low,w_auto/d_ecommerce:backend-fallback.png/MAT_7111877_PCE_LV"
"Biks. Huggies Pants MP4 9-14kg Girl,52gb",rimi.lv,18.69,12.99,,,"https://rimibaltic-res.cloudinary.com/image/upload/b_white,c_limit,dpr_auto,f_webp,q_auto:low,w_auto/d_ecommerce:backend-fallback.png/MAT_7158526_PCE_LV"
"Biks. Huggies Pants MP4 9-14kg Boy,52gb",rimi.lv,18.69,12.99,,,"https://rimibaltic-res.cloudinary.com/image/upload/b_white,c_limit,dpr_auto,f_webp,q_auto:low,w_auto/d_ecommerce:backend-fallback.png/MAT_7158548_PCE_LV"
"Biks. HuggiesPants MEGA 15-25kg Boy,44gb",rimi.lv,18.69,12.99,,,"https://rimibaltic-res.cloudinary.com/image/upload/b_white,c_limit,dpr_auto,f_webp,q_auto:low,w_auto/d_ecommerce:backend-fallback.png/MAT_7158517_PCE_LV"
Rulete Rulē aveņu 300g,rimi.lv,4.59,4.09,13.63,€/kg,"https://rimibaltic-res.cloudinary.com/image/upload/b_white,c_limit,dpr_auto,f_webp,q_auto:low,w_auto/d_ecommerce:backend-fallback.png/MAT_965212_PCE_LV"
Želejkonfektes Trolli Playmouse 200g,rimi.lv,2.25,1.55,7.75,€/kg,"https://rimibaltic-res.cloudinary.com/image/upload/b_white,c_limit,dpr_auto,f_webp,q_auto:low,w_auto/d_ecommerce:backend-fallback.png/MAT_164430_PCE_LV"
Kalanhoja podiņā D12/H25-29,rimi.lv,3.49,2.09,,,"https://rimibaltic-res.cloudinary.com/image/upload/b_white,c_limit,dpr_auto,f_webp,q_auto:low,w_auto/d_ecommerce:backend-fallback.png/MAT_901862_PCE_LV"
Konfekšu izlase Pergale Milk Desserts 113g,rimi.lv,3.39,1.99,17.61,€/kg,"https://rimibaltic-res.cloudinary.com/image/upload/b_white,c_limit,dpr_auto,f_webp,q_auto:low,w_auto/d_ecommerce:backend-fallback.png/MAT_1004868_PCE_LV"
S pusgarās zeķes Pc nimes nero uni 40d,rimi.lv,2.79,1.67,,,"https://rimibaltic-res.cloudinary.com/image/upload/b_white,c_limit,dpr_auto,f_webp,q_auto:low,w_auto/d_ecommerce:backend-fallback.png/MAT_7000531_PCE_LV"
S pusgarās zeķes Pc nimes visone uni 40d,rimi.lv,2.79,1.67,,,"https://rimibaltic-res.cloudinary.com/image/upload/b_white,c_limit,dpr_auto,f_webp,q_auto:low,w_auto/d_ecommerce:backend-fallback.png/MAT_7000533_PCE_LV"
Balzams Syoss Keratin intensīvs 250ml,rimi.lv,7.49,4.99,19.96,€/l,"https://rimibaltic-res.cloudinary.com/image/upload/b_white,c_limit,dpr_auto,f_webp,q_auto:low,w_auto/d_ecommerce:backend-fallback.png/MAT_7267564_PCE_LV"
Baterija Energizer Power AAA CPH8 8 gab,rimi.lv,7.99,4.79,,,"https://rimibaltic-res.cloudinary.com/image/upload/b_white,c_limit,dpr_auto,f_webp,q_auto:low,w_auto/d_ecommerce:backend-fallback.png/MAT_7251752_PCE_LV"
Piena šokolāde Pergale ar meža ogu pild. 100g,rimi.lv,2.19,1.49,14.90,€/kg,"https://rimibaltic-res.cloudinary.com/image/upload/b_white,c_limit,dpr_auto,f_webp,q_auto:low,w_auto/d_ecommerce:backend-fallback.png/MAT_1015650_PCE_LV"
Dušas želeja Dove vīriešiem Fresh 400ml,rimi.lv,5.29,3.59,8.97,€/l,"https://rimibaltic-res.cloudinary.com/image/upload/b_white,c_limit,dpr_auto,f_webp,q_auto:low,w_auto/d_ecommerce:backend-fallback.png/MAT_7288246_PCE_LV"
Tr. m. maš. kaps. Finish P. Quantum AIO 80gb.,rimi.lv,39.99,19.59,,,"https://rimibaltic-res.cloudinary.com/image/upload/b_white,c_limit,dpr_auto,f_webp,q_auto:low,w_auto/d_ecommerce:backend-fallback.png/MAT_7292639_PCE_LV"
Kapu svece Bolsius 36h balta,rimi.lv,1.49,1.04,,,"https://rimibaltic-res.cloudinary.com/image/upload/b_white,c_limit,dpr_auto,f_webp,q_auto:low,w_auto/d_ecommerce:backend-fallback.png/MAT_7291725_PCE_LV"
Krekeri The Beginnings mand. ar sēkl. 80g,rimi.lv,2.99,2.49,31.13,€/kg,"https://rimibaltic-res.cloudinary.com/image/upload/b_white,c_limit,dpr_auto,f_webp,q_auto:low,w_auto/d_ecommerce:backend-fallback.png/MAT_1017218_PCE_LV"
Micelārais ūdens Evoluderm ar C vitam. 500ml,rimi.lv,5.79,4.59,9.18,€/l,"https://rimibaltic-res.cloudinary.com/image/upload/b_white,c_limit,dpr_auto,f_webp,q_auto:low,w_auto/d_ecommerce:backend-fallback.png/MAT_7298460_PCE_LV"
Kūka Pellia a Gusto ar žāvētām plūmēm 450g,rimi.lv,4.99,4.19,9.31,€/kg,"https://rimibaltic-res.cloudinary.com/image/upload/b_white,c_limit,dpr_auto,f_webp,q_auto:low,w_auto/d_ecommerce:backend-fallback.png/MAT_4004831_PCE_LV"
Zupa kaķiem Felix Soup Original ar gaļu 6x48g,rimi.lv,,1.99,6.91,€/kg,"https://rimibaltic-res.cloudinary.com/image/upload/b_white,c_limit,dpr_auto,f_webp,q_auto:low,w_auto/d_ecommerce:backend-fallback.png/MAT_7304587_PCE_LV"
Kons. suņu bar. GranCarno ar brieža gaļu 800g,rimi.lv,4.99,3.49,4.36,€/kg,"https://rimibaltic-res.cloudinary.com/image/upload/b_white,c_limit,dpr_auto,f_webp,q_auto:low,w_auto/d_ecommerce:backend-fallback.png/MAT_7305588_PCE_LV"
"Šķid. veļas mazg. līdz. Ariel Color 40MR 1,8l",rimi.lv,20.99,12.59,6.99,€/l,"https://rimibaltic-res.cloudinary.com/image/upload/b_white,c_limit,dpr_auto,f_webp,q_auto:low,w_auto/d_ecommerce:backend-fallback.png/MAT_7306808_PCE_LV"
Veļas mīk. Lenor Gold Orch.&Van. 59MR 1239ml,rimi.lv,9.39,5.59,4.51,€/l,"https://rimibaltic-res.cloudinary.com/image/upload/b_white,c_limit,dpr_auto,f_webp,q_auto:low,w_auto/d_ecommerce:backend-fallback.png/MAT_7306837_PCE_LV"
"Bezalkohol. alus Bavaria sarkano augļu 0,33l",rimi.lv,1.55,1.39,4.21,€/l,"https://rimibaltic-res.cloudinary.com/image/upload/b_white,c_limit,dpr_auto,f_webp,q_auto:low,w_auto/d_ecommerce:backend-fallback.png/MAT_1375576_PCE_LV"
"Gaisa atsv.Air Wick ķiršu z.,aveņu arom.228ml",rimi.lv,9.99,6.39,28.03,€/l,"https://rimibaltic-res.cloudinary.com/image/upload/b_white,c_limit,dpr_auto,f_webp,q_auto:low,w_auto/d_ecommerce:backend-fallback.png/MAT_7310411_PCE_LV"
Kondicionieris Fructis Keratin Sleek 200ml,rimi.lv,7.19,4.31,21.55,€/l,"https://rimibaltic-res.cloudinary.com/image/upload/b_white,c_limit,dpr_auto,f_webp,q_auto:low,w_auto/d_ecommerce:backend-fallback.png/MAT_7310352_PCE_LV"
Pilngr.cep.Salling Eko sakņu dārzeņi EKO 165g,rimi.lv,2.79,2.49,15.09,€/kg,"https://rimibaltic-res.cloudinary.com/image/upload/b_white,c_limit,dpr_auto,f_webp,q_auto:low,w_auto/d_ecommerce:backend-fallback.png/MAT_816776_PCE_LV"
Kakao cepumi Oreo Brownie 154g,rimi.lv,2.59,1.79,11.62,€/kg,"https://rimibaltic-res.cloudinary.com/image/upload/b_white,c_limit,dpr_auto,f_webp,q_auto:low,w_auto/d_ecommerce:backend-fallback.png/MAT_1022041_PCE_LV"
Konfekšu izlase Pergale Milk berries 117g,rimi.lv,3.39,1.99,17.01,€/kg,"https://rimibaltic-res.cloudinary.com/image/upload/b_white,c_limit,dpr_auto,f_webp,q_auto:low,w_auto/d_ecommerce:backend-fallback.png/MAT_1021926_PCE_LV"
"Sausā kaķu bar. Friskies ar lasi, dārz. 800g",rimi.lv,3.59,2.69,3.36,€/kg,"https://rimibaltic-res.cloudinary.com/image/upload/b_white,c_limit,dpr_auto,f_webp,q_auto:low,w_auto/d_ecommerce:backend-fallback.png/MAT_7316062_PCE_LV"
Veļas mazg. kaps. Persil Discs Color 22gab.,rimi.lv,15.39,9.99,,,"https://rimibaltic-res.cloudinary.com/image/upload/b_white,c_limit,dpr_auto,f_webp,q_auto:low,w_auto/d_ecommerce:backend-fallback.png/MAT_7316256_PCE_LV"
Melnā tēja Možums citronu aromatizētā 30g,rimi.lv,0.89,0.69,23.00,€/kg,"https://rimibaltic-res.cloudinary.com/image/upload/b_white,c_limit,dpr_auto,f_webp,q_auto:low,w_auto/d_ecommerce:backend-fallback.png/MAT_1023308_PCE_LV"
Kukurūzas čipsi Doritos skā.krējuma garša 90g,rimi.lv,2.15,1.49,16.56,€/kg,"https://rimibaltic-res.cloudinary.com/image/upload/b_white,c_limit,dpr_auto,f_webp,q_auto:low,w_auto/d_ecommerce:backend-fallback.png/MAT_1023526_PCE_LV"
Skūšanās kasetes Venus Smooth 8gab.,rimi.lv,24.99,16.19,,,"https://rimibaltic-res.cloudinary.com/image/upload/b_white,c_limit,dpr_auto,f_webp,q_auto:low,w_auto/d_ecommerce:backend-fallback.png/MAT_7317498_PCE_LV"
Buljons Ķekava dārzeņu 750ml,rimi.lv,7.99,5.69,7.59,€/kg,"https://rimibaltic-res.cloudinary.com/image/upload/b_white,c_limit,dpr_auto,f_webp,q_auto:low,w_auto/d_ecommerce:backend-fallback.png/MAT_1023937_PCE_LV"
Trauku mazg.tab. Finish Ultimate Fresh 73gab.,rimi.lv,39.99,24.79,,,"https://rimibaltic-res.cloudinary.com/image/upload/b_white,c_limit,dpr_auto,f_webp,q_auto:low,w_auto/d_ecommerce:backend-fallback.png/MAT_7318124_PCE_LV"
Saldējums Valsoia ar pistācijām 510ml/300g,rimi.lv,4.99,3.59,11.97,€/kg,"https://rimibaltic-res.cloudinary.com/image/upload/b_white,c_limit,dpr_auto,f_webp,q_auto:low,w_auto/d_ecommerce:backend-fallback.png/MAT_4011196_PCE_LV"
Siļķes fil.gab.Zigmas mar.balt.mērcē 200g,rimi.lv,2.39,1.79,8.95,€/kg,"https://rimibaltic-res.cloudinary.com/image/upload/b_white,c_limit,dpr_auto,f_webp,q_auto:low,w_auto/d_ecommerce:backend-fallback.png/MAT_4012038_PCE_LV"
Zobu birste Colgate Kids Har.Pot.6-9g. 2gab.,rimi.lv,3.99,2.39,,,"https://rimibaltic-res.cloudinary.com/image/upload/b_white,c_limit,dpr_auto,f_webp,q_auto:low,w_auto/d_ecommerce:backend-fallback.png/MAT_7320430_PCE_LV"
Zobu b. Parodontax Complete Protect. Ex. Soft,rimi.lv,5.99,4.49,,,"https://rimibaltic-res.cloudinary.com/image/upload/b_white,c_limit,dpr_auto,f_webp,q_auto:low,w_auto/d_ecommerce:backend-fallback.png/MAT_7209285_PCE_LV"
Sausmaizītes Finn Crisp tradicionālās 200g,rimi.lv,2.35,1.99,9.95,€/kg,"https://rimibaltic-res.cloudinary.com/image/upload/b_white,c_limit,dpr_auto,f_webp,q_auto:low,w_auto/d_ecommerce:backend-fallback.png/MAT_105298_PCE_LV"
Piena šokolāde Milka Toffee ar riekstiem 300g,rimi.lv,6.49,4.39,14.63,€/kg,"https://rimibaltic-res.cloudinary.com/image/upload/b_white,c_limit,dpr_auto,f_webp,q_auto:low,w_auto/d_ecommerce:backend-fallback.png/MAT_165319_PCE_LV"
Šokolādes konfektes Ferrero Rocher 100g,rimi.lv,5.95,4.39,43.90,€/kg,"https://rimibaltic-res.cloudinary.com/image/upload/b_white,c_limit,dpr_auto,f_webp,q_auto:low,w_auto/d_ecommerce:backend-fallback.png/MAT_173352_PCE_LV"
Piena šokolāde Milka Oreo 300g,rimi.lv,6.49,4.39,14.63,€/kg,"https://rimibaltic-res.cloudinary.com/image/upload/b_white,c_limit,dpr_auto,f_webp,q_auto:low,w_auto/d_ecommerce:backend-fallback.png/MAT_169175_PCE_LV"
Šerbets Laima zemesriekstu 350g,rimi.lv,4.49,3.59,10.26,€/kg,"https://rimibaltic-res.cloudinary.com/image/upload/b_white,c_limit,dpr_auto,f_webp,q_auto:low,w_auto/d_ecommerce:backend-fallback.png/MAT_185589_PCE_LV"
Mērce Spilva ķiploku 375g,rimi.lv,3.79,2.65,7.07,€/kg,"https://rimibaltic-res.cloudinary.com/image/upload/b_white,c_limit,dpr_auto,f_webp,q_auto:low,w_auto/d_ecommerce:backend-fallback.png/MAT_186998_PCE_LV"
Mitrinoša maska Garnier SN Hyal. Aloe 32g,rimi.lv,3.69,2.21,,,"https://rimibaltic-res.cloudinary.com/image/upload/b_white,c_limit,dpr_auto,f_webp,q_auto:low,w_auto/d_ecommerce:backend-fallback.png/MAT_7235130_PCE_LV"
Batoniņš Skrīveru marcipāna zemeņu šok. 40g,rimi.lv,1.29,0.99,24.75,€/kg,"https://rimibaltic-res.cloudinary.com/image/upload/b_white,c_limit,dpr_auto,f_webp,q_auto:low,w_auto/d_ecommerce:backend-fallback.png/MAT_1004138_PCE_LV"
"Kafijas kapsulas Aroma Gold Ristretto 10x5,2g",rimi.lv,2.99,2.39,,,"https://rimibaltic-res.cloudinary.com/image/upload/b_white,c_limit,dpr_auto,f_webp,q_auto:low,w_auto/d_ecommerce:backend-fallback.png/MAT_1005451_PCE_LV"
S.pusgarās zeķes Pc Nancy nero uni 40d,rimi.lv,2.49,1.49,,,"https://rimibaltic-res.cloudinary.com/image/upload/b_white,c_limit,dpr_auto,f_webp,q_auto:low,w_auto/d_ecommerce:backend-fallback.png/MAT_7004855_PCE_LV"
Piemiņas sveces BOLSIUS 50h,rimi.lv,1.49,1.04,,,"https://rimibaltic-res.cloudinary.com/image/upload/b_white,c_limit,dpr_auto,f_webp,q_auto:low,w_auto/d_ecommerce:backend-fallback.png/MAT_7235888_PCE_LV"
Ananasu gab.sulā Rimi Planet 567g/340g,rimi.lv,3.79,2.79,8.21,€/kg,"https://rimibaltic-res.cloudinary.com/image/upload/b_white,c_limit,dpr_auto,f_webp,q_auto:low,w_auto/d_ecommerce:backend-fallback.png/MAT_813497_PCE_LV"
Cepumi Balviten ar dzērvenēm bez glutēna 130g,rimi.lv,2.95,1.69,13.00,€/kg,"https://rimibaltic-res.cloudinary.com/image/upload/b_white,c_limit,dpr_auto,f_webp,q_auto:low,w_auto/d_ecommerce:backend-fallback.png/MAT_1001921_PCE_LV"
Ledenes Chupa Chups xxl play list 29g,rimi.lv,0.75,0.59,20.34,€/kg,"https://rimibaltic-res.cloudinary.com/image/upload/b_white,c_limit,dpr_auto,f_webp,q_auto:low,w_auto/d_ecommerce:backend-fallback.png/MAT_1011800_PCE_LV"
Sausais raugs Rimi 12g,rimi.lv,0.59,0.48,40.00,€/kg,"https://rimibaltic-res.cloudinary.com/image/upload/b_white,c_limit,dpr_auto,f_webp,q_auto:low,w_auto/d_ecommerce:backend-fallback.png/MAT_814507_PCE_LV"
Marinēti tomāti Nizhyn 920g/460g,rimi.lv,3.45,2.89,6.28,€/kg,"https://rimibaltic-res.cloudinary.com/image/upload/b_white,c_limit,dpr_auto,f_webp,q_auto:low,w_auto/d_ecommerce:backend-fallback.png/MAT_152595_PCE_LV"
Saldējums Milka Karameles kraukšķis 90ml/62g,rimi.lv,2.75,1.65,26.61,€/kg,"https://rimibaltic-res.cloudinary.com/image/upload/b_white,c_limit,dpr_auto,f_webp,q_auto:low,w_auto/d_ecommerce:backend-fallback.png/MAT_998545_PCE_LV"
Veļ.M.Relax. Maldives Silan 770ml(35MR),rimi.lv,5.19,3.39,4.40,€/l,"https://rimibaltic-res.cloudinary.com/image/upload/b_white,c_limit,dpr_auto,f_webp,q_auto:low,w_auto/d_ecommerce:backend-fallback.png/MAT_7286696_PCE_LV"
Majonēze Mālpils salātu 250g,rimi.lv,1.09,0.89,3.56,€/kg,"https://rimibaltic-res.cloudinary.com/image/upload/b_white,c_limit,dpr_auto,f_webp,q_auto:low,w_auto/d_ecommerce:backend-fallback.png/MAT_4001771_PCE_LV"
Trauku mazgāšanas līdzeklis Fairy Apple 900ml,rimi.lv,4.99,3.99,4.43,€/l,"https://rimibaltic-res.cloudinary.com/image/upload/b_white,c_limit,dpr_auto,f_webp,q_auto:low,w_auto/d_ecommerce:backend-fallback.png/MAT_7135191_PCE_LV"
"Zobu birste Colgate Kids 6-9 gadiem, 1gab.",rimi.lv,2.89,1.73,,,"https://rimibaltic-res.cloudinary.com/image/upload/b_white,c_limit,dpr_auto,f_webp,q_auto:low,w_auto/d_ecommerce:backend-fallback.png/MAT_7292730_PCE_LV"
"Veļas pulveris Persil Color 20MR 1,1kg",rimi.lv,9.99,7.19,6.54,€/kg,"https://rimibaltic-res.cloudinary.com/image/upload/b_white,c_limit,dpr_auto,f_webp,q_auto:low,w_auto/d_ecommerce:backend-fallback.png/MAT_7293549_PCE_LV"
Sausās brokastis Draugu Chocolate Balls 225g,rimi.lv,1.79,1.49,6.62,€/kg,"https://rimibaltic-res.cloudinary.com/image/upload/b_white,c_limit,dpr_auto,f_webp,q_auto:low,w_auto/d_ecommerce:backend-fallback.png/MAT_1016617_PCE_LV"
Sausās brokastis Draugu Crispy Cookies 225g,rimi.lv,1.99,1.59,7.07,€/kg,"https://rimibaltic-res.cloudinary.com/image/upload/b_white,c_limit,dpr_auto,f_webp,q_auto:low,w_auto/d_ecommerce:backend-fallback.png/MAT_1016626_PCE_LV"
Svece Cozy Home ķirbis D10xh6.5cm HW26,rimi.lv,5.99,4.19,,,"https://rimibaltic-res.cloudinary.com/image/upload/b_white,c_limit,dpr_auto,f_webp,q_auto:low,w_auto/d_ecommerce:backend-fallback.png/MAT_815722_PCE_LV"
"Suņu barība Josidog sensitive 2,7kg",rimi.lv,,6.99,2.59,€/kg,"https://rimibaltic-res.cloudinary.com/image/upload/b_white,c_limit,dpr_auto,f_webp,q_auto:low,w_auto/d_ecommerce:backend-fallback.png/MAT_7292679_PCE_LV"
Krekeri Laurieri Scrocchi ar picas garšu 175g,rimi.lv,2.69,1.99,11.37,€/kg,"https://rimibaltic-res.cloudinary.com/image/upload/b_white,c_limit,dpr_auto,f_webp,q_auto:low,w_auto/d_ecommerce:backend-fallback.png/MAT_1017074_PCE_LV"
Dušas želeja Dove Gentle Pamper 450ml,rimi.lv,7.29,4.69,10.42,€/l,"https://rimibaltic-res.cloudinary.com/image/upload/b_white,c_limit,dpr_auto,f_webp,q_auto:low,w_auto/d_ecommerce:backend-fallback.png/MAT_7304604_PCE_LV"
Kausēts siers Zelmas Piens šķiņķa 330g,rimi.lv,3.09,2.65,8.03,€/kg,"https://rimibaltic-res.cloudinary.com/image/upload/b_white,c_limit,dpr_auto,f_webp,q_auto:low,w_auto/d_ecommerce:backend-fallback.png/MAT_4006911_PCE_LV"
Veļ.tr.tīr.pulv. Vanish Oxi Action White 970g,rimi.lv,13.29,10.99,11.33,€/kg,"https://rimibaltic-res.cloudinary.com/image/upload/b_white,c_limit,dpr_auto,f_webp,q_auto:low,w_auto/d_ecommerce:backend-fallback.png/MAT_7306861_PCE_LV"
Svece Bolsius cilindr. ziloņk. 150/58mm,rimi.lv,3.19,2.23,,,"https://rimibaltic-res.cloudinary.com/image/upload/b_white,c_limit,dpr_auto,f_webp,q_auto:low,w_auto/d_ecommerce:backend-fallback.png/MAT_7308749_PCE_LV"
Dez. zīmulis Dove Invisible Dry 50ml,rimi.lv,5.79,3.49,69.80,€/l,"https://rimibaltic-res.cloudinary.com/image/upload/b_white,c_limit,dpr_auto,f_webp,q_auto:low,w_auto/d_ecommerce:backend-fallback.png/MAT_7309261_PCE_LV"
"Pārtikas trauki Keeeper 0,5l 5 gab. AW26",rimi.lv,3.99,2.39,,,"https://rimibaltic-res.cloudinary.com/image/upload/b_white,c_limit,dpr_auto,f_webp,q_auto:low,w_auto/d_ecommerce:backend-fallback.png/MAT_7309349_PCE_LV"
Kausēts siers Jaunpils kūpinātais 180g,rimi.lv,1.99,1.49,8.28,€/kg,"https://rimibaltic-res.cloudinary.com/image/upload/b_white,c_limit,dpr_auto,f_webp,q_auto:low,w_auto/d_ecommerce:backend-fallback.png/MAT_4008637_PCE_LV"
"Izotoniskais dz. 4 Move Zero multiaugļu 0,75l",rimi.lv,1.59,1.10,1.47,€/l,"https://rimibaltic-res.cloudinary.com/image/upload/b_white,c_limit,dpr_auto,f_webp,q_auto:low,w_auto/d_ecommerce:backend-fallback.png/MAT_1374558_PCE_LV"
Rulete Fazer šokol. ar piparm. garšu 410g,rimi.lv,6.59,4.69,11.44,€/kg,"https://rimibaltic-res.cloudinary.com/image/upload/b_white,c_limit,dpr_auto,f_webp,q_auto:low,w_auto/d_ecommerce:backend-fallback.png/MAT_4009734_PCE_LV"
Mērce Barilla Olive 400g,rimi.lv,3.49,2.44,6.10,€/kg,"https://rimibaltic-res.cloudinary.com/image/upload/b_white,c_limit,dpr_auto,f_webp,q_auto:low,w_auto/d_ecommerce:backend-fallback.png/MAT_157385_PCE_LV"
"Vie.gāz.dz.Rimi granātāb.,kadiķogu gar.0,568l",rimi.lv,1.25,0.89,1.57,€/l,"https://rimibaltic-res.cloudinary.com/image/upload/b_white,c_limit,dpr_auto,f_webp,q_auto:low,w_auto/d_ecommerce:backend-fallback.png/MAT_1376245_PCE_LV"
Maltīte kaķiem Sheba Mini ar zivi 6x50g,rimi.lv,3.75,2.59,8.63,€/kg,"https://rimibaltic-res.cloudinary.com/image/upload/b_white,c_limit,dpr_auto,f_webp,q_auto:low,w_auto/d_ecommerce:backend-fallback.png/MAT_7305778_PCE_LV"
Kaķu bar.Purina One Coat&Hairb. ar vistu 750g,rimi.lv,6.49,4.19,5.59,€/kg,"https://rimibaltic-res.cloudinary.com/image/upload/b_white,c_limit,dpr_auto,f_webp,q_auto:low,w_auto/d_ecommerce:backend-fallback.png/MAT_7316277_PCE_LV"
"Kaķu bar.Purina One D.A.ar mencu, foreli 750g",rimi.lv,6.49,4.19,5.59,€/kg,"https://rimibaltic-res.cloudinary.com/image/upload/b_white,c_limit,dpr_auto,f_webp,q_auto:low,w_auto/d_ecommerce:backend-fallback.png/MAT_7316285_PCE_LV"
Autiņbiksītes Salling Fri XXL 17+kg 16gab,rimi.lv,7.99,6.39,,,"https://rimibaltic-res.cloudinary.com/image/upload/b_white,c_limit,dpr_auto,f_webp,q_auto:low,w_auto/d_ecommerce:backend-fallback.png/MAT_817928_PCE_LV"
Slapja kaķu barība My Love ar zivi mēr. 4x85g,rimi.lv,,1.29,3.79,€/kg,"https://rimibaltic-res.cloudinary.com/image/upload/b_white,c_limit,dpr_auto,f_webp,q_auto:low,w_auto/d_ecommerce:backend-fallback.png/MAT_7317302_PCE_LV"
WC bloks Bref Color Auto Active Flower 3x50g,rimi.lv,7.55,5.19,34.60,€/kg,"https://rimibaltic-res.cloudinary.com/image/upload/b_white,c_limit,dpr_auto,f_webp,q_auto:low,w_auto/d_ecommerce:backend-fallback.png/MAT_7318316_PCE_LV"
Liellopu gaļ. uzk. Sticks Cheese & Chives 35g,rimi.lv,2.29,1.80,51.43,€/kg,"https://rimibaltic-res.cloudinary.com/image/upload/b_white,c_limit,dpr_auto,f_webp,q_auto:low,w_auto/d_ecommerce:backend-fallback.png/MAT_4011111_PCE_LV"
Liellopu gaļ.uzk.Sticks Thai Sweet Chilli 35g,rimi.lv,2.19,1.80,51.43,€/kg,"https://rimibaltic-res.cloudinary.com/image/upload/b_white,c_limit,dpr_auto,f_webp,q_auto:low,w_auto/d_ecommerce:backend-fallback.png/MAT_4011112_PCE_LV"
Gard. suņiem Vitakraft Beef St. ar tītaru 12g,rimi.lv,0.99,0.84,70.00,€/kg,"https://rimibaltic-res.cloudinary.com/image/upload/b_white,c_limit,dpr_auto,f_webp,q_auto:low,w_auto/d_ecommerce:backend-fallback.png/MAT_7319524_PCE_LV"
Grauzdiņi Lāči ar tomātiem un baziliku 100g,rimi.lv,2.29,1.89,18.90,€/kg,"https://rimibaltic-res.cloudinary.com/image/upload/b_white,c_limit,dpr_auto,f_webp,q_auto:low,w_auto/d_ecommerce:backend-fallback.png/MAT_4012016_PCE_LV"
Tual.bl. Bref DeLuxe Magnolia 2x50g,rimi.lv,5.99,3.59,35.90,€/kg,"https://rimibaltic-res.cloudinary.com/image/upload/b_white,c_limit,dpr_auto,f_webp,q_auto:low,w_auto/d_ecommerce:backend-fallback.png/MAT_7221290_PCE_LV"
Gaisa atsvaidz. Air Wick Pure Cherry 250ml,rimi.lv,5.69,4.49,17.96,€/l,"https://rimibaltic-res.cloudinary.com/image/upload/b_white,c_limit,dpr_auto,f_webp,q_auto:low,w_auto/d_ecommerce:backend-fallback.png/MAT_7117189_PCE_LV"
Matu laka Taft power cashmere 250ml,rimi.lv,7.49,4.49,17.96,€/l,"https://rimibaltic-res.cloudinary.com/image/upload/b_white,c_limit,dpr_auto,f_webp,q_auto:low,w_auto/d_ecommerce:backend-fallback.png/MAT_737341_PCE_LV"
Konfektes Ferrero Rocher 37g,rimi.lv,1.89,1.49,40.27,€/kg,"https://rimibaltic-res.cloudinary.com/image/upload/b_white,c_limit,dpr_auto,f_webp,q_auto:low,w_auto/d_ecommerce:backend-fallback.png/MAT_106614_PCE_LV"
Šokolādes batoniņš KitKat Chunky Peanut 42g,rimi.lv,1.39,0.79,18.81,€/kg,"https://rimibaltic-res.cloudinary.com/image/upload/b_white,c_limit,dpr_auto,f_webp,q_auto:low,w_auto/d_ecommerce:backend-fallback.png/MAT_162896_PCE_LV"
Mērce Spilva gurķu 375g,rimi.lv,3.79,2.65,7.07,€/kg,"https://rimibaltic-res.cloudinary.com/image/upload/b_white,c_limit,dpr_auto,f_webp,q_auto:low,w_auto/d_ecommerce:backend-fallback.png/MAT_187003_PCE_LV"
Kartupeļu biezenis Knorr 51g,rimi.lv,2.15,1.49,29.22,€/kg,"https://rimibaltic-res.cloudinary.com/image/upload/b_white,c_limit,dpr_auto,f_webp,q_auto:low,w_auto/d_ecommerce:backend-fallback.png/MAT_194505_PCE_LV"
Saldskābā mērce Rimi Planet 500g,rimi.lv,4.19,3.36,6.72,€/kg,"https://rimibaltic-res.cloudinary.com/image/upload/b_white,c_limit,dpr_auto,f_webp,q_auto:low,w_auto/d_ecommerce:backend-fallback.png/MAT_804095_PCE_LV"
Piena šokolāde Milka choco jelly 250g,rimi.lv,6.49,4.39,17.56,€/kg,"https://rimibaltic-res.cloudinary.com/image/upload/b_white,c_limit,dpr_auto,f_webp,q_auto:low,w_auto/d_ecommerce:backend-fallback.png/MAT_903460_PCE_LV"
Matu putas Syoss volume lift  250ml,rimi.lv,9.99,6.99,27.96,€/l,"https://rimibaltic-res.cloudinary.com/image/upload/b_white,c_limit,dpr_auto,f_webp,q_auto:low,w_auto/d_ecommerce:backend-fallback.png/MAT_778841_PCE_LV"
"Siers ar kaņepju sēkl., lins. fas. kg",rimi.lv,9.99,6.99,6.99,€/kg,"https://rimibaltic-res.cloudinary.com/image/upload/b_white,c_limit,dpr_auto,f_webp,q_auto:low,w_auto/d_ecommerce:backend-fallback.png/MAT_955078_KGM_LV"
Siers Latgales kūpināts fasēts kg,rimi.lv,9.99,7.99,7.99,€/kg,"https://rimibaltic-res.cloudinary.com/image/upload/b_white,c_limit,dpr_auto,f_webp,q_auto:low,w_auto/d_ecommerce:backend-fallback.png/MAT_955081_KGM_LV"
Auzu granola The Beginnings ar dzērvenēm 200g,rimi.lv,4.29,3.69,18.45,€/kg,"https://rimibaltic-res.cloudinary.com/image/upload/b_white,c_limit,dpr_auto,f_webp,q_auto:low,w_auto/d_ecommerce:backend-fallback.png/MAT_1000263_PCE_LV"
"Orhideja 2 kāti,10+ ziedi,D12/H45-65",rimi.lv,9.99,6.99,,,"https://rimibaltic-res.cloudinary.com/image/upload/b_white,c_limit,dpr_auto,f_webp,q_auto:low,w_auto/d_ecommerce:backend-fallback.png/MAT_903734_PCE_LV"
Persiku pusītes Gemoss sīrupā 820g/480g,rimi.lv,3.79,2.99,6.36,€/kg,"https://rimibaltic-res.cloudinary.com/image/upload/b_white,c_limit,dpr_auto,f_webp,q_auto:low,w_auto/d_ecommerce:backend-fallback.png/MAT_1004382_PCE_LV"
Dezodorants Old Spice Captain 85ml,rimi.lv,8.29,6.79,79.88,€/l,"https://rimibaltic-res.cloudinary.com/image/upload/b_white,c_limit,dpr_auto,f_webp,q_auto:low,w_auto/d_ecommerce:backend-fallback.png/MAT_7267696_PCE_LV"
"Roku krēms Nivea mitrinošs, olīvu 75ml",rimi.lv,3.99,2.75,36.67,€/l,"https://rimibaltic-res.cloudinary.com/image/upload/b_white,c_limit,dpr_auto,f_webp,q_auto:low,w_auto/d_ecommerce:backend-fallback.png/MAT_7259355_PCE_LV"
Kafijas kapsulas Aroma Gold Fiori Lungo 58g,rimi.lv,2.99,2.39,,,"https://rimibaltic-res.cloudinary.com/image/upload/b_white,c_limit,dpr_auto,f_webp,q_auto:low,w_auto/d_ecommerce:backend-fallback.png/MAT_1009490_PCE_LV"
Kafijas dzēr. Lofbergs Salted Caramel 230ml,rimi.lv,1.99,1.39,6.04,€/l,"https://rimibaltic-res.cloudinary.com/image/upload/b_white,c_limit,dpr_auto,f_webp,q_auto:low,w_auto/d_ecommerce:backend-fallback.png/MAT_1369375_PCE_LV"
Dezodorants Dove Acai Berry & Waterlily 50ml,rimi.lv,5.79,3.49,69.80,€/l,"https://rimibaltic-res.cloudinary.com/image/upload/b_white,c_limit,dpr_auto,f_webp,q_auto:low,w_auto/d_ecommerce:backend-fallback.png/MAT_7283532_PCE_LV"
WC bloks Spa Moments Harmony Bref 2x50g,rimi.lv,5.79,3.69,36.90,€/kg,"https://rimibaltic-res.cloudinary.com/image/upload/b_white,c_limit,dpr_auto,f_webp,q_auto:low,w_auto/d_ecommerce:backend-fallback.png/MAT_7286722_PCE_LV"
Šķidrās ziepes Citrus & Olive uzpilde 900ml,rimi.lv,3.39,2.69,2.99,€/l,"https://rimibaltic-res.cloudinary.com/image/upload/b_white,c_limit,dpr_auto,f_webp,q_auto:low,w_auto/d_ecommerce:backend-fallback.png/MAT_7284772_PCE_LV"
Šampūns un vannas putas Spiderman 475ml,rimi.lv,4.99,3.99,8.40,€/l,"https://rimibaltic-res.cloudinary.com/image/upload/b_white,c_limit,dpr_auto,f_webp,q_auto:low,w_auto/d_ecommerce:backend-fallback.png/MAT_7288281_PCE_LV"
Zobu pasta Colgate Advanced White Charc. 75ml,rimi.lv,3.29,2.45,32.67,€/l,"https://rimibaltic-res.cloudinary.com/image/upload/b_white,c_limit,dpr_auto,f_webp,q_auto:low,w_auto/d_ecommerce:backend-fallback.png/MAT_7292737_PCE_LV"
Ātri pag.nūd.Glads vistas Teriyaki garšas 95g,rimi.lv,2.99,2.59,27.26,€/kg,"https://rimibaltic-res.cloudinary.com/image/upload/b_white,c_limit,dpr_auto,f_webp,q_auto:low,w_auto/d_ecommerce:backend-fallback.png/MAT_1019409_PCE_LV"
Garšvielu maisījums Vegeta Natur salātiem 20g,rimi.lv,0.79,0.59,29.50,€/kg,"https://rimibaltic-res.cloudinary.com/image/upload/b_white,c_limit,dpr_auto,f_webp,q_auto:low,w_auto/d_ecommerce:backend-fallback.png/MAT_192247_PCE_LV"
Marinētu dārzeņu maisījums Nizhyn 450g/270g,rimi.lv,3.89,2.99,11.07,€/kg,"https://rimibaltic-res.cloudinary.com/image/upload/b_white,c_limit,dpr_auto,f_webp,q_auto:low,w_auto/d_ecommerce:backend-fallback.png/MAT_1019006_PCE_LV"
Šampūns Elseve Hyaluron Plump 250ml,rimi.lv,5.79,3.99,15.96,€/l,"https://rimibaltic-res.cloudinary.com/image/upload/b_white,c_limit,dpr_auto,f_webp,q_auto:low,w_auto/d_ecommerce:backend-fallback.png/MAT_7304484_PCE_LV"
Šampūns Elseve Extraordinary Oil 250ml,rimi.lv,5.79,3.99,15.96,€/l,"https://rimibaltic-res.cloudinary.com/image/upload/b_white,c_limit,dpr_auto,f_webp,q_auto:low,w_auto/d_ecommerce:backend-fallback.png/MAT_7304492_PCE_LV"
Veļas mazg. līdz. Perwoll Light Color 20MR 1l,rimi.lv,8.69,5.59,5.59,€/l,"https://rimibaltic-res.cloudinary.com/image/upload/b_white,c_limit,dpr_auto,f_webp,q_auto:low,w_auto/d_ecommerce:backend-fallback.png/MAT_7305533_PCE_LV"
Dušas želeja Dove Petal Soft 450ml,rimi.lv,7.29,4.69,10.42,€/l,"https://rimibaltic-res.cloudinary.com/image/upload/b_white,c_limit,dpr_auto,f_webp,q_auto:low,w_auto/d_ecommerce:backend-fallback.png/MAT_7304602_PCE_LV"
Krēms Lotus Biscoff karamelizētu cepumu 400g,rimi.lv,5.99,5.39,13.47,€/kg,"https://rimibaltic-res.cloudinary.com/image/upload/b_white,c_limit,dpr_auto,f_webp,q_auto:low,w_auto/d_ecommerce:backend-fallback.png/MAT_1020563_PCE_LV"
Sausā bariba kaķēniem JosiCat Kitten 650g,rimi.lv,,2.39,3.68,€/kg,"https://rimibaltic-res.cloudinary.com/image/upload/b_white,c_limit,dpr_auto,f_webp,q_auto:low,w_auto/d_ecommerce:backend-fallback.png/MAT_7305559_PCE_LV"
Dušas želeja Dove Men Sand&Vanilla 400ml,rimi.lv,5.29,3.59,8.97,€/l,"https://rimibaltic-res.cloudinary.com/image/upload/b_white,c_limit,dpr_auto,f_webp,q_auto:low,w_auto/d_ecommerce:backend-fallback.png/MAT_7309026_PCE_LV"
Vazelīns Vaseline Petroleum Jelly 100ml,rimi.lv,3.99,2.79,27.90,€/l,"https://rimibaltic-res.cloudinary.com/image/upload/b_white,c_limit,dpr_auto,f_webp,q_auto:low,w_auto/d_ecommerce:backend-fallback.png/MAT_7310045_PCE_LV"
Daļ. mitra uzkoda suņiem Salling rullīši 360g,rimi.lv,2.59,1.89,5.25,€/kg,"https://rimibaltic-res.cloudinary.com/image/upload/b_white,c_limit,dpr_auto,f_webp,q_auto:low,w_auto/d_ecommerce:backend-fallback.png/MAT_817554_PCE_LV"
Tējas svece Bolsius 100gab. 4h,rimi.lv,10.99,7.69,,,"https://rimibaltic-res.cloudinary.com/image/upload/b_white,c_limit,dpr_auto,f_webp,q_auto:low,w_auto/d_ecommerce:backend-fallback.png/MAT_7316956_PCE_LV"
Kukurūzas čipsi Doritos siera garša 90g,rimi.lv,2.15,1.49,16.56,€/kg,"https://rimibaltic-res.cloudinary.com/image/upload/b_white,c_limit,dpr_auto,f_webp,q_auto:low,w_auto/d_ecommerce:backend-fallback.png/MAT_1023537_PCE_LV"
Saldējums Kinder Bueno 285g/455ml,rimi.lv,9.99,7.99,28.04,€/kg,"https://rimibaltic-res.cloudinary.com/image/upload/b_white,c_limit,dpr_auto,f_webp,q_auto:low,w_auto/d_ecommerce:backend-fallback.png/MAT_4010702_PCE_LV"
Šķīstošās kafijas dzēr. Rimi 2in1 10x10g,rimi.lv,1.95,1.35,13.50,€/kg,"https://rimibaltic-res.cloudinary.com/image/upload/b_white,c_limit,dpr_auto,f_webp,q_auto:low,w_auto/d_ecommerce:backend-fallback.png/MAT_818035_PCE_LV"
Zāle kaķiem Perfecto 100g,rimi.lv,2.59,1.89,18.90,€/kg,"https://rimibaltic-res.cloudinary.com/image/upload/b_white,c_limit,dpr_auto,f_webp,q_auto:low,w_auto/d_ecommerce:backend-fallback.png/MAT_7319527_PCE_LV"
Gard.suņ. Vitakraft Beef St. Mineral Plus 12g,rimi.lv,0.99,0.84,70.00,€/kg,"https://rimibaltic-res.cloudinary.com/image/upload/b_white,c_limit,dpr_auto,f_webp,q_auto:low,w_auto/d_ecommerce:backend-fallback.png/MAT_7319542_PCE_LV"
Šampūns Fructis Color Resist 400ml,rimi.lv,7.19,4.99,12.47,€/l,"https://rimibaltic-res.cloudinary.com/image/upload/b_white,c_limit,dpr_auto,f_webp,q_auto:low,w_auto/d_ecommerce:backend-fallback.png/MAT_7158428_PCE_LV"
Zefīrs Laima Maigums šok. vaniļas garšas 185g,rimi.lv,5.99,3.99,21.57,€/kg,"https://rimibaltic-res.cloudinary.com/image/upload/b_white,c_limit,dpr_auto,f_webp,q_auto:low,w_auto/d_ecommerce:backend-fallback.png/MAT_114519_PCE_LV"
Ratatujs Nizhyn 450g,rimi.lv,3.19,2.69,5.98,€/kg,"https://rimibaltic-res.cloudinary.com/image/upload/b_white,c_limit,dpr_auto,f_webp,q_auto:low,w_auto/d_ecommerce:backend-fallback.png/MAT_170112_PCE_LV"
Melnie pipari Santa Maria malti 45g,rimi.lv,3.79,2.65,58.89,€/kg,"https://rimibaltic-res.cloudinary.com/image/upload/b_white,c_limit,dpr_auto,f_webp,q_auto:low,w_auto/d_ecommerce:backend-fallback.png/MAT_181644_PCE_LV"
Dārza garšaugu maisījums Santa Maria 29g,rimi.lv,1.59,0.97,33.45,€/kg,"https://rimibaltic-res.cloudinary.com/image/upload/b_white,c_limit,dpr_auto,f_webp,q_auto:low,w_auto/d_ecommerce:backend-fallback.png/MAT_191186_PCE_LV"
Garš.mais. Santa Maria vasabi un sezama 44g,rimi.lv,3.69,2.95,67.05,€/kg,"https://rimibaltic-res.cloudinary.com/image/upload/b_white,c_limit,dpr_auto,f_webp,q_auto:low,w_auto/d_ecommerce:backend-fallback.png/MAT_194369_PCE_LV"
Garšviela Selection by Rimi Itāļu 50g,rimi.lv,3.19,2.56,51.20,€/kg,"https://rimibaltic-res.cloudinary.com/image/upload/b_white,c_limit,dpr_auto,f_webp,q_auto:low,w_auto/d_ecommerce:backend-fallback.png/MAT_810165_PCE_LV"
"Dz. vīns bezalk. Bosca Anniversary Gold 0,75l",rimi.lv,5.99,3.49,4.65,€/l,"https://rimibaltic-res.cloudinary.com/image/upload/b_white,c_limit,dpr_auto,f_webp,q_auto:low,w_auto/d_ecommerce:backend-fallback.png/MAT_192321_PCE_LV"
Zefīrs šokolādē Maigums aveņu 185g,rimi.lv,5.99,3.99,21.57,€/kg,"https://rimibaltic-res.cloudinary.com/image/upload/b_white,c_limit,dpr_auto,f_webp,q_auto:low,w_auto/d_ecommerce:backend-fallback.png/MAT_197115_PCE_LV"
Ledenes Chupa Chups best of maisiņā 120g,rimi.lv,2.99,2.49,20.75,€/kg,"https://rimibaltic-res.cloudinary.com/image/upload/b_white,c_limit,dpr_auto,f_webp,q_auto:low,w_auto/d_ecommerce:backend-fallback.png/MAT_192726_PCE_LV"
Sejas ādas maska Garnier Moisture+ 32g,rimi.lv,3.69,2.21,,,"https://rimibaltic-res.cloudinary.com/image/upload/b_white,c_limit,dpr_auto,f_webp,q_auto:low,w_auto/d_ecommerce:backend-fallback.png/MAT_7235128_PCE_LV"
Tual.bl. Bref Original Intank 2x50g,rimi.lv,5.19,3.69,36.90,€/kg,"https://rimibaltic-res.cloudinary.com/image/upload/b_white,c_limit,dpr_auto,f_webp,q_auto:low,w_auto/d_ecommerce:backend-fallback.png/MAT_7184279_PCE_LV"
Biezenis Kubuš ābolu-arbūzu 100% 100g,rimi.lv,1.05,0.79,7.90,€/kg,"https://rimibaltic-res.cloudinary.com/image/upload/b_white,c_limit,dpr_auto,f_webp,q_auto:low,w_auto/d_ecommerce:backend-fallback.png/MAT_1004029_PCE_LV"
Mērce Heinz Saucy 400ml,rimi.lv,4.85,3.79,8.92,€/kg,"https://rimibaltic-res.cloudinary.com/image/upload/b_white,c_limit,dpr_auto,f_webp,q_auto:low,w_auto/d_ecommerce:backend-fallback.png/MAT_1004572_PCE_LV"
Bros mušu pletne,rimi.lv,0.89,0.61,,,"https://rimibaltic-res.cloudinary.com/image/upload/b_white,c_limit,dpr_auto,f_webp,q_auto:low,w_auto/d_ecommerce:backend-fallback.png/MAT_7247945_PCE_LV"
Tunča filejas zupa PrimaCat kaķiem 40g,rimi.lv,1.49,1.09,27.25,€/kg,"https://rimibaltic-res.cloudinary.com/image/upload/b_white,c_limit,dpr_auto,f_webp,q_auto:low,w_auto/d_ecommerce:backend-fallback.png/MAT_7247529_PCE_LV"
Batoniņš The Beginnings papajas 40g,rimi.lv,1.85,1.55,38.75,€/kg,"https://rimibaltic-res.cloudinary.com/image/upload/b_white,c_limit,dpr_auto,f_webp,q_auto:low,w_auto/d_ecommerce:backend-fallback.png/MAT_1005309_PCE_LV"
Veļas mīkstinātājs LOVELA 2L,rimi.lv,11.79,9.59,4.80,€/l,"https://rimibaltic-res.cloudinary.com/image/upload/b_white,c_limit,dpr_auto,f_webp,q_auto:low,w_auto/d_ecommerce:backend-fallback.png/MAT_7239413_PCE_LV"
Rīsu putra Muller Riso ar zemeņu ievār. 200g,rimi.lv,1.19,0.99,4.95,€/kg,"https://rimibaltic-res.cloudinary.com/image/upload/b_white,c_limit,dpr_auto,f_webp,q_auto:low,w_auto/d_ecommerce:backend-fallback.png/MAT_900099_PCE_LV"
Vannas put Almeda Olive Relaxation 750ml,rimi.lv,3.09,2.45,3.27,€/l,"https://rimibaltic-res.cloudinary.com/image/upload/b_white,c_limit,dpr_auto,f_webp,q_auto:low,w_auto/d_ecommerce:backend-fallback.png/MAT_813854_PCE_LV"
"Bezalk. dzēriens Fever Tree Ginger Ale 0,5l",rimi.lv,3.59,2.69,5.38,€/l,"https://rimibaltic-res.cloudinary.com/image/upload/b_white,c_limit,dpr_auto,f_webp,q_auto:low,w_auto/d_ecommerce:backend-fallback.png/MAT_1365600_PCE_LV"
Bļoda Vetro Plus metāla 26cm,rimi.lv,5.99,4.19,,,"https://rimibaltic-res.cloudinary.com/image/upload/b_white,c_limit,dpr_auto,f_webp,q_auto:low,w_auto/d_ecommerce:backend-fallback.png/MAT_7001465_PCE_LV"
Kaķu konservi ONE JUNIOR ar vistas gaļu,rimi.lv,4.29,2.59,7.62,€/kg,"https://rimibaltic-res.cloudinary.com/image/upload/b_white,c_limit,dpr_auto,f_webp,q_auto:low,w_auto/d_ecommerce:backend-fallback.png/MAT_7263965_PCE_LV"
Dezodorants Rexona Aloe Vera rullītis 50ml,rimi.lv,4.89,2.99,59.80,€/l,"https://rimibaltic-res.cloudinary.com/image/upload/b_white,c_limit,dpr_auto,f_webp,q_auto:low,w_auto/d_ecommerce:backend-fallback.png/MAT_7283535_PCE_LV"
Marin. siļķu gab. Skandināvu gaumē 500g/350g,rimi.lv,4.79,3.89,11.11,€/kg,"https://rimibaltic-res.cloudinary.com/image/upload/b_white,c_limit,dpr_auto,f_webp,q_auto:low,w_auto/d_ecommerce:backend-fallback.png/MAT_996508_PCE_LV"
Piena šokolāde Pergale ar lazdu riekstiem 85g,rimi.lv,2.19,1.49,17.53,€/kg,"https://rimibaltic-res.cloudinary.com/image/upload/b_white,c_limit,dpr_auto,f_webp,q_auto:low,w_auto/d_ecommerce:backend-fallback.png/MAT_1013202_PCE_LV"
Veļ.M. Fresh Sky Silan 880ml (40MR),rimi.lv,5.19,3.39,3.85,€/l,"https://rimibaltic-res.cloudinary.com/image/upload/b_white,c_limit,dpr_auto,f_webp,q_auto:low,w_auto/d_ecommerce:backend-fallback.png/MAT_7286681_PCE_LV"
Veļ.M. Dreamy Lotus Silan 770ml (35MR),rimi.lv,5.19,3.39,4.40,€/l,"https://rimibaltic-res.cloudinary.com/image/upload/b_white,c_limit,dpr_auto,f_webp,q_auto:low,w_auto/d_ecommerce:backend-fallback.png/MAT_7286691_PCE_LV"
Suņu gard. Pedigree vistas un bekona123g,rimi.lv,2.75,1.75,14.23,€/kg,"https://rimibaltic-res.cloudinary.com/image/upload/b_white,c_limit,dpr_auto,f_webp,q_auto:low,w_auto/d_ecommerce:backend-fallback.png/MAT_7289058_PCE_LV"
S zeķub.Immagine confort 40d nero 3,rimi.lv,3.29,1.97,,,"https://rimibaltic-res.cloudinary.com/image/upload/b_white,c_limit,dpr_auto,f_webp,q_auto:low,w_auto/d_ecommerce:backend-fallback.png/MAT_782647_PCE_LV"
Žel. veļas mazg. Persil Universal 22MR 990ml,rimi.lv,11.49,8.69,8.78,€/l,"https://rimibaltic-res.cloudinary.com/image/upload/b_white,c_limit,dpr_auto,f_webp,q_auto:low,w_auto/d_ecommerce:backend-fallback.png/MAT_7293559_PCE_LV"
Veļas mazg. līdzeklis Perwoll Black 20MR 1l,rimi.lv,8.69,5.59,5.59,€/l,"https://rimibaltic-res.cloudinary.com/image/upload/b_white,c_limit,dpr_auto,f_webp,q_auto:low,w_auto/d_ecommerce:backend-fallback.png/MAT_7293581_PCE_LV"
Barība suņiem Premium JosiDog Mini 900g,rimi.lv,,2.99,3.32,€/kg,"https://rimibaltic-res.cloudinary.com/image/upload/b_white,c_limit,dpr_auto,f_webp,q_auto:low,w_auto/d_ecommerce:backend-fallback.png/MAT_7288906_PCE_LV"
Dzēriens Cult Bubble Gum Caffeine Free 500ml,rimi.lv,1.55,0.99,1.98,€/l,"https://rimibaltic-res.cloudinary.com/image/upload/b_white,c_limit,dpr_auto,f_webp,q_auto:low,w_auto/d_ecommerce:backend-fallback.png/MAT_1374120_PCE_LV"
Mērce Heinz Pommes Frites kartupeļiem 430g,rimi.lv,5.35,3.79,8.81,€/kg,"https://rimibaltic-res.cloudinary.com/image/upload/b_white,c_limit,dpr_auto,f_webp,q_auto:low,w_auto/d_ecommerce:backend-fallback.png/MAT_1017761_PCE_LV"
Svece Cozy Home D5xH5 cm HW26,rimi.lv,3.99,2.79,,,"https://rimibaltic-res.cloudinary.com/image/upload/b_white,c_limit,dpr_auto,f_webp,q_auto:low,w_auto/d_ecommerce:backend-fallback.png/MAT_815719_PCE_LV"
Veļas mazg. kapsulas Persil Discs Color 13MR,rimi.lv,9.99,7.39,,,"https://rimibaltic-res.cloudinary.com/image/upload/b_white,c_limit,dpr_auto,f_webp,q_auto:low,w_auto/d_ecommerce:backend-fallback.png/MAT_7299279_PCE_LV"
Zobu pasta Aquafresh Little Teeth 50ml,rimi.lv,2.69,1.99,39.80,€/l,"https://rimibaltic-res.cloudinary.com/image/upload/b_white,c_limit,dpr_auto,f_webp,q_auto:low,w_auto/d_ecommerce:backend-fallback.png/MAT_7298251_PCE_LV"
Kapu svece Bolsius Debesis 17cm 70h ST26,rimi.lv,2.49,1.74,,,"https://rimibaltic-res.cloudinary.com/image/upload/b_white,c_limit,dpr_auto,f_webp,q_auto:low,w_auto/d_ecommerce:backend-fallback.png/MAT_7301362_PCE_LV"
Balzams Elseve Dream Length 200ml,rimi.lv,5.79,3.99,19.95,€/l,"https://rimibaltic-res.cloudinary.com/image/upload/b_white,c_limit,dpr_auto,f_webp,q_auto:low,w_auto/d_ecommerce:backend-fallback.png/MAT_7304458_PCE_LV"
Šampūns Elseve Color-Vive UV-filtru 250ml,rimi.lv,5.79,3.99,15.96,€/l,"https://rimibaltic-res.cloudinary.com/image/upload/b_white,c_limit,dpr_auto,f_webp,q_auto:low,w_auto/d_ecommerce:backend-fallback.png/MAT_7304474_PCE_LV"
Jogurta kokt. Baltais ar Dub. šok. garšu 250g,rimi.lv,1.49,1.09,4.36,€/kg,"https://rimibaltic-res.cloudinary.com/image/upload/b_white,c_limit,dpr_auto,f_webp,q_auto:low,w_auto/d_ecommerce:backend-fallback.png/MAT_4007420_PCE_LV"
Veļas mazgāšanas kapsulas Ariel Color 30gab.,rimi.lv,22.99,17.19,,,"https://rimibaltic-res.cloudinary.com/image/upload/b_white,c_limit,dpr_auto,f_webp,q_auto:low,w_auto/d_ecommerce:backend-fallback.png/MAT_7306791_PCE_LV"
"Sausā kaķu barība NB pieaug., steril. 1,5kg",rimi.lv,,4.79,3.19,€/kg,"https://rimibaltic-res.cloudinary.com/image/upload/b_white,c_limit,dpr_auto,f_webp,q_auto:low,w_auto/d_ecommerce:backend-fallback.png/MAT_7297106_PCE_LV"
"Sausā kaķu barība NB ar lasi, pieaug. 1,5kg",rimi.lv,,4.79,3.19,€/kg,"https://rimibaltic-res.cloudinary.com/image/upload/b_white,c_limit,dpr_auto,f_webp,q_auto:low,w_auto/d_ecommerce:backend-fallback.png/MAT_7297105_PCE_LV"
Auduma maska Garnier Hydra Bomb atj. nakt.28g,rimi.lv,3.69,2.21,78.93,€/kg,"https://rimibaltic-res.cloudinary.com/image/upload/b_white,c_limit,dpr_auto,f_webp,q_auto:low,w_auto/d_ecommerce:backend-fallback.png/MAT_7298859_PCE_LV"
Kons.kaķ. Nutribalance Muss ar vistas g.8x85g,rimi.lv,6.29,3.99,5.87,€/kg,"https://rimibaltic-res.cloudinary.com/image/upload/b_white,c_limit,dpr_auto,f_webp,q_auto:low,w_auto/d_ecommerce:backend-fallback.png/MAT_816456_PCE_LV"
Kviešu uzkoda Estrella ar bekona garšu 110g,rimi.lv,,1.59,14.45,€/kg,"https://rimibaltic-res.cloudinary.com/image/upload/b_white,c_limit,dpr_auto,f_webp,q_auto:low,w_auto/d_ecommerce:backend-fallback.png/MAT_1021169_PCE_LV"
Sorgo putraimi Rimi Free From 375g,rimi.lv,1.69,1.39,3.71,€/kg,"https://rimibaltic-res.cloudinary.com/image/upload/b_white,c_limit,dpr_auto,f_webp,q_auto:low,w_auto/d_ecommerce:backend-fallback.png/MAT_816387_PCE_LV"
"Konfektes Laima zemesrieksti, karamele kg",rimi.lv,18.99,12.99,12.99,€/kg,"https://rimibaltic-res.cloudinary.com/image/upload/b_white,c_limit,dpr_auto,f_webp,q_auto:low,w_auto/d_ecommerce:backend-fallback.png/MAT_1021868_KGM_LV"
Dezodorants Dove Invisible Fresh 200ml,rimi.lv,5.99,3.59,17.95,€/l,"https://rimibaltic-res.cloudinary.com/image/upload/b_white,c_limit,dpr_auto,f_webp,q_auto:low,w_auto/d_ecommerce:backend-fallback.png/MAT_7314195_PCE_LV"
"Vie.gāz.dz.Rimi piparmētru,laima garša 0,568l",rimi.lv,1.25,0.96,1.69,€/l,"https://rimibaltic-res.cloudinary.com/image/upload/b_white,c_limit,dpr_auto,f_webp,q_auto:low,w_auto/d_ecommerce:backend-fallback.png/MAT_1376238_PCE_LV"
"Tāfelīte KitKat Finger White 41,5g",rimi.lv,1.19,0.79,18.81,€/kg,"https://rimibaltic-res.cloudinary.com/image/upload/b_white,c_limit,dpr_auto,f_webp,q_auto:low,w_auto/d_ecommerce:backend-fallback.png/MAT_1021772_PCE_LV"
Maltīte kaķiem Sheba Mini ar gaļu 6x50g,rimi.lv,3.75,2.59,8.63,€/kg,"https://rimibaltic-res.cloudinary.com/image/upload/b_white,c_limit,dpr_auto,f_webp,q_auto:low,w_auto/d_ecommerce:backend-fallback.png/MAT_7305781_PCE_LV"
Zaļā tēja Ahmad ar piparmētru 50g,rimi.lv,2.39,1.79,35.80,€/kg,"https://rimibaltic-res.cloudinary.com/image/upload/b_white,c_limit,dpr_auto,f_webp,q_auto:low,w_auto/d_ecommerce:backend-fallback.png/MAT_1023586_PCE_LV"
"Pilnv.bar.suņ.Piper ar medīj.gaļu, ķirbi 500g",rimi.lv,2.99,2.19,4.38,€/kg,"https://rimibaltic-res.cloudinary.com/image/upload/b_white,c_limit,dpr_auto,f_webp,q_auto:low,w_auto/d_ecommerce:backend-fallback.png/MAT_7317354_PCE_LV"
Šam.Loreal Paris Elseve Collagen Lifter 250ml,rimi.lv,5.79,3.99,15.96,€/l,"https://rimibaltic-res.cloudinary.com/image/upload/b_white,c_limit,dpr_auto,f_webp,q_auto:low,w_auto/d_ecommerce:backend-fallback.png/MAT_7317523_PCE_LV"
Depilācijas krēms Veet Professional 100ml,rimi.lv,7.59,6.79,67.90,€/l,"https://rimibaltic-res.cloudinary.com/image/upload/b_white,c_limit,dpr_auto,f_webp,q_auto:low,w_auto/d_ecommerce:backend-fallback.png/MAT_7319148_PCE_LV"
"Kons. kaķ. Carny tītars, vista, garnel. 200g",rimi.lv,1.99,1.59,7.95,€/kg,"https://rimibaltic-res.cloudinary.com/image/upload/b_white,c_limit,dpr_auto,f_webp,q_auto:low,w_auto/d_ecommerce:backend-fallback.png/MAT_7319509_PCE_LV"
"Kons. kaķiem Animonda Carny vista,zoss 85g",rimi.lv,1.69,1.19,14.00,€/kg,"https://rimibaltic-res.cloudinary.com/image/upload/b_white,c_limit,dpr_auto,f_webp,q_auto:low,w_auto/d_ecommerce:backend-fallback.png/MAT_7319532_PCE_LV"
Brētliņas Kaija tomātu mērcē ar papriku 240g,rimi.lv,1.89,1.59,6.63,€/kg,"https://rimibaltic-res.cloudinary.com/image/upload/b_white,c_limit,dpr_auto,f_webp,q_auto:low,w_auto/d_ecommerce:backend-fallback.png/MAT_4011691_PCE_LV"
Kons. kaķ. Brit Prem. by Nature zivju 4x100g,rimi.lv,3.29,2.45,6.12,€/kg,"https://rimibaltic-res.cloudinary.com/image/upload/b_white,c_limit,dpr_auto,f_webp,q_auto:low,w_auto/d_ecommerce:backend-fallback.png/MAT_7320056_PCE_LV"
"Kapu svece Bolsius Lilija 17cm, 70h ST26",rimi.lv,2.49,1.74,,,"https://rimibaltic-res.cloudinary.com/image/upload/b_white,c_limit,dpr_auto,f_webp,q_auto:low,w_auto/d_ecommerce:backend-fallback.png/MAT_7320969_PCE_LV"
"Bezal.dz.Venden Re Fresh zemeņu ga.0,57l",rimi.lv,1.79,1.39,2.44,€/l,"https://rimibaltic-res.cloudinary.com/image/upload/b_white,c_limit,dpr_auto,f_webp,q_auto:low,w_auto/d_ecommerce:backend-fallback.png/MAT_1377086_PCE_LV"
Dekoratīvie ķirbji sieta maisiņā HW26,rimi.lv,2.99,1.79,,,"https://rimibaltic-res.cloudinary.com/image/upload/b_white,c_limit,dpr_auto,f_webp,q_auto:low,w_auto/d_ecommerce:backend-fallback.png/MAT_7321342_PCE_LV"
Vannas bumbas Sence Midnight Shadows 150g,rimi.lv,3.99,2.79,18.60,€/kg,"https://rimibaltic-res.cloudinary.com/image/upload/b_white,c_limit,dpr_auto,f_webp,q_auto:low,w_auto/d_ecommerce:backend-fallback.png/MAT_7321721_PCE_LV"
SUN365 Smūtijs Pina Colada 250ml,rimi.lv,2.49,1.89,7.56,€/l,"https://rimibaltic-res.cloudinary.com/image/upload/b_white,c_limit,dpr_auto,f_webp,q_auto:low,w_auto/d_ecommerce:backend-fallback.png/MAT_1358400_PCE_LV"
Zobu pasta Elmex Sensitive 2x75ml,rimi.lv,14.99,9.74,64.93,€/l,"https://rimibaltic-res.cloudinary.com/image/upload/b_white,c_limit,dpr_auto,f_webp,q_auto:low,w_auto/d_ecommerce:backend-fallback.png/MAT_7295996_PCE_LV"
Marmelāde Laima šķēlītēs glazētas 190g,rimi.lv,5.99,4.79,25.21,€/kg,"https://rimibaltic-res.cloudinary.com/image/upload/b_white,c_limit,dpr_auto,f_webp,q_auto:low,w_auto/d_ecommerce:backend-fallback.png/MAT_132456_PCE_LV"
Cepumi Gullon Pastas bez glutēna 200g,rimi.lv,2.99,2.49,12.45,€/kg,"https://rimibaltic-res.cloudinary.com/image/upload/b_white,c_limit,dpr_auto,f_webp,q_auto:low,w_auto/d_ecommerce:backend-fallback.png/MAT_135470_PCE_LV"
Ledenes Chupa Chups melody pops 15g,rimi.lv,0.82,0.59,39.33,€/kg,"https://rimibaltic-res.cloudinary.com/image/upload/b_white,c_limit,dpr_auto,f_webp,q_auto:low,w_auto/d_ecommerce:backend-fallback.png/MAT_122348_PCE_LV"
Garšviela Santa Maria čili dzirnaviņās 70g,rimi.lv,4.45,3.29,47.00,€/kg,"https://rimibaltic-res.cloudinary.com/image/upload/b_white,c_limit,dpr_auto,f_webp,q_auto:low,w_auto/d_ecommerce:backend-fallback.png/MAT_124076_PCE_LV"
Jūras sāls Kotanyi dzirnaviņās 92g,rimi.lv,3.59,2.99,32.50,€/kg,"https://rimibaltic-res.cloudinary.com/image/upload/b_white,c_limit,dpr_auto,f_webp,q_auto:low,w_auto/d_ecommerce:backend-fallback.png/MAT_147951_PCE_LV"
Mušu pletne Aeroxon,rimi.lv,0.99,0.68,,,"https://rimibaltic-res.cloudinary.com/image/upload/b_white,c_limit,dpr_auto,f_webp,q_auto:low,w_auto/d_ecommerce:backend-fallback.png/MAT_617978_PCE_LV"
Biezenis Semper zemeņu 6m. 110g,rimi.lv,,1.49,13.55,€/kg,"https://rimibaltic-res.cloudinary.com/image/upload/b_white,c_limit,dpr_auto,f_webp,q_auto:low,w_auto/d_ecommerce:backend-fallback.png/MAT_7206563_PCE_LV"
"Bezalkoholisks sarkanvīns Blue Nun 0% 0,75l",rimi.lv,7.59,4.99,6.65,€/l,"https://rimibaltic-res.cloudinary.com/image/upload/b_white,c_limit,dpr_auto,f_webp,q_auto:low,w_auto/d_ecommerce:backend-fallback.png/MAT_1356002_PCE_LV"
S zeķubikses Pc la manche visone 4 40d,rimi.lv,4.99,2.99,,,"https://rimibaltic-res.cloudinary.com/image/upload/b_white,c_limit,dpr_auto,f_webp,q_auto:low,w_auto/d_ecommerce:backend-fallback.png/MAT_7004933_PCE_LV"
Aerosols matu veidošanai Syoss 200ml,rimi.lv,9.99,6.99,34.95,€/l,"https://rimibaltic-res.cloudinary.com/image/upload/b_white,c_limit,dpr_auto,f_webp,q_auto:low,w_auto/d_ecommerce:backend-fallback.png/MAT_7148427_PCE_LV"
Jūras kāposti Rimi ar lasi 250g,rimi.lv,1.99,1.59,6.36,€/kg,"https://rimibaltic-res.cloudinary.com/image/upload/b_white,c_limit,dpr_auto,f_webp,q_auto:low,w_auto/d_ecommerce:backend-fallback.png/MAT_811615_PCE_LV"
Nūdeles Yakisoba ar vistas garšu 93g,rimi.lv,2.59,2.19,23.55,€/kg,"https://rimibaltic-res.cloudinary.com/image/upload/b_white,c_limit,dpr_auto,f_webp,q_auto:low,w_auto/d_ecommerce:backend-fallback.png/MAT_1001377_PCE_LV"
"Mut.skaloj. LISTERINE MILD TASTE, 1L",rimi.lv,11.99,8.63,8.63,€/l,"https://rimibaltic-res.cloudinary.com/image/upload/b_white,c_limit,dpr_auto,f_webp,q_auto:low,w_auto/d_ecommerce:backend-fallback.png/MAT_7231352_PCE_LV"
"Dārzeņu zupa ar tītaru gaļu HIPP,190g",rimi.lv,2.69,1.99,10.47,€/kg,"https://rimibaltic-res.cloudinary.com/image/upload/b_white,c_limit,dpr_auto,f_webp,q_auto:low,w_auto/d_ecommerce:backend-fallback.png/MAT_7244836_PCE_LV"
S.pusgarās zeķes Pc Nancy bronzo uni 40d,rimi.lv,2.49,1.49,,,"https://rimibaltic-res.cloudinary.com/image/upload/b_white,c_limit,dpr_auto,f_webp,q_auto:low,w_auto/d_ecommerce:backend-fallback.png/MAT_7004856_PCE_LV"
Siev zeķubikses Pc marseille nero xl 50d,rimi.lv,6.49,3.89,,,"https://rimibaltic-res.cloudinary.com/image/upload/b_white,c_limit,dpr_auto,f_webp,q_auto:low,w_auto/d_ecommerce:backend-fallback.png/MAT_7191625_PCE_LV"
Izsm. līdzeklis Taft Heat Protection 250ml,rimi.lv,7.99,6.39,25.56,€/l,"https://rimibaltic-res.cloudinary.com/image/upload/b_white,c_limit,dpr_auto,f_webp,q_auto:low,w_auto/d_ecommerce:backend-fallback.png/MAT_7244859_PCE_LV"
Piemiņas sveces BOLSIUS 100h,rimi.lv,2.29,1.60,,,"https://rimibaltic-res.cloudinary.com/image/upload/b_white,c_limit,dpr_auto,f_webp,q_auto:low,w_auto/d_ecommerce:backend-fallback.png/MAT_7235887_PCE_LV"
"Bezalkoholiskais vīns Codorniu Zero 0,75l",rimi.lv,10.69,6.69,8.92,€/l,"https://rimibaltic-res.cloudinary.com/image/upload/b_white,c_limit,dpr_auto,f_webp,q_auto:low,w_auto/d_ecommerce:backend-fallback.png/MAT_7218742_PCE_LV"
Ananasu šķēl. sulā Rimi Planet 567g/340g,rimi.lv,3.49,2.79,8.21,€/kg,"https://rimibaltic-res.cloudinary.com/image/upload/b_white,c_limit,dpr_auto,f_webp,q_auto:low,w_auto/d_ecommerce:backend-fallback.png/MAT_813507_PCE_LV"
Dezodorants Old Spice White Water 85ml,rimi.lv,8.29,6.79,79.88,€/l,"https://rimibaltic-res.cloudinary.com/image/upload/b_white,c_limit,dpr_auto,f_webp,q_auto:low,w_auto/d_ecommerce:backend-fallback.png/MAT_7267715_PCE_LV"
Košļ. gumija Chupa Chups babol augļu 28g,rimi.lv,0.89,0.75,26.79,€/kg,"https://rimibaltic-res.cloudinary.com/image/upload/b_white,c_limit,dpr_auto,f_webp,q_auto:low,w_auto/d_ecommerce:backend-fallback.png/MAT_173573_PCE_LV"
Konfektes Werther's Original 50g,rimi.lv,0.94,0.79,15.80,€/kg,"https://rimibaltic-res.cloudinary.com/image/upload/b_white,c_limit,dpr_auto,f_webp,q_auto:low,w_auto/d_ecommerce:backend-fallback.png/MAT_101364_PCE_LV"
Braunijs Kūko šokolādes 300g,rimi.lv,5.59,4.89,16.30,€/kg,"https://rimibaltic-res.cloudinary.com/image/upload/b_white,c_limit,dpr_auto,f_webp,q_auto:low,w_auto/d_ecommerce:backend-fallback.png/MAT_995744_PCE_LV"
Matu kondicionieris Pluie de Coco 200ml,rimi.lv,2.95,2.35,11.75,€/l,"https://rimibaltic-res.cloudinary.com/image/upload/b_white,c_limit,dpr_auto,f_webp,q_auto:low,w_auto/d_ecommerce:backend-fallback.png/MAT_7272609_PCE_LV"
Brokastu krūze Windmill blue 320 ml,rimi.lv,4.49,3.14,,,"https://rimibaltic-res.cloudinary.com/image/upload/b_white,c_limit,dpr_auto,f_webp,q_auto:low,w_auto/d_ecommerce:backend-fallback.png/MAT_735648_PCE_LV"
Paplāte Banquet CUL 35x26cm,rimi.lv,3.49,2.44,,,"https://rimibaltic-res.cloudinary.com/image/upload/b_white,c_limit,dpr_auto,f_webp,q_auto:low,w_auto/d_ecommerce:backend-fallback.png/MAT_7280696_PCE_LV"
Šampuns Schauma 7 zālīšu 400ml,rimi.lv,5.49,3.89,9.72,€/l,"https://rimibaltic-res.cloudinary.com/image/upload/b_white,c_limit,dpr_auto,f_webp,q_auto:low,w_auto/d_ecommerce:backend-fallback.png/MAT_7268667_PCE_LV"
Gaisa atsvaidzinātājs Wunderbaum Vanilla,rimi.lv,1.49,0.89,,,"https://rimibaltic-res.cloudinary.com/image/upload/b_white,c_limit,dpr_auto,f_webp,q_auto:low,w_auto/d_ecommerce:backend-fallback.png/MAT_734352_PCE_LV"
Mitrās salvetes stiklu tīrīšanai,rimi.lv,2.49,1.49,,,"https://rimibaltic-res.cloudinary.com/image/upload/b_white,c_limit,dpr_auto,f_webp,q_auto:low,w_auto/d_ecommerce:backend-fallback.png/MAT_7235147_PCE_LV"
Trifeles Pure Chocolate mell.jog.kr.pild.148g,rimi.lv,4.99,3.79,25.61,€/kg,"https://rimibaltic-res.cloudinary.com/image/upload/b_white,c_limit,dpr_auto,f_webp,q_auto:low,w_auto/d_ecommerce:backend-fallback.png/MAT_1013959_PCE_LV"
Tum. šok. trifeles ar braunija kr. pild. 148g,rimi.lv,4.99,3.79,25.61,€/kg,"https://rimibaltic-res.cloudinary.com/image/upload/b_white,c_limit,dpr_auto,f_webp,q_auto:low,w_auto/d_ecommerce:backend-fallback.png/MAT_1013974_PCE_LV"
Dezodorants Rexona Biorythm rullītis 50ml,rimi.lv,4.89,2.99,59.80,€/l,"https://rimibaltic-res.cloudinary.com/image/upload/b_white,c_limit,dpr_auto,f_webp,q_auto:low,w_auto/d_ecommerce:backend-fallback.png/MAT_7283536_PCE_LV"
Aerosols Pret Odiem Un Ērcēm Bros 90ml,rimi.lv,5.15,3.55,39.44,€/l,"https://rimibaltic-res.cloudinary.com/image/upload/b_white,c_limit,dpr_auto,f_webp,q_auto:low,w_auto/d_ecommerce:backend-fallback.png/MAT_7267253_PCE_LV"
Brokastu pārslas Cini Minis Churros 300g,rimi.lv,4.49,3.39,11.30,€/kg,"https://rimibaltic-res.cloudinary.com/image/upload/b_white,c_limit,dpr_auto,f_webp,q_auto:low,w_auto/d_ecommerce:backend-fallback.png/MAT_1014922_PCE_LV"
"S. bar. suņiem Purina One Mini liellopa 1,5kg",rimi.lv,10.99,8.79,5.86,€/kg,"https://rimibaltic-res.cloudinary.com/image/upload/b_white,c_limit,dpr_auto,f_webp,q_auto:low,w_auto/d_ecommerce:backend-fallback.png/MAT_7282475_PCE_LV"
Tējas sveces Bolsius 18gab persiku,rimi.lv,2.99,2.09,,,"https://rimibaltic-res.cloudinary.com/image/upload/b_white,c_limit,dpr_auto,f_webp,q_auto:low,w_auto/d_ecommerce:backend-fallback.png/MAT_7289606_PCE_LV"
Ikdienas ieliktnīši Libresse Normal 80gb,rimi.lv,5.19,4.09,,,"https://rimibaltic-res.cloudinary.com/image/upload/b_white,c_limit,dpr_auto,f_webp,q_auto:low,w_auto/d_ecommerce:backend-fallback.png/MAT_7262295_PCE_LV"
Šampūns Almeda vīriešiem 400ml,rimi.lv,3.49,2.79,6.97,€/l,"https://rimibaltic-res.cloudinary.com/image/upload/b_white,c_limit,dpr_auto,f_webp,q_auto:low,w_auto/d_ecommerce:backend-fallback.png/MAT_815485_PCE_LV"
Bar. kaķiem Premium JosiCat ar vistu650g,rimi.lv,3.19,2.19,3.37,€/kg,"https://rimibaltic-res.cloudinary.com/image/upload/b_white,c_limit,dpr_auto,f_webp,q_auto:low,w_auto/d_ecommerce:backend-fallback.png/MAT_7288933_PCE_LV"
Veļas pulveris Persil Freshness 18MR 990g,rimi.lv,9.99,7.19,7.26,€/kg,"https://rimibaltic-res.cloudinary.com/image/upload/b_white,c_limit,dpr_auto,f_webp,q_auto:low,w_auto/d_ecommerce:backend-fallback.png/MAT_7293552_PCE_LV"
"Želejas veļ. mazg. Persil Sensitive 20MR 0,9l",rimi.lv,11.49,8.69,9.66,€/l,"https://rimibaltic-res.cloudinary.com/image/upload/b_white,c_limit,dpr_auto,f_webp,q_auto:low,w_auto/d_ecommerce:backend-fallback.png/MAT_7293571_PCE_LV"
Ķermeņa losjons Nivea Q10 nostiprinošs 400ml,rimi.lv,10.79,7.69,19.22,€/l,"https://rimibaltic-res.cloudinary.com/image/upload/b_white,c_limit,dpr_auto,f_webp,q_auto:low,w_auto/d_ecommerce:backend-fallback.png/MAT_7293989_PCE_LV"
Zobu pasta Colgate Advanced White 75ml,rimi.lv,3.29,2.45,32.67,€/l,"https://rimibaltic-res.cloudinary.com/image/upload/b_white,c_limit,dpr_auto,f_webp,q_auto:low,w_auto/d_ecommerce:backend-fallback.png/MAT_7292727_PCE_LV"
Olīveļļa Gustolu Extra Virgin 750ml,rimi.lv,16.99,12.99,17.32,€/l,"https://rimibaltic-res.cloudinary.com/image/upload/b_white,c_limit,dpr_auto,f_webp,q_auto:low,w_auto/d_ecommerce:backend-fallback.png/MAT_1016695_PCE_LV"
Tējas sveces Bolsius 24gab 6st,rimi.lv,6.29,4.40,,,"https://rimibaltic-res.cloudinary.com/image/upload/b_white,c_limit,dpr_auto,f_webp,q_auto:low,w_auto/d_ecommerce:backend-fallback.png/MAT_7297572_PCE_LV"
Zobu pasta Elmex Sensitive Whitening 2x75ml,rimi.lv,15.49,10.07,67.13,€/l,"https://rimibaltic-res.cloudinary.com/image/upload/b_white,c_limit,dpr_auto,f_webp,q_auto:low,w_auto/d_ecommerce:backend-fallback.png/MAT_7296003_PCE_LV"
Melnie pipari Santa Maria malti 217g,rimi.lv,10.99,8.29,38.20,€/kg,"https://rimibaltic-res.cloudinary.com/image/upload/b_white,c_limit,dpr_auto,f_webp,q_auto:low,w_auto/d_ecommerce:backend-fallback.png/MAT_1016909_PCE_LV"
Proteīna batoniņš Go On Cookie Cream 40g,rimi.lv,2.29,1.89,47.25,€/kg,"https://rimibaltic-res.cloudinary.com/image/upload/b_white,c_limit,dpr_auto,f_webp,q_auto:low,w_auto/d_ecommerce:backend-fallback.png/MAT_1017443_PCE_LV"
Torte Lāči valriekstu 480g,rimi.lv,11.99,9.79,20.40,€/kg,"https://rimibaltic-res.cloudinary.com/image/upload/b_white,c_limit,dpr_auto,f_webp,q_auto:low,w_auto/d_ecommerce:backend-fallback.png/MAT_4004829_PCE_LV"
Zobu pasta Aquafresh Big Teeth 50ml,rimi.lv,2.69,1.99,39.80,€/l,"https://rimibaltic-res.cloudinary.com/image/upload/b_white,c_limit,dpr_auto,f_webp,q_auto:low,w_auto/d_ecommerce:backend-fallback.png/MAT_7298252_PCE_LV"
Z.pasta Sensodyne Pr. Jun. Mild Mint 6g+ 50ml,rimi.lv,5.99,4.49,89.80,€/l,"https://rimibaltic-res.cloudinary.com/image/upload/b_white,c_limit,dpr_auto,f_webp,q_auto:low,w_auto/d_ecommerce:backend-fallback.png/MAT_7301723_PCE_LV"
Hig. pak. Always Ultra Secure Night S4 36gab.,rimi.lv,10.99,6.59,,,"https://rimibaltic-res.cloudinary.com/image/upload/b_white,c_limit,dpr_auto,f_webp,q_auto:low,w_auto/d_ecommerce:backend-fallback.png/MAT_7302907_PCE_LV"
Šampūns Elseve Dream Length 250ml,rimi.lv,5.79,3.99,15.96,€/l,"https://rimibaltic-res.cloudinary.com/image/upload/b_white,c_limit,dpr_auto,f_webp,q_auto:low,w_auto/d_ecommerce:backend-fallback.png/MAT_7304476_PCE_LV"
"Suņu bar.Animonda VF Adult liell.,tītara 150g",rimi.lv,1.99,1.39,9.27,€/kg,"https://rimibaltic-res.cloudinary.com/image/upload/b_white,c_limit,dpr_auto,f_webp,q_auto:low,w_auto/d_ecommerce:backend-fallback.png/MAT_7305585_PCE_LV"
Kon.suņu bar.Animonda GranCarno ar sirdi 800g,rimi.lv,4.99,3.49,4.36,€/kg,"https://rimibaltic-res.cloudinary.com/image/upload/b_white,c_limit,dpr_auto,f_webp,q_auto:low,w_auto/d_ecommerce:backend-fallback.png/MAT_7305587_PCE_LV"
Siers Granarolo Pecorino rīvēts 70g,rimi.lv,2.99,1.99,28.43,€/kg,"https://rimibaltic-res.cloudinary.com/image/upload/b_white,c_limit,dpr_auto,f_webp,q_auto:low,w_auto/d_ecommerce:backend-fallback.png/MAT_4006742_PCE_LV"
Acu maska Garnier Vitamin C izgaismojoša 5g,rimi.lv,2.89,1.73,346.00,€/kg,"https://rimibaltic-res.cloudinary.com/image/upload/b_white,c_limit,dpr_auto,f_webp,q_auto:low,w_auto/d_ecommerce:backend-fallback.png/MAT_7298843_PCE_LV"
Dušas želeja Dove Replenishing 400ml,rimi.lv,7.49,5.19,12.97,€/l,"https://rimibaltic-res.cloudinary.com/image/upload/b_white,c_limit,dpr_auto,f_webp,q_auto:low,w_auto/d_ecommerce:backend-fallback.png/MAT_7304605_PCE_LV"
Matu maska Fructis Keratin Sleek 370ml,rimi.lv,9.99,5.99,16.19,€/l,"https://rimibaltic-res.cloudinary.com/image/upload/b_white,c_limit,dpr_auto,f_webp,q_auto:low,w_auto/d_ecommerce:backend-fallback.png/MAT_7310343_PCE_LV"
Serums Fructis Keratin Sleek 50ml,rimi.lv,10.29,6.17,123.40,€/l,"https://rimibaltic-res.cloudinary.com/image/upload/b_white,c_limit,dpr_auto,f_webp,q_auto:low,w_auto/d_ecommerce:backend-fallback.png/MAT_7310351_PCE_LV"
Lavas kūka Beldessert sāļās kar. pild. 2x90g,rimi.lv,4.99,3.99,22.17,€/kg,"https://rimibaltic-res.cloudinary.com/image/upload/b_white,c_limit,dpr_auto,f_webp,q_auto:low,w_auto/d_ecommerce:backend-fallback.png/MAT_4008700_PCE_LV"
Higiēnis. paketes Libresse Ultra Night 26gab.,rimi.lv,6.49,5.19,,,"https://rimibaltic-res.cloudinary.com/image/upload/b_white,c_limit,dpr_auto,f_webp,q_auto:low,w_auto/d_ecommerce:backend-fallback.png/MAT_7311398_PCE_LV"
"Paketes Salling ar spār.,bez sma., gar.20 gab",rimi.lv,2.69,2.39,,,"https://rimibaltic-res.cloudinary.com/image/upload/b_white,c_limit,dpr_auto,f_webp,q_auto:low,w_auto/d_ecommerce:backend-fallback.png/MAT_816800_PCE_LV"
"Kafijas kaps. Lavazza Gourmet Caramel 56,5g",rimi.lv,4.99,3.99,,,"https://rimibaltic-res.cloudinary.com/image/upload/b_white,c_limit,dpr_auto,f_webp,q_auto:low,w_auto/d_ecommerce:backend-fallback.png/MAT_1021637_PCE_LV"
Krēms mat. Garnier Fructis Goodbye Dam. 400ml,rimi.lv,8.59,6.39,15.97,€/l,"https://rimibaltic-res.cloudinary.com/image/upload/b_white,c_limit,dpr_auto,f_webp,q_auto:low,w_auto/d_ecommerce:backend-fallback.png/MAT_7311555_PCE_LV"
Zemesrieksti apvalkā Rimi čili garša 140g,rimi.lv,1.89,1.49,10.64,€/kg,"https://rimibaltic-res.cloudinary.com/image/upload/b_white,c_limit,dpr_auto,f_webp,q_auto:low,w_auto/d_ecommerce:backend-fallback.png/MAT_1022406_PCE_LV"
Duš.žel.Palmolive For Men Intense Spice 750ml,rimi.lv,10.29,5.19,6.92,€/l,"https://rimibaltic-res.cloudinary.com/image/upload/b_white,c_limit,dpr_auto,f_webp,q_auto:low,w_auto/d_ecommerce:backend-fallback.png/MAT_7314560_PCE_LV"
Dezodorants Dove Powder Soft Spray 200ml,rimi.lv,5.99,3.59,17.95,€/l,"https://rimibaltic-res.cloudinary.com/image/upload/b_white,c_limit,dpr_auto,f_webp,q_auto:low,w_auto/d_ecommerce:backend-fallback.png/MAT_7314194_PCE_LV"
Daļ. mitra uzkoda suņiem Salling nūjiņas 250g,rimi.lv,2.59,1.89,7.56,€/kg,"https://rimibaltic-res.cloudinary.com/image/upload/b_white,c_limit,dpr_auto,f_webp,q_auto:low,w_auto/d_ecommerce:backend-fallback.png/MAT_817553_PCE_LV"
Dezodoranta zīmulis Dove Powder 48h 50ml,rimi.lv,4.99,3.29,65.80,€/l,"https://rimibaltic-res.cloudinary.com/image/upload/b_white,c_limit,dpr_auto,f_webp,q_auto:low,w_auto/d_ecommerce:backend-fallback.png/MAT_7315245_PCE_LV"
"Autiņbiks. Salling Fri Newborn izm. 1, 28gab.",rimi.lv,3.99,3.19,,,"https://rimibaltic-res.cloudinary.com/image/upload/b_white,c_limit,dpr_auto,f_webp,q_auto:low,w_auto/d_ecommerce:backend-fallback.png/MAT_817680_PCE_LV"
Mērce Santa Maria BBQ ar dūmu aromātu 345g,rimi.lv,4.29,3.69,10.70,€/kg,"https://rimibaltic-res.cloudinary.com/image/upload/b_white,c_limit,dpr_auto,f_webp,q_auto:low,w_auto/d_ecommerce:backend-fallback.png/MAT_1023276_PCE_LV"
Želejkonf. Rowntrees Squidgers augļu g. 120g,rimi.lv,1.99,1.49,12.42,€/kg,"https://rimibaltic-res.cloudinary.com/image/upload/b_white,c_limit,dpr_auto,f_webp,q_auto:low,w_auto/d_ecommerce:backend-fallback.png/MAT_1023387_PCE_LV"
Melnā tēja Dilmah ar mellenēm un vaniļu 30g,rimi.lv,2.59,2.05,68.33,€/kg,"https://rimibaltic-res.cloudinary.com/image/upload/b_white,c_limit,dpr_auto,f_webp,q_auto:low,w_auto/d_ecommerce:backend-fallback.png/MAT_1023364_PCE_LV"
Dip mērce Santa Maria Tex Mex stilā 250g,rimi.lv,4.25,3.39,13.56,€/kg,"https://rimibaltic-res.cloudinary.com/image/upload/b_white,c_limit,dpr_auto,f_webp,q_auto:low,w_auto/d_ecommerce:backend-fallback.png/MAT_1023378_PCE_LV"
Kukrūzas čipsi Doritos saldā čili garša 90g,rimi.lv,2.15,1.49,16.56,€/kg,"https://rimibaltic-res.cloudinary.com/image/upload/b_white,c_limit,dpr_auto,f_webp,q_auto:low,w_auto/d_ecommerce:backend-fallback.png/MAT_1023518_PCE_LV"
Augļu un zāļu tēja Ahmad Immune 30g,rimi.lv,3.69,2.79,93.00,€/kg,"https://rimibaltic-res.cloudinary.com/image/upload/b_white,c_limit,dpr_auto,f_webp,q_auto:low,w_auto/d_ecommerce:backend-fallback.png/MAT_1023555_PCE_LV"
Panna Tefal Expertise 24 cm G3210432,rimi.lv,48.99,29.39,,,"https://rimibaltic-res.cloudinary.com/image/upload/b_white,c_limit,dpr_auto,f_webp,q_auto:low,w_auto/d_ecommerce:backend-fallback.png/MAT_7317385_PCE_LV"
Buljons Ķekava liellopa 750ml,rimi.lv,7.99,5.69,7.59,€/kg,"https://rimibaltic-res.cloudinary.com/image/upload/b_white,c_limit,dpr_auto,f_webp,q_auto:low,w_auto/d_ecommerce:backend-fallback.png/MAT_1023929_PCE_LV"
Stikla niedru difuzors Cozy Home AW26,rimi.lv,6.99,4.89,,,"https://rimibaltic-res.cloudinary.com/image/upload/b_white,c_limit,dpr_auto,f_webp,q_auto:low,w_auto/d_ecommerce:backend-fallback.png/MAT_7318296_PCE_LV"
Zaļā tēja Dolce de Luxe Ginger Mint 50g,rimi.lv,2.59,1.99,39.80,€/kg,"https://rimibaltic-res.cloudinary.com/image/upload/b_white,c_limit,dpr_auto,f_webp,q_auto:low,w_auto/d_ecommerce:backend-fallback.png/MAT_1023881_PCE_LV"
Marinēti gurķīši Kok 4-7cm 530g/270g,rimi.lv,2.49,2.19,8.11,€/kg,"https://rimibaltic-res.cloudinary.com/image/upload/b_white,c_limit,dpr_auto,f_webp,q_auto:low,w_auto/d_ecommerce:backend-fallback.png/MAT_1024332_PCE_LV"
Kaķu gardumi Dreamies Creamy ar lasi 4x10g,rimi.lv,2.09,1.39,34.75,€/kg,"https://rimibaltic-res.cloudinary.com/image/upload/b_white,c_limit,dpr_auto,f_webp,q_auto:low,w_auto/d_ecommerce:backend-fallback.png/MAT_7319337_PCE_LV"
Biezpiena sieriņš Alma meža zemeņu pildīj.40g,rimi.lv,0.54,0.27,6.75,€/kg,"https://rimibaltic-res.cloudinary.com/image/upload/b_white,c_limit,dpr_auto,f_webp,q_auto:low,w_auto/d_ecommerce:backend-fallback.png/MAT_4008809_PCE_LV"
Smūtijs Semper Yummies ar mango 12m. 120g,rimi.lv,2.59,1.79,14.92,€/kg,"https://rimibaltic-res.cloudinary.com/image/upload/b_white,c_limit,dpr_auto,f_webp,q_auto:low,w_auto/d_ecommerce:backend-fallback.png/MAT_7320491_PCE_LV"
Smūtijs Semper Yummies ar avenēm 12m. 120g,rimi.lv,2.59,1.79,14.92,€/kg,"https://rimibaltic-res.cloudinary.com/image/upload/b_white,c_limit,dpr_auto,f_webp,q_auto:low,w_auto/d_ecommerce:backend-fallback.png/MAT_7320488_PCE_LV"
Kūciņas Lāči sāļās karameles 4x50g,rimi.lv,4.99,3.99,19.95,€/kg,"https://rimibaltic-res.cloudinary.com/image/upload/b_white,c_limit,dpr_auto,f_webp,q_auto:low,w_auto/d_ecommerce:backend-fallback.png/MAT_4012194_PCE_LV"
Bezē kūciņas Lāči ūdensroze 2x50g,rimi.lv,3.99,3.29,32.90,€/kg,"https://rimibaltic-res.cloudinary.com/image/upload/b_white,c_limit,dpr_auto,f_webp,q_auto:low,w_auto/d_ecommerce:backend-fallback.png/MAT_4012189_PCE_LV"
Garšviela Santa Maria kartupeļiem 55g,rimi.lv,1.65,1.25,22.73,€/kg,"https://rimibaltic-res.cloudinary.com/image/upload/b_white,c_limit,dpr_auto,f_webp,q_auto:low,w_auto/d_ecommerce:backend-fallback.png/MAT_100284_PCE_LV"
Melnie pipari Kotanyi dzirnaviņās 36g,rimi.lv,3.95,3.35,93.06,€/kg,"https://rimibaltic-res.cloudinary.com/image/upload/b_white,c_limit,dpr_auto,f_webp,q_auto:low,w_auto/d_ecommerce:backend-fallback.png/MAT_147949_PCE_LV"
Zefīrs Maigums Rīgas Melnā upeņu balzama 185g,rimi.lv,5.99,3.99,21.57,€/kg,"https://rimibaltic-res.cloudinary.com/image/upload/b_white,c_limit,dpr_auto,f_webp,q_auto:low,w_auto/d_ecommerce:backend-fallback.png/MAT_181145_PCE_LV"
Kanēļkoka miza Santa Maria 22g,rimi.lv,2.49,1.76,80.00,€/kg,"https://rimibaltic-res.cloudinary.com/image/upload/b_white,c_limit,dpr_auto,f_webp,q_auto:low,w_auto/d_ecommerce:backend-fallback.png/MAT_181459_PCE_LV"
Mērce Rimi Thai karija 480g,rimi.lv,4.19,3.36,7.00,€/kg,"https://rimibaltic-res.cloudinary.com/image/upload/b_white,c_limit,dpr_auto,f_webp,q_auto:low,w_auto/d_ecommerce:backend-fallback.png/MAT_804014_PCE_LV"
Kon. kaķiem Encore ar vistas kr. 70g,rimi.lv,1.79,1.29,18.43,€/kg,"https://rimibaltic-res.cloudinary.com/image/upload/b_white,c_limit,dpr_auto,f_webp,q_auto:low,w_auto/d_ecommerce:backend-fallback.png/MAT_7154326_PCE_LV"
Konservi kaķiem Encore ar okeāna zivīm 70g,rimi.lv,1.79,1.29,18.43,€/kg,"https://rimibaltic-res.cloudinary.com/image/upload/b_white,c_limit,dpr_auto,f_webp,q_auto:low,w_auto/d_ecommerce:backend-fallback.png/MAT_7154351_PCE_LV"
Šķiņķis cūkgaļas Nākotne kūpināts fasēts kg,rimi.lv,10.59,8.59,8.59,€/kg,"https://rimibaltic-res.cloudinary.com/image/upload/b_white,c_limit,dpr_auto,f_webp,q_auto:low,w_auto/d_ecommerce:backend-fallback.png/MAT_974555_KGM_LV"
Zemenes Skrīveru baltajā šokolādē 100g,rimi.lv,4.59,3.49,34.90,€/kg,"https://rimibaltic-res.cloudinary.com/image/upload/b_white,c_limit,dpr_auto,f_webp,q_auto:low,w_auto/d_ecommerce:backend-fallback.png/MAT_1004447_PCE_LV"
"Smūtijs SEMPER ar mango 6+,110g",rimi.lv,,1.49,13.55,€/kg,"https://rimibaltic-res.cloudinary.com/image/upload/b_white,c_limit,dpr_auto,f_webp,q_auto:low,w_auto/d_ecommerce:backend-fallback.png/MAT_7242549_PCE_LV"
Vistas filejas zupa PrimaCat kaķiem 40g,rimi.lv,1.49,1.09,27.25,€/kg,"https://rimibaltic-res.cloudinary.com/image/upload/b_white,c_limit,dpr_auto,f_webp,q_auto:low,w_auto/d_ecommerce:backend-fallback.png/MAT_7247528_PCE_LV"
Konfekšu izlase Pergale Riga 348g,rimi.lv,7.59,4.99,14.34,€/kg,"https://rimibaltic-res.cloudinary.com/image/upload/b_white,c_limit,dpr_auto,f_webp,q_auto:low,w_auto/d_ecommerce:backend-fallback.png/MAT_1004864_PCE_LV"
Siev zeķubikses Pc marseille nero 4 50d,rimi.lv,6.49,3.89,,,"https://rimibaltic-res.cloudinary.com/image/upload/b_white,c_limit,dpr_auto,f_webp,q_auto:low,w_auto/d_ecommerce:backend-fallback.png/MAT_7020090_PCE_LV"
Tual.bl.Bref Brill Arctic Ocean 3x42g,rimi.lv,7.99,4.79,38.02,€/kg,"https://rimibaltic-res.cloudinary.com/image/upload/b_white,c_limit,dpr_auto,f_webp,q_auto:low,w_auto/d_ecommerce:backend-fallback.png/MAT_7252022_PCE_LV"
Deserta šķīvis Windmill blue 20.7 cm,rimi.lv,4.19,2.93,,,"https://rimibaltic-res.cloudinary.com/image/upload/b_white,c_limit,dpr_auto,f_webp,q_auto:low,w_auto/d_ecommerce:backend-fallback.png/MAT_735647_PCE_LV"
"Šķidr.mazg.līdz.balt.aud. LOVELA 1,45L",rimi.lv,11.79,9.59,6.61,€/l,"https://rimibaltic-res.cloudinary.com/image/upload/b_white,c_limit,dpr_auto,f_webp,q_auto:low,w_auto/d_ecommerce:backend-fallback.png/MAT_7239407_PCE_LV"
Trauku mazgāšans putas BIO TRI-BIO 0.3L,rimi.lv,4.39,2.99,9.97,€/l,"https://rimibaltic-res.cloudinary.com/image/upload/b_white,c_limit,dpr_auto,f_webp,q_auto:low,w_auto/d_ecommerce:backend-fallback.png/MAT_7263004_PCE_LV"
Šampūns NS Ob. vāj.un bojātiem mat.400ml,rimi.lv,9.29,7.43,18.57,€/l,"https://rimibaltic-res.cloudinary.com/image/upload/b_white,c_limit,dpr_auto,f_webp,q_auto:low,w_auto/d_ecommerce:backend-fallback.png/MAT_7263547_PCE_LV"
Trauk.mazg. FAIRY SC Citrus 650ml,rimi.lv,4.29,3.39,5.22,€/l,"https://rimibaltic-res.cloudinary.com/image/upload/b_white,c_limit,dpr_auto,f_webp,q_auto:low,w_auto/d_ecommerce:backend-fallback.png/MAT_7264701_PCE_LV"
Bļoda Luminarc Zelie 16cm,rimi.lv,1.49,1.04,,,"https://rimibaltic-res.cloudinary.com/image/upload/b_white,c_limit,dpr_auto,f_webp,q_auto:low,w_auto/d_ecommerce:backend-fallback.png/MAT_7231372_PCE_LV"
Salv. ādas virsmām ArmorAll 20gab.,rimi.lv,4.99,2.99,,,"https://rimibaltic-res.cloudinary.com/image/upload/b_white,c_limit,dpr_auto,f_webp,q_auto:low,w_auto/d_ecommerce:backend-fallback.png/MAT_7083983_PCE_LV"
Želejkonfektes Trolli Dracula 200g,rimi.lv,2.99,2.09,10.45,€/kg,"https://rimibaltic-res.cloudinary.com/image/upload/b_white,c_limit,dpr_auto,f_webp,q_auto:low,w_auto/d_ecommerce:backend-fallback.png/MAT_1006198_PCE_LV"
"Bezalk. dzēriens Fever Tree Tonic Water 0,5l",rimi.lv,3.59,2.69,5.38,€/l,"https://rimibaltic-res.cloudinary.com/image/upload/b_white,c_limit,dpr_auto,f_webp,q_auto:low,w_auto/d_ecommerce:backend-fallback.png/MAT_1365583_PCE_LV"
Servēšanas grozs Nordiska Plast 236x150x43mm,rimi.lv,1.09,0.76,,,"https://rimibaltic-res.cloudinary.com/image/upload/b_white,c_limit,dpr_auto,f_webp,q_auto:low,w_auto/d_ecommerce:backend-fallback.png/MAT_7282244_PCE_LV"
Acu maska Garnier 6g,rimi.lv,2.89,1.73,,,"https://rimibaltic-res.cloudinary.com/image/upload/b_white,c_limit,dpr_auto,f_webp,q_auto:low,w_auto/d_ecommerce:backend-fallback.png/MAT_7273910_PCE_LV"
Dezod. Nivea Men Fresh Sensation izsm. 150ml,rimi.lv,5.79,4.09,27.27,€/l,"https://rimibaltic-res.cloudinary.com/image/upload/b_white,c_limit,dpr_auto,f_webp,q_auto:low,w_auto/d_ecommerce:backend-fallback.png/MAT_7283508_PCE_LV"
Dezod. Rexona Men Invis. Black & White 50ml,rimi.lv,4.89,2.99,59.80,€/l,"https://rimibaltic-res.cloudinary.com/image/upload/b_white,c_limit,dpr_auto,f_webp,q_auto:low,w_auto/d_ecommerce:backend-fallback.png/MAT_7283533_PCE_LV"
Sejas skrubis Nivea Derma Skin Clear 150ml,rimi.lv,8.89,6.39,42.60,€/l,"https://rimibaltic-res.cloudinary.com/image/upload/b_white,c_limit,dpr_auto,f_webp,q_auto:low,w_auto/d_ecommerce:backend-fallback.png/MAT_7284099_PCE_LV"
"Mazgāšanas līdzeklis Woolite fruity 1,8L",rimi.lv,11.99,6.99,3.88,€/l,"https://rimibaltic-res.cloudinary.com/image/upload/b_white,c_limit,dpr_auto,f_webp,q_auto:low,w_auto/d_ecommerce:backend-fallback.png/MAT_7287209_PCE_LV"
Pīlāra svece Bolsius 13x7cm rozā,rimi.lv,4.39,3.07,,,"https://rimibaltic-res.cloudinary.com/image/upload/b_white,c_limit,dpr_auto,f_webp,q_auto:low,w_auto/d_ecommerce:backend-fallback.png/MAT_7289579_PCE_LV"
Pīlāra svece Bolsius 13x7cm zaļa,rimi.lv,4.39,3.07,,,"https://rimibaltic-res.cloudinary.com/image/upload/b_white,c_limit,dpr_auto,f_webp,q_auto:low,w_auto/d_ecommerce:backend-fallback.png/MAT_7289587_PCE_LV"
Aromātiskās tējas sveces 18gab Magnolia,rimi.lv,2.99,2.09,,,"https://rimibaltic-res.cloudinary.com/image/upload/b_white,c_limit,dpr_auto,f_webp,q_auto:low,w_auto/d_ecommerce:backend-fallback.png/MAT_7262747_PCE_LV"
Ķerm. losjons Nivea Rich Nourishing bar.400ml,rimi.lv,10.79,7.19,17.97,€/l,"https://rimibaltic-res.cloudinary.com/image/upload/b_white,c_limit,dpr_auto,f_webp,q_auto:low,w_auto/d_ecommerce:backend-fallback.png/MAT_7293988_PCE_LV"
Kapu svece Bolsius 36h sarkana,rimi.lv,1.49,1.04,,,"https://rimibaltic-res.cloudinary.com/image/upload/b_white,c_limit,dpr_auto,f_webp,q_auto:low,w_auto/d_ecommerce:backend-fallback.png/MAT_7291714_PCE_LV"
Kvinojas milti Rimi Free From 300g,rimi.lv,2.99,1.99,6.63,€/kg,"https://rimibaltic-res.cloudinary.com/image/upload/b_white,c_limit,dpr_auto,f_webp,q_auto:low,w_auto/d_ecommerce:backend-fallback.png/MAT_815614_PCE_LV"
Kafijas kaps. Aroma Gold Tiramisu 256g,rimi.lv,5.49,4.69,,,"https://rimibaltic-res.cloudinary.com/image/upload/b_white,c_limit,dpr_auto,f_webp,q_auto:low,w_auto/d_ecommerce:backend-fallback.png/MAT_1017187_PCE_LV"
Matu laka Taft x Gliss HoldMeStrong 250ml,rimi.lv,7.49,5.29,21.16,€/l,"https://rimibaltic-res.cloudinary.com/image/upload/b_white,c_limit,dpr_auto,f_webp,q_auto:low,w_auto/d_ecommerce:backend-fallback.png/MAT_7300441_PCE_LV"
"Suņu barība JosiDog Regular 2,7kg",rimi.lv,,7.99,2.96,€/kg,"https://rimibaltic-res.cloudinary.com/image/upload/b_white,c_limit,dpr_auto,f_webp,q_auto:low,w_auto/d_ecommerce:backend-fallback.png/MAT_7296893_PCE_LV"
Zobu birste Colgate Ultra soft 2 gab.,rimi.lv,7.29,5.79,,,"https://rimibaltic-res.cloudinary.com/image/upload/b_white,c_limit,dpr_auto,f_webp,q_auto:low,w_auto/d_ecommerce:backend-fallback.png/MAT_7282396_PCE_LV"
Dušas želeja Nivea Creme Soft 750ml,rimi.lv,8.99,5.39,7.19,€/l,"https://rimibaltic-res.cloudinary.com/image/upload/b_white,c_limit,dpr_auto,f_webp,q_auto:low,w_auto/d_ecommerce:backend-fallback.png/MAT_7301607_PCE_LV"
Melnā tēja Loyd Ceylon aromatizēta 50x2g,rimi.lv,4.59,3.19,31.90,€/kg,"https://rimibaltic-res.cloudinary.com/image/upload/b_white,c_limit,dpr_auto,f_webp,q_auto:low,w_auto/d_ecommerce:backend-fallback.png/MAT_167032_PCE_LV"
Zobu pasta Elmex Junior 2x75ml,rimi.lv,10.99,7.14,47.60,€/l,"https://rimibaltic-res.cloudinary.com/image/upload/b_white,c_limit,dpr_auto,f_webp,q_auto:low,w_auto/d_ecommerce:backend-fallback.png/MAT_7295999_PCE_LV"
"Bļodu komp. Good Cook 2 gab. 1,5/ 2,75L",rimi.lv,4.09,2.86,,,"https://rimibaltic-res.cloudinary.com/image/upload/b_white,c_limit,dpr_auto,f_webp,q_auto:low,w_auto/d_ecommerce:backend-fallback.png/MAT_815739_PCE_LV"
Saldējums Magnum sālīta karamele 204ml/168g,rimi.lv,8.99,4.99,29.70,€/kg,"https://rimibaltic-res.cloudinary.com/image/upload/b_white,c_limit,dpr_auto,f_webp,q_auto:low,w_auto/d_ecommerce:backend-fallback.png/MAT_4006529_PCE_LV"
Dušas želeja Dove Nurishing care 400ml,rimi.lv,7.49,5.19,12.97,€/l,"https://rimibaltic-res.cloudinary.com/image/upload/b_white,c_limit,dpr_auto,f_webp,q_auto:low,w_auto/d_ecommerce:backend-fallback.png/MAT_7304603_PCE_LV"
Dez. zīmulis Rexona Sexy Bouquet 50ml,rimi.lv,4.89,2.99,59.80,€/l,"https://rimibaltic-res.cloudinary.com/image/upload/b_white,c_limit,dpr_auto,f_webp,q_auto:low,w_auto/d_ecommerce:backend-fallback.png/MAT_7309251_PCE_LV"
Dez. izsmidz. Dove Pear Aloe Vera 150ml,rimi.lv,5.79,3.79,25.27,€/l,"https://rimibaltic-res.cloudinary.com/image/upload/b_white,c_limit,dpr_auto,f_webp,q_auto:low,w_auto/d_ecommerce:backend-fallback.png/MAT_7309263_PCE_LV"
"Mērkrūze Keeeper 0,25 l AW26",rimi.lv,1.65,0.99,,,"https://rimibaltic-res.cloudinary.com/image/upload/b_white,c_limit,dpr_auto,f_webp,q_auto:low,w_auto/d_ecommerce:backend-fallback.png/MAT_7309358_PCE_LV"
Pārtikas trauki Keeeper 2l 2 gab. AW26,rimi.lv,3.99,2.39,,,"https://rimibaltic-res.cloudinary.com/image/upload/b_white,c_limit,dpr_auto,f_webp,q_auto:low,w_auto/d_ecommerce:backend-fallback.png/MAT_7309380_PCE_LV"
Gard.suņ. Pedigree Ranc. Jerkies vistas g.70g,rimi.lv,2.85,1.85,26.43,€/kg,"https://rimibaltic-res.cloudinary.com/image/upload/b_white,c_limit,dpr_auto,f_webp,q_auto:low,w_auto/d_ecommerce:backend-fallback.png/MAT_7310877_PCE_LV"
Trauku mazg. maš. tabletes Somat 3in1 60gab.,rimi.lv,29.99,16.49,,,"https://rimibaltic-res.cloudinary.com/image/upload/b_white,c_limit,dpr_auto,f_webp,q_auto:low,w_auto/d_ecommerce:backend-fallback.png/MAT_7310260_PCE_LV"
Prosas putraimi Rimi Free From 375g,rimi.lv,1.69,1.39,3.71,€/kg,"https://rimibaltic-res.cloudinary.com/image/upload/b_white,c_limit,dpr_auto,f_webp,q_auto:low,w_auto/d_ecommerce:backend-fallback.png/MAT_816366_PCE_LV"
Dezodorants Nivea Men Defend 50ml,rimi.lv,5.79,4.09,81.80,€/l,"https://rimibaltic-res.cloudinary.com/image/upload/b_white,c_limit,dpr_auto,f_webp,q_auto:low,w_auto/d_ecommerce:backend-fallback.png/MAT_7310476_PCE_LV"
Šampūns Fructis Aloe Hydra Bomb 400ml,rimi.lv,7.19,4.99,12.47,€/l,"https://rimibaltic-res.cloudinary.com/image/upload/b_white,c_limit,dpr_auto,f_webp,q_auto:low,w_auto/d_ecommerce:backend-fallback.png/MAT_7311556_PCE_LV"
Siers Granarolo Quattrocento 150g,rimi.lv,3.69,3.24,21.60,€/kg,"https://rimibaltic-res.cloudinary.com/image/upload/b_white,c_limit,dpr_auto,f_webp,q_auto:low,w_auto/d_ecommerce:backend-fallback.png/MAT_4009484_PCE_LV"
Kūciņa Bento Ineses Tortes biezp.-aveņu 450g,rimi.lv,6.59,5.89,13.09,€/kg,"https://rimibaltic-res.cloudinary.com/image/upload/b_white,c_limit,dpr_auto,f_webp,q_auto:low,w_auto/d_ecommerce:backend-fallback.png/MAT_4009744_PCE_LV"
Sausā barība suņ. Nutribalance ar jēra g. 1kg,rimi.lv,3.99,3.19,3.19,€/kg,"https://rimibaltic-res.cloudinary.com/image/upload/b_white,c_limit,dpr_auto,f_webp,q_auto:low,w_auto/d_ecommerce:backend-fallback.png/MAT_816929_PCE_LV"
Salātu mērce Kuhne sinepju-medus 250ml,rimi.lv,3.45,2.99,11.96,€/l,"https://rimibaltic-res.cloudinary.com/image/upload/b_white,c_limit,dpr_auto,f_webp,q_auto:low,w_auto/d_ecommerce:backend-fallback.png/MAT_1022751_PCE_LV"
"Šķ.veļ. mazg. līdz. Ariel Mount.Sp. 40MR 1,8l",rimi.lv,19.49,12.59,6.99,€/l,"https://rimibaltic-res.cloudinary.com/image/upload/b_white,c_limit,dpr_auto,f_webp,q_auto:low,w_auto/d_ecommerce:backend-fallback.png/MAT_7306812_PCE_LV"
Veļ.tr.tīr. pulv. Vanish Oxi Action Pink 970g,rimi.lv,13.29,10.99,11.33,€/kg,"https://rimibaltic-res.cloudinary.com/image/upload/b_white,c_limit,dpr_auto,f_webp,q_auto:low,w_auto/d_ecommerce:backend-fallback.png/MAT_7306876_PCE_LV"
Veļas mazg.kap.Persil Discs Universal 22gab.,rimi.lv,15.39,9.99,,,"https://rimibaltic-res.cloudinary.com/image/upload/b_white,c_limit,dpr_auto,f_webp,q_auto:low,w_auto/d_ecommerce:backend-fallback.png/MAT_7316257_PCE_LV"
Uzlīme Aeroxon pret mušām 4gab.,rimi.lv,3.89,2.68,,,"https://rimibaltic-res.cloudinary.com/image/upload/b_white,c_limit,dpr_auto,f_webp,q_auto:low,w_auto/d_ecommerce:backend-fallback.png/MAT_7316655_PCE_LV"
Doktora desa GNA Ekstra 650g,rimi.lv,3.29,2.95,4.54,€/kg,"https://rimibaltic-res.cloudinary.com/image/upload/b_white,c_limit,dpr_auto,f_webp,q_auto:low,w_auto/d_ecommerce:backend-fallback.png/MAT_4010861_PCE_LV"
Zirņu uzkoda Legume Crisps ar sāli 85g,rimi.lv,3.55,2.99,35.18,€/kg,"https://rimibaltic-res.cloudinary.com/image/upload/b_white,c_limit,dpr_auto,f_webp,q_auto:low,w_auto/d_ecommerce:backend-fallback.png/MAT_1023612_PCE_LV"
"Pilnv.bar.suņ. Piper ar jēra gaļu, burk. 500g",rimi.lv,2.99,2.19,4.38,€/kg,"https://rimibaltic-res.cloudinary.com/image/upload/b_white,c_limit,dpr_auto,f_webp,q_auto:low,w_auto/d_ecommerce:backend-fallback.png/MAT_7317343_PCE_LV"
Panna Tefal Expertise 28 cm G3210602,rimi.lv,58.99,35.39,,,"https://rimibaltic-res.cloudinary.com/image/upload/b_white,c_limit,dpr_auto,f_webp,q_auto:low,w_auto/d_ecommerce:backend-fallback.png/MAT_7317375_PCE_LV"
Siera kūka Cake Break Barons šokolādes 600g,rimi.lv,11.99,10.69,17.82,€/kg,"https://rimibaltic-res.cloudinary.com/image/upload/b_white,c_limit,dpr_auto,f_webp,q_auto:low,w_auto/d_ecommerce:backend-fallback.png/MAT_4011009_PCE_LV"
Tēja Dolce de Luxe Wildberry Dessert 50g,rimi.lv,2.59,1.99,39.80,€/kg,"https://rimibaltic-res.cloudinary.com/image/upload/b_white,c_limit,dpr_auto,f_webp,q_auto:low,w_auto/d_ecommerce:backend-fallback.png/MAT_1023868_PCE_LV"
Suņa spilvens 60 cm brūns AW26,rimi.lv,19.99,9.99,,,"https://rimibaltic-res.cloudinary.com/image/upload/b_white,c_limit,dpr_auto,f_webp,q_auto:low,w_auto/d_ecommerce:backend-fallback.png/MAT_7318579_PCE_LV"
Konservi kaķiem Encore tunča fil. ar lasi 70g,rimi.lv,1.75,1.29,18.43,€/kg,"https://rimibaltic-res.cloudinary.com/image/upload/b_white,c_limit,dpr_auto,f_webp,q_auto:low,w_auto/d_ecommerce:backend-fallback.png/MAT_7319274_PCE_LV"
"Kons. kaķ. Animonda Carny liellops,fazāns 85g",rimi.lv,1.69,1.19,14.00,€/kg,"https://rimibaltic-res.cloudinary.com/image/upload/b_white,c_limit,dpr_auto,f_webp,q_auto:low,w_auto/d_ecommerce:backend-fallback.png/MAT_7319526_PCE_LV"
S. kaķu bar. Purina One Hydralife ar lasi 50g,rimi.lv,,0.65,13.00,€/kg,"https://rimibaltic-res.cloudinary.com/image/upload/b_white,c_limit,dpr_auto,f_webp,q_auto:low,w_auto/d_ecommerce:backend-fallback.png/MAT_7319529_PCE_LV"
Kukur.čipsi Doritos saldās pikan.mērc.gar.90g,rimi.lv,2.15,1.79,19.89,€/kg,"https://rimibaltic-res.cloudinary.com/image/upload/b_white,c_limit,dpr_auto,f_webp,q_auto:low,w_auto/d_ecommerce:backend-fallback.png/MAT_1024491_PCE_LV"
Dušas želeja Dove Men Extra Fresh 700ml,rimi.lv,10.59,5.19,7.41,€/l,"https://rimibaltic-res.cloudinary.com/image/upload/b_white,c_limit,dpr_auto,f_webp,q_auto:low,w_auto/d_ecommerce:backend-fallback.png/MAT_7320386_PCE_LV"
Siļķes fil.gab.Zigmas mar.biešu mērcē 200g,rimi.lv,2.39,1.79,8.95,€/kg,"https://rimibaltic-res.cloudinary.com/image/upload/b_white,c_limit,dpr_auto,f_webp,q_auto:low,w_auto/d_ecommerce:backend-fallback.png/MAT_4012053_PCE_LV"
S.b.k.Brit Care GF Steril. Urinary Health 2kg,rimi.lv,,11.19,5.60,€/kg,"https://rimibaltic-res.cloudinary.com/image/upload/b_white,c_limit,dpr_auto,f_webp,q_auto:low,w_auto/d_ecommerce:backend-fallback.png/MAT_7319979_PCE_LV"
"Kons. kaķ. Brit Prem. ar vistu, tītaru 100g",rimi.lv,0.85,0.63,6.30,€/kg,"https://rimibaltic-res.cloudinary.com/image/upload/b_white,c_limit,dpr_auto,f_webp,q_auto:low,w_auto/d_ecommerce:backend-fallback.png/MAT_7320055_PCE_LV"
"Pārtikas trauki Keeeper 0,75l 4gab. AW26",rimi.lv,3.99,2.39,,,"https://rimibaltic-res.cloudinary.com/image/upload/b_white,c_limit,dpr_auto,f_webp,q_auto:low,w_auto/d_ecommerce:backend-fallback.png/MAT_7321202_PCE_LV"
Rudens vainags 31 cm HW26,rimi.lv,11.99,7.19,,,"https://rimibaltic-res.cloudinary.com/image/upload/b_white,c_limit,dpr_auto,f_webp,q_auto:low,w_auto/d_ecommerce:backend-fallback.png/MAT_7321334_PCE_LV"
Rudens ziedu pušķis 40 cm HW26,rimi.lv,5.99,3.59,,,"https://rimibaltic-res.cloudinary.com/image/upload/b_white,c_limit,dpr_auto,f_webp,q_auto:low,w_auto/d_ecommerce:backend-fallback.png/MAT_7321370_PCE_LV"
Vannas putas Sence Midnight Shad. 500ml,rimi.lv,3.99,2.79,5.58,€/l,"https://rimibaltic-res.cloudinary.com/image/upload/b_white,c_limit,dpr_auto,f_webp,q_auto:low,w_auto/d_ecommerce:backend-fallback.png/MAT_7321694_PCE_LV"
Šampūns Fructis Good Bye Damage 400ml,rimi.lv,7.19,4.99,12.47,€/l,"https://rimibaltic-res.cloudinary.com/image/upload/b_white,c_limit,dpr_auto,f_webp,q_auto:low,w_auto/d_ecommerce:backend-fallback.png/MAT_7158435_PCE_LV"
Zobu pasta Colgate Max White Charcoal 75ml,rimi.lv,7.19,4.99,66.53,€/l,"https://rimibaltic-res.cloudinary.com/image/upload/b_white,c_limit,dpr_auto,f_webp,q_auto:low,w_auto/d_ecommerce:backend-fallback.png/MAT_7210048_PCE_LV"
"Biks. HuggiesPants MP6 15-25kg Girl,44gb",rimi.lv,18.69,12.99,,,"https://rimibaltic-res.cloudinary.com/image/upload/b_white,c_limit,dpr_auto,f_webp,q_auto:low,w_auto/d_ecommerce:backend-fallback.png/MAT_7158536_PCE_LV"
Ķiplokpipari Santa Maria 70g,rimi.lv,3.09,2.16,30.86,€/kg,"https://rimibaltic-res.cloudinary.com/image/upload/b_white,c_limit,dpr_auto,f_webp,q_auto:low,w_auto/d_ecommerce:backend-fallback.png/MAT_181621_PCE_LV"
Konfektes Laima Prozit Kokteilļi liķiera 180g,rimi.lv,10.99,6.59,36.61,€/kg,"https://rimibaltic-res.cloudinary.com/image/upload/b_white,c_limit,dpr_auto,f_webp,q_auto:low,w_auto/d_ecommerce:backend-fallback.png/MAT_187767_PCE_LV"
Barība kaķiem Encore ar vistu/rīsiem 70g,rimi.lv,1.79,1.29,18.43,€/kg,"https://rimibaltic-res.cloudinary.com/image/upload/b_white,c_limit,dpr_auto,f_webp,q_auto:low,w_auto/d_ecommerce:backend-fallback.png/MAT_7154345_PCE_LV"
Hig. pak. Libresse Ultra Super Wing 36gab,rimi.lv,6.99,5.59,,,"https://rimibaltic-res.cloudinary.com/image/upload/b_white,c_limit,dpr_auto,f_webp,q_auto:low,w_auto/d_ecommerce:backend-fallback.png/MAT_7023619_PCE_LV"
"Bezalkoh. dzirkst. vīna dzēriens Torley 0,2l",rimi.lv,2.15,1.39,6.95,€/l,"https://rimibaltic-res.cloudinary.com/image/upload/b_white,c_limit,dpr_auto,f_webp,q_auto:low,w_auto/d_ecommerce:backend-fallback.png/MAT_7201423_PCE_LV"
Gēls Go Energy ābolu 60ml,rimi.lv,2.35,1.89,31.50,€/l,"https://rimibaltic-res.cloudinary.com/image/upload/b_white,c_limit,dpr_auto,f_webp,q_auto:low,w_auto/d_ecommerce:backend-fallback.png/MAT_176264_PCE_LV"
Matu kr. Palette 6-88 intensīvi sarkans (RI5),rimi.lv,5.69,3.13,,,"https://rimibaltic-res.cloudinary.com/image/upload/b_white,c_limit,dpr_auto,f_webp,q_auto:low,w_auto/d_ecommerce:backend-fallback.png/MAT_406610_PCE_LV"
Dušas želeja Nivea Lemon&Oil 500ml,rimi.lv,6.79,4.79,9.58,€/l,"https://rimibaltic-res.cloudinary.com/image/upload/b_white,c_limit,dpr_auto,f_webp,q_auto:low,w_auto/d_ecommerce:backend-fallback.png/MAT_7225967_PCE_LV"
Garneles Rimi vārītas ASC 350g,rimi.lv,7.49,4.99,14.26,€/kg,"https://rimibaltic-res.cloudinary.com/image/upload/b_white,c_limit,dpr_auto,f_webp,q_auto:low,w_auto/d_ecommerce:backend-fallback.png/MAT_812316_PCE_LV"
Batoniņš The Beginnings banānu 40g,rimi.lv,1.79,1.49,37.25,€/kg,"https://rimibaltic-res.cloudinary.com/image/upload/b_white,c_limit,dpr_auto,f_webp,q_auto:low,w_auto/d_ecommerce:backend-fallback.png/MAT_198171_PCE_LV"
"Līdz.pr.odiem,ērc MAGA PRO Deet30% 150ml",rimi.lv,6.99,4.82,32.13,€/l,"https://rimibaltic-res.cloudinary.com/image/upload/b_white,c_limit,dpr_auto,f_webp,q_auto:low,w_auto/d_ecommerce:backend-fallback.png/MAT_7206022_PCE_LV"
Nūdeles Yakisoba ar klasisku garšu 93g,rimi.lv,2.59,2.07,22.26,€/kg,"https://rimibaltic-res.cloudinary.com/image/upload/b_white,c_limit,dpr_auto,f_webp,q_auto:low,w_auto/d_ecommerce:backend-fallback.png/MAT_1001378_PCE_LV"
S zeķub.Immagine body plus 20d nature 3,rimi.lv,5.99,3.59,,,"https://rimibaltic-res.cloudinary.com/image/upload/b_white,c_limit,dpr_auto,f_webp,q_auto:low,w_auto/d_ecommerce:backend-fallback.png/MAT_7157218_PCE_LV"
Tual.bl.Bref Brill Arctic Ocean 2x42g,rimi.lv,5.99,3.59,42.74,€/kg,"https://rimibaltic-res.cloudinary.com/image/upload/b_white,c_limit,dpr_auto,f_webp,q_auto:low,w_auto/d_ecommerce:backend-fallback.png/MAT_7252029_PCE_LV"
S zeķub.Immagine lola 40d neutro 4,rimi.lv,2.89,1.73,,,"https://rimibaltic-res.cloudinary.com/image/upload/b_white,c_limit,dpr_auto,f_webp,q_auto:low,w_auto/d_ecommerce:backend-fallback.png/MAT_7142377_PCE_LV"
S zeķub.Immagine lola 40d nero 4,rimi.lv,2.89,1.73,,,"https://rimibaltic-res.cloudinary.com/image/upload/b_white,c_limit,dpr_auto,f_webp,q_auto:low,w_auto/d_ecommerce:backend-fallback.png/MAT_7142376_PCE_LV"
Bļoda Luminarc Stack 7cm 7.5cl,rimi.lv,1.49,1.04,,,"https://rimibaltic-res.cloudinary.com/image/upload/b_white,c_limit,dpr_auto,f_webp,q_auto:low,w_auto/d_ecommerce:backend-fallback.png/MAT_7227301_PCE_LV"
Aromāt. tējas sveces 18 gab Granātābols,rimi.lv,2.99,2.09,,,"https://rimibaltic-res.cloudinary.com/image/upload/b_white,c_limit,dpr_auto,f_webp,q_auto:low,w_auto/d_ecommerce:backend-fallback.png/MAT_7221768_PCE_LV"
Auduma maska Garnier izgaismojoša 28g,rimi.lv,3.69,2.21,,,"https://rimibaltic-res.cloudinary.com/image/upload/b_white,c_limit,dpr_auto,f_webp,q_auto:low,w_auto/d_ecommerce:backend-fallback.png/MAT_7251088_PCE_LV"
Šampūns NS Ob. visiem matu tipiem 400ml,rimi.lv,9.29,7.43,18.57,€/l,"https://rimibaltic-res.cloudinary.com/image/upload/b_white,c_limit,dpr_auto,f_webp,q_auto:low,w_auto/d_ecommerce:backend-fallback.png/MAT_7263535_PCE_LV"
Lūpu maska Garnier 5g,rimi.lv,2.49,1.49,,,"https://rimibaltic-res.cloudinary.com/image/upload/b_white,c_limit,dpr_auto,f_webp,q_auto:low,w_auto/d_ecommerce:backend-fallback.png/MAT_7271645_PCE_LV"
Gaisa atsv.Air Wick Jasm. Bloom&Freesia 237ml,rimi.lv,6.79,4.79,20.21,€/l,"https://rimibaltic-res.cloudinary.com/image/upload/b_white,c_limit,dpr_auto,f_webp,q_auto:low,w_auto/d_ecommerce:backend-fallback.png/MAT_7274802_PCE_LV"
Vann.put Almeda Strawberry Dreams 750ml,rimi.lv,3.09,2.45,3.27,€/l,"https://rimibaltic-res.cloudinary.com/image/upload/b_white,c_limit,dpr_auto,f_webp,q_auto:low,w_auto/d_ecommerce:backend-fallback.png/MAT_813865_PCE_LV"
Konservi kaķiem PC ar vistas fileju 50g,rimi.lv,1.89,1.39,27.80,€/kg,"https://rimibaltic-res.cloudinary.com/image/upload/b_white,c_limit,dpr_auto,f_webp,q_auto:low,w_auto/d_ecommerce:backend-fallback.png/MAT_7271076_PCE_LV"
Siev zeķubikses Pc blois visone 3 20d,rimi.lv,5.29,3.17,,,"https://rimibaltic-res.cloudinary.com/image/upload/b_white,c_limit,dpr_auto,f_webp,q_auto:low,w_auto/d_ecommerce:backend-fallback.png/MAT_7008564_PCE_LV"
Baterija Energizer A76 LR44 2 gab,rimi.lv,2.99,1.79,,,"https://rimibaltic-res.cloudinary.com/image/upload/b_white,c_limit,dpr_auto,f_webp,q_auto:low,w_auto/d_ecommerce:backend-fallback.png/MAT_7251765_PCE_LV"
Šampūns Schauma Men Sport 400ml,rimi.lv,5.49,3.89,9.72,€/l,"https://rimibaltic-res.cloudinary.com/image/upload/b_white,c_limit,dpr_auto,f_webp,q_auto:low,w_auto/d_ecommerce:backend-fallback.png/MAT_7268679_PCE_LV"
Bļoda Vetro Plus metāla 20cm,rimi.lv,3.79,2.65,,,"https://rimibaltic-res.cloudinary.com/image/upload/b_white,c_limit,dpr_auto,f_webp,q_auto:low,w_auto/d_ecommerce:backend-fallback.png/MAT_7001463_PCE_LV"
Kar. ogu dz. Mashie ar smiltsērkšķiem 4gab,rimi.lv,4.49,3.59,22.44,€/kg,"https://rimibaltic-res.cloudinary.com/image/upload/b_white,c_limit,dpr_auto,f_webp,q_auto:low,w_auto/d_ecommerce:backend-fallback.png/MAT_1008277_PCE_LV"
"Vēja pikas ar cid., aprikožu krēma pild. 200g",rimi.lv,4.29,3.39,16.95,€/kg,"https://rimibaltic-res.cloudinary.com/image/upload/b_white,c_limit,dpr_auto,f_webp,q_auto:low,w_auto/d_ecommerce:backend-fallback.png/MAT_996963_PCE_LV"
"Plastmasas krūze GoodCook, pelēka, 300ml",rimi.lv,1.75,1.22,,,"https://rimibaltic-res.cloudinary.com/image/upload/b_white,c_limit,dpr_auto,f_webp,q_auto:low,w_auto/d_ecommerce:backend-fallback.png/MAT_814792_PCE_LV"
Konservēta saldā kukurūza Globus 340g/285g,rimi.lv,2.09,1.65,5.79,€/kg,"https://rimibaltic-res.cloudinary.com/image/upload/b_white,c_limit,dpr_auto,f_webp,q_auto:low,w_auto/d_ecommerce:backend-fallback.png/MAT_191996_PCE_LV"
Sejas mazg. želeja Nivea kombin. ādai 150ml,rimi.lv,7.19,5.09,33.93,€/l,"https://rimibaltic-res.cloudinary.com/image/upload/b_white,c_limit,dpr_auto,f_webp,q_auto:low,w_auto/d_ecommerce:backend-fallback.png/MAT_7284098_PCE_LV"
Dezodorants Dove Pomeg. & Lemon Verbena 150ml,rimi.lv,5.79,3.79,25.27,€/l,"https://rimibaltic-res.cloudinary.com/image/upload/b_white,c_limit,dpr_auto,f_webp,q_auto:low,w_auto/d_ecommerce:backend-fallback.png/MAT_7283550_PCE_LV"
"Gāzētais dzēriens Limonāde Zvaniņš 1,5l",rimi.lv,1.75,1.45,0.97,€/l,"https://rimibaltic-res.cloudinary.com/image/upload/b_white,c_limit,dpr_auto,f_webp,q_auto:low,w_auto/d_ecommerce:backend-fallback.png/MAT_1373401_PCE_LV"
Putojošās ziepes Sensitive 300ml,rimi.lv,3.19,2.55,8.50,€/l,"https://rimibaltic-res.cloudinary.com/image/upload/b_white,c_limit,dpr_auto,f_webp,q_auto:low,w_auto/d_ecommerce:backend-fallback.png/MAT_7284739_PCE_LV"
Hig. paketes Libresse Normal 38 gab.,rimi.lv,7.19,5.74,,,"https://rimibaltic-res.cloudinary.com/image/upload/b_white,c_limit,dpr_auto,f_webp,q_auto:low,w_auto/d_ecommerce:backend-fallback.png/MAT_7279171_PCE_LV"
Šok. konfektes ar Balzamu un rudzu rīvm. 160g,rimi.lv,9.99,7.69,48.06,€/kg,"https://rimibaltic-res.cloudinary.com/image/upload/b_white,c_limit,dpr_auto,f_webp,q_auto:low,w_auto/d_ecommerce:backend-fallback.png/MAT_1015490_PCE_LV"
"Vafeļu konfektes ar zaļu, skābu krēmu kg",rimi.lv,9.99,6.99,6.99,€/kg,"https://rimibaltic-res.cloudinary.com/image/upload/b_white,c_limit,dpr_auto,f_webp,q_auto:low,w_auto/d_ecommerce:backend-fallback.png/MAT_1015264_KGM_LV"
Pīlāra svece Bolsius 8x7cm rozā,rimi.lv,3.19,2.23,,,"https://rimibaltic-res.cloudinary.com/image/upload/b_white,c_limit,dpr_auto,f_webp,q_auto:low,w_auto/d_ecommerce:backend-fallback.png/MAT_7289585_PCE_LV"
S zeķub.Immagine only 20d nature 4,rimi.lv,2.95,1.77,,,"https://rimibaltic-res.cloudinary.com/image/upload/b_white,c_limit,dpr_auto,f_webp,q_auto:low,w_auto/d_ecommerce:backend-fallback.png/MAT_7157275_PCE_LV"
S zeķubikses Pc marseille caffe 4 50d,rimi.lv,6.49,3.89,,,"https://rimibaltic-res.cloudinary.com/image/upload/b_white,c_limit,dpr_auto,f_webp,q_auto:low,w_auto/d_ecommerce:backend-fallback.png/MAT_7288879_PCE_LV"
Pēdu vīle divpusēja Zenner,rimi.lv,2.49,1.86,,,"https://rimibaltic-res.cloudinary.com/image/upload/b_white,c_limit,dpr_auto,f_webp,q_auto:low,w_auto/d_ecommerce:backend-fallback.png/MAT_7140945_PCE_LV"
Zobu pasta Colgate Max White Sparkle D. 75ml,rimi.lv,3.29,2.39,31.87,€/l,"https://rimibaltic-res.cloudinary.com/image/upload/b_white,c_limit,dpr_auto,f_webp,q_auto:low,w_auto/d_ecommerce:backend-fallback.png/MAT_7292736_PCE_LV"
Želeja veļas mazg. Persil Color 22MR 990ml,rimi.lv,11.49,8.69,8.78,€/l,"https://rimibaltic-res.cloudinary.com/image/upload/b_white,c_limit,dpr_auto,f_webp,q_auto:low,w_auto/d_ecommerce:backend-fallback.png/MAT_7293557_PCE_LV"
Matu krāsa Syoss Color 3-89 Bronzas kafija,rimi.lv,10.99,7.09,,,"https://rimibaltic-res.cloudinary.com/image/upload/b_white,c_limit,dpr_auto,f_webp,q_auto:low,w_auto/d_ecommerce:backend-fallback.png/MAT_7295357_PCE_LV"
Gēls pēc kukaiņu kodumiem Bros 50ml,rimi.lv,4.49,3.10,,,"https://rimibaltic-res.cloudinary.com/image/upload/b_white,c_limit,dpr_auto,f_webp,q_auto:low,w_auto/d_ecommerce:backend-fallback.png/MAT_7296104_PCE_LV"
Veid. želeja matiem Taft Power Activity 150ml,rimi.lv,6.29,4.99,33.27,€/l,"https://rimibaltic-res.cloudinary.com/image/upload/b_white,c_limit,dpr_auto,f_webp,q_auto:low,w_auto/d_ecommerce:backend-fallback.png/MAT_7295629_PCE_LV"
Šamp. lok. matiem Garnier Fructis Curls 200ml,rimi.lv,8.99,6.29,31.45,€/l,"https://rimibaltic-res.cloudinary.com/image/upload/b_white,c_limit,dpr_auto,f_webp,q_auto:low,w_auto/d_ecommerce:backend-fallback.png/MAT_7296185_PCE_LV"
Autiņb. Pampers Premium Care Small30gab.,rimi.lv,6.99,5.59,,,"https://rimibaltic-res.cloudinary.com/image/upload/b_white,c_limit,dpr_auto,f_webp,q_auto:low,w_auto/d_ecommerce:backend-fallback.png/MAT_7290269_PCE_LV"
Gaisa atsv. Ambi Pur Spring Awakening 185ml,rimi.lv,6.55,5.19,28.05,€/l,"https://rimibaltic-res.cloudinary.com/image/upload/b_white,c_limit,dpr_auto,f_webp,q_auto:low,w_auto/d_ecommerce:backend-fallback.png/MAT_7297966_PCE_LV"
Acu kosmētikas noņemšanas līdz. Almeda 125ml,rimi.lv,1.99,1.60,12.80,€/l,"https://rimibaltic-res.cloudinary.com/image/upload/b_white,c_limit,dpr_auto,f_webp,q_auto:low,w_auto/d_ecommerce:backend-fallback.png/MAT_815512_PCE_LV"
Svece Cozy Home kaķis 15.5 cm HW26,rimi.lv,5.99,4.19,,,"https://rimibaltic-res.cloudinary.com/image/upload/b_white,c_limit,dpr_auto,f_webp,q_auto:low,w_auto/d_ecommerce:backend-fallback.png/MAT_815720_PCE_LV"
"Kaķu barība Josicat tasty beef 1,9kg",rimi.lv,,6.54,3.44,€/kg,"https://rimibaltic-res.cloudinary.com/image/upload/b_white,c_limit,dpr_auto,f_webp,q_auto:low,w_auto/d_ecommerce:backend-fallback.png/MAT_7292686_PCE_LV"
Tr.mazg.maš.kaps. Somat Excellence 4in1 50gab,rimi.lv,29.99,16.49,,,"https://rimibaltic-res.cloudinary.com/image/upload/b_white,c_limit,dpr_auto,f_webp,q_auto:low,w_auto/d_ecommerce:backend-fallback.png/MAT_7299305_PCE_LV"
Medus lokšņu maska Missha Airy Fit 19g,rimi.lv,1.99,1.59,83.68,€/l,"https://rimibaltic-res.cloudinary.com/image/upload/b_white,c_limit,dpr_auto,f_webp,q_auto:low,w_auto/d_ecommerce:backend-fallback.png/MAT_7299966_PCE_LV"
Vīriešu apakšveļa Mywear XXL 2 gab,rimi.lv,12.99,9.09,,,"https://rimibaltic-res.cloudinary.com/image/upload/b_white,c_limit,dpr_auto,f_webp,q_auto:low,w_auto/d_ecommerce:backend-fallback.png/MAT_7297555_PCE_LV"
Dušas želeja Old Spice Wolfthorn 1000ml,rimi.lv,13.29,7.29,7.29,€/l,"https://rimibaltic-res.cloudinary.com/image/upload/b_white,c_limit,dpr_auto,f_webp,q_auto:low,w_auto/d_ecommerce:backend-fallback.png/MAT_7298465_PCE_LV"
Balzams Elseve Extraordinary Oil 200ml,rimi.lv,5.79,3.99,19.95,€/l,"https://rimibaltic-res.cloudinary.com/image/upload/b_white,c_limit,dpr_auto,f_webp,q_auto:low,w_auto/d_ecommerce:backend-fallback.png/MAT_7304468_PCE_LV"
Dušas želeja Dove Deep Nourisish 400ml,rimi.lv,7.49,5.19,12.97,€/l,"https://rimibaltic-res.cloudinary.com/image/upload/b_white,c_limit,dpr_auto,f_webp,q_auto:low,w_auto/d_ecommerce:backend-fallback.png/MAT_7304601_PCE_LV"
Dušas želeja Dove Antistress 400ml,rimi.lv,7.49,5.19,12.97,€/l,"https://rimibaltic-res.cloudinary.com/image/upload/b_white,c_limit,dpr_auto,f_webp,q_auto:low,w_auto/d_ecommerce:backend-fallback.png/MAT_7304579_PCE_LV"
Zobu bir.Oral B Pro-3DWhite Wh. Cl.Med. 2gab.,rimi.lv,4.99,3.89,,,"https://rimibaltic-res.cloudinary.com/image/upload/b_white,c_limit,dpr_auto,f_webp,q_auto:low,w_auto/d_ecommerce:backend-fallback.png/MAT_7308213_PCE_LV"
Svece Bolsius cilindr. balta 200/68mm,rimi.lv,5.59,3.91,,,"https://rimibaltic-res.cloudinary.com/image/upload/b_white,c_limit,dpr_auto,f_webp,q_auto:low,w_auto/d_ecommerce:backend-fallback.png/MAT_7308813_PCE_LV"
109 Matu gumijas N28 BO Paris,rimi.lv,4.99,3.74,,,"https://rimibaltic-res.cloudinary.com/image/upload/b_white,c_limit,dpr_auto,f_webp,q_auto:low,w_auto/d_ecommerce:backend-fallback.png/MAT_7236546_PCE_LV"
Ķemme Frank Provost,rimi.lv,3.99,2.99,,,"https://rimibaltic-res.cloudinary.com/image/upload/b_white,c_limit,dpr_auto,f_webp,q_auto:low,w_auto/d_ecommerce:backend-fallback.png/MAT_7281093_PCE_LV"
Matu veidoš. ķemme Beter Natural Fiber 1gab.,rimi.lv,4.59,3.44,,,"https://rimibaltic-res.cloudinary.com/image/upload/b_white,c_limit,dpr_auto,f_webp,q_auto:low,w_auto/d_ecommerce:backend-fallback.png/MAT_7301089_PCE_LV"
Mitr. krēms Nivea Soft ikdienas lietoš. 375ml,rimi.lv,10.99,7.79,20.77,€/l,"https://rimibaltic-res.cloudinary.com/image/upload/b_white,c_limit,dpr_auto,f_webp,q_auto:low,w_auto/d_ecommerce:backend-fallback.png/MAT_7309496_PCE_LV"
Elektr.gaisa atsv. Air Wick liliju arom. 19ml,rimi.lv,8.79,5.99,315.26,€/l,"https://rimibaltic-res.cloudinary.com/image/upload/b_white,c_limit,dpr_auto,f_webp,q_auto:low,w_auto/d_ecommerce:backend-fallback.png/MAT_7310379_PCE_LV"
G. atsv. Air Wick Act. Fr. sandalk.arom.228ml,rimi.lv,10.59,6.79,29.78,€/l,"https://rimibaltic-res.cloudinary.com/image/upload/b_white,c_limit,dpr_auto,f_webp,q_auto:low,w_auto/d_ecommerce:backend-fallback.png/MAT_7310410_PCE_LV"
"Piena šokol. Pergale laims, Himalaju sāls 85g",rimi.lv,2.19,1.49,17.53,€/kg,"https://rimibaltic-res.cloudinary.com/image/upload/b_white,c_limit,dpr_auto,f_webp,q_auto:low,w_auto/d_ecommerce:backend-fallback.png/MAT_1020149_PCE_LV"
"Enerģijas dzēriens Battery Original 0,4l",rimi.lv,1.49,0.99,2.47,€/l,"https://rimibaltic-res.cloudinary.com/image/upload/b_white,c_limit,dpr_auto,f_webp,q_auto:low,w_auto/d_ecommerce:backend-fallback.png/MAT_1356170_PCE_LV"
Dušas želeja Nivea Restore 500ml,rimi.lv,6.79,4.89,9.78,€/l,"https://rimibaltic-res.cloudinary.com/image/upload/b_white,c_limit,dpr_auto,f_webp,q_auto:low,w_auto/d_ecommerce:backend-fallback.png/MAT_7312125_PCE_LV"
"Kafijas kaps. Lavazza Gourmet Chocolate 58,7g",rimi.lv,4.99,3.89,,,"https://rimibaltic-res.cloudinary.com/image/upload/b_white,c_limit,dpr_auto,f_webp,q_auto:low,w_auto/d_ecommerce:backend-fallback.png/MAT_1021643_PCE_LV"
Želejkonfektes Trolli Super Brain 100g,rimi.lv,1.75,1.23,12.30,€/kg,"https://rimibaltic-res.cloudinary.com/image/upload/b_white,c_limit,dpr_auto,f_webp,q_auto:low,w_auto/d_ecommerce:backend-fallback.png/MAT_1021747_PCE_LV"
Panna Tefal Start Easy Black 20 CM,rimi.lv,39.99,23.99,,,"https://rimibaltic-res.cloudinary.com/image/upload/b_white,c_limit,dpr_auto,f_webp,q_auto:low,w_auto/d_ecommerce:backend-fallback.png/MAT_7313349_PCE_LV"
Matu laka Taft Aloe Boost 250ml,rimi.lv,7.49,5.29,21.16,€/l,"https://rimibaltic-res.cloudinary.com/image/upload/b_white,c_limit,dpr_auto,f_webp,q_auto:low,w_auto/d_ecommerce:backend-fallback.png/MAT_7311500_PCE_LV"
Želejkonfekt.Zozole Strawberry strip sour 75g,rimi.lv,1.09,0.89,11.87,€/kg,"https://rimibaltic-res.cloudinary.com/image/upload/b_white,c_limit,dpr_auto,f_webp,q_auto:low,w_auto/d_ecommerce:backend-fallback.png/MAT_1012504_PCE_LV"
Sarkanvīna mērce Ķekava 230ml,rimi.lv,4.89,3.89,16.91,€/l,"https://rimibaltic-res.cloudinary.com/image/upload/b_white,c_limit,dpr_auto,f_webp,q_auto:low,w_auto/d_ecommerce:backend-fallback.png/MAT_1022550_PCE_LV"
"Vie.gāz.dz.Rimi pasifloras,citronz.gar.0,568l",rimi.lv,1.25,0.89,1.57,€/l,"https://rimibaltic-res.cloudinary.com/image/upload/b_white,c_limit,dpr_auto,f_webp,q_auto:low,w_auto/d_ecommerce:backend-fallback.png/MAT_1376252_PCE_LV"
Veļas mīkstin. Lenor Pink Blossom 50MR 700ml,rimi.lv,8.49,6.29,8.99,€/l,"https://rimibaltic-res.cloudinary.com/image/upload/b_white,c_limit,dpr_auto,f_webp,q_auto:low,w_auto/d_ecommerce:backend-fallback.png/MAT_7306819_PCE_LV"
Baklažānu salāti ar dārzeņiem Rimi 500g,rimi.lv,3.99,3.19,6.38,€/kg,"https://rimibaltic-res.cloudinary.com/image/upload/b_white,c_limit,dpr_auto,f_webp,q_auto:low,w_auto/d_ecommerce:backend-fallback.png/MAT_817706_PCE_LV"
Skuveklis Gillette Venus Breeze + 4gab. kas.,rimi.lv,19.99,16.79,,,"https://rimibaltic-res.cloudinary.com/image/upload/b_white,c_limit,dpr_auto,f_webp,q_auto:low,w_auto/d_ecommerce:backend-fallback.png/MAT_7316538_PCE_LV"
Mērce Santa Maria BBQ ar burbonu 350g,rimi.lv,4.29,3.69,10.54,€/kg,"https://rimibaltic-res.cloudinary.com/image/upload/b_white,c_limit,dpr_auto,f_webp,q_auto:low,w_auto/d_ecommerce:backend-fallback.png/MAT_1023281_PCE_LV"
Kaf.kapsulas Aroma Gold Espresso Intenso 128g,rimi.lv,5.49,4.69,,,"https://rimibaltic-res.cloudinary.com/image/upload/b_white,c_limit,dpr_auto,f_webp,q_auto:low,w_auto/d_ecommerce:backend-fallback.png/MAT_1023287_PCE_LV"
"Bezalk.dz. Sun365 citronu,ingvera garša 0,75l",rimi.lv,7.29,5.59,7.45,€/l,"https://rimibaltic-res.cloudinary.com/image/upload/b_white,c_limit,dpr_auto,f_webp,q_auto:low,w_auto/d_ecommerce:backend-fallback.png/MAT_1376000_PCE_LV"
Kukurūzas čipsi Doritos aso piparu garša 90g,rimi.lv,2.15,1.49,16.56,€/kg,"https://rimibaltic-res.cloudinary.com/image/upload/b_white,c_limit,dpr_auto,f_webp,q_auto:low,w_auto/d_ecommerce:backend-fallback.png/MAT_1023538_PCE_LV"
Neredzamā apakšveļa Mywear 2gab. XL rozā,rimi.lv,8.99,6.29,,,"https://rimibaltic-res.cloudinary.com/image/upload/b_white,c_limit,dpr_auto,f_webp,q_auto:low,w_auto/d_ecommerce:backend-fallback.png/MAT_817884_PCE_LV"
Neredzamā apakšveļa Mywear 2gab. S rozā,rimi.lv,8.99,6.29,,,"https://rimibaltic-res.cloudinary.com/image/upload/b_white,c_limit,dpr_auto,f_webp,q_auto:low,w_auto/d_ecommerce:backend-fallback.png/MAT_817900_PCE_LV"
Antiperspir. zīmulis Gillette Cool Wave 70ml,rimi.lv,7.49,6.29,89.86,€/l,"https://rimibaltic-res.cloudinary.com/image/upload/b_white,c_limit,dpr_auto,f_webp,q_auto:low,w_auto/d_ecommerce:backend-fallback.png/MAT_7317488_PCE_LV"
Balz.Loreal Paris Elseve Collag. Lifter 200ml,rimi.lv,5.79,3.99,19.95,€/l,"https://rimibaltic-res.cloudinary.com/image/upload/b_white,c_limit,dpr_auto,f_webp,q_auto:low,w_auto/d_ecommerce:backend-fallback.png/MAT_7317540_PCE_LV"
Tēja Dolce de Luxe Tropic Fantasy 50g,rimi.lv,2.59,1.99,39.80,€/kg,"https://rimibaltic-res.cloudinary.com/image/upload/b_white,c_limit,dpr_auto,f_webp,q_auto:low,w_auto/d_ecommerce:backend-fallback.png/MAT_1023866_PCE_LV"
Šķidrās ziepes Palmolive Orchide refill 1l,rimi.lv,8.99,5.39,5.39,€/l,"https://rimibaltic-res.cloudinary.com/image/upload/b_white,c_limit,dpr_auto,f_webp,q_auto:low,w_auto/d_ecommerce:backend-fallback.png/MAT_7319145_PCE_LV"
Sejas maska Garnier Hyal. Gl. Skin žel. 27g,rimi.lv,3.69,2.21,,,"https://rimibaltic-res.cloudinary.com/image/upload/b_white,c_limit,dpr_auto,f_webp,q_auto:low,w_auto/d_ecommerce:backend-fallback.png/MAT_7319346_PCE_LV"
Tonējošais lūpu balzams Vaseline Rosy 10,rimi.lv,7.99,5.59,559.00,€/kg,"https://rimibaltic-res.cloudinary.com/image/upload/b_white,c_limit,dpr_auto,f_webp,q_auto:low,w_auto/d_ecommerce:backend-fallback.png/MAT_7319199_PCE_LV"
Desiņas Collection kabanos klasiskās 280g,rimi.lv,2.89,2.29,8.18,€/kg,"https://rimibaltic-res.cloudinary.com/image/upload/b_white,c_limit,dpr_auto,f_webp,q_auto:low,w_auto/d_ecommerce:backend-fallback.png/MAT_4011941_PCE_LV"
Smūtijs Semper Yummies ar mellen. 12m. 120g,rimi.lv,2.59,1.79,14.92,€/kg,"https://rimibaltic-res.cloudinary.com/image/upload/b_white,c_limit,dpr_auto,f_webp,q_auto:low,w_auto/d_ecommerce:backend-fallback.png/MAT_7320510_PCE_LV"
"Siļķ.fil.Zigmas mazs.,eļļā ar dārz.garn. 200g",rimi.lv,2.59,1.89,9.45,€/kg,"https://rimibaltic-res.cloudinary.com/image/upload/b_white,c_limit,dpr_auto,f_webp,q_auto:low,w_auto/d_ecommerce:backend-fallback.png/MAT_4012072_PCE_LV"
Rudens ķirbja saulespuķes dekors HW26,rimi.lv,3.99,2.39,,,"https://rimibaltic-res.cloudinary.com/image/upload/b_white,c_limit,dpr_auto,f_webp,q_auto:low,w_auto/d_ecommerce:backend-fallback.png/MAT_7321323_PCE_LV"
Rudens LED mājiņa 12cm HW26,rimi.lv,4.99,2.99,,,"https://rimibaltic-res.cloudinary.com/image/upload/b_white,c_limit,dpr_auto,f_webp,q_auto:low,w_auto/d_ecommerce:backend-fallback.png/MAT_7321358_PCE_LV"
Rudens lapu zars 70 cm HW26,rimi.lv,4.99,2.99,,,"https://rimibaltic-res.cloudinary.com/image/upload/b_white,c_limit,dpr_auto,f_webp,q_auto:low,w_auto/d_ecommerce:backend-fallback.png/MAT_7321376_PCE_LV"
"Panna Newill 24cm, ar stikla vāku AW26",rimi.lv,29.99,17.99,,,"https://rimibaltic-res.cloudinary.com/image/upload/b_white,c_limit,dpr_auto,f_webp,q_auto:low,w_auto/d_ecommerce:backend-fallback.png/MAT_7321365_PCE_LV"
Ķermeņa skrubis Sence Monoi 400ml,rimi.lv,4.29,2.99,7.47,€/l,"https://rimibaltic-res.cloudinary.com/image/upload/b_white,c_limit,dpr_auto,f_webp,q_auto:low,w_auto/d_ecommerce:backend-fallback.png/MAT_7321701_PCE_LV"
Dušas želeja Palmolive Kids Sea Creatur.750ml,rimi.lv,10.99,5.49,7.32,€/l,"https://rimibaltic-res.cloudinary.com/image/upload/b_white,c_limit,dpr_auto,f_webp,q_auto:low,w_auto/d_ecommerce:backend-fallback.png/MAT_7321809_PCE_LV"
Konstr. Lego Cietumnieku Furgons 60479,rimi.lv,19.99,13.99,,,"https://rimibaltic-res.cloudinary.com/image/upload/b_white,c_limit,dpr_auto,f_webp,q_auto:low,w_auto/d_ecommerce:backend-fallback.png/MAT_7314028_PCE_LV"
Mitrinošs krēms Nivea soft tūbiņa 75ml,rimi.lv,4.79,3.09,41.20,€/l,"https://rimibaltic-res.cloudinary.com/image/upload/b_white,c_limit,dpr_auto,f_webp,q_auto:low,w_auto/d_ecommerce:backend-fallback.png/MAT_402097_PCE_LV"
Matu vasks Taft creative look 75ml,rimi.lv,7.49,5.99,79.87,€/l,"https://rimibaltic-res.cloudinary.com/image/upload/b_white,c_limit,dpr_auto,f_webp,q_auto:low,w_auto/d_ecommerce:backend-fallback.png/MAT_400587_PCE_LV"
Štovēti kāposti ar burkāniem 750g,rimi.lv,3.29,2.69,3.59,€/kg,"https://rimibaltic-res.cloudinary.com/image/upload/b_white,c_limit,dpr_auto,f_webp,q_auto:low,w_auto/d_ecommerce:backend-fallback.png/MAT_966376_PCE_LV"
Garšviela Santa Maria gaļai 51g,rimi.lv,1.75,1.35,26.47,€/kg,"https://rimibaltic-res.cloudinary.com/image/upload/b_white,c_limit,dpr_auto,f_webp,q_auto:low,w_auto/d_ecommerce:backend-fallback.png/MAT_100180_PCE_LV"
Melnie pipari Santa Maria drupināti 36g,rimi.lv,3.39,2.59,71.94,€/kg,"https://rimibaltic-res.cloudinary.com/image/upload/b_white,c_limit,dpr_auto,f_webp,q_auto:low,w_auto/d_ecommerce:backend-fallback.png/MAT_100585_PCE_LV"
Garšvielas Kotanyi Rustikana dzirnaviņās 48g,rimi.lv,3.59,2.99,62.29,€/kg,"https://rimibaltic-res.cloudinary.com/image/upload/b_white,c_limit,dpr_auto,f_webp,q_auto:low,w_auto/d_ecommerce:backend-fallback.png/MAT_147953_PCE_LV"
Garšv. Santa Maria piecu pip. mais. dzir. 60g,rimi.lv,9.69,7.29,121.50,€/kg,"https://rimibaltic-res.cloudinary.com/image/upload/b_white,c_limit,dpr_auto,f_webp,q_auto:low,w_auto/d_ecommerce:backend-fallback.png/MAT_162093_PCE_LV"
Čili pipari Kotanyi dzirnaviņās 34g,rimi.lv,3.59,2.99,87.94,€/kg,"https://rimibaltic-res.cloudinary.com/image/upload/b_white,c_limit,dpr_auto,f_webp,q_auto:low,w_auto/d_ecommerce:backend-fallback.png/MAT_165339_PCE_LV"
Konfekšu izlase ar Rīgas Melno balzamu 420g,rimi.lv,14.99,8.99,21.40,€/kg,"https://rimibaltic-res.cloudinary.com/image/upload/b_white,c_limit,dpr_auto,f_webp,q_auto:low,w_auto/d_ecommerce:backend-fallback.png/MAT_177322_PCE_LV"
Dzērveņu šķēlītes Laima glazūrā 190g,rimi.lv,5.99,4.79,25.21,€/kg,"https://rimibaltic-res.cloudinary.com/image/upload/b_white,c_limit,dpr_auto,f_webp,q_auto:low,w_auto/d_ecommerce:backend-fallback.png/MAT_166863_PCE_LV"
Dienas kr. Nivea VSG Q10 plus SPF15 30+ 50ml,rimi.lv,19.59,11.75,235.00,€/l,"https://rimibaltic-res.cloudinary.com/image/upload/b_white,c_limit,dpr_auto,f_webp,q_auto:low,w_auto/d_ecommerce:backend-fallback.png/MAT_400622_PCE_LV"
Melnais sāls Selection by Rimi 100g,rimi.lv,2.99,2.40,24.00,€/kg,"https://rimibaltic-res.cloudinary.com/image/upload/b_white,c_limit,dpr_auto,f_webp,q_auto:low,w_auto/d_ecommerce:backend-fallback.png/MAT_810216_PCE_LV"
Bros ielīk. priekš elektr.ierīc.20gb,rimi.lv,4.19,2.89,,,"https://rimibaltic-res.cloudinary.com/image/upload/b_white,c_limit,dpr_auto,f_webp,q_auto:low,w_auto/d_ecommerce:backend-fallback.png/MAT_7009239_PCE_LV"
Barojošs krēms Nivea Care 100ml,rimi.lv,5.99,4.29,42.90,€/l,"https://rimibaltic-res.cloudinary.com/image/upload/b_white,c_limit,dpr_auto,f_webp,q_auto:low,w_auto/d_ecommerce:backend-fallback.png/MAT_7103541_PCE_LV"
Dez. tīr. līdz. Cillit Bang Bl.Mold Rem.750ml,rimi.lv,8.59,4.99,6.65,€/l,"https://rimibaltic-res.cloudinary.com/image/upload/b_white,c_limit,dpr_auto,f_webp,q_auto:low,w_auto/d_ecommerce:backend-fallback.png/MAT_7125488_PCE_LV"
Bļoda Windmill blue 15.7 cm,rimi.lv,3.79,2.65,,,"https://rimibaltic-res.cloudinary.com/image/upload/b_white,c_limit,dpr_auto,f_webp,q_auto:low,w_auto/d_ecommerce:backend-fallback.png/MAT_735646_PCE_LV"
Salātu trauks Bormioli Prometeo 25x24cm,rimi.lv,4.99,3.49,,,"https://rimibaltic-res.cloudinary.com/image/upload/b_white,c_limit,dpr_auto,f_webp,q_auto:low,w_auto/d_ecommerce:backend-fallback.png/MAT_7098775_PCE_LV"
Matu kr. Palette ICC 12-21 Sudraba blonds,rimi.lv,5.69,3.13,,,"https://rimibaltic-res.cloudinary.com/image/upload/b_white,c_limit,dpr_auto,f_webp,q_auto:low,w_auto/d_ecommerce:backend-fallback.png/MAT_7244856_PCE_LV"
Šampūns Schauma Chamomille 400ml,rimi.lv,5.49,3.89,9.72,€/l,"https://rimibaltic-res.cloudinary.com/image/upload/b_white,c_limit,dpr_auto,f_webp,q_auto:low,w_auto/d_ecommerce:backend-fallback.png/MAT_7244861_PCE_LV"
Dušas želeja Nivea Men Fresh Kick vīr. 500ml,rimi.lv,6.79,4.89,9.78,€/l,"https://rimibaltic-res.cloudinary.com/image/upload/b_white,c_limit,dpr_auto,f_webp,q_auto:low,w_auto/d_ecommerce:backend-fallback.png/MAT_7248928_PCE_LV"
"Pusg.z. Pc cherbourg20den, nero 3/4",rimi.lv,3.19,1.91,,,"https://rimibaltic-res.cloudinary.com/image/upload/b_white,c_limit,dpr_auto,f_webp,q_auto:low,w_auto/d_ecommerce:backend-fallback.png/MAT_7004850_PCE_LV"
Sieviešu zeķubikses Pc rouen nero 3 80d,rimi.lv,8.69,5.21,,,"https://rimibaltic-res.cloudinary.com/image/upload/b_white,c_limit,dpr_auto,f_webp,q_auto:low,w_auto/d_ecommerce:backend-fallback.png/MAT_7020095_PCE_LV"
Sieviešu zeķubikses Pc rouen nero 4 80d,rimi.lv,8.69,5.21,,,"https://rimibaltic-res.cloudinary.com/image/upload/b_white,c_limit,dpr_auto,f_webp,q_auto:low,w_auto/d_ecommerce:backend-fallback.png/MAT_7020096_PCE_LV"
Siev zeķubikses Pc paris nero 4 150d,rimi.lv,8.69,5.21,,,"https://rimibaltic-res.cloudinary.com/image/upload/b_white,c_limit,dpr_auto,f_webp,q_auto:low,w_auto/d_ecommerce:backend-fallback.png/MAT_7043647_PCE_LV"
Sieviešu zeķubikses Pc rouen nero xl 80d,rimi.lv,8.69,5.21,,,"https://rimibaltic-res.cloudinary.com/image/upload/b_white,c_limit,dpr_auto,f_webp,q_auto:low,w_auto/d_ecommerce:backend-fallback.png/MAT_7191630_PCE_LV"
Vegānu nageti V-ego 200g,rimi.lv,3.39,2.99,14.95,€/kg,"https://rimibaltic-res.cloudinary.com/image/upload/b_white,c_limit,dpr_auto,f_webp,q_auto:low,w_auto/d_ecommerce:backend-fallback.png/MAT_981614_PCE_LV"
Pīlāra svece rustic 80/68 Rustic Taupe,rimi.lv,3.19,2.23,,,"https://rimibaltic-res.cloudinary.com/image/upload/b_white,c_limit,dpr_auto,f_webp,q_auto:low,w_auto/d_ecommerce:backend-fallback.png/MAT_7257923_PCE_LV"
Pusdienu šķīvis Windmill blue 26 cm,rimi.lv,5.99,4.19,,,"https://rimibaltic-res.cloudinary.com/image/upload/b_white,c_limit,dpr_auto,f_webp,q_auto:low,w_auto/d_ecommerce:backend-fallback.png/MAT_735649_PCE_LV"
Tase Windmill blue 200 ml/apakštase,rimi.lv,5.79,4.05,,,"https://rimibaltic-res.cloudinary.com/image/upload/b_white,c_limit,dpr_auto,f_webp,q_auto:low,w_auto/d_ecommerce:backend-fallback.png/MAT_735650_PCE_LV"
Maska-salvete acīm Garnier ar apelsīnu sulu,rimi.lv,2.89,1.73,,,"https://rimibaltic-res.cloudinary.com/image/upload/b_white,c_limit,dpr_auto,f_webp,q_auto:low,w_auto/d_ecommerce:backend-fallback.png/MAT_7188652_PCE_LV"
Šampūns NS Ob. norm. un tauk. mat.400ml,rimi.lv,9.29,7.43,18.57,€/l,"https://rimibaltic-res.cloudinary.com/image/upload/b_white,c_limit,dpr_auto,f_webp,q_auto:low,w_auto/d_ecommerce:backend-fallback.png/MAT_7263536_PCE_LV"
Matu k. NS Ob. norm.un saus. mat.400ml,rimi.lv,9.29,7.43,18.57,€/l,"https://rimibaltic-res.cloudinary.com/image/upload/b_white,c_limit,dpr_auto,f_webp,q_auto:low,w_auto/d_ecommerce:backend-fallback.png/MAT_7263546_PCE_LV"
"Autiņbiks. I Love Eco Mini 3-6kg S2,33gb",rimi.lv,7.99,5.59,,,"https://rimibaltic-res.cloudinary.com/image/upload/b_white,c_limit,dpr_auto,f_webp,q_auto:low,w_auto/d_ecommerce:backend-fallback.png/MAT_814011_PCE_LV"
Sejas krēms Men Expert Hydra 50ml,rimi.lv,14.59,10.79,215.80,€/l,"https://rimibaltic-res.cloudinary.com/image/upload/b_white,c_limit,dpr_auto,f_webp,q_auto:low,w_auto/d_ecommerce:backend-fallback.png/MAT_7271721_PCE_LV"
G. atsv. Air Wick Eucal.& Freesia 237ml,rimi.lv,6.79,4.79,20.21,€/l,"https://rimibaltic-res.cloudinary.com/image/upload/b_white,c_limit,dpr_auto,f_webp,q_auto:low,w_auto/d_ecommerce:backend-fallback.png/MAT_7274801_PCE_LV"
Salv.paneļa kopšanai ArmorAll 20gab,rimi.lv,4.99,2.99,,,"https://rimibaltic-res.cloudinary.com/image/upload/b_white,c_limit,dpr_auto,f_webp,q_auto:low,w_auto/d_ecommerce:backend-fallback.png/MAT_7083918_PCE_LV"
Salv. pārkl.tīrīš. ArmorAll  20gab.,rimi.lv,4.99,2.99,,,"https://rimibaltic-res.cloudinary.com/image/upload/b_white,c_limit,dpr_auto,f_webp,q_auto:low,w_auto/d_ecommerce:backend-fallback.png/MAT_7083981_PCE_LV"
Matu laka Taft Invisible Power 250ml,rimi.lv,7.49,4.49,17.96,€/l,"https://rimibaltic-res.cloudinary.com/image/upload/b_white,c_limit,dpr_auto,f_webp,q_auto:low,w_auto/d_ecommerce:backend-fallback.png/MAT_7278012_PCE_LV"
Matu kr. Palette 6-65 riekstu krēms (W5),rimi.lv,5.69,3.13,,,"https://rimibaltic-res.cloudinary.com/image/upload/b_white,c_limit,dpr_auto,f_webp,q_auto:low,w_auto/d_ecommerce:backend-fallback.png/MAT_7278020_PCE_LV"
Matu kondicionieris Argan Divin 200ml,rimi.lv,2.95,2.35,11.75,€/l,"https://rimibaltic-res.cloudinary.com/image/upload/b_white,c_limit,dpr_auto,f_webp,q_auto:low,w_auto/d_ecommerce:backend-fallback.png/MAT_7272614_PCE_LV"
Glāzes Pasabahce 470ml 3gab.,rimi.lv,9.99,6.99,,,"https://rimibaltic-res.cloudinary.com/image/upload/b_white,c_limit,dpr_auto,f_webp,q_auto:low,w_auto/d_ecommerce:backend-fallback.png/MAT_7280629_PCE_LV"
Salātu bļoda Diwali Black 21cm 2.1L,rimi.lv,5.99,4.19,,,"https://rimibaltic-res.cloudinary.com/image/upload/b_white,c_limit,dpr_auto,f_webp,q_auto:low,w_auto/d_ecommerce:backend-fallback.png/MAT_7280794_PCE_LV"
Zupas šķīvis Keramika 22cm bēšs,rimi.lv,3.69,2.58,,,"https://rimibaltic-res.cloudinary.com/image/upload/b_white,c_limit,dpr_auto,f_webp,q_auto:low,w_auto/d_ecommerce:backend-fallback.png/MAT_7280771_PCE_LV"
Bļoda Diwali Black 14.5cm 750ml,rimi.lv,3.39,2.37,,,"https://rimibaltic-res.cloudinary.com/image/upload/b_white,c_limit,dpr_auto,f_webp,q_auto:low,w_auto/d_ecommerce:backend-fallback.png/MAT_7280780_PCE_LV"
Zupas šķīvis Diwali Black 20cm,rimi.lv,2.29,1.60,,,"https://rimibaltic-res.cloudinary.com/image/upload/b_white,c_limit,dpr_auto,f_webp,q_auto:low,w_auto/d_ecommerce:backend-fallback.png/MAT_7280781_PCE_LV"
Pusdienu šķīvis Keramika 27 cm bešs,rimi.lv,4.99,3.49,,,"https://rimibaltic-res.cloudinary.com/image/upload/b_white,c_limit,dpr_auto,f_webp,q_auto:low,w_auto/d_ecommerce:backend-fallback.png/MAT_7280786_PCE_LV"
"Tīr.līdz.Cillit Bang vannas virsm.,izsm.750ml",rimi.lv,8.59,4.99,6.65,€/l,"https://rimibaltic-res.cloudinary.com/image/upload/b_white,c_limit,dpr_auto,f_webp,q_auto:low,w_auto/d_ecommerce:backend-fallback.png/MAT_7274796_PCE_LV"
Šķ. z. Palmolive Milk & Honey Refill 1L,rimi.lv,7.99,4.79,4.79,€/l,"https://rimibaltic-res.cloudinary.com/image/upload/b_white,c_limit,dpr_auto,f_webp,q_auto:low,w_auto/d_ecommerce:backend-fallback.png/MAT_7193021_PCE_LV"
Mikro.lup.stikl. ArmorAll 40cmx40cm,rimi.lv,3.99,2.39,,,"https://rimibaltic-res.cloudinary.com/image/upload/b_white,c_limit,dpr_auto,f_webp,q_auto:low,w_auto/d_ecommerce:backend-fallback.png/MAT_7103762_PCE_LV"
Gaisa atsv. Pearls Fresh Bag Bubble Gum,rimi.lv,2.99,1.79,,,"https://rimibaltic-res.cloudinary.com/image/upload/b_white,c_limit,dpr_auto,f_webp,q_auto:low,w_auto/d_ecommerce:backend-fallback.png/MAT_7279485_PCE_LV"
Kafijas dzēr. Lofbergs Latte Macchiato 230ml,rimi.lv,1.99,1.39,6.04,€/l,"https://rimibaltic-res.cloudinary.com/image/upload/b_white,c_limit,dpr_auto,f_webp,q_auto:low,w_auto/d_ecommerce:backend-fallback.png/MAT_1369374_PCE_LV"
Dezod. Nivea Men Fresh Sensation rullv. 50ml,rimi.lv,5.79,4.09,81.80,€/l,"https://rimibaltic-res.cloudinary.com/image/upload/b_white,c_limit,dpr_auto,f_webp,q_auto:low,w_auto/d_ecommerce:backend-fallback.png/MAT_7283509_PCE_LV"
Dezodorants Dove Invisible Dry 50ml,rimi.lv,5.79,3.49,69.80,€/l,"https://rimibaltic-res.cloudinary.com/image/upload/b_white,c_limit,dpr_auto,f_webp,q_auto:low,w_auto/d_ecommerce:backend-fallback.png/MAT_7283522_PCE_LV"
Toneris Nivea ādai ar izsitumiem 200ml,rimi.lv,8.89,6.39,31.95,€/l,"https://rimibaltic-res.cloudinary.com/image/upload/b_white,c_limit,dpr_auto,f_webp,q_auto:low,w_auto/d_ecommerce:backend-fallback.png/MAT_7284104_PCE_LV"
Pūderis matu veidošanai Taft Volume 10g,rimi.lv,7.99,6.39,639.00,€/kg,"https://rimibaltic-res.cloudinary.com/image/upload/b_white,c_limit,dpr_auto,f_webp,q_auto:low,w_auto/d_ecommerce:backend-fallback.png/MAT_7269667_PCE_LV"
WC bloks Spa Moments Vitality Bref 2x50g,rimi.lv,5.79,3.69,36.90,€/kg,"https://rimibaltic-res.cloudinary.com/image/upload/b_white,c_limit,dpr_auto,f_webp,q_auto:low,w_auto/d_ecommerce:backend-fallback.png/MAT_7286686_PCE_LV"
Sprejs Syoss Keratin Volume Blow-Dry 200ml,rimi.lv,9.99,6.99,34.95,€/l,"https://rimibaltic-res.cloudinary.com/image/upload/b_white,c_limit,dpr_auto,f_webp,q_auto:low,w_auto/d_ecommerce:backend-fallback.png/MAT_7286290_PCE_LV"
Krūze Banquet 230ml,rimi.lv,1.29,0.90,,,"https://rimibaltic-res.cloudinary.com/image/upload/b_white,c_limit,dpr_auto,f_webp,q_auto:low,w_auto/d_ecommerce:backend-fallback.png/MAT_7280705_PCE_LV"
Aromātiskās tējas sveces 18gab Mango,rimi.lv,2.99,2.09,,,"https://rimibaltic-res.cloudinary.com/image/upload/b_white,c_limit,dpr_auto,f_webp,q_auto:low,w_auto/d_ecommerce:backend-fallback.png/MAT_7262749_PCE_LV"
Dušas želeja Dove vīriešiem Comf. 400ml,rimi.lv,5.29,3.59,8.97,€/l,"https://rimibaltic-res.cloudinary.com/image/upload/b_white,c_limit,dpr_auto,f_webp,q_auto:low,w_auto/d_ecommerce:backend-fallback.png/MAT_7288228_PCE_LV"
S zeķub.Immagine only 20d neutro 5,rimi.lv,2.95,1.77,,,"https://rimibaltic-res.cloudinary.com/image/upload/b_white,c_limit,dpr_auto,f_webp,q_auto:low,w_auto/d_ecommerce:backend-fallback.png/MAT_7157293_PCE_LV"
Manikīra kociņu Zenner 10gab. komplekts,rimi.lv,1.79,1.34,,,"https://rimibaltic-res.cloudinary.com/image/upload/b_white,c_limit,dpr_auto,f_webp,q_auto:low,w_auto/d_ecommerce:backend-fallback.png/MAT_7236603_PCE_LV"
Zobu pasta Colgate Max White Crystals 75ml,rimi.lv,3.29,2.39,31.87,€/l,"https://rimibaltic-res.cloudinary.com/image/upload/b_white,c_limit,dpr_auto,f_webp,q_auto:low,w_auto/d_ecommerce:backend-fallback.png/MAT_7292738_PCE_LV"
Filtrēšanas trauks Brita 2.4l MXpro zils,rimi.lv,27.99,19.59,,,"https://rimibaltic-res.cloudinary.com/image/upload/b_white,c_limit,dpr_auto,f_webp,q_auto:low,w_auto/d_ecommerce:backend-fallback.png/MAT_7293379_PCE_LV"
Zobu pasta Colgate Harry Potter 6+ 50ml,rimi.lv,3.49,2.09,41.80,€/l,"https://rimibaltic-res.cloudinary.com/image/upload/b_white,c_limit,dpr_auto,f_webp,q_auto:low,w_auto/d_ecommerce:backend-fallback.png/MAT_7292732_PCE_LV"
Veļas mazg. līdzeklis Perwoll Color 20MR 1l,rimi.lv,8.69,5.59,5.59,€/l,"https://rimibaltic-res.cloudinary.com/image/upload/b_white,c_limit,dpr_auto,f_webp,q_auto:low,w_auto/d_ecommerce:backend-fallback.png/MAT_7293555_PCE_LV"
"Suņu barība JosiDog Mini 2,7kg",rimi.lv,,7.69,2.85,€/kg,"https://rimibaltic-res.cloudinary.com/image/upload/b_white,c_limit,dpr_auto,f_webp,q_auto:low,w_auto/d_ecommerce:backend-fallback.png/MAT_7295392_PCE_LV"
Amaranta milti Rimi Free From 300g,rimi.lv,2.69,1.89,6.30,€/kg,"https://rimibaltic-res.cloudinary.com/image/upload/b_white,c_limit,dpr_auto,f_webp,q_auto:low,w_auto/d_ecommerce:backend-fallback.png/MAT_815618_PCE_LV"
Matu maska Garnier Fructis Curls Method 370ml,rimi.lv,9.99,6.99,18.89,€/l,"https://rimibaltic-res.cloudinary.com/image/upload/b_white,c_limit,dpr_auto,f_webp,q_auto:low,w_auto/d_ecommerce:backend-fallback.png/MAT_7296168_PCE_LV"
Siev. skuv. Wilkinson Sword Coconut 3+1 gab.,rimi.lv,6.99,4.89,,,"https://rimibaltic-res.cloudinary.com/image/upload/b_white,c_limit,dpr_auto,f_webp,q_auto:low,w_auto/d_ecommerce:backend-fallback.png/MAT_7296255_PCE_LV"
Dušas želeja Fa Cream & Oil Cacao 400ml,rimi.lv,5.49,3.29,8.22,€/l,"https://rimibaltic-res.cloudinary.com/image/upload/b_white,c_limit,dpr_auto,f_webp,q_auto:low,w_auto/d_ecommerce:backend-fallback.png/MAT_7299078_PCE_LV"
"Sporta dzēr. 4 Move multiaugļu ar sald. 0,75l",rimi.lv,1.59,1.10,1.47,€/l,"https://rimibaltic-res.cloudinary.com/image/upload/b_white,c_limit,dpr_auto,f_webp,q_auto:low,w_auto/d_ecommerce:backend-fallback.png/MAT_1374528_PCE_LV"
"Šampūns Crazy Hair ar aveņu, melleņu ar.300ml",rimi.lv,6.99,5.59,18.63,€/l,"https://rimibaltic-res.cloudinary.com/image/upload/b_white,c_limit,dpr_auto,f_webp,q_auto:low,w_auto/d_ecommerce:backend-fallback.png/MAT_7297995_PCE_LV"
Matu maska Crazy Hair ar melleņu arom. 300ml,rimi.lv,7.99,6.39,21.30,€/l,"https://rimibaltic-res.cloudinary.com/image/upload/b_white,c_limit,dpr_auto,f_webp,q_auto:low,w_auto/d_ecommerce:backend-fallback.png/MAT_7298030_PCE_LV"
Kondic. Crazy Hair ar banānu aromātu 250ml,rimi.lv,6.99,5.59,22.36,€/l,"https://rimibaltic-res.cloudinary.com/image/upload/b_white,c_limit,dpr_auto,f_webp,q_auto:low,w_auto/d_ecommerce:backend-fallback.png/MAT_7298032_PCE_LV"
Zobu birste Colgate Slim Soft White 1gab.,rimi.lv,4.49,2.89,,,"https://rimibaltic-res.cloudinary.com/image/upload/b_white,c_limit,dpr_auto,f_webp,q_auto:low,w_auto/d_ecommerce:backend-fallback.png/MAT_7298192_PCE_LV"
Līdzeklis Taft x Gliss LovelyLong izsm. 150ml,rimi.lv,7.99,6.39,42.60,€/l,"https://rimibaltic-res.cloudinary.com/image/upload/b_white,c_limit,dpr_auto,f_webp,q_auto:low,w_auto/d_ecommerce:backend-fallback.png/MAT_7300437_PCE_LV"
Zobu p. Sensodyne Clinical Repair Act.Cl.75ml,rimi.lv,10.99,8.19,109.20,€/l,"https://rimibaltic-res.cloudinary.com/image/upload/b_white,c_limit,dpr_auto,f_webp,q_auto:low,w_auto/d_ecommerce:backend-fallback.png/MAT_7298231_PCE_LV"
Škidrais veļas mazg.līdz.Perwoll Wool 20MR 1l,rimi.lv,8.69,5.59,5.59,€/l,"https://rimibaltic-res.cloudinary.com/image/upload/b_white,c_limit,dpr_auto,f_webp,q_auto:low,w_auto/d_ecommerce:backend-fallback.png/MAT_7299302_PCE_LV"
Lokšņu pērļu maska Missha Airy Fit 19g,rimi.lv,1.99,1.59,83.68,€/l,"https://rimibaltic-res.cloudinary.com/image/upload/b_white,c_limit,dpr_auto,f_webp,q_auto:low,w_auto/d_ecommerce:backend-fallback.png/MAT_7299952_PCE_LV"
Gaisa atsv. Bolsius Persiks 60ml,rimi.lv,4.99,3.49,,,"https://rimibaltic-res.cloudinary.com/image/upload/b_white,c_limit,dpr_auto,f_webp,q_auto:low,w_auto/d_ecommerce:backend-fallback.png/MAT_7299386_PCE_LV"
Gaisa atsv. Bolsius Mango 60ml,rimi.lv,4.99,3.49,,,"https://rimibaltic-res.cloudinary.com/image/upload/b_white,c_limit,dpr_auto,f_webp,q_auto:low,w_auto/d_ecommerce:backend-fallback.png/MAT_7299378_PCE_LV"
"Kapu svece Bolsius Sirds 19cm, 80h ST26",rimi.lv,4.99,3.49,,,"https://rimibaltic-res.cloudinary.com/image/upload/b_white,c_limit,dpr_auto,f_webp,q_auto:low,w_auto/d_ecommerce:backend-fallback.png/MAT_7301339_PCE_LV"
"Kapu svece Bolsius 23cm, 110h ST26",rimi.lv,3.49,2.44,,,"https://rimibaltic-res.cloudinary.com/image/upload/b_white,c_limit,dpr_auto,f_webp,q_auto:low,w_auto/d_ecommerce:backend-fallback.png/MAT_7301353_PCE_LV"
Vīriešu apakšveļa Mywear L 2 gab,rimi.lv,12.99,9.09,,,"https://rimibaltic-res.cloudinary.com/image/upload/b_white,c_limit,dpr_auto,f_webp,q_auto:low,w_auto/d_ecommerce:backend-fallback.png/MAT_7297552_PCE_LV"
Gaisa atsv. Aroma GEO DOG PolymerMystery,rimi.lv,3.99,2.39,,,"https://rimibaltic-res.cloudinary.com/image/upload/b_white,c_limit,dpr_auto,f_webp,q_auto:low,w_auto/d_ecommerce:backend-fallback.png/MAT_7303445_PCE_LV"
Gaisa atsvaidzinātājs Aroma Pepsi Can Ma,rimi.lv,1.99,1.19,,,"https://rimibaltic-res.cloudinary.com/image/upload/b_white,c_limit,dpr_auto,f_webp,q_auto:low,w_auto/d_ecommerce:backend-fallback.png/MAT_7303454_PCE_LV"
Gaisa atsvaidzināt. Aroma Pepsi Can Lime,rimi.lv,1.99,1.19,,,"https://rimibaltic-res.cloudinary.com/image/upload/b_white,c_limit,dpr_auto,f_webp,q_auto:low,w_auto/d_ecommerce:backend-fallback.png/MAT_7303455_PCE_LV"
Dušas želeja Old Spice Captain 1000ml,rimi.lv,13.29,7.29,7.29,€/l,"https://rimibaltic-res.cloudinary.com/image/upload/b_white,c_limit,dpr_auto,f_webp,q_auto:low,w_auto/d_ecommerce:backend-fallback.png/MAT_7298483_PCE_LV"
Veļas salvetes Vanish Colour Protect 16gab.,rimi.lv,6.99,5.79,,,"https://rimibaltic-res.cloudinary.com/image/upload/b_white,c_limit,dpr_auto,f_webp,q_auto:low,w_auto/d_ecommerce:backend-fallback.png/MAT_7301965_PCE_LV"
Lečo Nizhyn ar pupiņām 460g,rimi.lv,3.55,2.89,6.28,€/kg,"https://rimibaltic-res.cloudinary.com/image/upload/b_white,c_limit,dpr_auto,f_webp,q_auto:low,w_auto/d_ecommerce:backend-fallback.png/MAT_1019005_PCE_LV"
Hig. paketes Always Ultra Day&Night S3 40gab.,rimi.lv,10.99,6.59,,,"https://rimibaltic-res.cloudinary.com/image/upload/b_white,c_limit,dpr_auto,f_webp,q_auto:low,w_auto/d_ecommerce:backend-fallback.png/MAT_7302906_PCE_LV"
Higiēnas paketes Always Ultra Super S2 48gab.,rimi.lv,10.99,6.59,,,"https://rimibaltic-res.cloudinary.com/image/upload/b_white,c_limit,dpr_auto,f_webp,q_auto:low,w_auto/d_ecommerce:backend-fallback.png/MAT_7302922_PCE_LV"
Hig.pak.Always Ul. Sec. Night Extra S5 32gab.,rimi.lv,10.99,6.59,,,"https://rimibaltic-res.cloudinary.com/image/upload/b_white,c_limit,dpr_auto,f_webp,q_auto:low,w_auto/d_ecommerce:backend-fallback.png/MAT_7302923_PCE_LV"
Hig. paketes Always Ultra Normal S1 56gab.,rimi.lv,10.99,6.59,,,"https://rimibaltic-res.cloudinary.com/image/upload/b_white,c_limit,dpr_auto,f_webp,q_auto:low,w_auto/d_ecommerce:backend-fallback.png/MAT_7302914_PCE_LV"
Šampūns Elseve Full Resist Reinforcing 250ml,rimi.lv,5.79,3.99,15.96,€/l,"https://rimibaltic-res.cloudinary.com/image/upload/b_white,c_limit,dpr_auto,f_webp,q_auto:low,w_auto/d_ecommerce:backend-fallback.png/MAT_7304512_PCE_LV"
Balzams Elseve Color-Vive UV-filtru 200ml,rimi.lv,5.79,3.99,19.95,€/l,"https://rimibaltic-res.cloudinary.com/image/upload/b_white,c_limit,dpr_auto,f_webp,q_auto:low,w_auto/d_ecommerce:backend-fallback.png/MAT_7304455_PCE_LV"
"Zobu pasta Colgate Max White, Wh. Cryst.125ml",rimi.lv,3.99,2.39,19.12,€/l,"https://rimibaltic-res.cloudinary.com/image/upload/b_white,c_limit,dpr_auto,f_webp,q_auto:low,w_auto/d_ecommerce:backend-fallback.png/MAT_7305838_PCE_LV"
Dušas želeja Dove Fresh care 450ml,rimi.lv,7.29,4.69,10.42,€/l,"https://rimibaltic-res.cloudinary.com/image/upload/b_white,c_limit,dpr_auto,f_webp,q_auto:low,w_auto/d_ecommerce:backend-fallback.png/MAT_7304606_PCE_LV"
Dušas želeja Dove Gentle Scrub 400ml,rimi.lv,7.49,5.19,12.97,€/l,"https://rimibaltic-res.cloudinary.com/image/upload/b_white,c_limit,dpr_auto,f_webp,q_auto:low,w_auto/d_ecommerce:backend-fallback.png/MAT_7304600_PCE_LV"
Apakšbikses Mywear bezšuvju 40/42,rimi.lv,4.99,3.49,,,"https://rimibaltic-res.cloudinary.com/image/upload/b_white,c_limit,dpr_auto,f_webp,q_auto:low,w_auto/d_ecommerce:backend-fallback.png/MAT_7303116_PCE_LV"
Zobu bir.Oral B Pro-Exp. Ad.Deep Cl.Med.2gab.,rimi.lv,6.99,5.49,,,"https://rimibaltic-res.cloudinary.com/image/upload/b_white,c_limit,dpr_auto,f_webp,q_auto:low,w_auto/d_ecommerce:backend-fallback.png/MAT_7308222_PCE_LV"
Svece Bolsius cilindr. ziloņk. 200/68mm,rimi.lv,5.59,3.91,,,"https://rimibaltic-res.cloudinary.com/image/upload/b_white,c_limit,dpr_auto,f_webp,q_auto:low,w_auto/d_ecommerce:backend-fallback.png/MAT_7308797_PCE_LV"
Matu gumija,rimi.lv,1.99,1.49,,,"https://rimibaltic-res.cloudinary.com/image/upload/b_white,c_limit,dpr_auto,f_webp,q_auto:low,w_auto/d_ecommerce:backend-fallback.png/MAT_791302_PCE_LV"
Dez. izsmidz. Rexona Sexy Bouquet 200ml,rimi.lv,6.15,3.69,18.45,€/l,"https://rimibaltic-res.cloudinary.com/image/upload/b_white,c_limit,dpr_auto,f_webp,q_auto:low,w_auto/d_ecommerce:backend-fallback.png/MAT_7309254_PCE_LV"
Dez. zīm. Dove Pear and Aloe Vera 50ml,rimi.lv,5.79,3.49,69.80,€/l,"https://rimibaltic-res.cloudinary.com/image/upload/b_white,c_limit,dpr_auto,f_webp,q_auto:low,w_auto/d_ecommerce:backend-fallback.png/MAT_7309260_PCE_LV"
Dez. zīm. vīr. Rexona Black&White 50ml,rimi.lv,4.89,2.99,59.80,€/l,"https://rimibaltic-res.cloudinary.com/image/upload/b_white,c_limit,dpr_auto,f_webp,q_auto:low,w_auto/d_ecommerce:backend-fallback.png/MAT_7309270_PCE_LV"
Dez. izsmidz. vīr. Inv. Ice Fresh 200ml,rimi.lv,6.15,3.69,18.45,€/l,"https://rimibaltic-res.cloudinary.com/image/upload/b_white,c_limit,dpr_auto,f_webp,q_auto:low,w_auto/d_ecommerce:backend-fallback.png/MAT_7309271_PCE_LV"
Kons. kaķiem Nutribalance Muss ar lasi 8x85g,rimi.lv,6.29,3.99,5.87,€/kg,"https://rimibaltic-res.cloudinary.com/image/upload/b_white,c_limit,dpr_auto,f_webp,q_auto:low,w_auto/d_ecommerce:backend-fallback.png/MAT_816467_PCE_LV"
Zaļās olīvas El Faro ar tunci 370ml/150g,rimi.lv,2.49,2.00,13.33,€/kg,"https://rimibaltic-res.cloudinary.com/image/upload/b_white,c_limit,dpr_auto,f_webp,q_auto:low,w_auto/d_ecommerce:backend-fallback.png/MAT_1021497_PCE_LV"
Zaļās olīvas El Faro ar lasi 244ml/130g,rimi.lv,2.29,2.00,15.38,€/kg,"https://rimibaltic-res.cloudinary.com/image/upload/b_white,c_limit,dpr_auto,f_webp,q_auto:low,w_auto/d_ecommerce:backend-fallback.png/MAT_1021510_PCE_LV"
Šķ. ziepes Palmolive Nat. Coc. Milk Ref.500ml,rimi.lv,4.59,3.49,6.98,€/l,"https://rimibaltic-res.cloudinary.com/image/upload/b_white,c_limit,dpr_auto,f_webp,q_auto:low,w_auto/d_ecommerce:backend-fallback.png/MAT_7309676_PCE_LV"
"Paketes Salling ar spār.,bez sma., gar.14 gab",rimi.lv,2.69,2.39,,,"https://rimibaltic-res.cloudinary.com/image/upload/b_white,c_limit,dpr_auto,f_webp,q_auto:low,w_auto/d_ecommerce:backend-fallback.png/MAT_816801_PCE_LV"
Matu putas Syoss Curl Control 250ml,rimi.lv,9.99,6.99,27.96,€/l,"https://rimibaltic-res.cloudinary.com/image/upload/b_white,c_limit,dpr_auto,f_webp,q_auto:low,w_auto/d_ecommerce:backend-fallback.png/MAT_7311481_PCE_LV"
Matu želeja Syoss Curl Control 250ml,rimi.lv,8.99,6.29,25.16,€/l,"https://rimibaltic-res.cloudinary.com/image/upload/b_white,c_limit,dpr_auto,f_webp,q_auto:low,w_auto/d_ecommerce:backend-fallback.png/MAT_7311479_PCE_LV"
Balzams Taft Curl matu loku veidošanai 150ml,rimi.lv,7.99,6.39,42.60,€/l,"https://rimibaltic-res.cloudinary.com/image/upload/b_white,c_limit,dpr_auto,f_webp,q_auto:low,w_auto/d_ecommerce:backend-fallback.png/MAT_7311485_PCE_LV"
Želeja Taft Maxx Power matu veidošanai 150ml,rimi.lv,6.29,4.99,33.27,€/l,"https://rimibaltic-res.cloudinary.com/image/upload/b_white,c_limit,dpr_auto,f_webp,q_auto:low,w_auto/d_ecommerce:backend-fallback.png/MAT_7311494_PCE_LV"
Veļas mīkstināt. Silan Fresh Ocean 35MR 770ml,rimi.lv,5.19,3.39,4.40,€/l,"https://rimibaltic-res.cloudinary.com/image/upload/b_white,c_limit,dpr_auto,f_webp,q_auto:low,w_auto/d_ecommerce:backend-fallback.png/MAT_7313447_PCE_LV"
Olīveļļa Dante Frantoio Di Contrada 750ml,rimi.lv,14.99,12.99,17.32,€/l,"https://rimibaltic-res.cloudinary.com/image/upload/b_white,c_limit,dpr_auto,f_webp,q_auto:low,w_auto/d_ecommerce:backend-fallback.png/MAT_1022652_PCE_LV"
Mērce Barilla Arrabbiata 400g,rimi.lv,4.79,3.35,8.37,€/kg,"https://rimibaltic-res.cloudinary.com/image/upload/b_white,c_limit,dpr_auto,f_webp,q_auto:low,w_auto/d_ecommerce:backend-fallback.png/MAT_106499_PCE_LV"
Salātu mērce Kuhne itāļu gaumē 250ml,rimi.lv,3.45,2.99,11.96,€/l,"https://rimibaltic-res.cloudinary.com/image/upload/b_white,c_limit,dpr_auto,f_webp,q_auto:low,w_auto/d_ecommerce:backend-fallback.png/MAT_1022752_PCE_LV"
Matu kondicionieris Salling Fri 375ml,rimi.lv,2.29,1.79,4.77,€/l,"https://rimibaltic-res.cloudinary.com/image/upload/b_white,c_limit,dpr_auto,f_webp,q_auto:low,w_auto/d_ecommerce:backend-fallback.png/MAT_817628_PCE_LV"
Pūderis bērniem Salling Fri bez smaržv. 100g,rimi.lv,3.79,2.99,29.90,€/kg,"https://rimibaltic-res.cloudinary.com/image/upload/b_white,c_limit,dpr_auto,f_webp,q_auto:low,w_auto/d_ecommerce:backend-fallback.png/MAT_817437_PCE_LV"
"Veļas mazg.pul.Ariel Alpine Fresh 50MR 2,75kg",rimi.lv,26.69,19.99,7.27,€/kg,"https://rimibaltic-res.cloudinary.com/image/upload/b_white,c_limit,dpr_auto,f_webp,q_auto:low,w_auto/d_ecommerce:backend-fallback.png/MAT_7306853_PCE_LV"
Košļājamās nūjiņas Salling no liel.ādas 2gab,rimi.lv,2.39,1.79,22.38,€/kg,"https://rimibaltic-res.cloudinary.com/image/upload/b_white,c_limit,dpr_auto,f_webp,q_auto:low,w_auto/d_ecommerce:backend-fallback.png/MAT_817549_PCE_LV"
Dezodoranta rullītis Dove Powder 48h 50ml,rimi.lv,4.99,3.29,65.80,€/l,"https://rimibaltic-res.cloudinary.com/image/upload/b_white,c_limit,dpr_auto,f_webp,q_auto:low,w_auto/d_ecommerce:backend-fallback.png/MAT_7315260_PCE_LV"
Dezodorants Dove Original 48h 200ml,rimi.lv,5.99,3.59,17.95,€/l,"https://rimibaltic-res.cloudinary.com/image/upload/b_white,c_limit,dpr_auto,f_webp,q_auto:low,w_auto/d_ecommerce:backend-fallback.png/MAT_7315269_PCE_LV"
"Autiņbik. Salling Fri Mini izmērs 2, 38gab.",rimi.lv,5.49,4.39,,,"https://rimibaltic-res.cloudinary.com/image/upload/b_white,c_limit,dpr_auto,f_webp,q_auto:low,w_auto/d_ecommerce:backend-fallback.png/MAT_817681_PCE_LV"
Mutes skal. līdzeklis Listerine Total Care 1l,rimi.lv,12.29,8.79,8.79,€/l,"https://rimibaltic-res.cloudinary.com/image/upload/b_white,c_limit,dpr_auto,f_webp,q_auto:low,w_auto/d_ecommerce:backend-fallback.png/MAT_7049936_PCE_LV"
"Bezalk.dz.Sun365 anan.,pasifloras augļa 0,75l",rimi.lv,7.29,5.59,7.45,€/l,"https://rimibaltic-res.cloudinary.com/image/upload/b_white,c_limit,dpr_auto,f_webp,q_auto:low,w_auto/d_ecommerce:backend-fallback.png/MAT_1376001_PCE_LV"
"Gāz.bezal.dzēriens Pepsi Cola lemon 1,5l",rimi.lv,2.39,1.19,0.79,€/l,"https://rimibaltic-res.cloudinary.com/image/upload/b_white,c_limit,dpr_auto,f_webp,q_auto:low,w_auto/d_ecommerce:backend-fallback.png/MAT_1376475_PCE_LV"
Tējas svece Bolsius 50gab. 4h,rimi.lv,5.39,3.77,,,"https://rimibaltic-res.cloudinary.com/image/upload/b_white,c_limit,dpr_auto,f_webp,q_auto:low,w_auto/d_ecommerce:backend-fallback.png/MAT_7316965_PCE_LV"
Zirņu uzkoda Legume Crisps ar vasabi g. 85g,rimi.lv,3.55,2.99,35.18,€/kg,"https://rimibaltic-res.cloudinary.com/image/upload/b_white,c_limit,dpr_auto,f_webp,q_auto:low,w_auto/d_ecommerce:backend-fallback.png/MAT_1023626_PCE_LV"
Matu kr.Palette ICC 8-50 gaiši zelt. bl. 50ml,rimi.lv,5.69,3.13,62.60,€/l,"https://rimibaltic-res.cloudinary.com/image/upload/b_white,c_limit,dpr_auto,f_webp,q_auto:low,w_auto/d_ecommerce:backend-fallback.png/MAT_7317248_PCE_LV"
Slapjā suņu barība My Love ar liell. g.4x100g,rimi.lv,,1.79,4.47,€/kg,"https://rimibaltic-res.cloudinary.com/image/upload/b_white,c_limit,dpr_auto,f_webp,q_auto:low,w_auto/d_ecommerce:backend-fallback.png/MAT_7317299_PCE_LV"
Skuveklis Venus Smooth 5gab.,rimi.lv,16.99,14.39,,,"https://rimibaltic-res.cloudinary.com/image/upload/b_white,c_limit,dpr_auto,f_webp,q_auto:low,w_auto/d_ecommerce:backend-fallback.png/MAT_7317487_PCE_LV"
Antiperspiranta zīmulis Gillette Aloe 70ml,rimi.lv,7.49,6.29,89.86,€/l,"https://rimibaltic-res.cloudinary.com/image/upload/b_white,c_limit,dpr_auto,f_webp,q_auto:low,w_auto/d_ecommerce:backend-fallback.png/MAT_7317501_PCE_LV"
Trauku mazg. tab.Finish Ultimate Lemon 27gab.,rimi.lv,22.49,14.39,,,"https://rimibaltic-res.cloudinary.com/image/upload/b_white,c_limit,dpr_auto,f_webp,q_auto:low,w_auto/d_ecommerce:backend-fallback.png/MAT_7318131_PCE_LV"
WC bloks Bref Col. Auto Act. Eucalyptus 2x50g,rimi.lv,5.99,4.19,41.90,€/kg,"https://rimibaltic-res.cloudinary.com/image/upload/b_white,c_limit,dpr_auto,f_webp,q_auto:low,w_auto/d_ecommerce:backend-fallback.png/MAT_7318327_PCE_LV"
Zobu pasta Sensodyne Clinical White En. 75ml,rimi.lv,9.99,7.49,99.87,€/l,"https://rimibaltic-res.cloudinary.com/image/upload/b_white,c_limit,dpr_auto,f_webp,q_auto:low,w_auto/d_ecommerce:backend-fallback.png/MAT_7317531_PCE_LV"
Melnā tēja Dolce de Luxe 1001 nights 50g,rimi.lv,2.59,1.99,39.80,€/kg,"https://rimibaltic-res.cloudinary.com/image/upload/b_white,c_limit,dpr_auto,f_webp,q_auto:low,w_auto/d_ecommerce:backend-fallback.png/MAT_1023882_PCE_LV"
Dušas želeja Nivea Creme Protect 250ml,rimi.lv,4.19,2.99,11.96,€/l,"https://rimibaltic-res.cloudinary.com/image/upload/b_white,c_limit,dpr_auto,f_webp,q_auto:low,w_auto/d_ecommerce:backend-fallback.png/MAT_7318396_PCE_LV"
Kafijas dz. Lofbergs Ice Creamy Cookie 230ml,rimi.lv,1.99,1.39,6.04,€/l,"https://rimibaltic-res.cloudinary.com/image/upload/b_white,c_limit,dpr_auto,f_webp,q_auto:low,w_auto/d_ecommerce:backend-fallback.png/MAT_1024110_PCE_LV"
Sej. maska Garnier Cryo Jelly atvēsinoša 27g,rimi.lv,3.69,2.21,,,"https://rimibaltic-res.cloudinary.com/image/upload/b_white,c_limit,dpr_auto,f_webp,q_auto:low,w_auto/d_ecommerce:backend-fallback.png/MAT_7319367_PCE_LV"
"Kons. kaķ. Animonda Carny vista,lasis 200g",rimi.lv,1.99,1.59,7.95,€/kg,"https://rimibaltic-res.cloudinary.com/image/upload/b_white,c_limit,dpr_auto,f_webp,q_auto:low,w_auto/d_ecommerce:backend-fallback.png/MAT_7319525_PCE_LV"
Gard. suņ. Perfecto šķiņķa kauls XL 350g,rimi.lv,2.99,2.19,6.26,€/kg,"https://rimibaltic-res.cloudinary.com/image/upload/b_white,c_limit,dpr_auto,f_webp,q_auto:low,w_auto/d_ecommerce:backend-fallback.png/MAT_7319528_PCE_LV"
S.kaķ.b.Purina One Hydralife ar vistas g. 50g,rimi.lv,,0.65,13.00,€/kg,"https://rimibaltic-res.cloudinary.com/image/upload/b_white,c_limit,dpr_auto,f_webp,q_auto:low,w_auto/d_ecommerce:backend-fallback.png/MAT_7319545_PCE_LV"
Vienreizl.skuvek.Bic Pure3 Lady sieviet.4gab,rimi.lv,3.99,2.99,,,"https://rimibaltic-res.cloudinary.com/image/upload/b_white,c_limit,dpr_auto,f_webp,q_auto:low,w_auto/d_ecommerce:backend-fallback.png/MAT_7319645_PCE_LV"
Skuvekļi Bic Pure3 Lady Pink sievietēm 4gab,rimi.lv,3.99,2.79,,,"https://rimibaltic-res.cloudinary.com/image/upload/b_white,c_limit,dpr_auto,f_webp,q_auto:low,w_auto/d_ecommerce:backend-fallback.png/MAT_7319654_PCE_LV"
Aromātiskā svece Haribo Vaniļas vafeļu k,rimi.lv,5.99,4.19,,,"https://rimibaltic-res.cloudinary.com/image/upload/b_white,c_limit,dpr_auto,f_webp,q_auto:low,w_auto/d_ecommerce:backend-fallback.png/MAT_7319861_PCE_LV"
Tual.tīr.līdz.Bref Auto Ac.Gel Aqua Fr. 750ml,rimi.lv,4.69,3.29,4.39,€/l,"https://rimibaltic-res.cloudinary.com/image/upload/b_white,c_limit,dpr_auto,f_webp,q_auto:low,w_auto/d_ecommerce:backend-fallback.png/MAT_7319916_PCE_LV"
"Konfektes TicTac apels.,piparmētru miks 255g",rimi.lv,16.29,11.40,44.71,€/kg,"https://rimibaltic-res.cloudinary.com/image/upload/b_white,c_limit,dpr_auto,f_webp,q_auto:low,w_auto/d_ecommerce:backend-fallback.png/MAT_1024659_PCE_LV"
Pārtikas trauki Keeeper 1l 3 gab. AW26,rimi.lv,3.99,2.39,,,"https://rimibaltic-res.cloudinary.com/image/upload/b_white,c_limit,dpr_auto,f_webp,q_auto:low,w_auto/d_ecommerce:backend-fallback.png/MAT_7321203_PCE_LV"
"Bezal.dz.Venden Re Char.citr.,laima ga.0,57l",rimi.lv,1.79,1.39,2.44,€/l,"https://rimibaltic-res.cloudinary.com/image/upload/b_white,c_limit,dpr_auto,f_webp,q_auto:low,w_auto/d_ecommerce:backend-fallback.png/MAT_1377085_PCE_LV"
Pusdienu šķīvis Luminarc 25cm AW26,rimi.lv,8.29,4.99,,,"https://rimibaltic-res.cloudinary.com/image/upload/b_white,c_limit,dpr_auto,f_webp,q_auto:low,w_auto/d_ecommerce:backend-fallback.png/MAT_7321379_PCE_LV"
Deserta šķīvis Luminarc 21cm AW26,rimi.lv,7.29,4.39,,,"https://rimibaltic-res.cloudinary.com/image/upload/b_white,c_limit,dpr_auto,f_webp,q_auto:low,w_auto/d_ecommerce:backend-fallback.png/MAT_7321394_PCE_LV"
Roku ziepes Sence The Good Recipe 300ml,rimi.lv,2.49,1.69,5.63,€/l,"https://rimibaltic-res.cloudinary.com/image/upload/b_white,c_limit,dpr_auto,f_webp,q_auto:low,w_auto/d_ecommerce:backend-fallback.png/MAT_7321733_PCE_LV"
Kondic. Rich Repairing ar kolagēnu 200ml,rimi.lv,16.99,13.59,67.95,€/l,"https://rimibaltic-res.cloudinary.com/image/upload/b_white,c_limit,dpr_auto,f_webp,q_auto:low,w_auto/d_ecommerce:backend-fallback.png/MAT_7285841_PCE_LV"
Matu laka Taft volume 250ml,rimi.lv,7.49,5.39,21.56,€/l,"https://rimibaltic-res.cloudinary.com/image/upload/b_white,c_limit,dpr_auto,f_webp,q_auto:low,w_auto/d_ecommerce:backend-fallback.png/MAT_704479_PCE_LV"
Garšviela Kotanyi četru piparu maisījums 35g,rimi.lv,3.95,3.35,95.71,€/kg,"https://rimibaltic-res.cloudinary.com/image/upload/b_white,c_limit,dpr_auto,f_webp,q_auto:low,w_auto/d_ecommerce:backend-fallback.png/MAT_147950_PCE_LV"
Līdzeklis acu kosm. noņemšanai Nivea visage,rimi.lv,7.69,5.49,43.92,€/l,"https://rimibaltic-res.cloudinary.com/image/upload/b_white,c_limit,dpr_auto,f_webp,q_auto:low,w_auto/d_ecommerce:backend-fallback.png/MAT_403237_PCE_LV"
"Logu siets Aeroxon balts, līml., nazis",rimi.lv,8.69,6.00,,,"https://rimibaltic-res.cloudinary.com/image/upload/b_white,c_limit,dpr_auto,f_webp,q_auto:low,w_auto/d_ecommerce:backend-fallback.png/MAT_736670_PCE_LV"
Līdz. autonomai kanalz. Tri-bio 500g,rimi.lv,47.99,35.99,71.98,€/kg,"https://rimibaltic-res.cloudinary.com/image/upload/b_white,c_limit,dpr_auto,f_webp,q_auto:low,w_auto/d_ecommerce:backend-fallback.png/MAT_760367_PCE_LV"
Tīrīšanas līdzeklis/putas Cillit Bang 600ml,rimi.lv,8.49,5.09,8.48,€/l,"https://rimibaltic-res.cloudinary.com/image/upload/b_white,c_limit,dpr_auto,f_webp,q_auto:low,w_auto/d_ecommerce:backend-fallback.png/MAT_7018374_PCE_LV"
"S.krēms loreal men exp. basic care,50ml",rimi.lv,10.69,7.99,159.80,€/l,"https://rimibaltic-res.cloudinary.com/image/upload/b_white,c_limit,dpr_auto,f_webp,q_auto:low,w_auto/d_ecommerce:backend-fallback.png/MAT_7123883_PCE_LV"
Gaisa atsaidzinātājs Wunderbaum New Car,rimi.lv,1.49,0.89,,,"https://rimibaltic-res.cloudinary.com/image/upload/b_white,c_limit,dpr_auto,f_webp,q_auto:low,w_auto/d_ecommerce:backend-fallback.png/MAT_734354_PCE_LV"
Bros elektr.ierice+šķidr.pret odiem 40ml,rimi.lv,10.99,7.58,189.50,€/l,"https://rimibaltic-res.cloudinary.com/image/upload/b_white,c_limit,dpr_auto,f_webp,q_auto:low,w_auto/d_ecommerce:backend-fallback.png/MAT_762250_PCE_LV"
S zeķubikses Pc la manche nero 4 40d,rimi.lv,4.99,2.99,,,"https://rimibaltic-res.cloudinary.com/image/upload/b_white,c_limit,dpr_auto,f_webp,q_auto:low,w_auto/d_ecommerce:backend-fallback.png/MAT_7004917_PCE_LV"
S zeķubikses Pc la manche visone 2 40d,rimi.lv,4.99,2.99,,,"https://rimibaltic-res.cloudinary.com/image/upload/b_white,c_limit,dpr_auto,f_webp,q_auto:low,w_auto/d_ecommerce:backend-fallback.png/MAT_7004931_PCE_LV"
S zeķubikses Pc la manche visone 3 40d,rimi.lv,4.99,2.99,,,"https://rimibaltic-res.cloudinary.com/image/upload/b_white,c_limit,dpr_auto,f_webp,q_auto:low,w_auto/d_ecommerce:backend-fallback.png/MAT_7004932_PCE_LV"
Matu kr.Loreal Preference Nr.3.0 Bras.1gab.,rimi.lv,15.79,9.47,,,"https://rimibaltic-res.cloudinary.com/image/upload/b_white,c_limit,dpr_auto,f_webp,q_auto:low,w_auto/d_ecommerce:backend-fallback.png/MAT_404995_PCE_LV"
Matu krāsa Palette 5-0 gaiši brūns (N4),rimi.lv,5.69,3.13,,,"https://rimibaltic-res.cloudinary.com/image/upload/b_white,c_limit,dpr_auto,f_webp,q_auto:low,w_auto/d_ecommerce:backend-fallback.png/MAT_405993_PCE_LV"
Matu krāsa Palette 4-89 Int. Bakl.(RFE3),rimi.lv,5.69,3.13,,,"https://rimibaltic-res.cloudinary.com/image/upload/b_white,c_limit,dpr_auto,f_webp,q_auto:low,w_auto/d_ecommerce:backend-fallback.png/MAT_406609_PCE_LV"
Matu krāsa Syoss color 5-8 riekstu brūns,rimi.lv,10.59,6.79,,,"https://rimibaltic-res.cloudinary.com/image/upload/b_white,c_limit,dpr_auto,f_webp,q_auto:low,w_auto/d_ecommerce:backend-fallback.png/MAT_791976_PCE_LV"
Bļoda Windmill blue 23.7 cm,rimi.lv,8.39,5.87,,,"https://rimibaltic-res.cloudinary.com/image/upload/b_white,c_limit,dpr_auto,f_webp,q_auto:low,w_auto/d_ecommerce:backend-fallback.png/MAT_735645_PCE_LV"
Šampūns Fructis Banana Hair Food 350ml,rimi.lv,7.99,5.99,17.11,€/l,"https://rimibaltic-res.cloudinary.com/image/upload/b_white,c_limit,dpr_auto,f_webp,q_auto:low,w_auto/d_ecommerce:backend-fallback.png/MAT_7227830_PCE_LV"
"Vannas tīr. Cillit Bang Power,750ml",rimi.lv,8.59,4.99,6.65,€/l,"https://rimibaltic-res.cloudinary.com/image/upload/b_white,c_limit,dpr_auto,f_webp,q_auto:low,w_auto/d_ecommerce:backend-fallback.png/MAT_7234981_PCE_LV"
Gaisa atsv. Ambi Pur Lenor Spring Awak. 7.5ml,rimi.lv,6.55,5.19,69.20,€/l,"https://rimibaltic-res.cloudinary.com/image/upload/b_white,c_limit,dpr_auto,f_webp,q_auto:low,w_auto/d_ecommerce:backend-fallback.png/MAT_7237574_PCE_LV"
Švammīte paneļu kopšanai Flash Dash,rimi.lv,4.99,2.99,,,"https://rimibaltic-res.cloudinary.com/image/upload/b_white,c_limit,dpr_auto,f_webp,q_auto:low,w_auto/d_ecommerce:backend-fallback.png/MAT_459140_PCE_LV"
Batoniņš Kit Kat Chunky 160g,rimi.lv,4.99,3.39,21.19,€/kg,"https://rimibaltic-res.cloudinary.com/image/upload/b_white,c_limit,dpr_auto,f_webp,q_auto:low,w_auto/d_ecommerce:backend-fallback.png/MAT_1003856_PCE_LV"
Šampūns Schauma Men 3in1 kokogles 400ml,rimi.lv,5.49,3.89,9.72,€/l,"https://rimibaltic-res.cloudinary.com/image/upload/b_white,c_limit,dpr_auto,f_webp,q_auto:low,w_auto/d_ecommerce:backend-fallback.png/MAT_7244844_PCE_LV"
Matu kr. Palette ICC 10-19 vēsi sudraba blond,rimi.lv,5.69,3.13,,,"https://rimibaltic-res.cloudinary.com/image/upload/b_white,c_limit,dpr_auto,f_webp,q_auto:low,w_auto/d_ecommerce:backend-fallback.png/MAT_7244847_PCE_LV"
S zeķub.Immagine body plus 20d nero 3,rimi.lv,5.99,3.59,,,"https://rimibaltic-res.cloudinary.com/image/upload/b_white,c_limit,dpr_auto,f_webp,q_auto:low,w_auto/d_ecommerce:backend-fallback.png/MAT_7030886_PCE_LV"
S zeķub.Immagine body plus 40d nero 3,rimi.lv,6.69,4.01,,,"https://rimibaltic-res.cloudinary.com/image/upload/b_white,c_limit,dpr_auto,f_webp,q_auto:low,w_auto/d_ecommerce:backend-fallback.png/MAT_795830_PCE_LV"
S zeķub.Immagine body plus 40d neutro 3,rimi.lv,6.69,4.01,,,"https://rimibaltic-res.cloudinary.com/image/upload/b_white,c_limit,dpr_auto,f_webp,q_auto:low,w_auto/d_ecommerce:backend-fallback.png/MAT_795836_PCE_LV"
S zeķub.Immagine lola 40d nero 5,rimi.lv,2.89,1.73,,,"https://rimibaltic-res.cloudinary.com/image/upload/b_white,c_limit,dpr_auto,f_webp,q_auto:low,w_auto/d_ecommerce:backend-fallback.png/MAT_7142349_PCE_LV"
S zeķub.Immagine lola 40d neutro 2,rimi.lv,2.89,1.73,,,"https://rimibaltic-res.cloudinary.com/image/upload/b_white,c_limit,dpr_auto,f_webp,q_auto:low,w_auto/d_ecommerce:backend-fallback.png/MAT_7142378_PCE_LV"
S zeķub.Immagine lola 40d nero 3,rimi.lv,2.89,1.73,,,"https://rimibaltic-res.cloudinary.com/image/upload/b_white,c_limit,dpr_auto,f_webp,q_auto:low,w_auto/d_ecommerce:backend-fallback.png/MAT_7142429_PCE_LV"
"Biksīšu ieliktnīši Libresse Micro, 44gab",rimi.lv,3.49,2.99,,,"https://rimibaltic-res.cloudinary.com/image/upload/b_white,c_limit,dpr_auto,f_webp,q_auto:low,w_auto/d_ecommerce:backend-fallback.png/MAT_7253739_PCE_LV"
"Pusg.z. Pc cherbourg20den, visone 3/4",rimi.lv,3.19,1.91,,,"https://rimibaltic-res.cloudinary.com/image/upload/b_white,c_limit,dpr_auto,f_webp,q_auto:low,w_auto/d_ecommerce:backend-fallback.png/MAT_7004852_PCE_LV"
Siev zeķubikses Pc marseille nero 2 50d,rimi.lv,6.49,3.89,,,"https://rimibaltic-res.cloudinary.com/image/upload/b_white,c_limit,dpr_auto,f_webp,q_auto:low,w_auto/d_ecommerce:backend-fallback.png/MAT_7020088_PCE_LV"
Siev zeķubikses Pc marseille nero 3 50d,rimi.lv,6.49,3.89,,,"https://rimibaltic-res.cloudinary.com/image/upload/b_white,c_limit,dpr_auto,f_webp,q_auto:low,w_auto/d_ecommerce:backend-fallback.png/MAT_7020089_PCE_LV"
Siev zeķubikses Pc paris nero 3 150d,rimi.lv,8.69,5.21,,,"https://rimibaltic-res.cloudinary.com/image/upload/b_white,c_limit,dpr_auto,f_webp,q_auto:low,w_auto/d_ecommerce:backend-fallback.png/MAT_7043646_PCE_LV"
Siev zeķubikses Pc paris fumo 4 150d,rimi.lv,8.69,5.21,,,"https://rimibaltic-res.cloudinary.com/image/upload/b_white,c_limit,dpr_auto,f_webp,q_auto:low,w_auto/d_ecommerce:backend-fallback.png/MAT_7114702_PCE_LV"
Pīlāra svece rustic 130/68 Rustic Taupe,rimi.lv,4.39,3.07,,,"https://rimibaltic-res.cloudinary.com/image/upload/b_white,c_limit,dpr_auto,f_webp,q_auto:low,w_auto/d_ecommerce:backend-fallback.png/MAT_7257916_PCE_LV"
Dušas želeja Old Spice Whitewater 675ml,rimi.lv,10.29,8.59,12.73,€/l,"https://rimibaltic-res.cloudinary.com/image/upload/b_white,c_limit,dpr_auto,f_webp,q_auto:low,w_auto/d_ecommerce:backend-fallback.png/MAT_7253704_PCE_LV"
Buljona krūze 50cl balta,rimi.lv,7.39,5.17,,,"https://rimibaltic-res.cloudinary.com/image/upload/b_white,c_limit,dpr_auto,f_webp,q_auto:low,w_auto/d_ecommerce:backend-fallback.png/MAT_503061_PCE_LV"
Dezodorants Old Spice Tiger Claw 150ml,rimi.lv,5.69,4.69,31.27,€/l,"https://rimibaltic-res.cloudinary.com/image/upload/b_white,c_limit,dpr_auto,f_webp,q_auto:low,w_auto/d_ecommerce:backend-fallback.png/MAT_7267720_PCE_LV"
Zobu suka Colgate 360 max white,rimi.lv,6.29,3.99,,,"https://rimibaltic-res.cloudinary.com/image/upload/b_white,c_limit,dpr_auto,f_webp,q_auto:low,w_auto/d_ecommerce:backend-fallback.png/MAT_7255814_PCE_LV"
Matu k. NS Ob. vāj. un bojāt. mat.400ml,rimi.lv,9.29,7.43,18.57,€/l,"https://rimibaltic-res.cloudinary.com/image/upload/b_white,c_limit,dpr_auto,f_webp,q_auto:low,w_auto/d_ecommerce:backend-fallback.png/MAT_7263545_PCE_LV"
Šampūns NS Ob. norm.un sausiem mat.400ml,rimi.lv,9.29,7.43,18.57,€/l,"https://rimibaltic-res.cloudinary.com/image/upload/b_white,c_limit,dpr_auto,f_webp,q_auto:low,w_auto/d_ecommerce:backend-fallback.png/MAT_7263548_PCE_LV"
"Želeja Garnier Vitamin C sejai, mitrin. 50ml",rimi.lv,9.29,6.49,129.80,€/l,"https://rimibaltic-res.cloudinary.com/image/upload/b_white,c_limit,dpr_auto,f_webp,q_auto:low,w_auto/d_ecommerce:backend-fallback.png/MAT_7271715_PCE_LV"
"Pavāra nažu komplets Fiskar, 2gb. AW26",rimi.lv,24.99,14.99,,,"https://rimibaltic-res.cloudinary.com/image/upload/b_white,c_limit,dpr_auto,f_webp,q_auto:low,w_auto/d_ecommerce:backend-fallback.png/MAT_7269277_PCE_LV"
Siev zeķubikses Pc vichy antilope 4 40d,rimi.lv,4.99,2.99,,,"https://rimibaltic-res.cloudinary.com/image/upload/b_white,c_limit,dpr_auto,f_webp,q_auto:low,w_auto/d_ecommerce:backend-fallback.png/MAT_7075041_PCE_LV"
Uzlād. baterija Energizer AAA CPH4 4 gab,rimi.lv,15.99,9.59,,,"https://rimibaltic-res.cloudinary.com/image/upload/b_white,c_limit,dpr_auto,f_webp,q_auto:low,w_auto/d_ecommerce:backend-fallback.png/MAT_7251768_PCE_LV"
Lampiņu virtene 96LED silti balta CH26,rimi.lv,5.99,4.19,,,"https://rimibaltic-res.cloudinary.com/image/upload/b_white,c_limit,dpr_auto,f_webp,q_auto:low,w_auto/d_ecommerce:backend-fallback.png/MAT_7273800_PCE_LV"
Kapu svece Bolsius Dimants 18cm 24h ST26,rimi.lv,2.99,2.09,,,"https://rimibaltic-res.cloudinary.com/image/upload/b_white,c_limit,dpr_auto,f_webp,q_auto:low,w_auto/d_ecommerce:backend-fallback.png/MAT_7272145_PCE_LV"
S zeķub.Immagine only 20d nature 3,rimi.lv,2.95,1.77,,,"https://rimibaltic-res.cloudinary.com/image/upload/b_white,c_limit,dpr_auto,f_webp,q_auto:low,w_auto/d_ecommerce:backend-fallback.png/MAT_7157271_PCE_LV"
Krūze Stor Paw Patrol 350ml,rimi.lv,3.49,2.44,,,"https://rimibaltic-res.cloudinary.com/image/upload/b_white,c_limit,dpr_auto,f_webp,q_auto:low,w_auto/d_ecommerce:backend-fallback.png/MAT_7280662_PCE_LV"
Pusdienu šķīvis Diwali Black 27cm,rimi.lv,2.69,1.88,,,"https://rimibaltic-res.cloudinary.com/image/upload/b_white,c_limit,dpr_auto,f_webp,q_auto:low,w_auto/d_ecommerce:backend-fallback.png/MAT_7280772_PCE_LV"
Bļoda Keramika 15cm bēša,rimi.lv,3.49,2.44,,,"https://rimibaltic-res.cloudinary.com/image/upload/b_white,c_limit,dpr_auto,f_webp,q_auto:low,w_auto/d_ecommerce:backend-fallback.png/MAT_7280783_PCE_LV"
Deserta šķīvis Diwali Black 19cm,rimi.lv,2.19,1.53,,,"https://rimibaltic-res.cloudinary.com/image/upload/b_white,c_limit,dpr_auto,f_webp,q_auto:low,w_auto/d_ecommerce:backend-fallback.png/MAT_7280790_PCE_LV"
Krūze Keramika beša,rimi.lv,2.99,2.09,,,"https://rimibaltic-res.cloudinary.com/image/upload/b_white,c_limit,dpr_auto,f_webp,q_auto:low,w_auto/d_ecommerce:backend-fallback.png/MAT_7280791_PCE_LV"
Acu kosmētikas noņēmējs Darima 150ml,rimi.lv,5.79,4.59,30.60,€/l,"https://rimibaltic-res.cloudinary.com/image/upload/b_white,c_limit,dpr_auto,f_webp,q_auto:low,w_auto/d_ecommerce:backend-fallback.png/MAT_7272620_PCE_LV"
S zeķubikses Pc belfort 70 bronzo 4 70d,rimi.lv,6.99,4.19,,,"https://rimibaltic-res.cloudinary.com/image/upload/b_white,c_limit,dpr_auto,f_webp,q_auto:low,w_auto/d_ecommerce:backend-fallback.png/MAT_7114658_PCE_LV"
S zeķubikses Pc belfort 70 nero 4 70d,rimi.lv,6.99,4.19,,,"https://rimibaltic-res.cloudinary.com/image/upload/b_white,c_limit,dpr_auto,f_webp,q_auto:low,w_auto/d_ecommerce:backend-fallback.png/MAT_7114678_PCE_LV"
Melnā tēja Loyd aromatizēta 25gab,rimi.lv,2.59,1.79,35.80,€/kg,"https://rimibaltic-res.cloudinary.com/image/upload/b_white,c_limit,dpr_auto,f_webp,q_auto:low,w_auto/d_ecommerce:backend-fallback.png/MAT_166521_PCE_LV"
Mic. ūdens sausai ādai Evoluderm 250ml,rimi.lv,3.99,3.19,12.76,€/l,"https://rimibaltic-res.cloudinary.com/image/upload/b_white,c_limit,dpr_auto,f_webp,q_auto:low,w_auto/d_ecommerce:backend-fallback.png/MAT_7272630_PCE_LV"
Mitrās salvetes ādas salona kopšanai,rimi.lv,2.49,1.49,,,"https://rimibaltic-res.cloudinary.com/image/upload/b_white,c_limit,dpr_auto,f_webp,q_auto:low,w_auto/d_ecommerce:backend-fallback.png/MAT_7235135_PCE_LV"
"Mitrās salvetes auto kopš.MATT,Vanilla",rimi.lv,2.49,1.49,,,"https://rimibaltic-res.cloudinary.com/image/upload/b_white,c_limit,dpr_auto,f_webp,q_auto:low,w_auto/d_ecommerce:backend-fallback.png/MAT_7235143_PCE_LV"
"Mitrās salvetes auto kopš.MATT,New Car",rimi.lv,2.49,1.49,,,"https://rimibaltic-res.cloudinary.com/image/upload/b_white,c_limit,dpr_auto,f_webp,q_auto:low,w_auto/d_ecommerce:backend-fallback.png/MAT_7235146_PCE_LV"
Gaisa atsv. Little Joe Black Velvet,rimi.lv,4.99,2.99,,,"https://rimibaltic-res.cloudinary.com/image/upload/b_white,c_limit,dpr_auto,f_webp,q_auto:low,w_auto/d_ecommerce:backend-fallback.png/MAT_7279487_PCE_LV"
Gaisa atsv. Little Joe New Car,rimi.lv,4.99,2.99,,,"https://rimibaltic-res.cloudinary.com/image/upload/b_white,c_limit,dpr_auto,f_webp,q_auto:low,w_auto/d_ecommerce:backend-fallback.png/MAT_7279500_PCE_LV"
Šķ. z. Palmolive Olive Milk Refill 500ml,rimi.lv,4.59,3.49,6.98,€/l,"https://rimibaltic-res.cloudinary.com/image/upload/b_white,c_limit,dpr_auto,f_webp,q_auto:low,w_auto/d_ecommerce:backend-fallback.png/MAT_7277383_PCE_LV"
"Plastmasas šķīvis GoodCook, balts, 24cm",rimi.lv,2.19,1.53,,,"https://rimibaltic-res.cloudinary.com/image/upload/b_white,c_limit,dpr_auto,f_webp,q_auto:low,w_auto/d_ecommerce:backend-fallback.png/MAT_814773_PCE_LV"
"Plastmasas šķīvis CozyHome, pelēks, 24 cm",rimi.lv,2.19,1.53,,,"https://rimibaltic-res.cloudinary.com/image/upload/b_white,c_limit,dpr_auto,f_webp,q_auto:low,w_auto/d_ecommerce:backend-fallback.png/MAT_814777_PCE_LV"
"Plastmasas bļoda GoodCook, balta, 400ml",rimi.lv,1.89,1.32,,,"https://rimibaltic-res.cloudinary.com/image/upload/b_white,c_limit,dpr_auto,f_webp,q_auto:low,w_auto/d_ecommerce:backend-fallback.png/MAT_814790_PCE_LV"
"Bezalkohol. dzēriens Martini Vibrante 0,75l",rimi.lv,12.99,11.99,15.99,€/l,"https://rimibaltic-res.cloudinary.com/image/upload/b_white,c_limit,dpr_auto,f_webp,q_auto:low,w_auto/d_ecommerce:backend-fallback.png/MAT_1372965_PCE_LV"
"Plastmasas bļoda GoodCook, pelēka, 400ml",rimi.lv,1.89,1.32,,,"https://rimibaltic-res.cloudinary.com/image/upload/b_white,c_limit,dpr_auto,f_webp,q_auto:low,w_auto/d_ecommerce:backend-fallback.png/MAT_814796_PCE_LV"
Dezodorants Nivea Fresh Sensation rullv. 50ml,rimi.lv,5.79,4.09,81.80,€/l,"https://rimibaltic-res.cloudinary.com/image/upload/b_white,c_limit,dpr_auto,f_webp,q_auto:low,w_auto/d_ecommerce:backend-fallback.png/MAT_7283469_PCE_LV"
Aerosols Pret Ērcēm Bros 90ml,rimi.lv,5.69,3.93,43.67,€/l,"https://rimibaltic-res.cloudinary.com/image/upload/b_white,c_limit,dpr_auto,f_webp,q_auto:low,w_auto/d_ecommerce:backend-fallback.png/MAT_7267250_PCE_LV"
"Lūpu balzāms Nivea Hyaluron Plus 5,2g",rimi.lv,6.49,4.59,918.00,€/kg,"https://rimibaltic-res.cloudinary.com/image/upload/b_white,c_limit,dpr_auto,f_webp,q_auto:low,w_auto/d_ecommerce:backend-fallback.png/MAT_7284112_PCE_LV"
Mazg. želeja Nivea ādai ar izsitumiem 150ml,rimi.lv,8.89,6.39,42.60,€/l,"https://rimibaltic-res.cloudinary.com/image/upload/b_white,c_limit,dpr_auto,f_webp,q_auto:low,w_auto/d_ecommerce:backend-fallback.png/MAT_7284115_PCE_LV"
Zobu pasta Colgate Max White Multi Prot. 50ml,rimi.lv,9.99,6.49,129.80,€/l,"https://rimibaltic-res.cloudinary.com/image/upload/b_white,c_limit,dpr_auto,f_webp,q_auto:low,w_auto/d_ecommerce:backend-fallback.png/MAT_7286205_PCE_LV"
"S. bar. suņiem Purina One Mini ar lasi 1,5kg",rimi.lv,10.99,8.79,5.86,€/kg,"https://rimibaltic-res.cloudinary.com/image/upload/b_white,c_limit,dpr_auto,f_webp,q_auto:low,w_auto/d_ecommerce:backend-fallback.png/MAT_7282458_PCE_LV"
El. zob.bir. Oral-B Vit. PRO Spiderman,rimi.lv,39.99,27.99,,,"https://rimibaltic-res.cloudinary.com/image/upload/b_white,c_limit,dpr_auto,f_webp,q_auto:low,w_auto/d_ecommerce:backend-fallback.png/MAT_7286572_PCE_LV"
Mitrinošs sejas krēms Nivea Men Sens. 50ml,rimi.lv,10.69,7.59,151.80,€/l,"https://rimibaltic-res.cloudinary.com/image/upload/b_white,c_limit,dpr_auto,f_webp,q_auto:low,w_auto/d_ecommerce:backend-fallback.png/MAT_7241030_PCE_LV"
Veļ.M. Magic Magnolia Silan770ml (35MR),rimi.lv,5.19,3.39,4.40,€/l,"https://rimibaltic-res.cloudinary.com/image/upload/b_white,c_limit,dpr_auto,f_webp,q_auto:low,w_auto/d_ecommerce:backend-fallback.png/MAT_7286721_PCE_LV"
Pīlāra svece Bolsius 19x7cm zaļa,rimi.lv,6.29,4.40,,,"https://rimibaltic-res.cloudinary.com/image/upload/b_white,c_limit,dpr_auto,f_webp,q_auto:low,w_auto/d_ecommerce:backend-fallback.png/MAT_7289600_PCE_LV"
Aromātiskās sveces Bolsius 8gb magnolija,rimi.lv,4.99,3.49,,,"https://rimibaltic-res.cloudinary.com/image/upload/b_white,c_limit,dpr_auto,f_webp,q_auto:low,w_auto/d_ecommerce:backend-fallback.png/MAT_7289601_PCE_LV"
Aromātiskās sveces Bolsius 8gab persiku,rimi.lv,5.19,3.63,,,"https://rimibaltic-res.cloudinary.com/image/upload/b_white,c_limit,dpr_auto,f_webp,q_auto:low,w_auto/d_ecommerce:backend-fallback.png/MAT_7289624_PCE_LV"
S zeķub.Immagine only 20d nature 5,rimi.lv,2.95,1.77,,,"https://rimibaltic-res.cloudinary.com/image/upload/b_white,c_limit,dpr_auto,f_webp,q_auto:low,w_auto/d_ecommerce:backend-fallback.png/MAT_7157280_PCE_LV"
S zeķub.Immagine confort 40d nero 4,rimi.lv,3.29,1.97,,,"https://rimibaltic-res.cloudinary.com/image/upload/b_white,c_limit,dpr_auto,f_webp,q_auto:low,w_auto/d_ecommerce:backend-fallback.png/MAT_7068750_PCE_LV"
S zeķub.Immagine marlen 40d neutro 5,rimi.lv,4.09,2.45,,,"https://rimibaltic-res.cloudinary.com/image/upload/b_white,c_limit,dpr_auto,f_webp,q_auto:low,w_auto/d_ecommerce:backend-fallback.png/MAT_7288964_PCE_LV"
Zivju eļļa Mollers 80 kapsulas,rimi.lv,40.98,20.49,,,"https://rimibaltic-res.cloudinary.com/image/upload/b_white,c_limit,dpr_auto,f_webp,q_auto:low,w_auto/d_ecommerce:backend-fallback.png/MAT_7276112_PCE_LV"
Maska Fructis Hair Food Pineapple 400ml,rimi.lv,11.89,8.79,21.97,€/l,"https://rimibaltic-res.cloudinary.com/image/upload/b_white,c_limit,dpr_auto,f_webp,q_auto:low,w_auto/d_ecommerce:backend-fallback.png/MAT_7285887_PCE_LV"
Veļas mazg. līdzeklis Perwoll Blossom 20MR 1l,rimi.lv,8.69,5.59,5.59,€/l,"https://rimibaltic-res.cloudinary.com/image/upload/b_white,c_limit,dpr_auto,f_webp,q_auto:low,w_auto/d_ecommerce:backend-fallback.png/MAT_7293590_PCE_LV"
Gaisa atsvaid. Aroma Car Prestige Black,rimi.lv,1.49,0.89,,,"https://rimibaltic-res.cloudinary.com/image/upload/b_white,c_limit,dpr_auto,f_webp,q_auto:low,w_auto/d_ecommerce:backend-fallback.png/MAT_7296439_PCE_LV"
Dezodorants Nivea Men Fresh Active vīr. 50ml,rimi.lv,5.79,4.09,81.80,€/l,"https://rimibaltic-res.cloudinary.com/image/upload/b_white,c_limit,dpr_auto,f_webp,q_auto:low,w_auto/d_ecommerce:backend-fallback.png/MAT_7295268_PCE_LV"
Trauku mazg.kap. Fairy Plat. Plus Lemon 71gab,rimi.lv,41.99,27.99,,,"https://rimibaltic-res.cloudinary.com/image/upload/b_white,c_limit,dpr_auto,f_webp,q_auto:low,w_auto/d_ecommerce:backend-fallback.png/MAT_7297919_PCE_LV"
Kondicionieris Syoss Intense Plex 250ml,rimi.lv,7.49,5.39,21.56,€/l,"https://rimibaltic-res.cloudinary.com/image/upload/b_white,c_limit,dpr_auto,f_webp,q_auto:low,w_auto/d_ecommerce:backend-fallback.png/MAT_7294202_PCE_LV"
Grauzdiņi Mario ar šašlika garšu 180g,rimi.lv,2.39,2.09,11.61,€/kg,"https://rimibaltic-res.cloudinary.com/image/upload/b_white,c_limit,dpr_auto,f_webp,q_auto:low,w_auto/d_ecommerce:backend-fallback.png/MAT_4003908_PCE_LV"
Parafīna galda sveces 2.2*24cm 4gab LV,rimi.lv,5.49,3.84,,,"https://rimibaltic-res.cloudinary.com/image/upload/b_white,c_limit,dpr_auto,f_webp,q_auto:low,w_auto/d_ecommerce:backend-fallback.png/MAT_7299870_PCE_LV"
Svece Cozy Home ķirbis D8x5 cm HW26,rimi.lv,3.99,2.79,,,"https://rimibaltic-res.cloudinary.com/image/upload/b_white,c_limit,dpr_auto,f_webp,q_auto:low,w_auto/d_ecommerce:backend-fallback.png/MAT_815729_PCE_LV"
Zobu pasta Colgate Kids no 0-5 gadiem 50ml,rimi.lv,3.79,2.65,53.00,€/l,"https://rimibaltic-res.cloudinary.com/image/upload/b_white,c_limit,dpr_auto,f_webp,q_auto:low,w_auto/d_ecommerce:backend-fallback.png/MAT_7298187_PCE_LV"
Krēms sausai ādai Nivea Repair & Care 400ml,rimi.lv,14.99,10.69,26.72,€/l,"https://rimibaltic-res.cloudinary.com/image/upload/b_white,c_limit,dpr_auto,f_webp,q_auto:low,w_auto/d_ecommerce:backend-fallback.png/MAT_7299710_PCE_LV"
Zobu p. Ecodenta daudzf. ar 7 augu ekst.100ml,rimi.lv,4.59,3.59,35.90,€/l,"https://rimibaltic-res.cloudinary.com/image/upload/b_white,c_limit,dpr_auto,f_webp,q_auto:low,w_auto/d_ecommerce:backend-fallback.png/MAT_7023108_PCE_LV"
Matu krāsa Garnier Olia 7.0 tumši blonda 1gab,rimi.lv,10.59,7.39,,,"https://rimibaltic-res.cloudinary.com/image/upload/b_white,c_limit,dpr_auto,f_webp,q_auto:low,w_auto/d_ecommerce:backend-fallback.png/MAT_7300834_PCE_LV"
Serums Nivea Q10 Anti-Wrinkle Expert 30ml,rimi.lv,25.99,15.59,519.67,€/l,"https://rimibaltic-res.cloudinary.com/image/upload/b_white,c_limit,dpr_auto,f_webp,q_auto:low,w_auto/d_ecommerce:backend-fallback.png/MAT_7298329_PCE_LV"
Gaisa atsv. Bolsius Granātābols 60ml,rimi.lv,4.99,3.49,,,"https://rimibaltic-res.cloudinary.com/image/upload/b_white,c_limit,dpr_auto,f_webp,q_auto:low,w_auto/d_ecommerce:backend-fallback.png/MAT_7299377_PCE_LV"
Dušas želeja Nivea Creme Aloe 750ml,rimi.lv,8.99,5.39,7.19,€/l,"https://rimibaltic-res.cloudinary.com/image/upload/b_white,c_limit,dpr_auto,f_webp,q_auto:low,w_auto/d_ecommerce:backend-fallback.png/MAT_7301606_PCE_LV"
Vīriešu apakšveļa Mywear XL 2 gab,rimi.lv,12.99,9.09,,,"https://rimibaltic-res.cloudinary.com/image/upload/b_white,c_limit,dpr_auto,f_webp,q_auto:low,w_auto/d_ecommerce:backend-fallback.png/MAT_7297554_PCE_LV"
"Skuveklis Gillette Fusion, 5 galviņas, vīr.",rimi.lv,28.49,24.19,,,"https://rimibaltic-res.cloudinary.com/image/upload/b_white,c_limit,dpr_auto,f_webp,q_auto:low,w_auto/d_ecommerce:backend-fallback.png/MAT_7302404_PCE_LV"
"Košļ. konfektes Mentos Discovery 37,5g",rimi.lv,0.99,0.79,21.35,€/kg,"https://rimibaltic-res.cloudinary.com/image/upload/b_white,c_limit,dpr_auto,f_webp,q_auto:low,w_auto/d_ecommerce:backend-fallback.png/MAT_1019611_PCE_LV"
Balzams Elseve Total Repair 5 200ml,rimi.lv,5.79,3.99,19.95,€/l,"https://rimibaltic-res.cloudinary.com/image/upload/b_white,c_limit,dpr_auto,f_webp,q_auto:low,w_auto/d_ecommerce:backend-fallback.png/MAT_7304456_PCE_LV"
Balzams Elseve Full Resist Break-Proof 200ml,rimi.lv,5.79,3.99,19.95,€/l,"https://rimibaltic-res.cloudinary.com/image/upload/b_white,c_limit,dpr_auto,f_webp,q_auto:low,w_auto/d_ecommerce:backend-fallback.png/MAT_7304453_PCE_LV"
Šampūns Head&Shoulders Classic Clean 800ml,rimi.lv,17.99,9.89,12.36,€/l,"https://rimibaltic-res.cloudinary.com/image/upload/b_white,c_limit,dpr_auto,f_webp,q_auto:low,w_auto/d_ecommerce:backend-fallback.png/MAT_7305109_PCE_LV"
Āra svece Geralda Twinkels 18h SO26,rimi.lv,2.49,1.74,,,"https://rimibaltic-res.cloudinary.com/image/upload/b_white,c_limit,dpr_auto,f_webp,q_auto:low,w_auto/d_ecommerce:backend-fallback.png/MAT_7306220_PCE_LV"
Dušas želeja Dove Creamy Indulge 450ml,rimi.lv,7.29,4.69,10.42,€/l,"https://rimibaltic-res.cloudinary.com/image/upload/b_white,c_limit,dpr_auto,f_webp,q_auto:low,w_auto/d_ecommerce:backend-fallback.png/MAT_7304581_PCE_LV"
Smaržu gran. Lenor Gold Orchid&Van. 22MR 270g,rimi.lv,10.99,8.19,30.33,€/kg,"https://rimibaltic-res.cloudinary.com/image/upload/b_white,c_limit,dpr_auto,f_webp,q_auto:low,w_auto/d_ecommerce:backend-fallback.png/MAT_7306823_PCE_LV"
G. atsvaidzinātājs Geo Cat Sparkling Cherry,rimi.lv,3.99,2.39,,,"https://rimibaltic-res.cloudinary.com/image/upload/b_white,c_limit,dpr_auto,f_webp,q_auto:low,w_auto/d_ecommerce:backend-fallback.png/MAT_7308058_PCE_LV"
Krūšturis Mywear bezšuvju 40/42,rimi.lv,12.99,9.09,,,"https://rimibaltic-res.cloudinary.com/image/upload/b_white,c_limit,dpr_auto,f_webp,q_auto:low,w_auto/d_ecommerce:backend-fallback.png/MAT_7303154_PCE_LV"
Krūšturis Mywear bezšuvju 36/38,rimi.lv,12.99,9.09,,,"https://rimibaltic-res.cloudinary.com/image/upload/b_white,c_limit,dpr_auto,f_webp,q_auto:low,w_auto/d_ecommerce:backend-fallback.png/MAT_7303152_PCE_LV"
Svece Bolsius cilindr. sarkana 150/58mm,rimi.lv,3.19,2.23,,,"https://rimibaltic-res.cloudinary.com/image/upload/b_white,c_limit,dpr_auto,f_webp,q_auto:low,w_auto/d_ecommerce:backend-fallback.png/MAT_7308795_PCE_LV"
Svece Bolsius cilindr. sarkana 200/68mm,rimi.lv,5.59,3.91,,,"https://rimibaltic-res.cloudinary.com/image/upload/b_white,c_limit,dpr_auto,f_webp,q_auto:low,w_auto/d_ecommerce:backend-fallback.png/MAT_7308810_PCE_LV"
"S.kaķu bar.NB pieaug., bez apm.kam.veid.1,5kg",rimi.lv,,4.79,3.19,€/kg,"https://rimibaltic-res.cloudinary.com/image/upload/b_white,c_limit,dpr_auto,f_webp,q_auto:low,w_auto/d_ecommerce:backend-fallback.png/MAT_816184_PCE_LV"
S zeķub.Immagine lea 20 neutro 4,rimi.lv,2.49,1.49,,,"https://rimibaltic-res.cloudinary.com/image/upload/b_white,c_limit,dpr_auto,f_webp,q_auto:low,w_auto/d_ecommerce:backend-fallback.png/MAT_7301296_PCE_LV"
S zeķub.Immagine lea 20 nero 5,rimi.lv,2.49,1.49,,,"https://rimibaltic-res.cloudinary.com/image/upload/b_white,c_limit,dpr_auto,f_webp,q_auto:low,w_auto/d_ecommerce:backend-fallback.png/MAT_7301297_PCE_LV"
S zeķub.Immagine lea 20 visone 5,rimi.lv,2.49,1.49,,,"https://rimibaltic-res.cloudinary.com/image/upload/b_white,c_limit,dpr_auto,f_webp,q_auto:low,w_auto/d_ecommerce:backend-fallback.png/MAT_7301307_PCE_LV"
S zeķub.Immagine lea 20 neutro 5,rimi.lv,2.49,1.49,,,"https://rimibaltic-res.cloudinary.com/image/upload/b_white,c_limit,dpr_auto,f_webp,q_auto:low,w_auto/d_ecommerce:backend-fallback.png/MAT_7301312_PCE_LV"
Matu krāsa LP Pr.Le Bl.ton. 02 Pearly B.1gab.,rimi.lv,15.79,9.47,44.46,€/kg,"https://rimibaltic-res.cloudinary.com/image/upload/b_white,c_limit,dpr_auto,f_webp,q_auto:low,w_auto/d_ecommerce:backend-fallback.png/MAT_7302158_PCE_LV"
Vienr.skuveklis Bic Comfort Flex 4 vīr. 3gab.,rimi.lv,5.49,4.09,,,"https://rimibaltic-res.cloudinary.com/image/upload/b_white,c_limit,dpr_auto,f_webp,q_auto:low,w_auto/d_ecommerce:backend-fallback.png/MAT_7309285_PCE_LV"
Dez. izsmidz. vīriešiem Cobalt Dry 200ml,rimi.lv,6.15,3.69,18.45,€/l,"https://rimibaltic-res.cloudinary.com/image/upload/b_white,c_limit,dpr_auto,f_webp,q_auto:low,w_auto/d_ecommerce:backend-fallback.png/MAT_7309253_PCE_LV"
"Bezalk. vīna dz. Bosca Anniversary Gold 0,2l",rimi.lv,1.49,1.29,6.45,€/l,"https://rimibaltic-res.cloudinary.com/image/upload/b_white,c_limit,dpr_auto,f_webp,q_auto:low,w_auto/d_ecommerce:backend-fallback.png/MAT_1375707_PCE_LV"
Dušas želeja Fa Coconut Milk 400ml,rimi.lv,5.49,3.69,9.22,€/l,"https://rimibaltic-res.cloudinary.com/image/upload/b_white,c_limit,dpr_auto,f_webp,q_auto:low,w_auto/d_ecommerce:backend-fallback.png/MAT_7309013_PCE_LV"
Dušas želeja Fa Men Spicy Bergamot 400ml,rimi.lv,5.49,3.49,8.72,€/l,"https://rimibaltic-res.cloudinary.com/image/upload/b_white,c_limit,dpr_auto,f_webp,q_auto:low,w_auto/d_ecommerce:backend-fallback.png/MAT_7309014_PCE_LV"
Dušas želeja Dove Men Sand&Vanilla 250ml,rimi.lv,4.29,3.39,13.56,€/l,"https://rimibaltic-res.cloudinary.com/image/upload/b_white,c_limit,dpr_auto,f_webp,q_auto:low,w_auto/d_ecommerce:backend-fallback.png/MAT_7309025_PCE_LV"
"Maisīšanas bļoda Keeeper 3,5 l AW26",rimi.lv,4.99,2.99,,,"https://rimibaltic-res.cloudinary.com/image/upload/b_white,c_limit,dpr_auto,f_webp,q_auto:low,w_auto/d_ecommerce:backend-fallback.png/MAT_7309346_PCE_LV"
"Mērkrūze Keeeper 0,5 l AW26",rimi.lv,2.99,1.79,,,"https://rimibaltic-res.cloudinary.com/image/upload/b_white,c_limit,dpr_auto,f_webp,q_auto:low,w_auto/d_ecommerce:backend-fallback.png/MAT_7309348_PCE_LV"
Enerģijas dzēriens Pulse 250ml,rimi.lv,,0.62,2.48,€/l,"https://rimibaltic-res.cloudinary.com/image/upload/b_white,c_limit,dpr_auto,f_webp,q_auto:low,w_auto/d_ecommerce:backend-fallback.png/MAT_1373505_PCE_LV"
Enerģijas dzēriens Pulse Mango 250ml,rimi.lv,,0.62,2.48,€/l,"https://rimibaltic-res.cloudinary.com/image/upload/b_white,c_limit,dpr_auto,f_webp,q_auto:low,w_auto/d_ecommerce:backend-fallback.png/MAT_1373506_PCE_LV"
Zobu pasta Sensodyne White Stain Protect 75ml,rimi.lv,10.99,8.19,109.20,€/l,"https://rimibaltic-res.cloudinary.com/image/upload/b_white,c_limit,dpr_auto,f_webp,q_auto:low,w_auto/d_ecommerce:backend-fallback.png/MAT_7310396_PCE_LV"
Melnā tēja Loyd Intense 50g,rimi.lv,2.29,1.59,31.80,€/kg,"https://rimibaltic-res.cloudinary.com/image/upload/b_white,c_limit,dpr_auto,f_webp,q_auto:low,w_auto/d_ecommerce:backend-fallback.png/MAT_1016326_PCE_LV"
Dezodorants Nivea Men Defend 150ml,rimi.lv,5.79,4.09,27.27,€/l,"https://rimibaltic-res.cloudinary.com/image/upload/b_white,c_limit,dpr_auto,f_webp,q_auto:low,w_auto/d_ecommerce:backend-fallback.png/MAT_7310467_PCE_LV"
Dezodorants Nivea Defend 150ml,rimi.lv,5.79,4.09,27.27,€/l,"https://rimibaltic-res.cloudinary.com/image/upload/b_white,c_limit,dpr_auto,f_webp,q_auto:low,w_auto/d_ecommerce:backend-fallback.png/MAT_7310480_PCE_LV"
"Dez. Nivea Defend sievietēm, ar rullīti 50ml",rimi.lv,5.79,4.09,81.80,€/l,"https://rimibaltic-res.cloudinary.com/image/upload/b_white,c_limit,dpr_auto,f_webp,q_auto:low,w_auto/d_ecommerce:backend-fallback.png/MAT_7310482_PCE_LV"
"Lūpu balzams Vaseline Rosy 4,8g",rimi.lv,3.99,3.09,618.00,€/kg,"https://rimibaltic-res.cloudinary.com/image/upload/b_white,c_limit,dpr_auto,f_webp,q_auto:low,w_auto/d_ecommerce:backend-fallback.png/MAT_7310018_PCE_LV"
Šampūns Syoss Intense Curls&Waves 440ml,rimi.lv,6.99,4.89,11.11,€/l,"https://rimibaltic-res.cloudinary.com/image/upload/b_white,c_limit,dpr_auto,f_webp,q_auto:low,w_auto/d_ecommerce:backend-fallback.png/MAT_7305271_PCE_LV"
Maska matiem Syoss Repair intensīva 400ml,rimi.lv,11.99,8.39,20.97,€/l,"https://rimibaltic-res.cloudinary.com/image/upload/b_white,c_limit,dpr_auto,f_webp,q_auto:low,w_auto/d_ecommerce:backend-fallback.png/MAT_7305275_PCE_LV"
Matu krāsa Palette Deluxe Ashy Bl. ton. 150ml,rimi.lv,7.99,4.39,29.27,€/l,"https://rimibaltic-res.cloudinary.com/image/upload/b_white,c_limit,dpr_auto,f_webp,q_auto:low,w_auto/d_ecommerce:backend-fallback.png/MAT_7311473_PCE_LV"
Uzacu tonis Syoss Color Tumši brūns 17ml,rimi.lv,17.99,10.79,634.71,€/l,"https://rimibaltic-res.cloudinary.com/image/upload/b_white,c_limit,dpr_auto,f_webp,q_auto:low,w_auto/d_ecommerce:backend-fallback.png/MAT_7311484_PCE_LV"
Sprejs Fructis Goodbye Dam. SOS Keratin 150ml,rimi.lv,11.39,8.49,56.60,€/l,"https://rimibaltic-res.cloudinary.com/image/upload/b_white,c_limit,dpr_auto,f_webp,q_auto:low,w_auto/d_ecommerce:backend-fallback.png/MAT_7311538_PCE_LV"
Gaisa atsvaidzinātājs Pina Colada,rimi.lv,1.99,1.19,,,"https://rimibaltic-res.cloudinary.com/image/upload/b_white,c_limit,dpr_auto,f_webp,q_auto:low,w_auto/d_ecommerce:backend-fallback.png/MAT_7158224_PCE_LV"
"Mērce Ķekava krēmīgā, ar citronu garšu 230ml",rimi.lv,4.89,3.89,16.91,€/l,"https://rimibaltic-res.cloudinary.com/image/upload/b_white,c_limit,dpr_auto,f_webp,q_auto:low,w_auto/d_ecommerce:backend-fallback.png/MAT_1022546_PCE_LV"
Gaisa atsvaidzinātājs  Watermelon,rimi.lv,1.99,1.19,,,"https://rimibaltic-res.cloudinary.com/image/upload/b_white,c_limit,dpr_auto,f_webp,q_auto:low,w_auto/d_ecommerce:backend-fallback.png/MAT_446287_PCE_LV"
Sausā barība suņ.Nutribalance ar vistas g.1kg,rimi.lv,3.99,3.19,3.19,€/kg,"https://rimibaltic-res.cloudinary.com/image/upload/b_white,c_limit,dpr_auto,f_webp,q_auto:low,w_auto/d_ecommerce:backend-fallback.png/MAT_816928_PCE_LV"
Sausā barība suņ. Nutribalance ar mājp. g.1kg,rimi.lv,3.99,3.19,3.19,€/kg,"https://rimibaltic-res.cloudinary.com/image/upload/b_white,c_limit,dpr_auto,f_webp,q_auto:low,w_auto/d_ecommerce:backend-fallback.png/MAT_816936_PCE_LV"
Dušas žel.Palmolive Aroma Essence Sleep 500ml,rimi.lv,7.79,4.59,9.18,€/l,"https://rimibaltic-res.cloudinary.com/image/upload/b_white,c_limit,dpr_auto,f_webp,q_auto:low,w_auto/d_ecommerce:backend-fallback.png/MAT_7314538_PCE_LV"
Enerģ.dzēr.Baterry Original bez kofeīna 500ml,rimi.lv,1.55,0.99,1.98,€/l,"https://rimibaltic-res.cloudinary.com/image/upload/b_white,c_limit,dpr_auto,f_webp,q_auto:low,w_auto/d_ecommerce:backend-fallback.png/MAT_1376004_PCE_LV"
Dezodoranta zīmulis Dove Classic 48h 50ml,rimi.lv,4.99,3.29,65.80,€/l,"https://rimibaltic-res.cloudinary.com/image/upload/b_white,c_limit,dpr_auto,f_webp,q_auto:low,w_auto/d_ecommerce:backend-fallback.png/MAT_7315242_PCE_LV"
Šamp. un kond.komp.Rich Moist.Rep.Duo 2x750ml,rimi.lv,49.99,24.99,16.66,€/l,"https://rimibaltic-res.cloudinary.com/image/upload/b_white,c_limit,dpr_auto,f_webp,q_auto:low,w_auto/d_ecommerce:backend-fallback.png/MAT_7315467_PCE_LV"
"Veļas mīkst. Lenor Summer Breeze 126MR 2,650l",rimi.lv,13.59,10.19,3.85,€/l,"https://rimibaltic-res.cloudinary.com/image/upload/b_white,c_limit,dpr_auto,f_webp,q_auto:low,w_auto/d_ecommerce:backend-fallback.png/MAT_7316238_PCE_LV"
Šampūns Head&Shoulders Citrus 800ml,rimi.lv,17.99,9.89,12.36,€/l,"https://rimibaltic-res.cloudinary.com/image/upload/b_white,c_limit,dpr_auto,f_webp,q_auto:low,w_auto/d_ecommerce:backend-fallback.png/MAT_7305126_PCE_LV"
Z.apakšbikses Mywear Axel 3gab 86/92,rimi.lv,12.99,9.09,,,"https://rimibaltic-res.cloudinary.com/image/upload/b_white,c_limit,dpr_auto,f_webp,q_auto:low,w_auto/d_ecommerce:backend-fallback.png/MAT_817106_PCE_LV"
Slazds Aeroxon sudrabainajām zvīņenēm 3gab.,rimi.lv,5.99,4.13,,,"https://rimibaltic-res.cloudinary.com/image/upload/b_white,c_limit,dpr_auto,f_webp,q_auto:low,w_auto/d_ecommerce:backend-fallback.png/MAT_7316656_PCE_LV"
Kaps. tr.mazg. maš. Somat Exc.Pr. 5in1 65gab.,rimi.lv,39.19,21.49,,,"https://rimibaltic-res.cloudinary.com/image/upload/b_white,c_limit,dpr_auto,f_webp,q_auto:low,w_auto/d_ecommerce:backend-fallback.png/MAT_7309320_PCE_LV"
Odu atbaidīšanas plāksteri Citronella 24gab.,rimi.lv,3.49,2.41,,,"https://rimibaltic-res.cloudinary.com/image/upload/b_white,c_limit,dpr_auto,f_webp,q_auto:low,w_auto/d_ecommerce:backend-fallback.png/MAT_7316887_PCE_LV"
G.atsv. Air Wick FM White Flowers comp. 250ml,rimi.lv,12.49,8.79,35.16,€/l,"https://rimibaltic-res.cloudinary.com/image/upload/b_white,c_limit,dpr_auto,f_webp,q_auto:low,w_auto/d_ecommerce:backend-fallback.png/MAT_7317033_PCE_LV"
"Zobu p.Colgate Max White Coffee,Tea&Wine 75ml",rimi.lv,7.99,5.59,74.53,€/l,"https://rimibaltic-res.cloudinary.com/image/upload/b_white,c_limit,dpr_auto,f_webp,q_auto:low,w_auto/d_ecommerce:backend-fallback.png/MAT_7317084_PCE_LV"
Saldējums Magnum Le Pistache 440ml/311g,rimi.lv,8.99,4.99,16.05,€/kg,"https://rimibaltic-res.cloudinary.com/image/upload/b_white,c_limit,dpr_auto,f_webp,q_auto:low,w_auto/d_ecommerce:backend-fallback.png/MAT_4010190_PCE_LV"
Šampūns Syoss Intense Glaze 440ml,rimi.lv,7.49,5.39,12.25,€/l,"https://rimibaltic-res.cloudinary.com/image/upload/b_white,c_limit,dpr_auto,f_webp,q_auto:low,w_auto/d_ecommerce:backend-fallback.png/MAT_7317247_PCE_LV"
"Saldējums Boujee baz., zemeņu g. 210ml/180g",rimi.lv,5.99,3.69,20.50,€/kg,"https://rimibaltic-res.cloudinary.com/image/upload/b_white,c_limit,dpr_auto,f_webp,q_auto:low,w_auto/d_ecommerce:backend-fallback.png/MAT_4010881_PCE_LV"
"S.b.Club 4 Paws ar jēra g.,truš.g.,lasi 4x85g",rimi.lv,2.19,1.69,4.97,€/kg,"https://rimibaltic-res.cloudinary.com/image/upload/b_white,c_limit,dpr_auto,f_webp,q_auto:low,w_auto/d_ecommerce:backend-fallback.png/MAT_7317297_PCE_LV"
Slapjā suņu barība My Love ar tītara g.4x100g,rimi.lv,,1.79,4.47,€/kg,"https://rimibaltic-res.cloudinary.com/image/upload/b_white,c_limit,dpr_auto,f_webp,q_auto:low,w_auto/d_ecommerce:backend-fallback.png/MAT_7317311_PCE_LV"
"Sald.Magnum Bonbon Cho.,che.12x17ml/168g",rimi.lv,8.99,4.99,29.70,€/kg,"https://rimibaltic-res.cloudinary.com/image/upload/b_white,c_limit,dpr_auto,f_webp,q_auto:low,w_auto/d_ecommerce:backend-fallback.png/MAT_4010993_PCE_LV"
"Piln.bar.suņ.Piper ar vistu sirdīm, spin.500g",rimi.lv,2.99,2.19,4.38,€/kg,"https://rimibaltic-res.cloudinary.com/image/upload/b_white,c_limit,dpr_auto,f_webp,q_auto:low,w_auto/d_ecommerce:backend-fallback.png/MAT_7317355_PCE_LV"
Antiperspir. zīmulis Gillette Arctic Ice 70ml,rimi.lv,7.49,6.29,89.86,€/l,"https://rimibaltic-res.cloudinary.com/image/upload/b_white,c_limit,dpr_auto,f_webp,q_auto:low,w_auto/d_ecommerce:backend-fallback.png/MAT_7317492_PCE_LV"
Skūšanās kasetes Venus Extra Smooth Sen.3gab.,rimi.lv,24.49,20.79,,,"https://rimibaltic-res.cloudinary.com/image/upload/b_white,c_limit,dpr_auto,f_webp,q_auto:low,w_auto/d_ecommerce:backend-fallback.png/MAT_7317510_PCE_LV"
Šampūns Schauma Repair&Care 400ml,rimi.lv,5.49,3.89,9.72,€/l,"https://rimibaltic-res.cloudinary.com/image/upload/b_white,c_limit,dpr_auto,f_webp,q_auto:low,w_auto/d_ecommerce:backend-fallback.png/MAT_676057_PCE_LV"
WC bloks Bref Color Auto Active Flower 2x50g,rimi.lv,5.99,4.19,41.90,€/kg,"https://rimibaltic-res.cloudinary.com/image/upload/b_white,c_limit,dpr_auto,f_webp,q_auto:low,w_auto/d_ecommerce:backend-fallback.png/MAT_7318317_PCE_LV"
Serums Nivea Q10 Collagen Expert atjun. 30ml,rimi.lv,20.99,14.99,499.67,€/l,"https://rimibaltic-res.cloudinary.com/image/upload/b_white,c_limit,dpr_auto,f_webp,q_auto:low,w_auto/d_ecommerce:backend-fallback.png/MAT_7317628_PCE_LV"
Tēja Dolce de Luxe Soursop Delight 50g,rimi.lv,2.59,1.99,39.80,€/kg,"https://rimibaltic-res.cloudinary.com/image/upload/b_white,c_limit,dpr_auto,f_webp,q_auto:low,w_auto/d_ecommerce:backend-fallback.png/MAT_1023867_PCE_LV"
Dezodor. rullītis Dove Men Classic 48H 50ml,rimi.lv,4.99,3.39,67.80,€/l,"https://rimibaltic-res.cloudinary.com/image/upload/b_white,c_limit,dpr_auto,f_webp,q_auto:low,w_auto/d_ecommerce:backend-fallback.png/MAT_7318016_PCE_LV"
Dezodoranta rullītis Dove Men Fresh 48H 50ml,rimi.lv,4.99,3.39,67.80,€/l,"https://rimibaltic-res.cloudinary.com/image/upload/b_white,c_limit,dpr_auto,f_webp,q_auto:low,w_auto/d_ecommerce:backend-fallback.png/MAT_7318017_PCE_LV"
Ķermeņa losjons Nivea Aloe & Hydration 625ml,rimi.lv,14.99,8.99,14.38,€/l,"https://rimibaltic-res.cloudinary.com/image/upload/b_white,c_limit,dpr_auto,f_webp,q_auto:low,w_auto/d_ecommerce:backend-fallback.png/MAT_7318410_PCE_LV"
Čemodāns 55 cm zaļš AW26,rimi.lv,49.99,24.99,,,"https://rimibaltic-res.cloudinary.com/image/upload/b_white,c_limit,dpr_auto,f_webp,q_auto:low,w_auto/d_ecommerce:backend-fallback.png/MAT_818349_PCE_LV"
"S.bar.suņ. Pedigree Senior ar dārzeņiem 2,6kg",rimi.lv,11.39,7.29,2.80,€/kg,"https://rimibaltic-res.cloudinary.com/image/upload/b_white,c_limit,dpr_auto,f_webp,q_auto:low,w_auto/d_ecommerce:backend-fallback.png/MAT_7319327_PCE_LV"
"Kons. kaķiem Sheba Filets ar vistu, tunci 60g",rimi.lv,2.19,1.49,24.83,€/kg,"https://rimibaltic-res.cloudinary.com/image/upload/b_white,c_limit,dpr_auto,f_webp,q_auto:low,w_auto/d_ecommerce:backend-fallback.png/MAT_7319326_PCE_LV"
LED svece Cozy Home zelta 10 cm AW26,rimi.lv,5.49,3.84,,,"https://rimibaltic-res.cloudinary.com/image/upload/b_white,c_limit,dpr_auto,f_webp,q_auto:low,w_auto/d_ecommerce:backend-fallback.png/MAT_818594_PCE_LV"
Laterna ar LED sveci Cozy Home AW26,rimi.lv,5.49,3.84,,,"https://rimibaltic-res.cloudinary.com/image/upload/b_white,c_limit,dpr_auto,f_webp,q_auto:low,w_auto/d_ecommerce:backend-fallback.png/MAT_818628_PCE_LV"
Veļas mīkstinātājs Silan Marrakesh 35MR 770ml,rimi.lv,6.39,4.59,5.96,€/l,"https://rimibaltic-res.cloudinary.com/image/upload/b_white,c_limit,dpr_auto,f_webp,q_auto:low,w_auto/d_ecommerce:backend-fallback.png/MAT_7319888_PCE_LV"
S.b.k.Brit Haircare GF Healthy&Shiny Coat 2kg,rimi.lv,,11.19,5.60,€/kg,"https://rimibaltic-res.cloudinary.com/image/upload/b_white,c_limit,dpr_auto,f_webp,q_auto:low,w_auto/d_ecommerce:backend-fallback.png/MAT_7320010_PCE_LV"
S.b.suņ.Brit Care Hypoaller. Adult jēra 3kg,rimi.lv,,15.19,5.06,€/kg,"https://rimibaltic-res.cloudinary.com/image/upload/b_white,c_limit,dpr_auto,f_webp,q_auto:low,w_auto/d_ecommerce:backend-fallback.png/MAT_7320040_PCE_LV"
Rudens piekaramais dekors 11cm HW26,rimi.lv,2.49,1.49,,,"https://rimibaltic-res.cloudinary.com/image/upload/b_white,c_limit,dpr_auto,f_webp,q_auto:low,w_auto/d_ecommerce:backend-fallback.png/MAT_7321352_PCE_LV"
Rudens dekorāciju komplekts HW26,rimi.lv,2.49,1.49,,,"https://rimibaltic-res.cloudinary.com/image/upload/b_white,c_limit,dpr_auto,f_webp,q_auto:low,w_auto/d_ecommerce:backend-fallback.png/MAT_7321371_PCE_LV"
Gaisa atsvaidz. Aroma Fresh Linen AW26,rimi.lv,4.99,2.99,,,"https://rimibaltic-res.cloudinary.com/image/upload/b_white,c_limit,dpr_auto,f_webp,q_auto:low,w_auto/d_ecommerce:backend-fallback.png/MAT_7321404_PCE_LV"
"Rīsu krekeri Got rice vistas, loku garša 100g",rimi.lv,3.55,2.99,29.90,€/kg,"https://rimibaltic-res.cloudinary.com/image/upload/b_white,c_limit,dpr_auto,f_webp,q_auto:low,w_auto/d_ecommerce:backend-fallback.png/MAT_1024807_PCE_LV"
"Mērces katls Newill 14cm, ar vāku AW26",rimi.lv,31.99,19.19,,,"https://rimibaltic-res.cloudinary.com/image/upload/b_white,c_limit,dpr_auto,f_webp,q_auto:low,w_auto/d_ecommerce:backend-fallback.png/MAT_7321364_PCE_LV"
"Bļoda Luminarc 12.5cm, opālstikls AW26",rimi.lv,4.99,2.99,,,"https://rimibaltic-res.cloudinary.com/image/upload/b_white,c_limit,dpr_auto,f_webp,q_auto:low,w_auto/d_ecommerce:backend-fallback.png/MAT_7321366_PCE_LV"
"Bļoda Luminarc 14.5cm, opālstikls AW26",rimi.lv,5.29,3.19,,,"https://rimibaltic-res.cloudinary.com/image/upload/b_white,c_limit,dpr_auto,f_webp,q_auto:low,w_auto/d_ecommerce:backend-fallback.png/MAT_7321390_PCE_LV"
"Panna Newill 28cm, ar stikla vāku AW26",rimi.lv,33.99,20.39,,,"https://rimibaltic-res.cloudinary.com/image/upload/b_white,c_limit,dpr_auto,f_webp,q_auto:low,w_auto/d_ecommerce:backend-fallback.png/MAT_7321391_PCE_LV"
"Burka Luminarc 750 ml, stikls AW26",rimi.lv,9.99,5.99,,,"https://rimibaltic-res.cloudinary.com/image/upload/b_white,c_limit,dpr_auto,f_webp,q_auto:low,w_auto/d_ecommerce:backend-fallback.png/MAT_7321392_PCE_LV"
"Glāze Luminarc 270ml, H9.3cm AW26",rimi.lv,3.29,1.99,,,"https://rimibaltic-res.cloudinary.com/image/upload/b_white,c_limit,dpr_auto,f_webp,q_auto:low,w_auto/d_ecommerce:backend-fallback.png/MAT_7321393_PCE_LV"
Ķermeņa krēms Sence Bloomee 400ml,rimi.lv,5.19,3.59,8.97,€/l,"https://rimibaltic-res.cloudinary.com/image/upload/b_white,c_limit,dpr_auto,f_webp,q_auto:low,w_auto/d_ecommerce:backend-fallback.png/MAT_7321731_PCE_LV"
"Gazēts dzēriens Limonāde Limpo klasika 0,33l",rimi.lv,1.59,0.83,2.52,€/l,"https://rimibaltic-res.cloudinary.com/image/upload/b_white,c_limit,dpr_auto,f_webp,q_auto:low,w_auto/d_ecommerce:backend-fallback.png/MAT_1377132_PCE_LV"
Zobu pasta Sensodyne MultiCare Duo 2x75ml,rimi.lv,9.99,6.99,46.60,€/l,"https://rimibaltic-res.cloudinary.com/image/upload/b_white,c_limit,dpr_auto,f_webp,q_auto:low,w_auto/d_ecommerce:backend-fallback.png/MAT_7322004_PCE_LV"
Šampūns Elseve Hyaluron Plump 1l,rimi.lv,18.99,10.39,10.39,€/l,"https://rimibaltic-res.cloudinary.com/image/upload/b_white,c_limit,dpr_auto,f_webp,q_auto:low,w_auto/d_ecommerce:backend-fallback.png/MAT_7313638_PCE_LV"
Kucēnu kolekcija Funville,rimi.lv,7.49,3.74,,,"https://rimibaltic-res.cloudinary.com/image/upload/b_white,c_limit,dpr_auto,f_webp,q_auto:low,w_auto/d_ecommerce:backend-fallback.png/MAT_7312261_PCE_LV"
Matu laka Taft power 250ml,rimi.lv,7.49,4.49,17.96,€/l,"https://rimibaltic-res.cloudinary.com/image/upload/b_white,c_limit,dpr_auto,f_webp,q_auto:low,w_auto/d_ecommerce:backend-fallback.png/MAT_730009_PCE_LV"
Matu krāsa Palette 3-0 tumši brūns (N2),rimi.lv,5.69,3.13,,,"https://rimibaltic-res.cloudinary.com/image/upload/b_white,c_limit,dpr_auto,f_webp,q_auto:low,w_auto/d_ecommerce:backend-fallback.png/MAT_405990_PCE_LV"
Cukurs Dansukker Multi želejas 370g,rimi.lv,2.29,1.79,4.84,€/kg,"https://rimibaltic-res.cloudinary.com/image/upload/b_white,c_limit,dpr_auto,f_webp,q_auto:low,w_auto/d_ecommerce:backend-fallback.png/MAT_149562_PCE_LV"
Linsēklu eļļa Iecavnieks auksti spiesta 250ml,rimi.lv,4.99,4.49,17.96,€/l,"https://rimibaltic-res.cloudinary.com/image/upload/b_white,c_limit,dpr_auto,f_webp,q_auto:low,w_auto/d_ecommerce:backend-fallback.png/MAT_178218_PCE_LV"
"Līdzeklis pret odiem, ērcēm Maga Family 60ml",rimi.lv,3.95,2.73,,,"https://rimibaltic-res.cloudinary.com/image/upload/b_white,c_limit,dpr_auto,f_webp,q_auto:low,w_auto/d_ecommerce:backend-fallback.png/MAT_735454_PCE_LV"
Bros tīkliņš logam balts 130x150cm,rimi.lv,4.99,3.44,,,"https://rimibaltic-res.cloudinary.com/image/upload/b_white,c_limit,dpr_auto,f_webp,q_auto:low,w_auto/d_ecommerce:backend-fallback.png/MAT_762255_PCE_LV"
Līdz. pret odiem/ērc. Maga bērniem 100ml,rimi.lv,5.19,3.58,35.80,€/l,"https://rimibaltic-res.cloudinary.com/image/upload/b_white,c_limit,dpr_auto,f_webp,q_auto:low,w_auto/d_ecommerce:backend-fallback.png/MAT_768267_PCE_LV"
Līdzeklis pret odiem un ērcēm MAGA 100ml,rimi.lv,4.15,2.86,28.60,€/l,"https://rimibaltic-res.cloudinary.com/image/upload/b_white,c_limit,dpr_auto,f_webp,q_auto:low,w_auto/d_ecommerce:backend-fallback.png/MAT_768266_PCE_LV"
"Līdz.pret odiem,ērcēm MAGA SUPER 100ml",rimi.lv,4.89,3.37,33.70,€/l,"https://rimibaltic-res.cloudinary.com/image/upload/b_white,c_limit,dpr_auto,f_webp,q_auto:low,w_auto/d_ecommerce:backend-fallback.png/MAT_768355_PCE_LV"
Garšviela Selection by Rimi Taizemes 50g,rimi.lv,3.19,2.56,51.20,€/kg,"https://rimibaltic-res.cloudinary.com/image/upload/b_white,c_limit,dpr_auto,f_webp,q_auto:low,w_auto/d_ecommerce:backend-fallback.png/MAT_810218_PCE_LV"
Torte Pellia a Gusto Sarkanais velvets 950g,rimi.lv,11.99,10.19,10.73,€/kg,"https://rimibaltic-res.cloudinary.com/image/upload/b_white,c_limit,dpr_auto,f_webp,q_auto:low,w_auto/d_ecommerce:backend-fallback.png/MAT_940879_PCE_LV"
Bros pulveris pret skudrām 100gr,rimi.lv,4.65,3.21,32.10,€/kg,"https://rimibaltic-res.cloudinary.com/image/upload/b_white,c_limit,dpr_auto,f_webp,q_auto:low,w_auto/d_ecommerce:backend-fallback.png/MAT_7081083_PCE_LV"
Acu krēms Nivea Q10 plus Anti-Wrinkle 15ml,rimi.lv,19.59,13.99,932.67,€/l,"https://rimibaltic-res.cloudinary.com/image/upload/b_white,c_limit,dpr_auto,f_webp,q_auto:low,w_auto/d_ecommerce:backend-fallback.png/MAT_7092892_PCE_LV"
Sejas krēms Nivea Men 150ml,rimi.lv,7.29,5.19,34.60,€/l,"https://rimibaltic-res.cloudinary.com/image/upload/b_white,c_limit,dpr_auto,f_webp,q_auto:low,w_auto/d_ecommerce:backend-fallback.png/MAT_7125040_PCE_LV"
S zeķubikses Pc la manche nero 2 40d,rimi.lv,4.99,2.99,,,"https://rimibaltic-res.cloudinary.com/image/upload/b_white,c_limit,dpr_auto,f_webp,q_auto:low,w_auto/d_ecommerce:backend-fallback.png/MAT_7004915_PCE_LV"
S zeķubikses Pc la manche nero 3 40d,rimi.lv,4.99,2.99,,,"https://rimibaltic-res.cloudinary.com/image/upload/b_white,c_limit,dpr_auto,f_webp,q_auto:low,w_auto/d_ecommerce:backend-fallback.png/MAT_7004916_PCE_LV"
Ūdens mīkstinātājs Calgon 500 g,rimi.lv,7.99,5.49,10.98,€/kg,"https://rimibaltic-res.cloudinary.com/image/upload/b_white,c_limit,dpr_auto,f_webp,q_auto:low,w_auto/d_ecommerce:backend-fallback.png/MAT_401547_PCE_LV"
Nakts krēms Loreal Paris Hyal. Spec. 50ml,rimi.lv,12.99,7.79,155.80,€/l,"https://rimibaltic-res.cloudinary.com/image/upload/b_white,c_limit,dpr_auto,f_webp,q_auto:low,w_auto/d_ecommerce:backend-fallback.png/MAT_7213230_PCE_LV"
Matu krāsa Syoss color 3-3 tumši violets,rimi.lv,10.59,6.79,,,"https://rimibaltic-res.cloudinary.com/image/upload/b_white,c_limit,dpr_auto,f_webp,q_auto:low,w_auto/d_ecommerce:backend-fallback.png/MAT_791967_PCE_LV"
Matu krāsa Syoss Oleo Intense Nr.6-76,rimi.lv,11.59,6.95,,,"https://rimibaltic-res.cloudinary.com/image/upload/b_white,c_limit,dpr_auto,f_webp,q_auto:low,w_auto/d_ecommerce:backend-fallback.png/MAT_7055382_PCE_LV"
Mikrošķ.lupatiņa ArmorAll 40cmx40cm,rimi.lv,3.99,2.39,,,"https://rimibaltic-res.cloudinary.com/image/upload/b_white,c_limit,dpr_auto,f_webp,q_auto:low,w_auto/d_ecommerce:backend-fallback.png/MAT_7103763_PCE_LV"
Zupas šķīvis Luminarc Ammonite 21cm,rimi.lv,2.79,1.95,,,"https://rimibaltic-res.cloudinary.com/image/upload/b_white,c_limit,dpr_auto,f_webp,q_auto:low,w_auto/d_ecommerce:backend-fallback.png/MAT_7227336_PCE_LV"
Foreļu ikri Khan caviar 200g,rimi.lv,24.99,19.99,99.95,€/kg,"https://rimibaltic-res.cloudinary.com/image/upload/b_white,c_limit,dpr_auto,f_webp,q_auto:low,w_auto/d_ecommerce:backend-fallback.png/MAT_972615_PCE_LV"
Rustik sveces ar Latvju zīmēm lina,rimi.lv,8.79,6.15,,,"https://rimibaltic-res.cloudinary.com/image/upload/b_white,c_limit,dpr_auto,f_webp,q_auto:low,w_auto/d_ecommerce:backend-fallback.png/MAT_7222211_PCE_LV"
Matu kr. Syoss Color 10-13 arktiski bl.,rimi.lv,10.59,6.79,,,"https://rimibaltic-res.cloudinary.com/image/upload/b_white,c_limit,dpr_auto,f_webp,q_auto:low,w_auto/d_ecommerce:backend-fallback.png/MAT_7244874_PCE_LV"
Uzt. bag. Möller’s Junior zivtiņas zem. N45,rimi.lv,41.98,20.99,,,"https://rimibaltic-res.cloudinary.com/image/upload/b_white,c_limit,dpr_auto,f_webp,q_auto:low,w_auto/d_ecommerce:backend-fallback.png/MAT_7229920_PCE_LV"
Bros odu atbaidīšanas līdzeklis bērniem,rimi.lv,4.45,3.07,,,"https://rimibaltic-res.cloudinary.com/image/upload/b_white,c_limit,dpr_auto,f_webp,q_auto:low,w_auto/d_ecommerce:backend-fallback.png/MAT_7247922_PCE_LV"
S gar zeķes Pc la rochelle visone 2 20d,rimi.lv,8.19,4.91,,,"https://rimibaltic-res.cloudinary.com/image/upload/b_white,c_limit,dpr_auto,f_webp,q_auto:low,w_auto/d_ecommerce:backend-fallback.png/MAT_7008548_PCE_LV"
S gar zeķes Pc la rochelle visone 3 20d,rimi.lv,8.19,4.91,,,"https://rimibaltic-res.cloudinary.com/image/upload/b_white,c_limit,dpr_auto,f_webp,q_auto:low,w_auto/d_ecommerce:backend-fallback.png/MAT_7008549_PCE_LV"
S gar zeķes Pc la rochelle visone 4 20d,rimi.lv,8.19,4.91,,,"https://rimibaltic-res.cloudinary.com/image/upload/b_white,c_limit,dpr_auto,f_webp,q_auto:low,w_auto/d_ecommerce:backend-fallback.png/MAT_7008550_PCE_LV"
S garās zeķes Pc la rochelle nero 3 20d,rimi.lv,8.19,4.91,,,"https://rimibaltic-res.cloudinary.com/image/upload/b_white,c_limit,dpr_auto,f_webp,q_auto:low,w_auto/d_ecommerce:backend-fallback.png/MAT_7008552_PCE_LV"
S garās zeķes Pc la rochelle nero 4 20d,rimi.lv,8.19,4.91,,,"https://rimibaltic-res.cloudinary.com/image/upload/b_white,c_limit,dpr_auto,f_webp,q_auto:low,w_auto/d_ecommerce:backend-fallback.png/MAT_7008553_PCE_LV"
Sieviešu zeķes Pc tours visone unica 40d,rimi.lv,2.85,1.71,,,"https://rimibaltic-res.cloudinary.com/image/upload/b_white,c_limit,dpr_auto,f_webp,q_auto:low,w_auto/d_ecommerce:backend-fallback.png/MAT_7004858_PCE_LV"
S zeķubikses Pc toulon 40 visone 4 40d,rimi.lv,7.99,4.79,,,"https://rimibaltic-res.cloudinary.com/image/upload/b_white,c_limit,dpr_auto,f_webp,q_auto:low,w_auto/d_ecommerce:backend-fallback.png/MAT_7004942_PCE_LV"
S zeķubikses Pc toulon 40 visone 3 40d,rimi.lv,7.99,4.79,,,"https://rimibaltic-res.cloudinary.com/image/upload/b_white,c_limit,dpr_auto,f_webp,q_auto:low,w_auto/d_ecommerce:backend-fallback.png/MAT_7004941_PCE_LV"
Siev zeķubikses Pc toulon 40 nero 3 40d,rimi.lv,7.99,4.79,,,"https://rimibaltic-res.cloudinary.com/image/upload/b_white,c_limit,dpr_auto,f_webp,q_auto:low,w_auto/d_ecommerce:backend-fallback.png/MAT_7004944_PCE_LV"
Konfekšu izlase Pergale Dark Roses 348g,rimi.lv,7.59,4.99,14.34,€/kg,"https://rimibaltic-res.cloudinary.com/image/upload/b_white,c_limit,dpr_auto,f_webp,q_auto:low,w_auto/d_ecommerce:backend-fallback.png/MAT_1006182_PCE_LV"
S zeķub.Immagine body plus 40d neutro 4,rimi.lv,6.69,4.01,,,"https://rimibaltic-res.cloudinary.com/image/upload/b_white,c_limit,dpr_auto,f_webp,q_auto:low,w_auto/d_ecommerce:backend-fallback.png/MAT_795837_PCE_LV"
S pusg. zeķes Immagine emi 20d nero,rimi.lv,2.99,1.79,,,"https://rimibaltic-res.cloudinary.com/image/upload/b_white,c_limit,dpr_auto,f_webp,q_auto:low,w_auto/d_ecommerce:backend-fallback.png/MAT_7205137_PCE_LV"
S pusg. zeķes Immagine emi 40d neutro,rimi.lv,3.49,2.09,,,"https://rimibaltic-res.cloudinary.com/image/upload/b_white,c_limit,dpr_auto,f_webp,q_auto:low,w_auto/d_ecommerce:backend-fallback.png/MAT_7215897_PCE_LV"
"Pusg.z. Pc cherbourg20den, nero 1/2",rimi.lv,3.19,1.91,,,"https://rimibaltic-res.cloudinary.com/image/upload/b_white,c_limit,dpr_auto,f_webp,q_auto:low,w_auto/d_ecommerce:backend-fallback.png/MAT_7004849_PCE_LV"
Sieviešu zeķubikses Pc rouen nero 2 80d,rimi.lv,8.69,5.21,,,"https://rimibaltic-res.cloudinary.com/image/upload/b_white,c_limit,dpr_auto,f_webp,q_auto:low,w_auto/d_ecommerce:backend-fallback.png/MAT_7020094_PCE_LV"
Sieviešu zeķubikses Pc rouen fumo 2 80d,rimi.lv,8.69,5.21,,,"https://rimibaltic-res.cloudinary.com/image/upload/b_white,c_limit,dpr_auto,f_webp,q_auto:low,w_auto/d_ecommerce:backend-fallback.png/MAT_7114679_PCE_LV"
Aromatizēta Maxilight  8gab Granātābols,rimi.lv,5.19,3.63,,,"https://rimibaltic-res.cloudinary.com/image/upload/b_white,c_limit,dpr_auto,f_webp,q_auto:low,w_auto/d_ecommerce:backend-fallback.png/MAT_7221780_PCE_LV"
Kosm. ota Intervion Rose Gold uzacu/acu līn.,rimi.lv,3.09,2.45,,,"https://rimibaltic-res.cloudinary.com/image/upload/b_white,c_limit,dpr_auto,f_webp,q_auto:low,w_auto/d_ecommerce:backend-fallback.png/MAT_7187410_PCE_LV"
Kūka meža ogu 650g,rimi.lv,12.49,9.99,15.37,€/kg,"https://rimibaltic-res.cloudinary.com/image/upload/b_white,c_limit,dpr_auto,f_webp,q_auto:low,w_auto/d_ecommerce:backend-fallback.png/MAT_987358_PCE_LV"
Šķidrums Pret Odiem Un Ērcēm Bros 50ml,rimi.lv,3.99,2.75,55.00,€/l,"https://rimibaltic-res.cloudinary.com/image/upload/b_white,c_limit,dpr_auto,f_webp,q_auto:low,w_auto/d_ecommerce:backend-fallback.png/MAT_7081174_PCE_LV"
Krūze New morning 32cl caursp,rimi.lv,2.79,1.95,,,"https://rimibaltic-res.cloudinary.com/image/upload/b_white,c_limit,dpr_auto,f_webp,q_auto:low,w_auto/d_ecommerce:backend-fallback.png/MAT_465242_PCE_LV"
S zeķubikses Pc la manche nero xl 40d,rimi.lv,4.99,2.99,,,"https://rimibaltic-res.cloudinary.com/image/upload/b_white,c_limit,dpr_auto,f_webp,q_auto:low,w_auto/d_ecommerce:backend-fallback.png/MAT_7114688_PCE_LV"
S zeķubikses Pc la manche visone xl 40d,rimi.lv,4.99,2.99,,,"https://rimibaltic-res.cloudinary.com/image/upload/b_white,c_limit,dpr_auto,f_webp,q_auto:low,w_auto/d_ecommerce:backend-fallback.png/MAT_7114711_PCE_LV"
Serums Garnier Vitamin C pret tum.pig.pl.30ml,rimi.lv,17.49,12.19,406.33,€/l,"https://rimibaltic-res.cloudinary.com/image/upload/b_white,c_limit,dpr_auto,f_webp,q_auto:low,w_auto/d_ecommerce:backend-fallback.png/MAT_7271724_PCE_LV"
Matu sprādzes,rimi.lv,0.49,0.36,,,"https://rimibaltic-res.cloudinary.com/image/upload/b_white,c_limit,dpr_auto,f_webp,q_auto:low,w_auto/d_ecommerce:backend-fallback.png/MAT_791273_PCE_LV"
G.atsv. Air Wick Raspber.&Lime 237ml,rimi.lv,6.79,4.79,20.21,€/l,"https://rimibaltic-res.cloudinary.com/image/upload/b_white,c_limit,dpr_auto,f_webp,q_auto:low,w_auto/d_ecommerce:backend-fallback.png/MAT_7274797_PCE_LV"
Salvetes stikla kopš.ArmorAll 20gab,rimi.lv,4.99,2.99,,,"https://rimibaltic-res.cloudinary.com/image/upload/b_white,c_limit,dpr_auto,f_webp,q_auto:low,w_auto/d_ecommerce:backend-fallback.png/MAT_7083980_PCE_LV"
Skuveklis vīr. Gillette Mach3+5 kas.,rimi.lv,19.49,16.49,,,"https://rimibaltic-res.cloudinary.com/image/upload/b_white,c_limit,dpr_auto,f_webp,q_auto:low,w_auto/d_ecommerce:backend-fallback.png/MAT_7272259_PCE_LV"
Siev zeķubikses Pc sevres bronzo 4 20d,rimi.lv,4.69,2.81,,,"https://rimibaltic-res.cloudinary.com/image/upload/b_white,c_limit,dpr_auto,f_webp,q_auto:low,w_auto/d_ecommerce:backend-fallback.png/MAT_7057423_PCE_LV"
Sieviešu zeķubikses Pc vichy nero 4 40d,rimi.lv,4.99,2.99,,,"https://rimibaltic-res.cloudinary.com/image/upload/b_white,c_limit,dpr_auto,f_webp,q_auto:low,w_auto/d_ecommerce:backend-fallback.png/MAT_7075047_PCE_LV"
"Zeķbikses pc belfort 20 20den, visone 2",rimi.lv,4.39,2.63,,,"https://rimibaltic-res.cloudinary.com/image/upload/b_white,c_limit,dpr_auto,f_webp,q_auto:low,w_auto/d_ecommerce:backend-fallback.png/MAT_7079090_PCE_LV"
S zeķubikses Pc la manche bronzo xl 40d,rimi.lv,4.99,2.99,,,"https://rimibaltic-res.cloudinary.com/image/upload/b_white,c_limit,dpr_auto,f_webp,q_auto:low,w_auto/d_ecommerce:backend-fallback.png/MAT_7114703_PCE_LV"
"G.zeķes pc st.tropez 20den, nero 2",rimi.lv,8.69,5.21,,,"https://rimibaltic-res.cloudinary.com/image/upload/b_white,c_limit,dpr_auto,f_webp,q_auto:low,w_auto/d_ecommerce:backend-fallback.png/MAT_7004878_PCE_LV"
"Zeķbikses pc chamonix 20den, visone 3",rimi.lv,4.79,2.87,,,"https://rimibaltic-res.cloudinary.com/image/upload/b_white,c_limit,dpr_auto,f_webp,q_auto:low,w_auto/d_ecommerce:backend-fallback.png/MAT_7008533_PCE_LV"
"Zeķbikses pc chamonix 20den, visone 4",rimi.lv,4.79,2.87,,,"https://rimibaltic-res.cloudinary.com/image/upload/b_white,c_limit,dpr_auto,f_webp,q_auto:low,w_auto/d_ecommerce:backend-fallback.png/MAT_7008534_PCE_LV"
Siev zeķubikses Pc corsica nero 3 40d,rimi.lv,6.19,3.71,,,"https://rimibaltic-res.cloudinary.com/image/upload/b_white,c_limit,dpr_auto,f_webp,q_auto:low,w_auto/d_ecommerce:backend-fallback.png/MAT_7020022_PCE_LV"
Siev zeķubikses Pc corsica nero 4 40d,rimi.lv,6.19,3.71,,,"https://rimibaltic-res.cloudinary.com/image/upload/b_white,c_limit,dpr_auto,f_webp,q_auto:low,w_auto/d_ecommerce:backend-fallback.png/MAT_7020023_PCE_LV"
Siev zeķubikses Pc corsica visone 3 40d,rimi.lv,6.19,3.71,,,"https://rimibaltic-res.cloudinary.com/image/upload/b_white,c_limit,dpr_auto,f_webp,q_auto:low,w_auto/d_ecommerce:backend-fallback.png/MAT_7020025_PCE_LV"
Siev garās zeķes Pc cannes visone 2 20d,rimi.lv,8.39,5.03,,,"https://rimibaltic-res.cloudinary.com/image/upload/b_white,c_limit,dpr_auto,f_webp,q_auto:low,w_auto/d_ecommerce:backend-fallback.png/MAT_7030594_PCE_LV"
Siev garās zeķes Pc cannes visone 4 20d,rimi.lv,8.39,5.03,,,"https://rimibaltic-res.cloudinary.com/image/upload/b_white,c_limit,dpr_auto,f_webp,q_auto:low,w_auto/d_ecommerce:backend-fallback.png/MAT_7030596_PCE_LV"
"Dz.aparātu baterijas Energizer 312, 8gab",rimi.lv,7.99,4.79,,,"https://rimibaltic-res.cloudinary.com/image/upload/b_white,c_limit,dpr_auto,f_webp,q_auto:low,w_auto/d_ecommerce:backend-fallback.png/MAT_7277612_PCE_LV"
Antiperspirants Nivea Men Fresh 50ml,rimi.lv,5.79,4.09,81.80,€/l,"https://rimibaltic-res.cloudinary.com/image/upload/b_white,c_limit,dpr_auto,f_webp,q_auto:low,w_auto/d_ecommerce:backend-fallback.png/MAT_7273889_PCE_LV"
Baterijas Energizer E91 BP4 4 gab,rimi.lv,5.69,3.39,,,"https://rimibaltic-res.cloudinary.com/image/upload/b_white,c_limit,dpr_auto,f_webp,q_auto:low,w_auto/d_ecommerce:backend-fallback.png/MAT_722533_PCE_LV"
Silikons Vintols ar švammi 100ml,rimi.lv,5.99,3.59,,,"https://rimibaltic-res.cloudinary.com/image/upload/b_white,c_limit,dpr_auto,f_webp,q_auto:low,w_auto/d_ecommerce:backend-fallback.png/MAT_796567_PCE_LV"
Konfektes Pergale Cherry 355g,rimi.lv,12.69,8.39,23.63,€/kg,"https://rimibaltic-res.cloudinary.com/image/upload/b_white,c_limit,dpr_auto,f_webp,q_auto:low,w_auto/d_ecommerce:backend-fallback.png/MAT_1011331_PCE_LV"
S zeķub.Immagine malia 20d nero 3,rimi.lv,3.79,2.27,,,"https://rimibaltic-res.cloudinary.com/image/upload/b_white,c_limit,dpr_auto,f_webp,q_auto:low,w_auto/d_ecommerce:backend-fallback.png/MAT_761717_PCE_LV"
S zeķub.Immagine malia 20d nero 4,rimi.lv,3.79,2.27,,,"https://rimibaltic-res.cloudinary.com/image/upload/b_white,c_limit,dpr_auto,f_webp,q_auto:low,w_auto/d_ecommerce:backend-fallback.png/MAT_761718_PCE_LV"
S zeķub.Immagine malia 20d visone 3,rimi.lv,3.79,2.27,,,"https://rimibaltic-res.cloudinary.com/image/upload/b_white,c_limit,dpr_auto,f_webp,q_auto:low,w_auto/d_ecommerce:backend-fallback.png/MAT_761720_PCE_LV"
S zeķub.Immagine only 20d nero 2,rimi.lv,2.95,1.77,,,"https://rimibaltic-res.cloudinary.com/image/upload/b_white,c_limit,dpr_auto,f_webp,q_auto:low,w_auto/d_ecommerce:backend-fallback.png/MAT_7157278_PCE_LV"
S zeķub.Immagine only 20d nero 4,rimi.lv,2.95,1.77,,,"https://rimibaltic-res.cloudinary.com/image/upload/b_white,c_limit,dpr_auto,f_webp,q_auto:low,w_auto/d_ecommerce:backend-fallback.png/MAT_7157281_PCE_LV"
Sāls/piparu trauks Pasabache D4xH11cm,rimi.lv,3.99,2.79,,,"https://rimibaltic-res.cloudinary.com/image/upload/b_white,c_limit,dpr_auto,f_webp,q_auto:low,w_auto/d_ecommerce:backend-fallback.png/MAT_7280619_PCE_LV"
Glāzes Pasabahce 345ml viskijs 3gab.,rimi.lv,6.99,4.89,,,"https://rimibaltic-res.cloudinary.com/image/upload/b_white,c_limit,dpr_auto,f_webp,q_auto:low,w_auto/d_ecommerce:backend-fallback.png/MAT_7280642_PCE_LV"
Glāze Stor Paw Patrol 260ml,rimi.lv,1.59,1.11,,,"https://rimibaltic-res.cloudinary.com/image/upload/b_white,c_limit,dpr_auto,f_webp,q_auto:low,w_auto/d_ecommerce:backend-fallback.png/MAT_7280670_PCE_LV"
Šķīvis Stor Frozen 22cm,rimi.lv,3.79,2.65,,,"https://rimibaltic-res.cloudinary.com/image/upload/b_white,c_limit,dpr_auto,f_webp,q_auto:low,w_auto/d_ecommerce:backend-fallback.png/MAT_7280671_PCE_LV"
Dziļa bļoda 4gab.,rimi.lv,4.99,3.49,,,"https://rimibaltic-res.cloudinary.com/image/upload/b_white,c_limit,dpr_auto,f_webp,q_auto:low,w_auto/d_ecommerce:backend-fallback.png/MAT_7280702_PCE_LV"
Pusdienu šķīvis Diwali Black 25cm,rimi.lv,2.29,1.60,,,"https://rimibaltic-res.cloudinary.com/image/upload/b_white,c_limit,dpr_auto,f_webp,q_auto:low,w_auto/d_ecommerce:backend-fallback.png/MAT_7280757_PCE_LV"
Zupas šķīvis Keramika 22cm melns,rimi.lv,3.69,2.58,,,"https://rimibaltic-res.cloudinary.com/image/upload/b_white,c_limit,dpr_auto,f_webp,q_auto:low,w_auto/d_ecommerce:backend-fallback.png/MAT_7280763_PCE_LV"
Bļoda Keramika 15cm zaļa,rimi.lv,3.49,2.44,,,"https://rimibaltic-res.cloudinary.com/image/upload/b_white,c_limit,dpr_auto,f_webp,q_auto:low,w_auto/d_ecommerce:backend-fallback.png/MAT_7280767_PCE_LV"
Ovāls šķīvis Diwali Black 25X33cm,rimi.lv,7.99,5.59,,,"https://rimibaltic-res.cloudinary.com/image/upload/b_white,c_limit,dpr_auto,f_webp,q_auto:low,w_auto/d_ecommerce:backend-fallback.png/MAT_7280774_PCE_LV"
Krūze Keramika melna,rimi.lv,2.99,2.09,,,"https://rimibaltic-res.cloudinary.com/image/upload/b_white,c_limit,dpr_auto,f_webp,q_auto:low,w_auto/d_ecommerce:backend-fallback.png/MAT_7280782_PCE_LV"
"G.zeķes pc st.tropez 20den, antilope 4",rimi.lv,8.19,4.91,,,"https://rimibaltic-res.cloudinary.com/image/upload/b_white,c_limit,dpr_auto,f_webp,q_auto:low,w_auto/d_ecommerce:backend-fallback.png/MAT_7004868_PCE_LV"
"G.zeķes pc st.tropez 20den, nero 3",rimi.lv,8.69,5.21,,,"https://rimibaltic-res.cloudinary.com/image/upload/b_white,c_limit,dpr_auto,f_webp,q_auto:low,w_auto/d_ecommerce:backend-fallback.png/MAT_7004880_PCE_LV"
"G.zeķes pc st.tropez 20den, antilope 3",rimi.lv,8.19,4.91,,,"https://rimibaltic-res.cloudinary.com/image/upload/b_white,c_limit,dpr_auto,f_webp,q_auto:low,w_auto/d_ecommerce:backend-fallback.png/MAT_7020103_PCE_LV"
"Zeķbikses pc toulon 2020den, visone 3",rimi.lv,4.99,2.99,,,"https://rimibaltic-res.cloudinary.com/image/upload/b_white,c_limit,dpr_auto,f_webp,q_auto:low,w_auto/d_ecommerce:backend-fallback.png/MAT_7079211_PCE_LV"
Siev zeķubikses Pc toulon 20 nero 3 20d,rimi.lv,4.99,2.99,,,"https://rimibaltic-res.cloudinary.com/image/upload/b_white,c_limit,dpr_auto,f_webp,q_auto:low,w_auto/d_ecommerce:backend-fallback.png/MAT_7079214_PCE_LV"
Siev zeķubikses Pc toulouse nero 2 200d,rimi.lv,9.79,5.87,,,"https://rimibaltic-res.cloudinary.com/image/upload/b_white,c_limit,dpr_auto,f_webp,q_auto:low,w_auto/d_ecommerce:backend-fallback.png/MAT_7090622_PCE_LV"
Siev zeķubikses Pc toulouse nero 4 200d,rimi.lv,9.79,5.87,,,"https://rimibaltic-res.cloudinary.com/image/upload/b_white,c_limit,dpr_auto,f_webp,q_auto:low,w_auto/d_ecommerce:backend-fallback.png/MAT_7090624_PCE_LV"
S zeķubikses Pc belfort 70 nero 3 70d,rimi.lv,6.99,4.19,,,"https://rimibaltic-res.cloudinary.com/image/upload/b_white,c_limit,dpr_auto,f_webp,q_auto:low,w_auto/d_ecommerce:backend-fallback.png/MAT_7114677_PCE_LV"
Maiņas uz. Oral-B iOs GC Black 4gb,rimi.lv,39.99,27.99,,,"https://rimibaltic-res.cloudinary.com/image/upload/b_white,c_limit,dpr_auto,f_webp,q_auto:low,w_auto/d_ecommerce:backend-fallback.png/MAT_7277073_PCE_LV"
Siev zeķubikses Pc dijon visone 3 40d,rimi.lv,7.19,4.31,,,"https://rimibaltic-res.cloudinary.com/image/upload/b_white,c_limit,dpr_auto,f_webp,q_auto:low,w_auto/d_ecommerce:backend-fallback.png/MAT_796667_PCE_LV"
Auto gaisa ats. Wunderbaum Black,rimi.lv,1.99,1.19,,,"https://rimibaltic-res.cloudinary.com/image/upload/b_white,c_limit,dpr_auto,f_webp,q_auto:low,w_auto/d_ecommerce:backend-fallback.png/MAT_734357_PCE_LV"
Gaisa atsv. Pearls Fresh Bag New Car,rimi.lv,2.99,1.79,,,"https://rimibaltic-res.cloudinary.com/image/upload/b_white,c_limit,dpr_auto,f_webp,q_auto:low,w_auto/d_ecommerce:backend-fallback.png/MAT_7279457_PCE_LV"
New Car paneļa aerosols ArmorAll 500ml,rimi.lv,5.99,3.59,,,"https://rimibaltic-res.cloudinary.com/image/upload/b_white,c_limit,dpr_auto,f_webp,q_auto:low,w_auto/d_ecommerce:backend-fallback.png/MAT_7279471_PCE_LV"
Auto paneļu losjons Ultra 500ml,rimi.lv,6.99,4.19,,,"https://rimibaltic-res.cloudinary.com/image/upload/b_white,c_limit,dpr_auto,f_webp,q_auto:low,w_auto/d_ecommerce:backend-fallback.png/MAT_7279476_PCE_LV"
Z. pasta Colgate Max White Purple Reveal 75ml,rimi.lv,7.19,4.99,66.53,€/l,"https://rimibaltic-res.cloudinary.com/image/upload/b_white,c_limit,dpr_auto,f_webp,q_auto:low,w_auto/d_ecommerce:backend-fallback.png/MAT_7280874_PCE_LV"
Servēšanas grozs Nordiska Plast balts,rimi.lv,1.09,0.76,,,"https://rimibaltic-res.cloudinary.com/image/upload/b_white,c_limit,dpr_auto,f_webp,q_auto:low,w_auto/d_ecommerce:backend-fallback.png/MAT_7282225_PCE_LV"
Torte Latvijas Maiznieks zemeņu biezp. 730g,rimi.lv,10.99,7.99,10.95,€/kg,"https://rimibaltic-res.cloudinary.com/image/upload/b_white,c_limit,dpr_auto,f_webp,q_auto:low,w_auto/d_ecommerce:backend-fallback.png/MAT_997023_PCE_LV"
Šķ. z. Palmolive Almond Refill 500ml,rimi.lv,4.59,3.49,6.98,€/l,"https://rimibaltic-res.cloudinary.com/image/upload/b_white,c_limit,dpr_auto,f_webp,q_auto:low,w_auto/d_ecommerce:backend-fallback.png/MAT_7277385_PCE_LV"
Kapučini krūzes RL 220 ml 6 gab,rimi.lv,18.99,13.29,,,"https://rimibaltic-res.cloudinary.com/image/upload/b_white,c_limit,dpr_auto,f_webp,q_auto:low,w_auto/d_ecommerce:backend-fallback.png/MAT_7283269_PCE_LV"
Glāzes Royal Leerdam 4 gab,rimi.lv,15.99,11.19,,,"https://rimibaltic-res.cloudinary.com/image/upload/b_white,c_limit,dpr_auto,f_webp,q_auto:low,w_auto/d_ecommerce:backend-fallback.png/MAT_7283311_PCE_LV"
"Plastmasas šķīvis GoodCook, pelēks, 18,4cm",rimi.lv,1.99,1.39,,,"https://rimibaltic-res.cloudinary.com/image/upload/b_white,c_limit,dpr_auto,f_webp,q_auto:low,w_auto/d_ecommerce:backend-fallback.png/MAT_814791_PCE_LV"
Balzāms Syoss Oleo Intense 250ml,rimi.lv,7.49,4.99,19.96,€/l,"https://rimibaltic-res.cloudinary.com/image/upload/b_white,c_limit,dpr_auto,f_webp,q_auto:low,w_auto/d_ecommerce:backend-fallback.png/MAT_7285783_PCE_LV"
Sausā barība suņiem C4P 2kg,rimi.lv,7.99,6.29,3.15,€/kg,"https://rimibaltic-res.cloudinary.com/image/upload/b_white,c_limit,dpr_auto,f_webp,q_auto:low,w_auto/d_ecommerce:backend-fallback.png/MAT_7270678_PCE_LV"
Šampūns Rich Repairing ar kolagēnu 250ml,rimi.lv,12.99,10.39,41.56,€/l,"https://rimibaltic-res.cloudinary.com/image/upload/b_white,c_limit,dpr_auto,f_webp,q_auto:low,w_auto/d_ecommerce:backend-fallback.png/MAT_7285840_PCE_LV"
Matu vasks Syoss Max Hold 150ml,rimi.lv,8.99,6.49,43.27,€/l,"https://rimibaltic-res.cloudinary.com/image/upload/b_white,c_limit,dpr_auto,f_webp,q_auto:low,w_auto/d_ecommerce:backend-fallback.png/MAT_7286281_PCE_LV"
"Limonādes krūze Pasabahce Gelo 1,2l",rimi.lv,9.99,6.99,,,"https://rimibaltic-res.cloudinary.com/image/upload/b_white,c_limit,dpr_auto,f_webp,q_auto:low,w_auto/d_ecommerce:backend-fallback.png/MAT_7280641_PCE_LV"
Glāzes Pasabahce Karat 325ml 6gab.,rimi.lv,11.99,8.39,,,"https://rimibaltic-res.cloudinary.com/image/upload/b_white,c_limit,dpr_auto,f_webp,q_auto:low,w_auto/d_ecommerce:backend-fallback.png/MAT_7280647_PCE_LV"
Krūze Banquet Bistro 1l,rimi.lv,5.99,4.19,,,"https://rimibaltic-res.cloudinary.com/image/upload/b_white,c_limit,dpr_auto,f_webp,q_auto:low,w_auto/d_ecommerce:backend-fallback.png/MAT_7280686_PCE_LV"
Zupas šķīvis E clat gold 23cm,rimi.lv,10.49,7.34,,,"https://rimibaltic-res.cloudinary.com/image/upload/b_white,c_limit,dpr_auto,f_webp,q_auto:low,w_auto/d_ecommerce:backend-fallback.png/MAT_7146837_PCE_LV"
"Krūze, emaljēta, tūrisma, 540ml",rimi.lv,19.99,13.99,,,"https://rimibaltic-res.cloudinary.com/image/upload/b_white,c_limit,dpr_auto,f_webp,q_auto:low,w_auto/d_ecommerce:backend-fallback.png/MAT_7223269_PCE_LV"
"Sviesta trauks Fackelmann 16,5x10,5cm",rimi.lv,4.99,3.49,,,"https://rimibaltic-res.cloudinary.com/image/upload/b_white,c_limit,dpr_auto,f_webp,q_auto:low,w_auto/d_ecommerce:backend-fallback.png/MAT_7280661_PCE_LV"
Zupas šķīvis Diwali Marbre 20cm,rimi.lv,2.29,1.60,,,"https://rimibaltic-res.cloudinary.com/image/upload/b_white,c_limit,dpr_auto,f_webp,q_auto:low,w_auto/d_ecommerce:backend-fallback.png/MAT_7280769_PCE_LV"
Pīlāra svece Bolsius 8x7cm pelēka,rimi.lv,3.19,2.23,,,"https://rimibaltic-res.cloudinary.com/image/upload/b_white,c_limit,dpr_auto,f_webp,q_auto:low,w_auto/d_ecommerce:backend-fallback.png/MAT_7289578_PCE_LV"
Pīlāra svece Bolsius 8x7cm zaļa,rimi.lv,3.19,2.23,,,"https://rimibaltic-res.cloudinary.com/image/upload/b_white,c_limit,dpr_auto,f_webp,q_auto:low,w_auto/d_ecommerce:backend-fallback.png/MAT_7289584_PCE_LV"
Pīlāra svece Bolsius 19x7cm rozā,rimi.lv,6.29,4.40,,,"https://rimibaltic-res.cloudinary.com/image/upload/b_white,c_limit,dpr_auto,f_webp,q_auto:low,w_auto/d_ecommerce:backend-fallback.png/MAT_7289604_PCE_LV"
Pīlāra svece Bolsius 13x7cm zila,rimi.lv,4.19,2.93,,,"https://rimibaltic-res.cloudinary.com/image/upload/b_white,c_limit,dpr_auto,f_webp,q_auto:low,w_auto/d_ecommerce:backend-fallback.png/MAT_7289607_PCE_LV"
Svečturis Bolsius 2in1 6x6cm,rimi.lv,4.29,3.00,,,"https://rimibaltic-res.cloudinary.com/image/upload/b_white,c_limit,dpr_auto,f_webp,q_auto:low,w_auto/d_ecommerce:backend-fallback.png/MAT_7289622_PCE_LV"
Dušas želeja Fa Men XtraCool 400ml,rimi.lv,5.49,3.29,8.22,€/l,"https://rimibaltic-res.cloudinary.com/image/upload/b_white,c_limit,dpr_auto,f_webp,q_auto:low,w_auto/d_ecommerce:backend-fallback.png/MAT_7288260_PCE_LV"
Dušas želeja Fa Yoghurt Blueberry 400ml,rimi.lv,5.49,3.29,8.22,€/l,"https://rimibaltic-res.cloudinary.com/image/upload/b_white,c_limit,dpr_auto,f_webp,q_auto:low,w_auto/d_ecommerce:backend-fallback.png/MAT_7288247_PCE_LV"
S zeķub.Immagine only 20d nature 2,rimi.lv,2.95,1.77,,,"https://rimibaltic-res.cloudinary.com/image/upload/b_white,c_limit,dpr_auto,f_webp,q_auto:low,w_auto/d_ecommerce:backend-fallback.png/MAT_7157262_PCE_LV"
S zeķub.Immagine only 20d neutro 4,rimi.lv,2.95,1.77,,,"https://rimibaltic-res.cloudinary.com/image/upload/b_white,c_limit,dpr_auto,f_webp,q_auto:low,w_auto/d_ecommerce:backend-fallback.png/MAT_7157284_PCE_LV"
S zeķub.Immagine relax 50 nero 4,rimi.lv,5.49,3.29,,,"https://rimibaltic-res.cloudinary.com/image/upload/b_white,c_limit,dpr_auto,f_webp,q_auto:low,w_auto/d_ecommerce:backend-fallback.png/MAT_7288981_PCE_LV"
S zeķub.Immagine relax 50 neutro 4,rimi.lv,5.49,3.29,,,"https://rimibaltic-res.cloudinary.com/image/upload/b_white,c_limit,dpr_auto,f_webp,q_auto:low,w_auto/d_ecommerce:backend-fallback.png/MAT_7288993_PCE_LV"
S zeķub.Immagine relax 50 nero 5,rimi.lv,5.49,3.29,,,"https://rimibaltic-res.cloudinary.com/image/upload/b_white,c_limit,dpr_auto,f_webp,q_auto:low,w_auto/d_ecommerce:backend-fallback.png/MAT_7289001_PCE_LV"
S zeķub.Immagine forming 40d neutro 5,rimi.lv,5.99,3.59,,,"https://rimibaltic-res.cloudinary.com/image/upload/b_white,c_limit,dpr_auto,f_webp,q_auto:low,w_auto/d_ecommerce:backend-fallback.png/MAT_7289031_PCE_LV"
Sojas vaska sveces ar Latvju zīmēm,rimi.lv,7.99,5.59,,,"https://rimibaltic-res.cloudinary.com/image/upload/b_white,c_limit,dpr_auto,f_webp,q_auto:low,w_auto/d_ecommerce:backend-fallback.png/MAT_7244684_PCE_LV"
"Svece ""Ozols un Liepa""",rimi.lv,4.99,3.49,,,"https://rimibaltic-res.cloudinary.com/image/upload/b_white,c_limit,dpr_auto,f_webp,q_auto:low,w_auto/d_ecommerce:backend-fallback.png/MAT_7284598_PCE_LV"
Arom. svece stikla glāzē Ugunskrusts,rimi.lv,5.49,3.84,,,"https://rimibaltic-res.cloudinary.com/image/upload/b_white,c_limit,dpr_auto,f_webp,q_auto:low,w_auto/d_ecommerce:backend-fallback.png/MAT_7284609_PCE_LV"
Arom. svece stikla glāzē Jumis,rimi.lv,5.49,3.84,,,"https://rimibaltic-res.cloudinary.com/image/upload/b_white,c_limit,dpr_auto,f_webp,q_auto:low,w_auto/d_ecommerce:backend-fallback.png/MAT_7284615_PCE_LV"
Svece Dzintars cilindrs 6x17.5cm,rimi.lv,7.99,5.59,,,"https://rimibaltic-res.cloudinary.com/image/upload/b_white,c_limit,dpr_auto,f_webp,q_auto:low,w_auto/d_ecommerce:backend-fallback.png/MAT_7284622_PCE_LV"
S zeķub.Immagine confort 40d neutro 4,rimi.lv,3.29,1.97,,,"https://rimibaltic-res.cloudinary.com/image/upload/b_white,c_limit,dpr_auto,f_webp,q_auto:low,w_auto/d_ecommerce:backend-fallback.png/MAT_602069_PCE_LV"
S zeķub.Immagine malia 20d neutro 3,rimi.lv,3.79,2.27,,,"https://rimibaltic-res.cloudinary.com/image/upload/b_white,c_limit,dpr_auto,f_webp,q_auto:low,w_auto/d_ecommerce:backend-fallback.png/MAT_781479_PCE_LV"
S zeķub.Immagine confort 40d neutro 3,rimi.lv,3.29,1.97,,,"https://rimibaltic-res.cloudinary.com/image/upload/b_white,c_limit,dpr_auto,f_webp,q_auto:low,w_auto/d_ecommerce:backend-fallback.png/MAT_782650_PCE_LV"
S zeķub.Immagine forming 40d neutro 4,rimi.lv,5.99,3.59,,,"https://rimibaltic-res.cloudinary.com/image/upload/b_white,c_limit,dpr_auto,f_webp,q_auto:low,w_auto/d_ecommerce:backend-fallback.png/MAT_7090559_PCE_LV"
S zeķubikses Pc charme 40 visone 4 40d,rimi.lv,4.49,2.69,,,"https://rimibaltic-res.cloudinary.com/image/upload/b_white,c_limit,dpr_auto,f_webp,q_auto:low,w_auto/d_ecommerce:backend-fallback.png/MAT_7090615_PCE_LV"
S zeķub. immagine slim 20d nature 4,rimi.lv,5.89,3.53,,,"https://rimibaltic-res.cloudinary.com/image/upload/b_white,c_limit,dpr_auto,f_webp,q_auto:low,w_auto/d_ecommerce:backend-fallback.png/MAT_7101696_PCE_LV"
S zeķub.Immagine confort 40d bronzo 5,rimi.lv,3.29,1.97,,,"https://rimibaltic-res.cloudinary.com/image/upload/b_white,c_limit,dpr_auto,f_webp,q_auto:low,w_auto/d_ecommerce:backend-fallback.png/MAT_7101710_PCE_LV"
S zeķub.Immagine confort 40d neutro 5,rimi.lv,3.29,1.97,,,"https://rimibaltic-res.cloudinary.com/image/upload/b_white,c_limit,dpr_auto,f_webp,q_auto:low,w_auto/d_ecommerce:backend-fallback.png/MAT_7101711_PCE_LV"
S zeķub.Immagine lola 40d antracite 2,rimi.lv,2.89,1.73,,,"https://rimibaltic-res.cloudinary.com/image/upload/b_white,c_limit,dpr_auto,f_webp,q_auto:low,w_auto/d_ecommerce:backend-fallback.png/MAT_7142421_PCE_LV"
S zeķub.Immagine lola 40d antracite 3,rimi.lv,2.89,1.73,,,"https://rimibaltic-res.cloudinary.com/image/upload/b_white,c_limit,dpr_auto,f_webp,q_auto:low,w_auto/d_ecommerce:backend-fallback.png/MAT_7142436_PCE_LV"
S zeķub.Immagine lola 40d antracite 5,rimi.lv,2.89,1.73,,,"https://rimibaltic-res.cloudinary.com/image/upload/b_white,c_limit,dpr_auto,f_webp,q_auto:low,w_auto/d_ecommerce:backend-fallback.png/MAT_7142442_PCE_LV"
S zeķub.Immagine relax 50 neutro 3,rimi.lv,5.49,3.29,,,"https://rimibaltic-res.cloudinary.com/image/upload/b_white,c_limit,dpr_auto,f_webp,q_auto:low,w_auto/d_ecommerce:backend-fallback.png/MAT_7288969_PCE_LV"
Pulēšanas lupat. ArmorAll 40cmx40cm,rimi.lv,3.49,2.09,,,"https://rimibaltic-res.cloudinary.com/image/upload/b_white,c_limit,dpr_auto,f_webp,q_auto:low,w_auto/d_ecommerce:backend-fallback.png/MAT_7103771_PCE_LV"
Dušas želeja Old Spice Bearglove 675ml,rimi.lv,10.29,8.59,12.73,€/l,"https://rimibaltic-res.cloudinary.com/image/upload/b_white,c_limit,dpr_auto,f_webp,q_auto:low,w_auto/d_ecommerce:backend-fallback.png/MAT_7295407_PCE_LV"
S zeķub.Immagine tuto nudo 20d nature 5,rimi.lv,3.99,2.39,,,"https://rimibaltic-res.cloudinary.com/image/upload/b_white,c_limit,dpr_auto,f_webp,q_auto:low,w_auto/d_ecommerce:backend-fallback.png/MAT_7294823_PCE_LV"
S zeķub.Immagine tuto nudo 20d nature 4,rimi.lv,3.99,2.39,,,"https://rimibaltic-res.cloudinary.com/image/upload/b_white,c_limit,dpr_auto,f_webp,q_auto:low,w_auto/d_ecommerce:backend-fallback.png/MAT_7294827_PCE_LV"
Līdz. mat. Garnier Fructis Curls Method 150ml,rimi.lv,9.99,6.99,46.60,€/l,"https://rimibaltic-res.cloudinary.com/image/upload/b_white,c_limit,dpr_auto,f_webp,q_auto:low,w_auto/d_ecommerce:backend-fallback.png/MAT_7296186_PCE_LV"
Esence matu mitrināšanai Fructis Curls 200ml,rimi.lv,11.99,8.39,41.95,€/l,"https://rimibaltic-res.cloudinary.com/image/upload/b_white,c_limit,dpr_auto,f_webp,q_auto:low,w_auto/d_ecommerce:backend-fallback.png/MAT_7296332_PCE_LV"
Matu balinātājs Olia bez amonjaka B+++,rimi.lv,10.59,7.39,,,"https://rimibaltic-res.cloudinary.com/image/upload/b_white,c_limit,dpr_auto,f_webp,q_auto:low,w_auto/d_ecommerce:backend-fallback.png/MAT_7133031_PCE_LV"
Serums Syoss Intense Plex 100ml,rimi.lv,10.99,7.69,76.90,€/l,"https://rimibaltic-res.cloudinary.com/image/upload/b_white,c_limit,dpr_auto,f_webp,q_auto:low,w_auto/d_ecommerce:backend-fallback.png/MAT_7294186_PCE_LV"
Vīriešu skuvekļi WS Xtreme3 Black 3+1 gab.,rimi.lv,4.99,3.49,,,"https://rimibaltic-res.cloudinary.com/image/upload/b_white,c_limit,dpr_auto,f_webp,q_auto:low,w_auto/d_ecommerce:backend-fallback.png/MAT_7296248_PCE_LV"
Skuveklis Venus Sugarberry 1gab.,rimi.lv,13.99,11.79,,,"https://rimibaltic-res.cloudinary.com/image/upload/b_white,c_limit,dpr_auto,f_webp,q_auto:low,w_auto/d_ecommerce:backend-fallback.png/MAT_7296812_PCE_LV"
Matu krāsa Syoss Oleo 3-22 sarkans,rimi.lv,11.59,6.95,,,"https://rimibaltic-res.cloudinary.com/image/upload/b_white,c_limit,dpr_auto,f_webp,q_auto:low,w_auto/d_ecommerce:backend-fallback.png/MAT_7298049_PCE_LV"
"S.bar.suņ. Pedigree ar liellop.,dārzeņ. 2,6kg",rimi.lv,12.09,7.69,2.96,€/kg,"https://rimibaltic-res.cloudinary.com/image/upload/b_white,c_limit,dpr_auto,f_webp,q_auto:low,w_auto/d_ecommerce:backend-fallback.png/MAT_7296873_PCE_LV"
Parafīna cilindrsvece 6x12cm LV karogs,rimi.lv,2.99,2.09,,,"https://rimibaltic-res.cloudinary.com/image/upload/b_white,c_limit,dpr_auto,f_webp,q_auto:low,w_auto/d_ecommerce:backend-fallback.png/MAT_7299849_PCE_LV"
"Pīlings Crazy Hair ar laima, piparm. ar.100ml",rimi.lv,6.79,5.43,54.30,€/l,"https://rimibaltic-res.cloudinary.com/image/upload/b_white,c_limit,dpr_auto,f_webp,q_auto:low,w_auto/d_ecommerce:backend-fallback.png/MAT_7297997_PCE_LV"
"Šampūns Crazy Hair ar laima, kivi arom. 300ml",rimi.lv,6.99,5.59,18.63,€/l,"https://rimibaltic-res.cloudinary.com/image/upload/b_white,c_limit,dpr_auto,f_webp,q_auto:low,w_auto/d_ecommerce:backend-fallback.png/MAT_7297996_PCE_LV"
Kondic.Crazy Hair ar košļ. gum. aromātu 250ml,rimi.lv,6.99,5.59,22.36,€/l,"https://rimibaltic-res.cloudinary.com/image/upload/b_white,c_limit,dpr_auto,f_webp,q_auto:low,w_auto/d_ecommerce:backend-fallback.png/MAT_7298031_PCE_LV"
"Kaķu bar.Club 4 Paws ar vistas g., lasi 4x85g",rimi.lv,2.19,1.69,4.97,€/kg,"https://rimibaltic-res.cloudinary.com/image/upload/b_white,c_limit,dpr_auto,f_webp,q_auto:low,w_auto/d_ecommerce:backend-fallback.png/MAT_7297023_PCE_LV"
Veļ.mazg.kaps.Persil Discs Stain Removal 11MR,rimi.lv,9.99,7.39,,,"https://rimibaltic-res.cloudinary.com/image/upload/b_white,c_limit,dpr_auto,f_webp,q_auto:low,w_auto/d_ecommerce:backend-fallback.png/MAT_7299276_PCE_LV"
Krēms jūtīgai ādai Nivea Repair 400ml,rimi.lv,14.99,10.69,26.72,€/l,"https://rimibaltic-res.cloudinary.com/image/upload/b_white,c_limit,dpr_auto,f_webp,q_auto:low,w_auto/d_ecommerce:backend-fallback.png/MAT_7299702_PCE_LV"
Mutes sk.līdz.Colgate Max White Pur.Rev.500ml,rimi.lv,8.99,5.79,11.58,€/l,"https://rimibaltic-res.cloudinary.com/image/upload/b_white,c_limit,dpr_auto,f_webp,q_auto:low,w_auto/d_ecommerce:backend-fallback.png/MAT_7298193_PCE_LV"
Zobu pasta Parodontax Active Gum Repair 75ml,rimi.lv,10.39,7.69,102.53,€/l,"https://rimibaltic-res.cloudinary.com/image/upload/b_white,c_limit,dpr_auto,f_webp,q_auto:low,w_auto/d_ecommerce:backend-fallback.png/MAT_7298240_PCE_LV"
Zobu pasta Ecodenta ar melleņu ekst. 100ml,rimi.lv,4.59,3.59,35.90,€/l,"https://rimibaltic-res.cloudinary.com/image/upload/b_white,c_limit,dpr_auto,f_webp,q_auto:low,w_auto/d_ecommerce:backend-fallback.png/MAT_7298260_PCE_LV"
Matu krāsa Garnier Olia 6.0 gaiši brūna 1gab,rimi.lv,10.59,7.39,,,"https://rimibaltic-res.cloudinary.com/image/upload/b_white,c_limit,dpr_auto,f_webp,q_auto:low,w_auto/d_ecommerce:backend-fallback.png/MAT_7300777_PCE_LV"
Matu krāsa Garnier Olia 8.0 blonda 1gab.,rimi.lv,10.59,7.39,,,"https://rimibaltic-res.cloudinary.com/image/upload/b_white,c_limit,dpr_auto,f_webp,q_auto:low,w_auto/d_ecommerce:backend-fallback.png/MAT_7300826_PCE_LV"
Matu krāsa Garnier Olia 9.0 gaiši blonda 1gab,rimi.lv,10.59,7.39,,,"https://rimibaltic-res.cloudinary.com/image/upload/b_white,c_limit,dpr_auto,f_webp,q_auto:low,w_auto/d_ecommerce:backend-fallback.png/MAT_7300778_PCE_LV"
Matu krāsa Garnier Olia 4.15 ledus šokol. 1gb,rimi.lv,10.59,7.39,,,"https://rimibaltic-res.cloudinary.com/image/upload/b_white,c_limit,dpr_auto,f_webp,q_auto:low,w_auto/d_ecommerce:backend-fallback.png/MAT_7300828_PCE_LV"
Matu kr.Garnier Olia 10.1 ļ. pelnu gaiša 1gab,rimi.lv,10.59,7.39,,,"https://rimibaltic-res.cloudinary.com/image/upload/b_white,c_limit,dpr_auto,f_webp,q_auto:low,w_auto/d_ecommerce:backend-fallback.png/MAT_7300831_PCE_LV"
Matu krāsa Garnier Olia 5.0 brūna 1gab.,rimi.lv,10.59,7.39,,,"https://rimibaltic-res.cloudinary.com/image/upload/b_white,c_limit,dpr_auto,f_webp,q_auto:low,w_auto/d_ecommerce:backend-fallback.png/MAT_7300832_PCE_LV"
Matu krāsa Garnier Olia 1.0 nakts melna 1gab,rimi.lv,10.59,7.39,,,"https://rimibaltic-res.cloudinary.com/image/upload/b_white,c_limit,dpr_auto,f_webp,q_auto:low,w_auto/d_ecommerce:backend-fallback.png/MAT_7300841_PCE_LV"
Micelārais ūdens Nivea Regenerating 400ml,rimi.lv,10.99,7.79,19.47,€/l,"https://rimibaltic-res.cloudinary.com/image/upload/b_white,c_limit,dpr_auto,f_webp,q_auto:low,w_auto/d_ecommerce:backend-fallback.png/MAT_7298317_PCE_LV"
"Nakts serums Garnier Vitamin C 10%, hial.30ml",rimi.lv,18.49,12.79,426.33,€/l,"https://rimibaltic-res.cloudinary.com/image/upload/b_white,c_limit,dpr_auto,f_webp,q_auto:low,w_auto/d_ecommerce:backend-fallback.png/MAT_7298855_PCE_LV"
Attīrošs līdzeklis Garnier Vitamin C 250ml,rimi.lv,12.69,8.79,35.16,€/l,"https://rimibaltic-res.cloudinary.com/image/upload/b_white,c_limit,dpr_auto,f_webp,q_auto:low,w_auto/d_ecommerce:backend-fallback.png/MAT_7298854_PCE_LV"
UV fluīds Garnier Vitamin C Glow ikd. 40ml,rimi.lv,18.49,12.79,319.75,€/l,"https://rimibaltic-res.cloudinary.com/image/upload/b_white,c_limit,dpr_auto,f_webp,q_auto:low,w_auto/d_ecommerce:backend-fallback.png/MAT_7298856_PCE_LV"
Kapu svece Bolsius Eņģelis 24cm 36h ST26,rimi.lv,4.49,3.14,,,"https://rimibaltic-res.cloudinary.com/image/upload/b_white,c_limit,dpr_auto,f_webp,q_auto:low,w_auto/d_ecommerce:backend-fallback.png/MAT_7301361_PCE_LV"
"Bļodu komp. Good Cook 2 gab.1,5/ 2,75L",rimi.lv,4.09,2.86,,,"https://rimibaltic-res.cloudinary.com/image/upload/b_white,c_limit,dpr_auto,f_webp,q_auto:low,w_auto/d_ecommerce:backend-fallback.png/MAT_815747_PCE_LV"
Veļas mazg.kapsulas Persil Discs Regular 13MR,rimi.lv,9.99,7.39,,,"https://rimibaltic-res.cloudinary.com/image/upload/b_white,c_limit,dpr_auto,f_webp,q_auto:low,w_auto/d_ecommerce:backend-fallback.png/MAT_7299281_PCE_LV"
"Lampiņu virtene 200LED, 10 virk. CH26",rimi.lv,9.99,6.99,,,"https://rimibaltic-res.cloudinary.com/image/upload/b_white,c_limit,dpr_auto,f_webp,q_auto:low,w_auto/d_ecommerce:backend-fallback.png/MAT_7273731_PCE_LV"
Čemur. lamp. virt. 100LED krāsaina CH26,rimi.lv,6.99,4.89,,,"https://rimibaltic-res.cloudinary.com/image/upload/b_white,c_limit,dpr_auto,f_webp,q_auto:low,w_auto/d_ecommerce:backend-fallback.png/MAT_7300074_PCE_LV"
"Garšv. Kotanyi kartupeļeim, zemn. gaum. 20g",rimi.lv,1.49,1.05,52.50,€/kg,"https://rimibaltic-res.cloudinary.com/image/upload/b_white,c_limit,dpr_auto,f_webp,q_auto:low,w_auto/d_ecommerce:backend-fallback.png/MAT_1019126_PCE_LV"
S. apakšbikses Mywear 3 gab Tyra White,rimi.lv,10.99,7.69,,,"https://rimibaltic-res.cloudinary.com/image/upload/b_white,c_limit,dpr_auto,f_webp,q_auto:low,w_auto/d_ecommerce:backend-fallback.png/MAT_7297339_PCE_LV"
S. apakšbikses Mywear 3 gab Annie Black,rimi.lv,10.99,7.69,,,"https://rimibaltic-res.cloudinary.com/image/upload/b_white,c_limit,dpr_auto,f_webp,q_auto:low,w_auto/d_ecommerce:backend-fallback.png/MAT_7297377_PCE_LV"
Vīriešu apakšveļa Mywear M 2 gab,rimi.lv,12.99,9.09,,,"https://rimibaltic-res.cloudinary.com/image/upload/b_white,c_limit,dpr_auto,f_webp,q_auto:low,w_auto/d_ecommerce:backend-fallback.png/MAT_7297547_PCE_LV"
Gaisa atsv. Aroma Drope Oud & Black AW26,rimi.lv,2.49,1.49,,,"https://rimibaltic-res.cloudinary.com/image/upload/b_white,c_limit,dpr_auto,f_webp,q_auto:low,w_auto/d_ecommerce:backend-fallback.png/MAT_7303451_PCE_LV"
Gaisa atsvaidzināt. Aroma GEO CAT Mango,rimi.lv,3.99,2.39,,,"https://rimibaltic-res.cloudinary.com/image/upload/b_white,c_limit,dpr_auto,f_webp,q_auto:low,w_auto/d_ecommerce:backend-fallback.png/MAT_7303452_PCE_LV"
Dušas želeja Old Spice Whitewater 1000ml,rimi.lv,13.29,7.29,7.29,€/l,"https://rimibaltic-res.cloudinary.com/image/upload/b_white,c_limit,dpr_auto,f_webp,q_auto:low,w_auto/d_ecommerce:backend-fallback.png/MAT_7298482_PCE_LV"
"G.ats. uzp.šķ.Air Wick sandal., van. ar.250ml",rimi.lv,8.99,7.19,28.76,€/l,"https://rimibaltic-res.cloudinary.com/image/upload/b_white,c_limit,dpr_auto,f_webp,q_auto:low,w_auto/d_ecommerce:backend-fallback.png/MAT_7301972_PCE_LV"
Aromātiska svece Bolsius Persiku 25h,rimi.lv,3.69,2.58,,,"https://rimibaltic-res.cloudinary.com/image/upload/b_white,c_limit,dpr_auto,f_webp,q_auto:low,w_auto/d_ecommerce:backend-fallback.png/MAT_7304862_PCE_LV"
Aromātiska svece Bolsius Granātābols 25h,rimi.lv,3.69,2.58,,,"https://rimibaltic-res.cloudinary.com/image/upload/b_white,c_limit,dpr_auto,f_webp,q_auto:low,w_auto/d_ecommerce:backend-fallback.png/MAT_7304856_PCE_LV"
Aromātiska svece Bolsius Mango 25h,rimi.lv,3.69,2.58,,,"https://rimibaltic-res.cloudinary.com/image/upload/b_white,c_limit,dpr_auto,f_webp,q_auto:low,w_auto/d_ecommerce:backend-fallback.png/MAT_7304855_PCE_LV"
Dzēr.kaķ.Carny Cat Drink ar vistas gaļu 140ml,rimi.lv,1.69,1.25,8.93,€/kg,"https://rimibaltic-res.cloudinary.com/image/upload/b_white,c_limit,dpr_auto,f_webp,q_auto:low,w_auto/d_ecommerce:backend-fallback.png/MAT_7305577_PCE_LV"
Āra svece Hansa Candle Mini 8h SO26,rimi.lv,1.49,1.04,,,"https://rimibaltic-res.cloudinary.com/image/upload/b_white,c_limit,dpr_auto,f_webp,q_auto:low,w_auto/d_ecommerce:backend-fallback.png/MAT_7306350_PCE_LV"
Dušas želeja Dove Glowing 400ml,rimi.lv,7.49,5.19,12.97,€/l,"https://rimibaltic-res.cloudinary.com/image/upload/b_white,c_limit,dpr_auto,f_webp,q_auto:low,w_auto/d_ecommerce:backend-fallback.png/MAT_7304576_PCE_LV"
Gaisa atsvaidzinātājs Geo Cat Black Mystery,rimi.lv,3.99,2.39,,,"https://rimibaltic-res.cloudinary.com/image/upload/b_white,c_limit,dpr_auto,f_webp,q_auto:low,w_auto/d_ecommerce:backend-fallback.png/MAT_7308073_PCE_LV"
Gaisa atsv. Aroma Drope Aqua Blue AW26,rimi.lv,2.49,1.49,,,"https://rimibaltic-res.cloudinary.com/image/upload/b_white,c_limit,dpr_auto,f_webp,q_auto:low,w_auto/d_ecommerce:backend-fallback.png/MAT_7308076_PCE_LV"
Veļas mazg. kapsulas Ariel Extra Clean 26gab.,rimi.lv,22.99,17.19,,,"https://rimibaltic-res.cloudinary.com/image/upload/b_white,c_limit,dpr_auto,f_webp,q_auto:low,w_auto/d_ecommerce:backend-fallback.png/MAT_7306755_PCE_LV"
"Veļas mazg. pulv. Ariel Moun. Sp. 50MR 2,75kg",rimi.lv,26.99,20.19,7.34,€/kg,"https://rimibaltic-res.cloudinary.com/image/upload/b_white,c_limit,dpr_auto,f_webp,q_auto:low,w_auto/d_ecommerce:backend-fallback.png/MAT_7306844_PCE_LV"
Apakšbikses Mywear bezšuvju 36/38,rimi.lv,4.99,3.49,,,"https://rimibaltic-res.cloudinary.com/image/upload/b_white,c_limit,dpr_auto,f_webp,q_auto:low,w_auto/d_ecommerce:backend-fallback.png/MAT_7303135_PCE_LV"
Zobu bir.rez.uzg.Oral B iO Gentle C.Wh. 4gab.,rimi.lv,39.99,27.99,,,"https://rimibaltic-res.cloudinary.com/image/upload/b_white,c_limit,dpr_auto,f_webp,q_auto:low,w_auto/d_ecommerce:backend-fallback.png/MAT_7308223_PCE_LV"
Aerosols Bros Max pret odiem un ērcēm 90ml,rimi.lv,5.95,4.11,45.67,€/l,"https://rimibaltic-res.cloudinary.com/image/upload/b_white,c_limit,dpr_auto,f_webp,q_auto:low,w_auto/d_ecommerce:backend-fallback.png/MAT_7308962_PCE_LV"
Speciālā eļļa WD-40 420ml Smart,rimi.lv,14.99,8.99,,,"https://rimibaltic-res.cloudinary.com/image/upload/b_white,c_limit,dpr_auto,f_webp,q_auto:low,w_auto/d_ecommerce:backend-fallback.png/MAT_657481_PCE_LV"
Matu aksesuāri Franck Provost,rimi.lv,2.69,2.01,,,"https://rimibaltic-res.cloudinary.com/image/upload/b_white,c_limit,dpr_auto,f_webp,q_auto:low,w_auto/d_ecommerce:backend-fallback.png/MAT_7184133_PCE_LV"
Matu sprādze JLD,rimi.lv,5.39,4.04,,,"https://rimibaltic-res.cloudinary.com/image/upload/b_white,c_limit,dpr_auto,f_webp,q_auto:low,w_auto/d_ecommerce:backend-fallback.png/MAT_776312_PCE_LV"
Matu stīpiņa,rimi.lv,2.99,2.24,,,"https://rimibaltic-res.cloudinary.com/image/upload/b_white,c_limit,dpr_auto,f_webp,q_auto:low,w_auto/d_ecommerce:backend-fallback.png/MAT_7086334_PCE_LV"
Kosmētikas sūkļi JLD,rimi.lv,6.49,4.86,,,"https://rimibaltic-res.cloudinary.com/image/upload/b_white,c_limit,dpr_auto,f_webp,q_auto:low,w_auto/d_ecommerce:backend-fallback.png/MAT_7166883_PCE_LV"
Nagu pulētājs JLD,rimi.lv,2.69,2.01,,,"https://rimibaltic-res.cloudinary.com/image/upload/b_white,c_limit,dpr_auto,f_webp,q_auto:low,w_auto/d_ecommerce:backend-fallback.png/MAT_7176091_PCE_LV"
174 Matu sprādzes N6 BO Paris,rimi.lv,4.49,3.36,,,"https://rimibaltic-res.cloudinary.com/image/upload/b_white,c_limit,dpr_auto,f_webp,q_auto:low,w_auto/d_ecommerce:backend-fallback.png/MAT_7236563_PCE_LV"
Ota JLD tonālā krēma uzklāšanai Pro HD,rimi.lv,10.69,8.01,,,"https://rimibaltic-res.cloudinary.com/image/upload/b_white,c_limit,dpr_auto,f_webp,q_auto:low,w_auto/d_ecommerce:backend-fallback.png/MAT_7236629_PCE_LV"
Zīda matu gumija Midi,rimi.lv,6.49,4.86,,,"https://rimibaltic-res.cloudinary.com/image/upload/b_white,c_limit,dpr_auto,f_webp,q_auto:low,w_auto/d_ecommerce:backend-fallback.png/MAT_7262971_PCE_LV"
Zīda matu gumija Mini,rimi.lv,4.99,3.74,,,"https://rimibaltic-res.cloudinary.com/image/upload/b_white,c_limit,dpr_auto,f_webp,q_auto:low,w_auto/d_ecommerce:backend-fallback.png/MAT_7262980_PCE_LV"
Polsterējumu tīrītājs Carplan 400ml,rimi.lv,9.99,5.99,,,"https://rimibaltic-res.cloudinary.com/image/upload/b_white,c_limit,dpr_auto,f_webp,q_auto:low,w_auto/d_ecommerce:backend-fallback.png/MAT_7265687_PCE_LV"
Nagu šķērītes The Barb Xpert,rimi.lv,7.99,5.99,,,"https://rimibaltic-res.cloudinary.com/image/upload/b_white,c_limit,dpr_auto,f_webp,q_auto:low,w_auto/d_ecommerce:backend-fallback.png/MAT_7280955_PCE_LV"
Matu suka Frank Provost,rimi.lv,8.99,6.74,,,"https://rimibaltic-res.cloudinary.com/image/upload/b_white,c_limit,dpr_auto,f_webp,q_auto:low,w_auto/d_ecommerce:backend-fallback.png/MAT_7281089_PCE_LV"
Manikīra šķēres Beter ar izliektu galu,rimi.lv,10.99,8.24,,,"https://rimibaltic-res.cloudinary.com/image/upload/b_white,c_limit,dpr_auto,f_webp,q_auto:low,w_auto/d_ecommerce:backend-fallback.png/MAT_7281677_PCE_LV"
Matu gumija Merista,rimi.lv,1.49,1.11,,,"https://rimibaltic-res.cloudinary.com/image/upload/b_white,c_limit,dpr_auto,f_webp,q_auto:low,w_auto/d_ecommerce:backend-fallback.png/MAT_7301018_PCE_LV"
Matu suka Jean Louis David 1gab.,rimi.lv,13.99,10.49,,,"https://rimibaltic-res.cloudinary.com/image/upload/b_white,c_limit,dpr_auto,f_webp,q_auto:low,w_auto/d_ecommerce:backend-fallback.png/MAT_7301098_PCE_LV"
Nagu pulētājs Jean Louis David 1gab.,rimi.lv,3.39,2.54,,,"https://rimibaltic-res.cloudinary.com/image/upload/b_white,c_limit,dpr_auto,f_webp,q_auto:low,w_auto/d_ecommerce:backend-fallback.png/MAT_7301258_PCE_LV"
Kutikula nazis Merista 1gab.,rimi.lv,0.99,0.74,,,"https://rimibaltic-res.cloudinary.com/image/upload/b_white,c_limit,dpr_auto,f_webp,q_auto:low,w_auto/d_ecommerce:backend-fallback.png/MAT_7301272_PCE_LV"
S zeķub.Immagine lea 20 neutro 2,rimi.lv,2.49,1.49,,,"https://rimibaltic-res.cloudinary.com/image/upload/b_white,c_limit,dpr_auto,f_webp,q_auto:low,w_auto/d_ecommerce:backend-fallback.png/MAT_7301306_PCE_LV"
S zeķub.Immagine lea 20 nero 2,rimi.lv,2.49,1.49,,,"https://rimibaltic-res.cloudinary.com/image/upload/b_white,c_limit,dpr_auto,f_webp,q_auto:low,w_auto/d_ecommerce:backend-fallback.png/MAT_7301309_PCE_LV"
S zeķub.Immagine lea 20 neutro 3,rimi.lv,2.49,1.49,,,"https://rimibaltic-res.cloudinary.com/image/upload/b_white,c_limit,dpr_auto,f_webp,q_auto:low,w_auto/d_ecommerce:backend-fallback.png/MAT_7301313_PCE_LV"
"Krēms Nivea Men Sensitive mitr.,jūt.ādai 75ml",rimi.lv,13.49,9.69,129.20,€/l,"https://rimibaltic-res.cloudinary.com/image/upload/b_white,c_limit,dpr_auto,f_webp,q_auto:low,w_auto/d_ecommerce:backend-fallback.png/MAT_7307673_PCE_LV"
Želejas maska Garnier Cryo Jelly atvēsin. 5g,rimi.lv,2.89,1.73,346.00,€/kg,"https://rimibaltic-res.cloudinary.com/image/upload/b_white,c_limit,dpr_auto,f_webp,q_auto:low,w_auto/d_ecommerce:backend-fallback.png/MAT_7307784_PCE_LV"
Dez. izsmidz. Rexona Ivisible B&W 200ml,rimi.lv,6.15,3.69,18.45,€/l,"https://rimibaltic-res.cloudinary.com/image/upload/b_white,c_limit,dpr_auto,f_webp,q_auto:low,w_auto/d_ecommerce:backend-fallback.png/MAT_7309249_PCE_LV"
Dušas želeja Old Spice Night Panther 675ml,rimi.lv,9.29,7.79,11.54,€/l,"https://rimibaltic-res.cloudinary.com/image/upload/b_white,c_limit,dpr_auto,f_webp,q_auto:low,w_auto/d_ecommerce:backend-fallback.png/MAT_7309020_PCE_LV"
Dušas želeja Palmolive Milk&Honey 500ml,rimi.lv,7.89,5.49,10.98,€/l,"https://rimibaltic-res.cloudinary.com/image/upload/b_white,c_limit,dpr_auto,f_webp,q_auto:low,w_auto/d_ecommerce:backend-fallback.png/MAT_7309084_PCE_LV"
Gaisa atsvaidzinātājs Aroma Dice AW26,rimi.lv,1.79,1.07,,,"https://rimibaltic-res.cloudinary.com/image/upload/b_white,c_limit,dpr_auto,f_webp,q_auto:low,w_auto/d_ecommerce:backend-fallback.png/MAT_7288467_PCE_LV"
Dušas želeja Dove Hydrate 720ml,rimi.lv,10.99,5.49,7.62,€/l,"https://rimibaltic-res.cloudinary.com/image/upload/b_white,c_limit,dpr_auto,f_webp,q_auto:low,w_auto/d_ecommerce:backend-fallback.png/MAT_7304539_PCE_LV"
Sieviešu biksītes slip Fila melnas XL,rimi.lv,12.99,9.09,,,"https://rimibaltic-res.cloudinary.com/image/upload/b_white,c_limit,dpr_auto,f_webp,q_auto:low,w_auto/d_ecommerce:backend-fallback.png/MAT_7308706_PCE_LV"
Sieviešu biksītes slip Fila pelēkas XL,rimi.lv,12.99,9.09,,,"https://rimibaltic-res.cloudinary.com/image/upload/b_white,c_limit,dpr_auto,f_webp,q_auto:low,w_auto/d_ecommerce:backend-fallback.png/MAT_7308704_PCE_LV"
Svece Haribo  Strawberry 300g AW26,rimi.lv,11.99,8.39,,,"https://rimibaltic-res.cloudinary.com/image/upload/b_white,c_limit,dpr_auto,f_webp,q_auto:low,w_auto/d_ecommerce:backend-fallback.png/MAT_7309769_PCE_LV"
Gaisa atsvaidzinātājs Apple,rimi.lv,1.99,1.19,,,"https://rimibaltic-res.cloudinary.com/image/upload/b_white,c_limit,dpr_auto,f_webp,q_auto:low,w_auto/d_ecommerce:backend-fallback.png/MAT_734355_PCE_LV"
Gaisa atsvaidzinātājs City Style,rimi.lv,1.99,1.19,,,"https://rimibaltic-res.cloudinary.com/image/upload/b_white,c_limit,dpr_auto,f_webp,q_auto:low,w_auto/d_ecommerce:backend-fallback.png/MAT_7207107_PCE_LV"
Griķi Rimi Free From lobīti 375g,rimi.lv,2.19,1.79,3.58,€/kg,"https://rimibaltic-res.cloudinary.com/image/upload/b_white,c_limit,dpr_auto,f_webp,q_auto:low,w_auto/d_ecommerce:backend-fallback.png/MAT_816385_PCE_LV"
Amaranta sēklas Rimi Free From 375g,rimi.lv,2.69,2.15,5.73,€/kg,"https://rimibaltic-res.cloudinary.com/image/upload/b_white,c_limit,dpr_auto,f_webp,q_auto:low,w_auto/d_ecommerce:backend-fallback.png/MAT_816386_PCE_LV"
Zobu pasta Parodontax Gum Str.&Prot.Whit.75ml,rimi.lv,10.39,7.69,102.53,€/l,"https://rimibaltic-res.cloudinary.com/image/upload/b_white,c_limit,dpr_auto,f_webp,q_auto:low,w_auto/d_ecommerce:backend-fallback.png/MAT_7310378_PCE_LV"
Dezodorants Nivea Defend zīmuļveida 50ml,rimi.lv,5.79,4.09,81.80,€/l,"https://rimibaltic-res.cloudinary.com/image/upload/b_white,c_limit,dpr_auto,f_webp,q_auto:low,w_auto/d_ecommerce:backend-fallback.png/MAT_7310466_PCE_LV"
"Kapu svece Bolsius, 170h ST26",rimi.lv,3.49,2.44,,,"https://rimibaltic-res.cloudinary.com/image/upload/b_white,c_limit,dpr_auto,f_webp,q_auto:low,w_auto/d_ecommerce:backend-fallback.png/MAT_7311886_PCE_LV"
Svece Geralda Barons 55h ST26,rimi.lv,4.29,3.00,,,"https://rimibaltic-res.cloudinary.com/image/upload/b_white,c_limit,dpr_auto,f_webp,q_auto:low,w_auto/d_ecommerce:backend-fallback.png/MAT_7043546_PCE_LV"
Svece Geralda Enģelis 24h ST26,rimi.lv,3.39,2.37,,,"https://rimibaltic-res.cloudinary.com/image/upload/b_white,c_limit,dpr_auto,f_webp,q_auto:low,w_auto/d_ecommerce:backend-fallback.png/MAT_7312067_PCE_LV"
Matu krāsa Syoss Color 13-5 Platīn. bal. 1gab,rimi.lv,9.59,6.69,,,"https://rimibaltic-res.cloudinary.com/image/upload/b_white,c_limit,dpr_auto,f_webp,q_auto:low,w_auto/d_ecommerce:backend-fallback.png/MAT_7305268_PCE_LV"
Balzams Syoss Color intensīvs 250ml,rimi.lv,7.09,4.59,18.36,€/l,"https://rimibaltic-res.cloudinary.com/image/upload/b_white,c_limit,dpr_auto,f_webp,q_auto:low,w_auto/d_ecommerce:backend-fallback.png/MAT_7305265_PCE_LV"
Maska matiem Syoss Keratin intensīva 400ml,rimi.lv,10.49,7.29,18.22,€/l,"https://rimibaltic-res.cloudinary.com/image/upload/b_white,c_limit,dpr_auto,f_webp,q_auto:low,w_auto/d_ecommerce:backend-fallback.png/MAT_7305272_PCE_LV"
Uzacu tonis Syoss Color Gaiši brūns 17ml,rimi.lv,18.99,11.39,670.00,€/l,"https://rimibaltic-res.cloudinary.com/image/upload/b_white,c_limit,dpr_auto,f_webp,q_auto:low,w_auto/d_ecommerce:backend-fallback.png/MAT_7311449_PCE_LV"
Līdz. Syoss Color Root Ret.Tum. br.mat. 120ml,rimi.lv,8.99,5.79,48.25,€/l,"https://rimibaltic-res.cloudinary.com/image/upload/b_white,c_limit,dpr_auto,f_webp,q_auto:low,w_auto/d_ecommerce:backend-fallback.png/MAT_7311476_PCE_LV"
Matu putas Taft Power Cashmere 100ml,rimi.lv,7.49,5.29,52.90,€/l,"https://rimibaltic-res.cloudinary.com/image/upload/b_white,c_limit,dpr_auto,f_webp,q_auto:low,w_auto/d_ecommerce:backend-fallback.png/MAT_7311477_PCE_LV"
Līdzeklis Syoss Color Root Ret.Brūn.mat.120ml,rimi.lv,8.99,5.79,48.25,€/l,"https://rimibaltic-res.cloudinary.com/image/upload/b_white,c_limit,dpr_auto,f_webp,q_auto:low,w_auto/d_ecommerce:backend-fallback.png/MAT_7311483_PCE_LV"
Līdzeklis Taft Volume matu žāv. ar fēnu 150ml,rimi.lv,7.99,6.39,42.60,€/l,"https://rimibaltic-res.cloudinary.com/image/upload/b_white,c_limit,dpr_auto,f_webp,q_auto:low,w_auto/d_ecommerce:backend-fallback.png/MAT_7311501_PCE_LV"
Šampūns Nivea Men Strong Power vīrieš. 500ml,rimi.lv,7.99,5.69,11.38,€/l,"https://rimibaltic-res.cloudinary.com/image/upload/b_white,c_limit,dpr_auto,f_webp,q_auto:low,w_auto/d_ecommerce:backend-fallback.png/MAT_7311510_PCE_LV"
Līdzekl.Taft Aloe Boost tekstūru piešķ. 150ml,rimi.lv,7.49,5.99,39.93,€/l,"https://rimibaltic-res.cloudinary.com/image/upload/b_white,c_limit,dpr_auto,f_webp,q_auto:low,w_auto/d_ecommerce:backend-fallback.png/MAT_7311503_PCE_LV"
Želejkonfektes Zozole Painter 75g,rimi.lv,1.09,0.89,11.87,€/kg,"https://rimibaltic-res.cloudinary.com/image/upload/b_white,c_limit,dpr_auto,f_webp,q_auto:low,w_auto/d_ecommerce:backend-fallback.png/MAT_1012505_PCE_LV"
Gaisa atsvaidzinātājs Pearls Gentleman,rimi.lv,2.99,1.79,,,"https://rimibaltic-res.cloudinary.com/image/upload/b_white,c_limit,dpr_auto,f_webp,q_auto:low,w_auto/d_ecommerce:backend-fallback.png/MAT_7314383_PCE_LV"
Gaisa atsvaidzinātāj Pearls Arctic Ice,rimi.lv,2.99,1.79,,,"https://rimibaltic-res.cloudinary.com/image/upload/b_white,c_limit,dpr_auto,f_webp,q_auto:low,w_auto/d_ecommerce:backend-fallback.png/MAT_7314392_PCE_LV"
Dezod. Mennen Speed Stick Cool Night Gel 85g,rimi.lv,9.49,5.69,66.94,€/kg,"https://rimibaltic-res.cloudinary.com/image/upload/b_white,c_limit,dpr_auto,f_webp,q_auto:low,w_auto/d_ecommerce:backend-fallback.png/MAT_7314472_PCE_LV"
Gaisa atsvaidzinātājs Gold,rimi.lv,1.99,1.19,,,"https://rimibaltic-res.cloudinary.com/image/upload/b_white,c_limit,dpr_auto,f_webp,q_auto:low,w_auto/d_ecommerce:backend-fallback.png/MAT_7314225_PCE_LV"
Enerģ.dz.Battery Straw Lime bez kofeīna 500ml,rimi.lv,1.55,0.99,1.98,€/l,"https://rimibaltic-res.cloudinary.com/image/upload/b_white,c_limit,dpr_auto,f_webp,q_auto:low,w_auto/d_ecommerce:backend-fallback.png/MAT_1376005_PCE_LV"
Šamp. un kond.komp.Rich Vol.Boost Duo 2x750ml,rimi.lv,49.99,24.99,16.66,€/l,"https://rimibaltic-res.cloudinary.com/image/upload/b_white,c_limit,dpr_auto,f_webp,q_auto:low,w_auto/d_ecommerce:backend-fallback.png/MAT_7315446_PCE_LV"
Dez.Rexona Men Menth. Blue Lavender 72h 150ml,rimi.lv,5.59,3.29,21.93,€/l,"https://rimibaltic-res.cloudinary.com/image/upload/b_white,c_limit,dpr_auto,f_webp,q_auto:low,w_auto/d_ecommerce:backend-fallback.png/MAT_7315267_PCE_LV"
Torte Staburadze Kārumniece ar ķiršiem 700g,rimi.lv,15.99,13.99,19.99,€/kg,"https://rimibaltic-res.cloudinary.com/image/upload/b_white,c_limit,dpr_auto,f_webp,q_auto:low,w_auto/d_ecommerce:backend-fallback.png/MAT_4010228_PCE_LV"
Zobu p. Colgate Max White Purple Reveal 125ml,rimi.lv,9.99,5.99,47.92,€/l,"https://rimibaltic-res.cloudinary.com/image/upload/b_white,c_limit,dpr_auto,f_webp,q_auto:low,w_auto/d_ecommerce:backend-fallback.png/MAT_7316522_PCE_LV"
"Slazds Aeroxon ar līmi, rāpojošiem kuk. 3gab.",rimi.lv,6.99,4.82,,,"https://rimibaltic-res.cloudinary.com/image/upload/b_white,c_limit,dpr_auto,f_webp,q_auto:low,w_auto/d_ecommerce:backend-fallback.png/MAT_7316663_PCE_LV"
Dušas želeja Dove Fresh Care 720ml,rimi.lv,10.99,5.49,7.62,€/l,"https://rimibaltic-res.cloudinary.com/image/upload/b_white,c_limit,dpr_auto,f_webp,q_auto:low,w_auto/d_ecommerce:backend-fallback.png/MAT_7304556_PCE_LV"
El. gaisa atsvaidz. Ambi Pur 3Vol Cotton 20ml,rimi.lv,12.29,9.79,489.50,€/l,"https://rimibaltic-res.cloudinary.com/image/upload/b_white,c_limit,dpr_auto,f_webp,q_auto:low,w_auto/d_ecommerce:backend-fallback.png/MAT_7307305_PCE_LV"
Odu atbaidīšanas aproces Citronella 3gab.,rimi.lv,3.49,2.41,,,"https://rimibaltic-res.cloudinary.com/image/upload/b_white,c_limit,dpr_auto,f_webp,q_auto:low,w_auto/d_ecommerce:backend-fallback.png/MAT_7316886_PCE_LV"
Kukurūzas čipsi Doritos ar BBQ garšu 90g,rimi.lv,2.15,1.49,16.56,€/kg,"https://rimibaltic-res.cloudinary.com/image/upload/b_white,c_limit,dpr_auto,f_webp,q_auto:low,w_auto/d_ecommerce:backend-fallback.png/MAT_1023519_PCE_LV"
Neredzamā apakšveļa Mywear 2gab. L rozā,rimi.lv,8.99,6.29,,,"https://rimibaltic-res.cloudinary.com/image/upload/b_white,c_limit,dpr_auto,f_webp,q_auto:low,w_auto/d_ecommerce:backend-fallback.png/MAT_817891_PCE_LV"
Sieviešu apakšveļa Mywear 2gab. M melns,rimi.lv,8.99,6.29,,,"https://rimibaltic-res.cloudinary.com/image/upload/b_white,c_limit,dpr_auto,f_webp,q_auto:low,w_auto/d_ecommerce:backend-fallback.png/MAT_817903_PCE_LV"
Mežģīņu krūšturis Mywear M lillā,rimi.lv,12.99,9.09,,,"https://rimibaltic-res.cloudinary.com/image/upload/b_white,c_limit,dpr_auto,f_webp,q_auto:low,w_auto/d_ecommerce:backend-fallback.png/MAT_817902_PCE_LV"
Dezodorants Fa Glowing Gardenia 150ml,rimi.lv,4.69,3.09,20.60,€/l,"https://rimibaltic-res.cloudinary.com/image/upload/b_white,c_limit,dpr_auto,f_webp,q_auto:low,w_auto/d_ecommerce:backend-fallback.png/MAT_7317037_PCE_LV"
Matu kr.Palette ICC 6-1 vēsi tumši blon. 50ml,rimi.lv,5.69,3.13,62.60,€/l,"https://rimibaltic-res.cloudinary.com/image/upload/b_white,c_limit,dpr_auto,f_webp,q_auto:low,w_auto/d_ecommerce:backend-fallback.png/MAT_7317245_PCE_LV"
Matu laka Syoss Glaze 300ml,rimi.lv,9.99,6.99,2.33,€/l,"https://rimibaltic-res.cloudinary.com/image/upload/b_white,c_limit,dpr_auto,f_webp,q_auto:low,w_auto/d_ecommerce:backend-fallback.png/MAT_7317246_PCE_LV"
Balzams Syoss Intense Glaze 250ml,rimi.lv,7.49,5.69,22.76,€/l,"https://rimibaltic-res.cloudinary.com/image/upload/b_white,c_limit,dpr_auto,f_webp,q_auto:low,w_auto/d_ecommerce:backend-fallback.png/MAT_7317249_PCE_LV"
Matu kr.Palette ICC 4-60 mirdz. vid. br. 50ml,rimi.lv,5.69,3.13,62.60,€/l,"https://rimibaltic-res.cloudinary.com/image/upload/b_white,c_limit,dpr_auto,f_webp,q_auto:low,w_auto/d_ecommerce:backend-fallback.png/MAT_7317257_PCE_LV"
Līdzeklis Taft Aloe Boost Hydra Protect 150ml,rimi.lv,7.99,6.39,42.60,€/l,"https://rimibaltic-res.cloudinary.com/image/upload/b_white,c_limit,dpr_auto,f_webp,q_auto:low,w_auto/d_ecommerce:backend-fallback.png/MAT_7317272_PCE_LV"
Līdz. Taft x Gliss Silky Shine izsmidz. 150ml,rimi.lv,7.99,6.39,42.60,€/l,"https://rimibaltic-res.cloudinary.com/image/upload/b_white,c_limit,dpr_auto,f_webp,q_auto:low,w_auto/d_ecommerce:backend-fallback.png/MAT_7317267_PCE_LV"
"S.bar.Club 4 Paws ar vist.,liel.,pīļu g.4x85g",rimi.lv,2.19,1.69,4.97,€/kg,"https://rimibaltic-res.cloudinary.com/image/upload/b_white,c_limit,dpr_auto,f_webp,q_auto:low,w_auto/d_ecommerce:backend-fallback.png/MAT_7317298_PCE_LV"
"Vīriešu apakšveļa Mywear M, melna",rimi.lv,14.99,10.49,,,"https://rimibaltic-res.cloudinary.com/image/upload/b_white,c_limit,dpr_auto,f_webp,q_auto:low,w_auto/d_ecommerce:backend-fallback.png/MAT_817964_PCE_LV"
"Vīriešu apakšveļa Mywear S, melna",rimi.lv,14.99,10.49,,,"https://rimibaltic-res.cloudinary.com/image/upload/b_white,c_limit,dpr_auto,f_webp,q_auto:low,w_auto/d_ecommerce:backend-fallback.png/MAT_817975_PCE_LV"
Skūšanās želeja Gillette Labs Sensitive 198ml,rimi.lv,9.99,8.39,42.37,€/l,"https://rimibaltic-res.cloudinary.com/image/upload/b_white,c_limit,dpr_auto,f_webp,q_auto:low,w_auto/d_ecommerce:backend-fallback.png/MAT_7317489_PCE_LV"
"Stikla svece Cozy home 10,2x8cm AW26",rimi.lv,5.99,4.19,,,"https://rimibaltic-res.cloudinary.com/image/upload/b_white,c_limit,dpr_auto,f_webp,q_auto:low,w_auto/d_ecommerce:backend-fallback.png/MAT_7318278_PCE_LV"
Stikla svece Cozy home ar smaržu AW26,rimi.lv,3.99,2.79,,,"https://rimibaltic-res.cloudinary.com/image/upload/b_white,c_limit,dpr_auto,f_webp,q_auto:low,w_auto/d_ecommerce:backend-fallback.png/MAT_7318277_PCE_LV"
Krēms Nivea Q10 Coll.Expert sviestv. sej.50ml,rimi.lv,19.99,14.29,285.80,€/l,"https://rimibaltic-res.cloudinary.com/image/upload/b_white,c_limit,dpr_auto,f_webp,q_auto:low,w_auto/d_ecommerce:backend-fallback.png/MAT_7317629_PCE_LV"
Šampūns Schauma Men Hair Booster 350ml,rimi.lv,5.49,3.89,11.11,€/l,"https://rimibaltic-res.cloudinary.com/image/upload/b_white,c_limit,dpr_auto,f_webp,q_auto:low,w_auto/d_ecommerce:backend-fallback.png/MAT_7317650_PCE_LV"
Dušas želeja vīr. Nivea Men Total Relax 500ml,rimi.lv,6.89,4.89,9.78,€/l,"https://rimibaltic-res.cloudinary.com/image/upload/b_white,c_limit,dpr_auto,f_webp,q_auto:low,w_auto/d_ecommerce:backend-fallback.png/MAT_7318394_PCE_LV"
Vīriešu apakšveļa Mywear melna M,rimi.lv,15.99,11.19,,,"https://rimibaltic-res.cloudinary.com/image/upload/b_white,c_limit,dpr_auto,f_webp,q_auto:low,w_auto/d_ecommerce:backend-fallback.png/MAT_818376_PCE_LV"
Dušas želeja Fa Men Attraction Force 400ml,rimi.lv,5.49,3.59,8.97,€/l,"https://rimibaltic-res.cloudinary.com/image/upload/b_white,c_limit,dpr_auto,f_webp,q_auto:low,w_auto/d_ecommerce:backend-fallback.png/MAT_7319055_PCE_LV"
Dušas želeja Fa Soft Pistachio&Honey 400ml,rimi.lv,5.49,3.59,8.97,€/l,"https://rimibaltic-res.cloudinary.com/image/upload/b_white,c_limit,dpr_auto,f_webp,q_auto:low,w_auto/d_ecommerce:backend-fallback.png/MAT_7319060_PCE_LV"
Dušas želej.Palmolive Naturals Fig&milk 500ml,rimi.lv,6.69,4.59,9.18,€/l,"https://rimibaltic-res.cloudinary.com/image/upload/b_white,c_limit,dpr_auto,f_webp,q_auto:low,w_auto/d_ecommerce:backend-fallback.png/MAT_7319130_PCE_LV"
Šķidr.ziepes Palmolive Aquarium refill 500ml,rimi.lv,4.55,3.49,6.98,€/l,"https://rimibaltic-res.cloudinary.com/image/upload/b_white,c_limit,dpr_auto,f_webp,q_auto:low,w_auto/d_ecommerce:backend-fallback.png/MAT_7319165_PCE_LV"
Tīrīšan.gels Men Expert Hydra Energetic 260ml,rimi.lv,11.59,8.69,33.42,€/l,"https://rimibaltic-res.cloudinary.com/image/upload/b_white,c_limit,dpr_auto,f_webp,q_auto:low,w_auto/d_ecommerce:backend-fallback.png/MAT_7319179_PCE_LV"
Sej.maska Loreal Paris Revit.Fil.Gl.Skin 25g,rimi.lv,7.99,6.79,,,"https://rimibaltic-res.cloudinary.com/image/upload/b_white,c_limit,dpr_auto,f_webp,q_auto:low,w_auto/d_ecommerce:backend-fallback.png/MAT_7319366_PCE_LV"
"Dep.vas.str.Veet Profess.bikini,padusēm 16gab",rimi.lv,7.59,6.79,,,"https://rimibaltic-res.cloudinary.com/image/upload/b_white,c_limit,dpr_auto,f_webp,q_auto:low,w_auto/d_ecommerce:backend-fallback.png/MAT_7319167_PCE_LV"
"Lūpu balzams Vaseline aloe 4,8g",rimi.lv,3.99,3.09,618.00,€/kg,"https://rimibaltic-res.cloudinary.com/image/upload/b_white,c_limit,dpr_auto,f_webp,q_auto:low,w_auto/d_ecommerce:backend-fallback.png/MAT_7319217_PCE_LV"
LED spuldze Cozy Home balta AW26,rimi.lv,10.99,7.69,,,"https://rimibaltic-res.cloudinary.com/image/upload/b_white,c_limit,dpr_auto,f_webp,q_auto:low,w_auto/d_ecommerce:backend-fallback.png/MAT_818619_PCE_LV"
Sorbeta kr. Garnier Vitamin C mitrinošs 85ml,rimi.lv,7.99,6.69,78.71,€/l,"https://rimibaltic-res.cloudinary.com/image/upload/b_white,c_limit,dpr_auto,f_webp,q_auto:low,w_auto/d_ecommerce:backend-fallback.png/MAT_7319576_PCE_LV"
Vienreizl.skuv.Wilkison Sw.Qua.Se.siev.3gab,rimi.lv,7.29,4.99,,,"https://rimibaltic-res.cloudinary.com/image/upload/b_white,c_limit,dpr_auto,f_webp,q_auto:low,w_auto/d_ecommerce:backend-fallback.png/MAT_7319655_PCE_LV"
Veļas mīkstinātājs Silan Tokyo 35MR 770ml,rimi.lv,6.39,4.59,5.96,€/l,"https://rimibaltic-res.cloudinary.com/image/upload/b_white,c_limit,dpr_auto,f_webp,q_auto:low,w_auto/d_ecommerce:backend-fallback.png/MAT_7319893_PCE_LV"
Aromātiskā svece Haribo Sweet Universe 8,rimi.lv,5.99,4.19,,,"https://rimibaltic-res.cloudinary.com/image/upload/b_white,c_limit,dpr_auto,f_webp,q_auto:low,w_auto/d_ecommerce:backend-fallback.png/MAT_7319852_PCE_LV"
Aromātiskā svece Haribo Ziemas ķirsis 85,rimi.lv,5.99,4.19,,,"https://rimibaltic-res.cloudinary.com/image/upload/b_white,c_limit,dpr_auto,f_webp,q_auto:low,w_auto/d_ecommerce:backend-fallback.png/MAT_7319860_PCE_LV"
Veļas mazgāš.kaps.Ariel Gold Orchid 26gab.,rimi.lv,21.99,16.49,,,"https://rimibaltic-res.cloudinary.com/image/upload/b_white,c_limit,dpr_auto,f_webp,q_auto:low,w_auto/d_ecommerce:backend-fallback.png/MAT_7319809_PCE_LV"
Šķīvji Decorata Party  21 cm AW26,rimi.lv,2.39,1.67,,,"https://rimibaltic-res.cloudinary.com/image/upload/b_white,c_limit,dpr_auto,f_webp,q_auto:low,w_auto/d_ecommerce:backend-fallback.png/MAT_7320195_PCE_LV"
Uzacu zīmulis Quick Shaper Brow Blonde 02,rimi.lv,5.89,4.99,,,"https://rimibaltic-res.cloudinary.com/image/upload/b_white,c_limit,dpr_auto,f_webp,q_auto:low,w_auto/d_ecommerce:backend-fallback.png/MAT_7320313_PCE_LV"
Acu zīmulis Maybelline Sculpting Stix Bl. 016,rimi.lv,11.59,9.79,4895.00,€/kg,"https://rimibaltic-res.cloudinary.com/image/upload/b_white,c_limit,dpr_auto,f_webp,q_auto:low,w_auto/d_ecommerce:backend-fallback.png/MAT_7320330_PCE_LV"
Dušas želeja Dove Men Clean Comfort 700ml,rimi.lv,10.59,5.19,7.41,€/l,"https://rimibaltic-res.cloudinary.com/image/upload/b_white,c_limit,dpr_auto,f_webp,q_auto:low,w_auto/d_ecommerce:backend-fallback.png/MAT_7320411_PCE_LV"
Zobu pasta SENSODYNE Ex. Whit. DUO 2x75ml,rimi.lv,12.99,9.09,60.60,€/l,"https://rimibaltic-res.cloudinary.com/image/upload/b_white,c_limit,dpr_auto,f_webp,q_auto:low,w_auto/d_ecommerce:backend-fallback.png/MAT_7320715_PCE_LV"
Zobu birste Elmex Expert Prec.Sens.2gab.,rimi.lv,12.99,10.39,,,"https://rimibaltic-res.cloudinary.com/image/upload/b_white,c_limit,dpr_auto,f_webp,q_auto:low,w_auto/d_ecommerce:backend-fallback.png/MAT_7320425_PCE_LV"
Saus.b.k.Brit Care GF Steril.Sensitive 2kg,rimi.lv,,11.99,6.00,€/kg,"https://rimibaltic-res.cloudinary.com/image/upload/b_white,c_limit,dpr_auto,f_webp,q_auto:low,w_auto/d_ecommerce:backend-fallback.png/MAT_7319991_PCE_LV"
S.b.suņ.Brit Care Grainfree Adult ar lasi 3kg,rimi.lv,,15.19,5.06,€/kg,"https://rimibaltic-res.cloudinary.com/image/upload/b_white,c_limit,dpr_auto,f_webp,q_auto:low,w_auto/d_ecommerce:backend-fallback.png/MAT_7320035_PCE_LV"
Šampūns Garnier Fructis Sleek and Shine 400ml,rimi.lv,7.19,4.31,10.77,€/l,"https://rimibaltic-res.cloudinary.com/image/upload/b_white,c_limit,dpr_auto,f_webp,q_auto:low,w_auto/d_ecommerce:backend-fallback.png/MAT_7321285_PCE_LV"
Gaisa atsv. Aroma Xshape Mukhalat AW26,rimi.lv,3.99,2.39,,,"https://rimibaltic-res.cloudinary.com/image/upload/b_white,c_limit,dpr_auto,f_webp,q_auto:low,w_auto/d_ecommerce:backend-fallback.png/MAT_7321369_PCE_LV"
Gaisa atsv. Aroma Sparkling Cherry AW26,rimi.lv,4.99,2.99,,,"https://rimibaltic-res.cloudinary.com/image/upload/b_white,c_limit,dpr_auto,f_webp,q_auto:low,w_auto/d_ecommerce:backend-fallback.png/MAT_7321396_PCE_LV"
Gaisa atsv. Aroma Black CottonTouch AW26,rimi.lv,4.99,2.99,,,"https://rimibaltic-res.cloudinary.com/image/upload/b_white,c_limit,dpr_auto,f_webp,q_auto:low,w_auto/d_ecommerce:backend-fallback.png/MAT_7321399_PCE_LV"
Gaisa atsv. Aroma Green Grapefruit AW26,rimi.lv,4.99,2.99,,,"https://rimibaltic-res.cloudinary.com/image/upload/b_white,c_limit,dpr_auto,f_webp,q_auto:low,w_auto/d_ecommerce:backend-fallback.png/MAT_7321403_PCE_LV"
"Rīsu krek. Got rice medus, sinepju garša 100g",rimi.lv,3.55,2.99,29.90,€/kg,"https://rimibaltic-res.cloudinary.com/image/upload/b_white,c_limit,dpr_auto,f_webp,q_auto:low,w_auto/d_ecommerce:backend-fallback.png/MAT_1024810_PCE_LV"
Ķermeņa kopšanas komplekts Sence TGR 1gab.,rimi.lv,9.69,6.73,,,"https://rimibaltic-res.cloudinary.com/image/upload/b_white,c_limit,dpr_auto,f_webp,q_auto:low,w_auto/d_ecommerce:backend-fallback.png/MAT_7321703_PCE_LV"
Dušas putas Sence Bloomee 200ml,rimi.lv,4.29,2.99,14.95,€/l,"https://rimibaltic-res.cloudinary.com/image/upload/b_white,c_limit,dpr_auto,f_webp,q_auto:low,w_auto/d_ecommerce:backend-fallback.png/MAT_7321720_PCE_LV"
"Katls Bollire alumīnija lējums 2,4L AW26",rimi.lv,35.99,25.19,,,"https://rimibaltic-res.cloudinary.com/image/upload/b_white,c_limit,dpr_auto,f_webp,q_auto:low,w_auto/d_ecommerce:backend-fallback.png/MAT_7322006_PCE_LV"
"Mērces katls Bollire 1,4L AW26",rimi.lv,29.99,20.99,,,"https://rimibaltic-res.cloudinary.com/image/upload/b_white,c_limit,dpr_auto,f_webp,q_auto:low,w_auto/d_ecommerce:backend-fallback.png/MAT_7322028_PCE_LV"
Prot. fiks. krēms Corega Extra Strong 2x40g,rimi.lv,14.99,9.69,121.13,€/kg,"https://rimibaltic-res.cloudinary.com/image/upload/b_white,c_limit,dpr_auto,f_webp,q_auto:low,w_auto/d_ecommerce:backend-fallback.png/MAT_7322014_PCE_LV"
Uzt. bag. Möller’s Junior augļu garša N45,rimi.lv,41.98,20.99,,,"https://rimibaltic-res.cloudinary.com/image/upload/b_white,c_limit,dpr_auto,f_webp,q_auto:low,w_auto/d_ecommerce:backend-fallback.png/MAT_7245998_PCE_LV"
"Skuvekļa asmeņi Gillette Fusion5, 12gab.",rimi.lv,59.99,35.99,,,"https://rimibaltic-res.cloudinary.com/image/upload/b_white,c_limit,dpr_auto,f_webp,q_auto:low,w_auto/d_ecommerce:backend-fallback.png/MAT_7265518_PCE_LV"
Kosmētikas komplekts Sence Vampire 1gab.,rimi.lv,8.59,5.99,,,"https://rimibaltic-res.cloudinary.com/image/upload/b_white,c_limit,dpr_auto,f_webp,q_auto:low,w_auto/d_ecommerce:backend-fallback.png/MAT_7321723_PCE_LV"
Maska matiem Rich Repairing ar kolagēnu 250ml,rimi.lv,15.99,12.79,51.16,€/l,"https://rimibaltic-res.cloudinary.com/image/upload/b_white,c_limit,dpr_auto,f_webp,q_auto:low,w_auto/d_ecommerce:backend-fallback.png/MAT_7285809_PCE_LV"
Konstr. Lego Cūkas Mazuļu Māja 21268,rimi.lv,22.99,16.09,,,"https://rimibaltic-res.cloudinary.com/image/upload/b_white,c_limit,dpr_auto,f_webp,q_auto:low,w_auto/d_ecommerce:backend-fallback.png/MAT_7304356_PCE_LV"
Konstr. Lego Rezervāts Pandām 42648,rimi.lv,31.99,22.39,,,"https://rimibaltic-res.cloudinary.com/image/upload/b_white,c_limit,dpr_auto,f_webp,q_auto:low,w_auto/d_ecommerce:backend-fallback.png/MAT_7307471_PCE_LV"
Dezodorants Old Spice Captain 2x50ml,rimi.lv,9.99,5.99,59.90,€/l,"https://rimibaltic-res.cloudinary.com/image/upload/b_white,c_limit,dpr_auto,f_webp,q_auto:low,w_auto/d_ecommerce:backend-fallback.png/MAT_7278848_PCE_LV"
Kaķēnu kolekcija Funville,rimi.lv,7.49,3.74,,,"https://rimibaltic-res.cloudinary.com/image/upload/b_white,c_limit,dpr_auto,f_webp,q_auto:low,w_auto/d_ecommerce:backend-fallback.png/MAT_7312255_PCE_LV"
Zaķa spilvens 60 cm rozā AW26,rimi.lv,19.99,9.99,,,"https://rimibaltic-res.cloudinary.com/image/upload/b_white,c_limit,dpr_auto,f_webp,q_auto:low,w_auto/d_ecommerce:backend-fallback.png/MAT_7318590_PCE_LV"
Ķermeņa kopšanas komplekts Sence TGR 450g,rimi.lv,6.69,4.59,9.18,€/kg,"https://rimibaltic-res.cloudinary.com/image/upload/b_white,c_limit,dpr_auto,f_webp,q_auto:low,w_auto/d_ecommerce:backend-fallback.png/MAT_7321705_PCE_LV"
Acu maska Sence Midnight Shadows 6ml,rimi.lv,1.19,0.83,138.33,€/l,"https://rimibaltic-res.cloudinary.com/image/upload/b_white,c_limit,dpr_auto,f_webp,q_auto:low,w_auto/d_ecommerce:backend-fallback.png/MAT_7321709_PCE_LV"
Matu laka Taft perfect flex 250ml,rimi.lv,7.49,4.49,17.96,€/l,"https://rimibaltic-res.cloudinary.com/image/upload/b_white,c_limit,dpr_auto,f_webp,q_auto:low,w_auto/d_ecommerce:backend-fallback.png/MAT_7091853_PCE_LV"
Šampūns Schauma for men 400ml,rimi.lv,5.49,3.89,9.72,€/l,"https://rimibaltic-res.cloudinary.com/image/upload/b_white,c_limit,dpr_auto,f_webp,q_auto:low,w_auto/d_ecommerce:backend-fallback.png/MAT_655693_PCE_LV"
"Žel.tr.maš. Finish Max Power Gel,900ml",rimi.lv,23.29,14.79,16.43,€/l,"https://rimibaltic-res.cloudinary.com/image/upload/b_white,c_limit,dpr_auto,f_webp,q_auto:low,w_auto/d_ecommerce:backend-fallback.png/MAT_7240558_PCE_LV"
Matu krāsa Palette 1-0 melns (N1),rimi.lv,5.69,3.13,,,"https://rimibaltic-res.cloudinary.com/image/upload/b_white,c_limit,dpr_auto,f_webp,q_auto:low,w_auto/d_ecommerce:backend-fallback.png/MAT_405989_PCE_LV"
Piena šok. Merci ar lazdu r. un mandelēm 100g,rimi.lv,4.99,3.49,34.90,€/kg,"https://rimibaltic-res.cloudinary.com/image/upload/b_white,c_limit,dpr_auto,f_webp,q_auto:low,w_auto/d_ecommerce:backend-fallback.png/MAT_182755_PCE_LV"
Sejas krēms vīr. Nivea For Men sausai ādai,rimi.lv,11.19,7.99,159.80,€/l,"https://rimibaltic-res.cloudinary.com/image/upload/b_white,c_limit,dpr_auto,f_webp,q_auto:low,w_auto/d_ecommerce:backend-fallback.png/MAT_406680_PCE_LV"
Matu krāsa Syoss color 4-1 vidēji brūns,rimi.lv,10.59,6.79,,,"https://rimibaltic-res.cloudinary.com/image/upload/b_white,c_limit,dpr_auto,f_webp,q_auto:low,w_auto/d_ecommerce:backend-fallback.png/MAT_791968_PCE_LV"
Kr. Nivea Cellular ādai ap acīm Anti Age 15ml,rimi.lv,21.49,15.39,1026.00,€/l,"https://rimibaltic-res.cloudinary.com/image/upload/b_white,c_limit,dpr_auto,f_webp,q_auto:low,w_auto/d_ecommerce:backend-fallback.png/MAT_7058086_PCE_LV"
Tīrīš. līdz. Cilit Bang Greease&Smudges 750ml,rimi.lv,8.59,4.99,6.65,€/l,"https://rimibaltic-res.cloudinary.com/image/upload/b_white,c_limit,dpr_auto,f_webp,q_auto:low,w_auto/d_ecommerce:backend-fallback.png/MAT_7098540_PCE_LV"
Insektu aerosols ādai Maga 50ml,rimi.lv,3.59,2.48,63.59,€/kg,"https://rimibaltic-res.cloudinary.com/image/upload/b_white,c_limit,dpr_auto,f_webp,q_auto:low,w_auto/d_ecommerce:backend-fallback.png/MAT_735453_PCE_LV"
Bros spirales pret odiem 10gb,rimi.lv,4.45,3.07,,,"https://rimibaltic-res.cloudinary.com/image/upload/b_white,c_limit,dpr_auto,f_webp,q_auto:low,w_auto/d_ecommerce:backend-fallback.png/MAT_762252_PCE_LV"
Acu krēms Loreal Paris Hyaluron Special 15ml,rimi.lv,13.69,9.59,639.33,€/l,"https://rimibaltic-res.cloudinary.com/image/upload/b_white,c_limit,dpr_auto,f_webp,q_auto:low,w_auto/d_ecommerce:backend-fallback.png/MAT_7213223_PCE_LV"
Matu krāsa Loreal feria preference Nr.74,rimi.lv,15.79,9.47,,,"https://rimibaltic-res.cloudinary.com/image/upload/b_white,c_limit,dpr_auto,f_webp,q_auto:low,w_auto/d_ecommerce:backend-fallback.png/MAT_7005919_PCE_LV"
Matu krāsa L'oreal preference#6.35,rimi.lv,15.79,9.47,,,"https://rimibaltic-res.cloudinary.com/image/upload/b_white,c_limit,dpr_auto,f_webp,q_auto:low,w_auto/d_ecommerce:backend-fallback.png/MAT_7024403_PCE_LV"
Matu kr.l'oreal pref.black pearl#p12,rimi.lv,15.79,9.47,,,"https://rimibaltic-res.cloudinary.com/image/upload/b_white,c_limit,dpr_auto,f_webp,q_auto:low,w_auto/d_ecommerce:backend-fallback.png/MAT_7055389_PCE_LV"
Līdz.m.sakņu ton. magic ret.t.brūns 75ml,rimi.lv,10.79,7.49,99.87,€/l,"https://rimibaltic-res.cloudinary.com/image/upload/b_white,c_limit,dpr_auto,f_webp,q_auto:low,w_auto/d_ecommerce:backend-fallback.png/MAT_7144986_PCE_LV"
Līdz.m.sakņu ton. magic ret.melns 75ml,rimi.lv,10.79,7.49,99.87,€/l,"https://rimibaltic-res.cloudinary.com/image/upload/b_white,c_limit,dpr_auto,f_webp,q_auto:low,w_auto/d_ecommerce:backend-fallback.png/MAT_7144985_PCE_LV"
Līdz.m.sakņu ton.magic ret.t.blonds 75ml,rimi.lv,10.79,7.49,99.87,€/l,"https://rimibaltic-res.cloudinary.com/image/upload/b_white,c_limit,dpr_auto,f_webp,q_auto:low,w_auto/d_ecommerce:backend-fallback.png/MAT_7145001_PCE_LV"
Matu krāsa Palette  8-0 Gaiši blonds (N7),rimi.lv,5.69,3.13,,,"https://rimibaltic-res.cloudinary.com/image/upload/b_white,c_limit,dpr_auto,f_webp,q_auto:low,w_auto/d_ecommerce:backend-fallback.png/MAT_405995_PCE_LV"
Matu krāsa Syoss color 9-5 ledaini pērļu bl.,rimi.lv,10.59,6.79,,,"https://rimibaltic-res.cloudinary.com/image/upload/b_white,c_limit,dpr_auto,f_webp,q_auto:low,w_auto/d_ecommerce:backend-fallback.png/MAT_791983_PCE_LV"
L'OREAL Preference matu krāsa #5.3,rimi.lv,15.79,9.47,,,"https://rimibaltic-res.cloudinary.com/image/upload/b_white,c_limit,dpr_auto,f_webp,q_auto:low,w_auto/d_ecommerce:backend-fallback.png/MAT_663016_PCE_LV"
Matu kr. Syoss Oleo Intense medus blonds 8-60,rimi.lv,11.59,6.95,,,"https://rimibaltic-res.cloudinary.com/image/upload/b_white,c_limit,dpr_auto,f_webp,q_auto:low,w_auto/d_ecommerce:backend-fallback.png/MAT_7185316_PCE_LV"
Matu krāsa Syoss Color 4-15 dūmak. hroms,rimi.lv,10.59,6.79,,,"https://rimibaltic-res.cloudinary.com/image/upload/b_white,c_limit,dpr_auto,f_webp,q_auto:low,w_auto/d_ecommerce:backend-fallback.png/MAT_7228174_PCE_LV"
Speciālā eļļa 200ml aerosols Wd-40,rimi.lv,5.99,3.59,,,"https://rimibaltic-res.cloudinary.com/image/upload/b_white,c_limit,dpr_auto,f_webp,q_auto:low,w_auto/d_ecommerce:backend-fallback.png/MAT_417045_PCE_LV"
Pusdienu šķīvis Luminarc Ammonite 26cm,rimi.lv,2.79,1.95,,,"https://rimibaltic-res.cloudinary.com/image/upload/b_white,c_limit,dpr_auto,f_webp,q_auto:low,w_auto/d_ecommerce:backend-fallback.png/MAT_7227307_PCE_LV"
Deserta šķīvis Luminarc Ammonite 19cm,rimi.lv,2.49,1.74,,,"https://rimibaltic-res.cloudinary.com/image/upload/b_white,c_limit,dpr_auto,f_webp,q_auto:low,w_auto/d_ecommerce:backend-fallback.png/MAT_7227318_PCE_LV"
Bļoda Luminarc Ammonite 23cm,rimi.lv,6.99,4.89,,,"https://rimibaltic-res.cloudinary.com/image/upload/b_white,c_limit,dpr_auto,f_webp,q_auto:low,w_auto/d_ecommerce:backend-fallback.png/MAT_7227322_PCE_LV"
Bļoda Luminarc Ammonite 14cm,rimi.lv,2.79,1.95,,,"https://rimibaltic-res.cloudinary.com/image/upload/b_white,c_limit,dpr_auto,f_webp,q_auto:low,w_auto/d_ecommerce:backend-fallback.png/MAT_7227331_PCE_LV"
Mazgāšanas sūklis ArmorAll 2in1,rimi.lv,8.99,5.39,,,"https://rimibaltic-res.cloudinary.com/image/upload/b_white,c_limit,dpr_auto,f_webp,q_auto:low,w_auto/d_ecommerce:backend-fallback.png/MAT_7131984_PCE_LV"
Dienas krēms Nivea Cellular Filler 50ml,rimi.lv,22.99,16.49,329.80,€/l,"https://rimibaltic-res.cloudinary.com/image/upload/b_white,c_limit,dpr_auto,f_webp,q_auto:low,w_auto/d_ecommerce:backend-fallback.png/MAT_7235292_PCE_LV"
Rustik sveces ar Latvju zīmēm zaļas,rimi.lv,7.99,5.59,,,"https://rimibaltic-res.cloudinary.com/image/upload/b_white,c_limit,dpr_auto,f_webp,q_auto:low,w_auto/d_ecommerce:backend-fallback.png/MAT_7222214_PCE_LV"
Matu krāsa L'Oreal Preference #4 Tahiti,rimi.lv,15.79,9.47,38.97,€/l,"https://rimibaltic-res.cloudinary.com/image/upload/b_white,c_limit,dpr_auto,f_webp,q_auto:low,w_auto/d_ecommerce:backend-fallback.png/MAT_7243646_PCE_LV"
Bros šķīdrums pret odiem un ērcēm 100ml,rimi.lv,5.25,3.62,36.20,€/l,"https://rimibaltic-res.cloudinary.com/image/upload/b_white,c_limit,dpr_auto,f_webp,q_auto:low,w_auto/d_ecommerce:backend-fallback.png/MAT_7247943_PCE_LV"
Āra svece Hansa Candle Maxi 8-10h SO26,rimi.lv,3.99,2.79,,,"https://rimibaltic-res.cloudinary.com/image/upload/b_white,c_limit,dpr_auto,f_webp,q_auto:low,w_auto/d_ecommerce:backend-fallback.png/MAT_7245195_PCE_LV"
S garās zeķes Pc la rochelle nero 2 20d,rimi.lv,8.19,4.91,,,"https://rimibaltic-res.cloudinary.com/image/upload/b_white,c_limit,dpr_auto,f_webp,q_auto:low,w_auto/d_ecommerce:backend-fallback.png/MAT_7008551_PCE_LV"
Siev garās zeķes Pc cannes visone 3 20d,rimi.lv,8.39,5.03,,,"https://rimibaltic-res.cloudinary.com/image/upload/b_white,c_limit,dpr_auto,f_webp,q_auto:low,w_auto/d_ecommerce:backend-fallback.png/MAT_7030595_PCE_LV"
S zeķub.Immagine body plus 20d nero 4,rimi.lv,5.99,3.59,,,"https://rimibaltic-res.cloudinary.com/image/upload/b_white,c_limit,dpr_auto,f_webp,q_auto:low,w_auto/d_ecommerce:backend-fallback.png/MAT_7030887_PCE_LV"
S zeķub.Immagine body plus 20d nature 2,rimi.lv,5.99,3.59,,,"https://rimibaltic-res.cloudinary.com/image/upload/b_white,c_limit,dpr_auto,f_webp,q_auto:low,w_auto/d_ecommerce:backend-fallback.png/MAT_7157246_PCE_LV"
S zeķub.Immagine body plus 20d nature 4,rimi.lv,5.99,3.59,,,"https://rimibaltic-res.cloudinary.com/image/upload/b_white,c_limit,dpr_auto,f_webp,q_auto:low,w_auto/d_ecommerce:backend-fallback.png/MAT_7157261_PCE_LV"
S zeķubikses Pc belfort 40 bronzo 2 40d,rimi.lv,5.29,3.17,,,"https://rimibaltic-res.cloudinary.com/image/upload/b_white,c_limit,dpr_auto,f_webp,q_auto:low,w_auto/d_ecommerce:backend-fallback.png/MAT_7004906_PCE_LV"
S zeķubikses Pc belfort 40 bronzo 4 40d,rimi.lv,5.29,3.17,,,"https://rimibaltic-res.cloudinary.com/image/upload/b_white,c_limit,dpr_auto,f_webp,q_auto:low,w_auto/d_ecommerce:backend-fallback.png/MAT_7004908_PCE_LV"
S zeķubikses Pc belfort 40 bronzo 3 40d,rimi.lv,5.29,3.17,,,"https://rimibaltic-res.cloudinary.com/image/upload/b_white,c_limit,dpr_auto,f_webp,q_auto:low,w_auto/d_ecommerce:backend-fallback.png/MAT_7004907_PCE_LV"
S zeķubikses Pc toulon 40 visone 2 40d,rimi.lv,7.99,4.79,,,"https://rimibaltic-res.cloudinary.com/image/upload/b_white,c_limit,dpr_auto,f_webp,q_auto:low,w_auto/d_ecommerce:backend-fallback.png/MAT_7004940_PCE_LV"
Siev zeķubikses Pc toulon 40 nero 2 40d,rimi.lv,7.99,4.79,,,"https://rimibaltic-res.cloudinary.com/image/upload/b_white,c_limit,dpr_auto,f_webp,q_auto:low,w_auto/d_ecommerce:backend-fallback.png/MAT_7004943_PCE_LV"
Siev zeķubikses Pc toulon 40 nero 4 40d,rimi.lv,7.99,4.79,,,"https://rimibaltic-res.cloudinary.com/image/upload/b_white,c_limit,dpr_auto,f_webp,q_auto:low,w_auto/d_ecommerce:backend-fallback.png/MAT_7004945_PCE_LV"
S zeķubikses Pc belfort 40 bronzo xl 40d,rimi.lv,5.29,3.17,,,"https://rimibaltic-res.cloudinary.com/image/upload/b_white,c_limit,dpr_auto,f_webp,q_auto:low,w_auto/d_ecommerce:backend-fallback.png/MAT_7114657_PCE_LV"
S zeķub.Immagine body plus 40d neutro 2,rimi.lv,6.69,4.01,,,"https://rimibaltic-res.cloudinary.com/image/upload/b_white,c_limit,dpr_auto,f_webp,q_auto:low,w_auto/d_ecommerce:backend-fallback.png/MAT_795835_PCE_LV"
S zeķub.Immagine lola 40d neutro 3,rimi.lv,2.89,1.73,,,"https://rimibaltic-res.cloudinary.com/image/upload/b_white,c_limit,dpr_auto,f_webp,q_auto:low,w_auto/d_ecommerce:backend-fallback.png/MAT_7142375_PCE_LV"
S zeķub.Immagine lola 40d neutro 5,rimi.lv,2.89,1.73,,,"https://rimibaltic-res.cloudinary.com/image/upload/b_white,c_limit,dpr_auto,f_webp,q_auto:low,w_auto/d_ecommerce:backend-fallback.png/MAT_7142404_PCE_LV"
"Pusg.z. Pc cherbourg20den, visone 1/2",rimi.lv,3.19,1.91,,,"https://rimibaltic-res.cloudinary.com/image/upload/b_white,c_limit,dpr_auto,f_webp,q_auto:low,w_auto/d_ecommerce:backend-fallback.png/MAT_7004851_PCE_LV"
Sieviešu zeķes Pc tours nero unica 40d,rimi.lv,2.85,1.71,,,"https://rimibaltic-res.cloudinary.com/image/upload/b_white,c_limit,dpr_auto,f_webp,q_auto:low,w_auto/d_ecommerce:backend-fallback.png/MAT_7004857_PCE_LV"
Siev zeķes Pc alencon bronzo unica 40d,rimi.lv,2.15,1.29,,,"https://rimibaltic-res.cloudinary.com/image/upload/b_white,c_limit,dpr_auto,f_webp,q_auto:low,w_auto/d_ecommerce:backend-fallback.png/MAT_7043653_PCE_LV"
Siev zeķes Pc alencon nero unica 40d,rimi.lv,2.15,1.29,,,"https://rimibaltic-res.cloudinary.com/image/upload/b_white,c_limit,dpr_auto,f_webp,q_auto:low,w_auto/d_ecommerce:backend-fallback.png/MAT_7043654_PCE_LV"
Siev zeķubikses Pc paris fumo 2 150d,rimi.lv,8.69,5.21,,,"https://rimibaltic-res.cloudinary.com/image/upload/b_white,c_limit,dpr_auto,f_webp,q_auto:low,w_auto/d_ecommerce:backend-fallback.png/MAT_7114648_PCE_LV"
Siev zeķubikses Pc paris fumo 3 150d,rimi.lv,8.69,5.21,,,"https://rimibaltic-res.cloudinary.com/image/upload/b_white,c_limit,dpr_auto,f_webp,q_auto:low,w_auto/d_ecommerce:backend-fallback.png/MAT_7114649_PCE_LV"
Siev zeķubikses Pc marseille fumo 4 50d,rimi.lv,6.49,3.89,,,"https://rimibaltic-res.cloudinary.com/image/upload/b_white,c_limit,dpr_auto,f_webp,q_auto:low,w_auto/d_ecommerce:backend-fallback.png/MAT_7114656_PCE_LV"
Sieviešu zeķubikses Pc rouen fumo 3 80d,rimi.lv,8.69,5.21,,,"https://rimibaltic-res.cloudinary.com/image/upload/b_white,c_limit,dpr_auto,f_webp,q_auto:low,w_auto/d_ecommerce:backend-fallback.png/MAT_7114667_PCE_LV"
Sieviešu zeķubikses Pc rouen fumo 4 80d,rimi.lv,8.69,5.21,,,"https://rimibaltic-res.cloudinary.com/image/upload/b_white,c_limit,dpr_auto,f_webp,q_auto:low,w_auto/d_ecommerce:backend-fallback.png/MAT_7114668_PCE_LV"
Trauks desertam 360ml uz kājiņas Diamond,rimi.lv,3.99,2.79,,,"https://rimibaltic-res.cloudinary.com/image/upload/b_white,c_limit,dpr_auto,f_webp,q_auto:low,w_auto/d_ecommerce:backend-fallback.png/MAT_7227081_PCE_LV"
Karafe 1L Selecta,rimi.lv,11.99,8.39,,,"https://rimibaltic-res.cloudinary.com/image/upload/b_white,c_limit,dpr_auto,f_webp,q_auto:low,w_auto/d_ecommerce:backend-fallback.png/MAT_7227082_PCE_LV"
Bļoda Luminarc Cosmos 14cm,rimi.lv,2.79,1.95,,,"https://rimibaltic-res.cloudinary.com/image/upload/b_white,c_limit,dpr_auto,f_webp,q_auto:low,w_auto/d_ecommerce:backend-fallback.png/MAT_7227287_PCE_LV"
Siev zeķubikses Pc marseille fumo 2 50d,rimi.lv,6.49,3.89,,,"https://rimibaltic-res.cloudinary.com/image/upload/b_white,c_limit,dpr_auto,f_webp,q_auto:low,w_auto/d_ecommerce:backend-fallback.png/MAT_7114687_PCE_LV"
Siev zeķubikses Pc marseille fumo 3 50d,rimi.lv,6.49,3.89,,,"https://rimibaltic-res.cloudinary.com/image/upload/b_white,c_limit,dpr_auto,f_webp,q_auto:low,w_auto/d_ecommerce:backend-fallback.png/MAT_7114691_PCE_LV"
Sieviešu zeķubikses Pc rouen fumo xl 80d,rimi.lv,8.69,5.21,,,"https://rimibaltic-res.cloudinary.com/image/upload/b_white,c_limit,dpr_auto,f_webp,q_auto:low,w_auto/d_ecommerce:backend-fallback.png/MAT_7191619_PCE_LV"
S zeķubikses Pc marseille fumo xl 50d,rimi.lv,6.49,3.89,,,"https://rimibaltic-res.cloudinary.com/image/upload/b_white,c_limit,dpr_auto,f_webp,q_auto:low,w_auto/d_ecommerce:backend-fallback.png/MAT_7216064_PCE_LV"
Pīlāra svece rustic 190/68 Rustic Taupe,rimi.lv,6.29,4.40,,,"https://rimibaltic-res.cloudinary.com/image/upload/b_white,c_limit,dpr_auto,f_webp,q_auto:low,w_auto/d_ecommerce:backend-fallback.png/MAT_7257928_PCE_LV"
Dušas želeja Old Spice Captain 675ml,rimi.lv,10.29,8.59,12.73,€/l,"https://rimibaltic-res.cloudinary.com/image/upload/b_white,c_limit,dpr_auto,f_webp,q_auto:low,w_auto/d_ecommerce:backend-fallback.png/MAT_7253705_PCE_LV"
Matu krāsa Syoss Color 7-5 dab. pelnu blonds,rimi.lv,10.59,6.79,,,"https://rimibaltic-res.cloudinary.com/image/upload/b_white,c_limit,dpr_auto,f_webp,q_auto:low,w_auto/d_ecommerce:backend-fallback.png/MAT_7244875_PCE_LV"
Kosm. ota Intervion Rose Gold vaigu sārtumam,rimi.lv,8.99,7.19,,,"https://rimibaltic-res.cloudinary.com/image/upload/b_white,c_limit,dpr_auto,f_webp,q_auto:low,w_auto/d_ecommerce:backend-fallback.png/MAT_7187403_PCE_LV"
Kosm. ota Intervion Passion Line tonāl. kr.,rimi.lv,6.99,5.59,,,"https://rimibaltic-res.cloudinary.com/image/upload/b_white,c_limit,dpr_auto,f_webp,q_auto:low,w_auto/d_ecommerce:backend-fallback.png/MAT_7187404_PCE_LV"
Kosm. ota Intervion tonālajam kr./korektoram,rimi.lv,7.99,6.39,,,"https://rimibaltic-res.cloudinary.com/image/upload/b_white,c_limit,dpr_auto,f_webp,q_auto:low,w_auto/d_ecommerce:backend-fallback.png/MAT_7187405_PCE_LV"
Kosm. ota Intervion Rose Gold acu ēnu pludin.,rimi.lv,3.99,3.19,,,"https://rimibaltic-res.cloudinary.com/image/upload/b_white,c_limit,dpr_auto,f_webp,q_auto:low,w_auto/d_ecommerce:backend-fallback.png/MAT_7187411_PCE_LV"
Kosm. ota Inervion Passion Line acu ēnu plud.,rimi.lv,2.99,2.39,,,"https://rimibaltic-res.cloudinary.com/image/upload/b_white,c_limit,dpr_auto,f_webp,q_auto:low,w_auto/d_ecommerce:backend-fallback.png/MAT_7187413_PCE_LV"
Bros pulveris pret skudrām 250gr,rimi.lv,7.99,5.51,22.04,€/kg,"https://rimibaltic-res.cloudinary.com/image/upload/b_white,c_limit,dpr_auto,f_webp,q_auto:low,w_auto/d_ecommerce:backend-fallback.png/MAT_7247929_PCE_LV"
"Mat, kond. NS Ob. vis.matu tipiem 400ml",rimi.lv,9.29,7.43,18.57,€/l,"https://rimibaltic-res.cloudinary.com/image/upload/b_white,c_limit,dpr_auto,f_webp,q_auto:low,w_auto/d_ecommerce:backend-fallback.png/MAT_7263533_PCE_LV"
Balzams Syoss Repair intensīvs 250ml,rimi.lv,7.49,4.99,19.96,€/l,"https://rimibaltic-res.cloudinary.com/image/upload/b_white,c_limit,dpr_auto,f_webp,q_auto:low,w_auto/d_ecommerce:backend-fallback.png/MAT_7267565_PCE_LV"
Siev zeķubikses Pc sevres bronzo 2 20d,rimi.lv,4.69,2.81,,,"https://rimibaltic-res.cloudinary.com/image/upload/b_white,c_limit,dpr_auto,f_webp,q_auto:low,w_auto/d_ecommerce:backend-fallback.png/MAT_7057421_PCE_LV"
Siev zeķubikses Pc sevres bronzo 3 20d,rimi.lv,4.69,2.81,,,"https://rimibaltic-res.cloudinary.com/image/upload/b_white,c_limit,dpr_auto,f_webp,q_auto:low,w_auto/d_ecommerce:backend-fallback.png/MAT_7057422_PCE_LV"
Siev zeķubikses Pc troyes nero 2 40d,rimi.lv,5.99,3.59,,,"https://rimibaltic-res.cloudinary.com/image/upload/b_white,c_limit,dpr_auto,f_webp,q_auto:low,w_auto/d_ecommerce:backend-fallback.png/MAT_7075033_PCE_LV"
Siev zeķubikses Pc troyes nero 3 40d,rimi.lv,5.99,3.59,,,"https://rimibaltic-res.cloudinary.com/image/upload/b_white,c_limit,dpr_auto,f_webp,q_auto:low,w_auto/d_ecommerce:backend-fallback.png/MAT_7075034_PCE_LV"
Siev zeķubikses Pc troyes nero 4 40d,rimi.lv,5.99,3.59,,,"https://rimibaltic-res.cloudinary.com/image/upload/b_white,c_limit,dpr_auto,f_webp,q_auto:low,w_auto/d_ecommerce:backend-fallback.png/MAT_7075035_PCE_LV"
Siev zeķubikses Pc troyes visone 2 40d,rimi.lv,5.69,3.41,,,"https://rimibaltic-res.cloudinary.com/image/upload/b_white,c_limit,dpr_auto,f_webp,q_auto:low,w_auto/d_ecommerce:backend-fallback.png/MAT_7075036_PCE_LV"
Siev zeķubikses Pc troyes visone 3 40d,rimi.lv,5.69,3.41,,,"https://rimibaltic-res.cloudinary.com/image/upload/b_white,c_limit,dpr_auto,f_webp,q_auto:low,w_auto/d_ecommerce:backend-fallback.png/MAT_7075037_PCE_LV"
Siev zeķubikses Pc troyes visone 4 40d,rimi.lv,5.69,3.41,,,"https://rimibaltic-res.cloudinary.com/image/upload/b_white,c_limit,dpr_auto,f_webp,q_auto:low,w_auto/d_ecommerce:backend-fallback.png/MAT_7075038_PCE_LV"
Siev zeķubikses Pc vichy antilope 2 40d,rimi.lv,4.99,2.99,,,"https://rimibaltic-res.cloudinary.com/image/upload/b_white,c_limit,dpr_auto,f_webp,q_auto:low,w_auto/d_ecommerce:backend-fallback.png/MAT_7075039_PCE_LV"
Siev zeķubikses Pc vichy antilope 3 40d,rimi.lv,4.99,2.99,,,"https://rimibaltic-res.cloudinary.com/image/upload/b_white,c_limit,dpr_auto,f_webp,q_auto:low,w_auto/d_ecommerce:backend-fallback.png/MAT_7075040_PCE_LV"
Sieviešu zeķubikses Pc vichy nero 2 40d,rimi.lv,4.99,2.99,,,"https://rimibaltic-res.cloudinary.com/image/upload/b_white,c_limit,dpr_auto,f_webp,q_auto:low,w_auto/d_ecommerce:backend-fallback.png/MAT_7075045_PCE_LV"
Sieviešu zeķubikses Pc vichy nero 3 40d,rimi.lv,4.99,2.99,,,"https://rimibaltic-res.cloudinary.com/image/upload/b_white,c_limit,dpr_auto,f_webp,q_auto:low,w_auto/d_ecommerce:backend-fallback.png/MAT_7075046_PCE_LV"
"Zeķbikses pc belfort 20 20den, nero 4",rimi.lv,4.39,2.63,,,"https://rimibaltic-res.cloudinary.com/image/upload/b_white,c_limit,dpr_auto,f_webp,q_auto:low,w_auto/d_ecommerce:backend-fallback.png/MAT_7079056_PCE_LV"
"Zeķbikses pc belfort 20 20den, visone 3",rimi.lv,4.39,2.63,,,"https://rimibaltic-res.cloudinary.com/image/upload/b_white,c_limit,dpr_auto,f_webp,q_auto:low,w_auto/d_ecommerce:backend-fallback.png/MAT_7079091_PCE_LV"
"Zeķbikses pc belfort 20 20den, visone 4",rimi.lv,4.39,2.63,,,"https://rimibaltic-res.cloudinary.com/image/upload/b_white,c_limit,dpr_auto,f_webp,q_auto:low,w_auto/d_ecommerce:backend-fallback.png/MAT_7079092_PCE_LV"
"Zeķbikses pc belfort 20 20den, nero 3",rimi.lv,4.39,2.63,,,"https://rimibaltic-res.cloudinary.com/image/upload/b_white,c_limit,dpr_auto,f_webp,q_auto:low,w_auto/d_ecommerce:backend-fallback.png/MAT_7079095_PCE_LV"
S zeķubikses Pc nice noisette xl 20d,rimi.lv,4.99,2.99,,,"https://rimibaltic-res.cloudinary.com/image/upload/b_white,c_limit,dpr_auto,f_webp,q_auto:low,w_auto/d_ecommerce:backend-fallback.png/MAT_7141019_PCE_LV"
Siev zeķubikses Pc corsica visone xl 40d,rimi.lv,6.19,3.71,,,"https://rimibaltic-res.cloudinary.com/image/upload/b_white,c_limit,dpr_auto,f_webp,q_auto:low,w_auto/d_ecommerce:backend-fallback.png/MAT_7191627_PCE_LV"
Siev zeķubikses Pc corsica nero xl 40d,rimi.lv,6.19,3.71,,,"https://rimibaltic-res.cloudinary.com/image/upload/b_white,c_limit,dpr_auto,f_webp,q_auto:low,w_auto/d_ecommerce:backend-fallback.png/MAT_7191618_PCE_LV"
Auto logu slotiņa Bosch AeroECO 48cm,rimi.lv,12.99,7.79,,,"https://rimibaltic-res.cloudinary.com/image/upload/b_white,c_limit,dpr_auto,f_webp,q_auto:low,w_auto/d_ecommerce:backend-fallback.png/MAT_7206438_PCE_LV"
S zeķubikses Pc avignon nero 4 40d,rimi.lv,7.79,4.67,,,"https://rimibaltic-res.cloudinary.com/image/upload/b_white,c_limit,dpr_auto,f_webp,q_auto:low,w_auto/d_ecommerce:backend-fallback.png/MAT_7216058_PCE_LV"
S zeķubikses Pc avignon antilope 2 40d,rimi.lv,7.79,4.67,,,"https://rimibaltic-res.cloudinary.com/image/upload/b_white,c_limit,dpr_auto,f_webp,q_auto:low,w_auto/d_ecommerce:backend-fallback.png/MAT_7216059_PCE_LV"
S zeķubikses Pc avignon nero 3 40d,rimi.lv,7.79,4.67,,,"https://rimibaltic-res.cloudinary.com/image/upload/b_white,c_limit,dpr_auto,f_webp,q_auto:low,w_auto/d_ecommerce:backend-fallback.png/MAT_7216061_PCE_LV"
S zeķubikses Pc avignon nero 2 40d,rimi.lv,7.79,4.67,,,"https://rimibaltic-res.cloudinary.com/image/upload/b_white,c_limit,dpr_auto,f_webp,q_auto:low,w_auto/d_ecommerce:backend-fallback.png/MAT_7216062_PCE_LV"
S zeķubikses Pc avignon antilope 4 40d,rimi.lv,7.79,4.67,,,"https://rimibaltic-res.cloudinary.com/image/upload/b_white,c_limit,dpr_auto,f_webp,q_auto:low,w_auto/d_ecommerce:backend-fallback.png/MAT_7216069_PCE_LV"
S zeķubikses Pc avignon antilope 3 40d,rimi.lv,7.79,4.67,,,"https://rimibaltic-res.cloudinary.com/image/upload/b_white,c_limit,dpr_auto,f_webp,q_auto:low,w_auto/d_ecommerce:backend-fallback.png/MAT_7216071_PCE_LV"
S zeķubikses Pc la manche bronzo 2 40d,rimi.lv,4.99,2.99,,,"https://rimibaltic-res.cloudinary.com/image/upload/b_white,c_limit,dpr_auto,f_webp,q_auto:low,w_auto/d_ecommerce:backend-fallback.png/MAT_7004918_PCE_LV"
S zeķubikses Pc la manche bronzo 4 40d,rimi.lv,4.99,2.99,,,"https://rimibaltic-res.cloudinary.com/image/upload/b_white,c_limit,dpr_auto,f_webp,q_auto:low,w_auto/d_ecommerce:backend-fallback.png/MAT_7004930_PCE_LV"
"Zeķbikses pc chamonix 20den, nero 2",rimi.lv,4.79,2.87,,,"https://rimibaltic-res.cloudinary.com/image/upload/b_white,c_limit,dpr_auto,f_webp,q_auto:low,w_auto/d_ecommerce:backend-fallback.png/MAT_7008526_PCE_LV"
"Zeķbikses pc chamonix 20den, nero 3",rimi.lv,4.79,2.87,,,"https://rimibaltic-res.cloudinary.com/image/upload/b_white,c_limit,dpr_auto,f_webp,q_auto:low,w_auto/d_ecommerce:backend-fallback.png/MAT_7008527_PCE_LV"
"Zeķbikses pc chamonix 20den, nero 4",rimi.lv,4.79,2.87,,,"https://rimibaltic-res.cloudinary.com/image/upload/b_white,c_limit,dpr_auto,f_webp,q_auto:low,w_auto/d_ecommerce:backend-fallback.png/MAT_7008528_PCE_LV"
"Zeķbikses pc chamonix 20den, visone 2",rimi.lv,4.79,2.87,,,"https://rimibaltic-res.cloudinary.com/image/upload/b_white,c_limit,dpr_auto,f_webp,q_auto:low,w_auto/d_ecommerce:backend-fallback.png/MAT_7008532_PCE_LV"
"Zeķbikses pc blois20den, nero 2",rimi.lv,5.29,3.17,,,"https://rimibaltic-res.cloudinary.com/image/upload/b_white,c_limit,dpr_auto,f_webp,q_auto:low,w_auto/d_ecommerce:backend-fallback.png/MAT_7008560_PCE_LV"
"Zeķbikses pc blois20den, nero 3",rimi.lv,5.29,3.17,,,"https://rimibaltic-res.cloudinary.com/image/upload/b_white,c_limit,dpr_auto,f_webp,q_auto:low,w_auto/d_ecommerce:backend-fallback.png/MAT_7008561_PCE_LV"
"Zeķbikses pc blois20den, nero 4",rimi.lv,5.29,3.17,,,"https://rimibaltic-res.cloudinary.com/image/upload/b_white,c_limit,dpr_auto,f_webp,q_auto:low,w_auto/d_ecommerce:backend-fallback.png/MAT_7008562_PCE_LV"
Siev zeķubikses Pc blois visone 2 20d,rimi.lv,5.29,3.17,,,"https://rimibaltic-res.cloudinary.com/image/upload/b_white,c_limit,dpr_auto,f_webp,q_auto:low,w_auto/d_ecommerce:backend-fallback.png/MAT_7008563_PCE_LV"
Siev zeķubikses Pc blois visone 4 20d,rimi.lv,5.29,3.17,,,"https://rimibaltic-res.cloudinary.com/image/upload/b_white,c_limit,dpr_auto,f_webp,q_auto:low,w_auto/d_ecommerce:backend-fallback.png/MAT_7008565_PCE_LV"
Siev zeķubikses Pc corsica nero 2 40d,rimi.lv,6.19,3.71,,,"https://rimibaltic-res.cloudinary.com/image/upload/b_white,c_limit,dpr_auto,f_webp,q_auto:low,w_auto/d_ecommerce:backend-fallback.png/MAT_7020021_PCE_LV"
Siev zeķubikses Pc corsica visone 2 40d,rimi.lv,6.19,3.71,,,"https://rimibaltic-res.cloudinary.com/image/upload/b_white,c_limit,dpr_auto,f_webp,q_auto:low,w_auto/d_ecommerce:backend-fallback.png/MAT_7020024_PCE_LV"
Siev zeķubikses Pc corsica visone 4 40d,rimi.lv,6.19,3.71,,,"https://rimibaltic-res.cloudinary.com/image/upload/b_white,c_limit,dpr_auto,f_webp,q_auto:low,w_auto/d_ecommerce:backend-fallback.png/MAT_7020026_PCE_LV"
S zeķubikses Pc nice noisette 2 20d,rimi.lv,4.99,2.99,,,"https://rimibaltic-res.cloudinary.com/image/upload/b_white,c_limit,dpr_auto,f_webp,q_auto:low,w_auto/d_ecommerce:backend-fallback.png/MAT_7030579_PCE_LV"
S zeķubikses Pc nice noisette 3 20d,rimi.lv,4.99,2.99,,,"https://rimibaltic-res.cloudinary.com/image/upload/b_white,c_limit,dpr_auto,f_webp,q_auto:low,w_auto/d_ecommerce:backend-fallback.png/MAT_7030580_PCE_LV"
S zeķubikses Pc nice noisette 4 20d,rimi.lv,4.99,2.99,,,"https://rimibaltic-res.cloudinary.com/image/upload/b_white,c_limit,dpr_auto,f_webp,q_auto:low,w_auto/d_ecommerce:backend-fallback.png/MAT_7030581_PCE_LV"
Siev garās zeķes Pc cannes nero 2 20d,rimi.lv,8.39,5.03,,,"https://rimibaltic-res.cloudinary.com/image/upload/b_white,c_limit,dpr_auto,f_webp,q_auto:low,w_auto/d_ecommerce:backend-fallback.png/MAT_7030591_PCE_LV"
Siev garās zeķes Pc cannes nero 3 20d,rimi.lv,8.39,5.03,,,"https://rimibaltic-res.cloudinary.com/image/upload/b_white,c_limit,dpr_auto,f_webp,q_auto:low,w_auto/d_ecommerce:backend-fallback.png/MAT_7030592_PCE_LV"
Siev garās zeķes Pc cannes nero 4 20d,rimi.lv,8.39,5.03,,,"https://rimibaltic-res.cloudinary.com/image/upload/b_white,c_limit,dpr_auto,f_webp,q_auto:low,w_auto/d_ecommerce:backend-fallback.png/MAT_7030593_PCE_LV"
"Dz.aparātu baterijas Energizer 675, 4gab",rimi.lv,7.99,4.79,,,"https://rimibaltic-res.cloudinary.com/image/upload/b_white,c_limit,dpr_auto,f_webp,q_auto:low,w_auto/d_ecommerce:backend-fallback.png/MAT_7277606_PCE_LV"
"Dz.aparātu baterijas Energizer 10, 8gab",rimi.lv,7.99,4.79,,,"https://rimibaltic-res.cloudinary.com/image/upload/b_white,c_limit,dpr_auto,f_webp,q_auto:low,w_auto/d_ecommerce:backend-fallback.png/MAT_7277597_PCE_LV"
"Dz.aparātu baterijas Energizer 13, 8gab",rimi.lv,7.99,4.79,,,"https://rimibaltic-res.cloudinary.com/image/upload/b_white,c_limit,dpr_auto,f_webp,q_auto:low,w_auto/d_ecommerce:backend-fallback.png/MAT_7277607_PCE_LV"
Baterijas Energizer Max Plus E92 BP4,rimi.lv,5.69,3.39,,,"https://rimibaltic-res.cloudinary.com/image/upload/b_white,c_limit,dpr_auto,f_webp,q_auto:low,w_auto/d_ecommerce:backend-fallback.png/MAT_730483_PCE_LV"
Uzlād. baterija Energizer AA CPH4 4 gab,rimi.lv,15.99,9.59,,,"https://rimibaltic-res.cloudinary.com/image/upload/b_white,c_limit,dpr_auto,f_webp,q_auto:low,w_auto/d_ecommerce:backend-fallback.png/MAT_7251754_PCE_LV"
Lampiņu virtene 24LED daudzkrāsaina CH26,rimi.lv,3.99,2.79,,,"https://rimibaltic-res.cloudinary.com/image/upload/b_white,c_limit,dpr_auto,f_webp,q_auto:low,w_auto/d_ecommerce:backend-fallback.png/MAT_7273798_PCE_LV"
Lampiņu virtene 96LED daudzkrāsaina CH26,rimi.lv,5.99,4.19,,,"https://rimibaltic-res.cloudinary.com/image/upload/b_white,c_limit,dpr_auto,f_webp,q_auto:low,w_auto/d_ecommerce:backend-fallback.png/MAT_7273813_PCE_LV"
Lampiņu virtene 24LED silti balta CH26,rimi.lv,3.99,2.79,,,"https://rimibaltic-res.cloudinary.com/image/upload/b_white,c_limit,dpr_auto,f_webp,q_auto:low,w_auto/d_ecommerce:backend-fallback.png/MAT_7273833_PCE_LV"
Mākslīgās sūnas plakanas 28cm HW26,rimi.lv,3.49,2.09,,,"https://rimibaltic-res.cloudinary.com/image/upload/b_white,c_limit,dpr_auto,f_webp,q_auto:low,w_auto/d_ecommerce:backend-fallback.png/MAT_7276207_PCE_LV"
S zeķub.Immagine malia 20d nero 2,rimi.lv,3.79,2.27,,,"https://rimibaltic-res.cloudinary.com/image/upload/b_white,c_limit,dpr_auto,f_webp,q_auto:low,w_auto/d_ecommerce:backend-fallback.png/MAT_761716_PCE_LV"
S zeķub.Immagine malia 20d visone 2,rimi.lv,3.79,2.27,,,"https://rimibaltic-res.cloudinary.com/image/upload/b_white,c_limit,dpr_auto,f_webp,q_auto:low,w_auto/d_ecommerce:backend-fallback.png/MAT_761719_PCE_LV"
S zeķub.Immagine malia 20d visone 4,rimi.lv,3.79,2.27,,,"https://rimibaltic-res.cloudinary.com/image/upload/b_white,c_limit,dpr_auto,f_webp,q_auto:low,w_auto/d_ecommerce:backend-fallback.png/MAT_761721_PCE_LV"
S zeķub.Immagine only 20d nero 3,rimi.lv,2.95,1.77,,,"https://rimibaltic-res.cloudinary.com/image/upload/b_white,c_limit,dpr_auto,f_webp,q_auto:low,w_auto/d_ecommerce:backend-fallback.png/MAT_7157256_PCE_LV"
S zeķub.Immagine only 20d nero 5,rimi.lv,2.95,1.77,,,"https://rimibaltic-res.cloudinary.com/image/upload/b_white,c_limit,dpr_auto,f_webp,q_auto:low,w_auto/d_ecommerce:backend-fallback.png/MAT_7157266_PCE_LV"
Krūze Libbey Bill 240ml,rimi.lv,2.89,2.02,,,"https://rimibaltic-res.cloudinary.com/image/upload/b_white,c_limit,dpr_auto,f_webp,q_auto:low,w_auto/d_ecommerce:backend-fallback.png/MAT_7017142_PCE_LV"
Glāzes RL Gin Tonic 650ml 4gab,rimi.lv,17.99,12.59,,,"https://rimibaltic-res.cloudinary.com/image/upload/b_white,c_limit,dpr_auto,f_webp,q_auto:low,w_auto/d_ecommerce:backend-fallback.png/MAT_7227158_PCE_LV"
Glāzes Bohemia Sylvia 400ml 6gab.,rimi.lv,22.99,16.09,,,"https://rimibaltic-res.cloudinary.com/image/upload/b_white,c_limit,dpr_auto,f_webp,q_auto:low,w_auto/d_ecommerce:backend-fallback.png/MAT_7280646_PCE_LV"
Bļoda Stor Paw Patrol 16cm,rimi.lv,2.99,2.09,,,"https://rimibaltic-res.cloudinary.com/image/upload/b_white,c_limit,dpr_auto,f_webp,q_auto:low,w_auto/d_ecommerce:backend-fallback.png/MAT_7280648_PCE_LV"
Krūze Stor Frozen 350ml,rimi.lv,3.49,2.44,,,"https://rimibaltic-res.cloudinary.com/image/upload/b_white,c_limit,dpr_auto,f_webp,q_auto:low,w_auto/d_ecommerce:backend-fallback.png/MAT_7280649_PCE_LV"
Bļoda Stor Frozen 16cm,rimi.lv,2.99,2.09,,,"https://rimibaltic-res.cloudinary.com/image/upload/b_white,c_limit,dpr_auto,f_webp,q_auto:low,w_auto/d_ecommerce:backend-fallback.png/MAT_7280653_PCE_LV"
Šķīvis Stor Paw Patrol 22cm,rimi.lv,3.79,2.65,,,"https://rimibaltic-res.cloudinary.com/image/upload/b_white,c_limit,dpr_auto,f_webp,q_auto:low,w_auto/d_ecommerce:backend-fallback.png/MAT_7280654_PCE_LV"
Glāze Stor Frozen 260ml,rimi.lv,1.59,1.11,,,"https://rimibaltic-res.cloudinary.com/image/upload/b_white,c_limit,dpr_auto,f_webp,q_auto:low,w_auto/d_ecommerce:backend-fallback.png/MAT_7280655_PCE_LV"
"Paplāte Maku 31,5x15cm",rimi.lv,12.99,9.09,,,"https://rimibaltic-res.cloudinary.com/image/upload/b_white,c_limit,dpr_auto,f_webp,q_auto:low,w_auto/d_ecommerce:backend-fallback.png/MAT_7280693_PCE_LV"
Dzirnavas garšvielām Maku 16cm,rimi.lv,11.99,8.39,,,"https://rimibaltic-res.cloudinary.com/image/upload/b_white,c_limit,dpr_auto,f_webp,q_auto:low,w_auto/d_ecommerce:backend-fallback.png/MAT_7280694_PCE_LV"
Konjaka glāzes Crystalex 250ml/6gab,rimi.lv,14.99,10.49,,,"https://rimibaltic-res.cloudinary.com/image/upload/b_white,c_limit,dpr_auto,f_webp,q_auto:low,w_auto/d_ecommerce:backend-fallback.png/MAT_7280697_PCE_LV"
Liķiera glāzes Crystalex 50ml//6gab,rimi.lv,12.99,9.09,,,"https://rimibaltic-res.cloudinary.com/image/upload/b_white,c_limit,dpr_auto,f_webp,q_auto:low,w_auto/d_ecommerce:backend-fallback.png/MAT_7280699_PCE_LV"
Šampanieša glāzes Crystalex 180ml/6gab,rimi.lv,14.99,10.49,,,"https://rimibaltic-res.cloudinary.com/image/upload/b_white,c_limit,dpr_auto,f_webp,q_auto:low,w_auto/d_ecommerce:backend-fallback.png/MAT_7280703_PCE_LV"
Deserta šķīvis Keramika 21cm melns,rimi.lv,2.99,2.09,,,"https://rimibaltic-res.cloudinary.com/image/upload/b_white,c_limit,dpr_auto,f_webp,q_auto:low,w_auto/d_ecommerce:backend-fallback.png/MAT_7280739_PCE_LV"
Deserta šķīvis Keramika 21cm pelēks,rimi.lv,2.99,2.09,,,"https://rimibaltic-res.cloudinary.com/image/upload/b_white,c_limit,dpr_auto,f_webp,q_auto:low,w_auto/d_ecommerce:backend-fallback.png/MAT_7280749_PCE_LV"
Krūze Keramika zaļa,rimi.lv,2.99,2.09,,,"https://rimibaltic-res.cloudinary.com/image/upload/b_white,c_limit,dpr_auto,f_webp,q_auto:low,w_auto/d_ecommerce:backend-fallback.png/MAT_7280753_PCE_LV"
Bļoda Keramika 15cm pelēka,rimi.lv,3.49,2.44,,,"https://rimibaltic-res.cloudinary.com/image/upload/b_white,c_limit,dpr_auto,f_webp,q_auto:low,w_auto/d_ecommerce:backend-fallback.png/MAT_7280755_PCE_LV"
Pusdienu šķīvis Keramika 27 cm melns,rimi.lv,4.99,3.49,,,"https://rimibaltic-res.cloudinary.com/image/upload/b_white,c_limit,dpr_auto,f_webp,q_auto:low,w_auto/d_ecommerce:backend-fallback.png/MAT_7280756_PCE_LV"
Zupas šķīvis Keramika 22cm sarkans,rimi.lv,3.69,2.58,,,"https://rimibaltic-res.cloudinary.com/image/upload/b_white,c_limit,dpr_auto,f_webp,q_auto:low,w_auto/d_ecommerce:backend-fallback.png/MAT_7280758_PCE_LV"
Deserta šķīvis Keramika 21cm zaļš,rimi.lv,2.99,2.09,,,"https://rimibaltic-res.cloudinary.com/image/upload/b_white,c_limit,dpr_auto,f_webp,q_auto:low,w_auto/d_ecommerce:backend-fallback.png/MAT_7280760_PCE_LV"
Deserta šķīvis Keramika 21cm sarkans,rimi.lv,2.99,2.09,,,"https://rimibaltic-res.cloudinary.com/image/upload/b_white,c_limit,dpr_auto,f_webp,q_auto:low,w_auto/d_ecommerce:backend-fallback.png/MAT_7280762_PCE_LV"
Pusdienu šķīvis Keramika 27 cm sarkans,rimi.lv,4.99,3.49,,,"https://rimibaltic-res.cloudinary.com/image/upload/b_white,c_limit,dpr_auto,f_webp,q_auto:low,w_auto/d_ecommerce:backend-fallback.png/MAT_7280765_PCE_LV"
Zupas šķīvis Keramika 22cm zaļš,rimi.lv,3.69,2.58,,,"https://rimibaltic-res.cloudinary.com/image/upload/b_white,c_limit,dpr_auto,f_webp,q_auto:low,w_auto/d_ecommerce:backend-fallback.png/MAT_7280766_PCE_LV"
Deserta šķīvis Keramika 21cm bēšs,rimi.lv,2.99,2.09,,,"https://rimibaltic-res.cloudinary.com/image/upload/b_white,c_limit,dpr_auto,f_webp,q_auto:low,w_auto/d_ecommerce:backend-fallback.png/MAT_7280768_PCE_LV"
Bļoda Keramika 15cm melna,rimi.lv,3.49,2.44,,,"https://rimibaltic-res.cloudinary.com/image/upload/b_white,c_limit,dpr_auto,f_webp,q_auto:low,w_auto/d_ecommerce:backend-fallback.png/MAT_7280770_PCE_LV"
Zupas šķīvis Keramika 22cm pelēks,rimi.lv,3.69,2.58,,,"https://rimibaltic-res.cloudinary.com/image/upload/b_white,c_limit,dpr_auto,f_webp,q_auto:low,w_auto/d_ecommerce:backend-fallback.png/MAT_7280773_PCE_LV"
Pusdienu šķīvis Keramika 27 cm zaļš,rimi.lv,4.99,3.49,,,"https://rimibaltic-res.cloudinary.com/image/upload/b_white,c_limit,dpr_auto,f_webp,q_auto:low,w_auto/d_ecommerce:backend-fallback.png/MAT_7280784_PCE_LV"
S zeķes Immagine mia 20d neutro,rimi.lv,2.49,1.49,,,"https://rimibaltic-res.cloudinary.com/image/upload/b_white,c_limit,dpr_auto,f_webp,q_auto:low,w_auto/d_ecommerce:backend-fallback.png/MAT_7205124_PCE_LV"
S zeķes Immagine mia 20d nero,rimi.lv,2.49,1.49,,,"https://rimibaltic-res.cloudinary.com/image/upload/b_white,c_limit,dpr_auto,f_webp,q_auto:low,w_auto/d_ecommerce:backend-fallback.png/MAT_7205131_PCE_LV"
S pusg. zeķes Immagine emi 20d neutro,rimi.lv,2.99,1.79,,,"https://rimibaltic-res.cloudinary.com/image/upload/b_white,c_limit,dpr_auto,f_webp,q_auto:low,w_auto/d_ecommerce:backend-fallback.png/MAT_7205153_PCE_LV"
S zeķes Immagine mia 40d nero,rimi.lv,2.79,1.67,,,"https://rimibaltic-res.cloudinary.com/image/upload/b_white,c_limit,dpr_auto,f_webp,q_auto:low,w_auto/d_ecommerce:backend-fallback.png/MAT_7215894_PCE_LV"
S zeķes Immagine mia 40d neutro,rimi.lv,2.79,1.67,,,"https://rimibaltic-res.cloudinary.com/image/upload/b_white,c_limit,dpr_auto,f_webp,q_auto:low,w_auto/d_ecommerce:backend-fallback.png/MAT_7215895_PCE_LV"
"G.zeķes pc st.tropez 20den, antilope 2",rimi.lv,8.19,4.91,,,"https://rimibaltic-res.cloudinary.com/image/upload/b_white,c_limit,dpr_auto,f_webp,q_auto:low,w_auto/d_ecommerce:backend-fallback.png/MAT_7004866_PCE_LV"
"G.zeķes pc st.tropez 20den, nero 4",rimi.lv,8.69,5.21,,,"https://rimibaltic-res.cloudinary.com/image/upload/b_white,c_limit,dpr_auto,f_webp,q_auto:low,w_auto/d_ecommerce:backend-fallback.png/MAT_7004881_PCE_LV"
"Zeķbikses pc toulon 2020den, nero 4",rimi.lv,4.99,2.99,,,"https://rimibaltic-res.cloudinary.com/image/upload/b_white,c_limit,dpr_auto,f_webp,q_auto:low,w_auto/d_ecommerce:backend-fallback.png/MAT_7079089_PCE_LV"
"Zeķbikses pc toulon 2020den, visone 2",rimi.lv,4.99,2.99,,,"https://rimibaltic-res.cloudinary.com/image/upload/b_white,c_limit,dpr_auto,f_webp,q_auto:low,w_auto/d_ecommerce:backend-fallback.png/MAT_7079210_PCE_LV"
"Zeķbikses pc toulon 2020den, visone 4",rimi.lv,4.99,2.99,,,"https://rimibaltic-res.cloudinary.com/image/upload/b_white,c_limit,dpr_auto,f_webp,q_auto:low,w_auto/d_ecommerce:backend-fallback.png/MAT_7079212_PCE_LV"
Siev zeķubikses Pc toulon 20 nero 2 20d,rimi.lv,4.99,2.99,,,"https://rimibaltic-res.cloudinary.com/image/upload/b_white,c_limit,dpr_auto,f_webp,q_auto:low,w_auto/d_ecommerce:backend-fallback.png/MAT_7079213_PCE_LV"
Siev zeķubikses Pc toulouse nero 3 200d,rimi.lv,9.79,5.87,,,"https://rimibaltic-res.cloudinary.com/image/upload/b_white,c_limit,dpr_auto,f_webp,q_auto:low,w_auto/d_ecommerce:backend-fallback.png/MAT_7090623_PCE_LV"
Siev zeķubikses Pc toulouse fumo 3 200d,rimi.lv,9.79,5.87,,,"https://rimibaltic-res.cloudinary.com/image/upload/b_white,c_limit,dpr_auto,f_webp,q_auto:low,w_auto/d_ecommerce:backend-fallback.png/MAT_7114639_PCE_LV"
S zeķubikses Pc belfort 70 nero 2 70d,rimi.lv,6.99,4.19,,,"https://rimibaltic-res.cloudinary.com/image/upload/b_white,c_limit,dpr_auto,f_webp,q_auto:low,w_auto/d_ecommerce:backend-fallback.png/MAT_7114646_PCE_LV"
S zeķubikses Pc belfort 70 bronzo 2 70d,rimi.lv,6.99,4.19,,,"https://rimibaltic-res.cloudinary.com/image/upload/b_white,c_limit,dpr_auto,f_webp,q_auto:low,w_auto/d_ecommerce:backend-fallback.png/MAT_7114672_PCE_LV"
S zeķubikses Pc belfort 70 bronzo 3 70d,rimi.lv,6.99,4.19,,,"https://rimibaltic-res.cloudinary.com/image/upload/b_white,c_limit,dpr_auto,f_webp,q_auto:low,w_auto/d_ecommerce:backend-fallback.png/MAT_7114673_PCE_LV"
Siev zeķubikses Pc toulouse fumo 4 200d,rimi.lv,9.79,5.87,,,"https://rimibaltic-res.cloudinary.com/image/upload/b_white,c_limit,dpr_auto,f_webp,q_auto:low,w_auto/d_ecommerce:backend-fallback.png/MAT_7114674_PCE_LV"
S zeķubikses Pc marseille caffe 3 50d,rimi.lv,6.49,3.89,,,"https://rimibaltic-res.cloudinary.com/image/upload/b_white,c_limit,dpr_auto,f_webp,q_auto:low,w_auto/d_ecommerce:backend-fallback.png/MAT_7273909_PCE_LV"
S zeķubikses Pc marseille caffe 2 50d,rimi.lv,6.49,3.89,,,"https://rimibaltic-res.cloudinary.com/image/upload/b_white,c_limit,dpr_auto,f_webp,q_auto:low,w_auto/d_ecommerce:backend-fallback.png/MAT_7273920_PCE_LV"
Siev zeķubikses Pc dijon nero 2 40d,rimi.lv,7.19,4.31,,,"https://rimibaltic-res.cloudinary.com/image/upload/b_white,c_limit,dpr_auto,f_webp,q_auto:low,w_auto/d_ecommerce:backend-fallback.png/MAT_796663_PCE_LV"
Siev zeķubikses Pc dijon nero 3 40d,rimi.lv,7.19,4.31,,,"https://rimibaltic-res.cloudinary.com/image/upload/b_white,c_limit,dpr_auto,f_webp,q_auto:low,w_auto/d_ecommerce:backend-fallback.png/MAT_796664_PCE_LV"
Siev zeķubikses Pc dijon nero 4 40d,rimi.lv,7.19,4.31,,,"https://rimibaltic-res.cloudinary.com/image/upload/b_white,c_limit,dpr_auto,f_webp,q_auto:low,w_auto/d_ecommerce:backend-fallback.png/MAT_796665_PCE_LV"
Siev zeķubikses Pc dijon visone 2 40d,rimi.lv,7.19,4.31,,,"https://rimibaltic-res.cloudinary.com/image/upload/b_white,c_limit,dpr_auto,f_webp,q_auto:low,w_auto/d_ecommerce:backend-fallback.png/MAT_796666_PCE_LV"
Siev zeķubikses Pc dijon visone 4 40d,rimi.lv,7.19,4.31,,,"https://rimibaltic-res.cloudinary.com/image/upload/b_white,c_limit,dpr_auto,f_webp,q_auto:low,w_auto/d_ecommerce:backend-fallback.png/MAT_796668_PCE_LV"
"Mitrās salvetes auto kopš.GLOSS, Lemon",rimi.lv,2.49,1.49,,,"https://rimibaltic-res.cloudinary.com/image/upload/b_white,c_limit,dpr_auto,f_webp,q_auto:low,w_auto/d_ecommerce:backend-fallback.png/MAT_7235134_PCE_LV"
Vanilla paneļa aerosols ArmorAll 500ml,rimi.lv,5.99,3.59,7.18,€/l,"https://rimibaltic-res.cloudinary.com/image/upload/b_white,c_limit,dpr_auto,f_webp,q_auto:low,w_auto/d_ecommerce:backend-fallback.png/MAT_7279453_PCE_LV"
Gaisa atsv. Pearls Fresh Bag Vanilla,rimi.lv,2.99,1.79,,,"https://rimibaltic-res.cloudinary.com/image/upload/b_white,c_limit,dpr_auto,f_webp,q_auto:low,w_auto/d_ecommerce:backend-fallback.png/MAT_7279458_PCE_LV"
Gaisa atsv. Clip-it Fresh - Vanilla,rimi.lv,3.49,2.09,,,"https://rimibaltic-res.cloudinary.com/image/upload/b_white,c_limit,dpr_auto,f_webp,q_auto:low,w_auto/d_ecommerce:backend-fallback.png/MAT_7279468_PCE_LV"
Disku tīrītājs color ch. Ultra 500ml,rimi.lv,10.99,6.59,,,"https://rimibaltic-res.cloudinary.com/image/upload/b_white,c_limit,dpr_auto,f_webp,q_auto:low,w_auto/d_ecommerce:backend-fallback.png/MAT_7279474_PCE_LV"
"Auto šampūns ar vasku, Ultra 1L",rimi.lv,5.99,3.59,,,"https://rimibaltic-res.cloudinary.com/image/upload/b_white,c_limit,dpr_auto,f_webp,q_auto:low,w_auto/d_ecommerce:backend-fallback.png/MAT_7279482_PCE_LV"
Gaisa atsv. Little Joe Vanilla,rimi.lv,4.99,2.99,,,"https://rimibaltic-res.cloudinary.com/image/upload/b_white,c_limit,dpr_auto,f_webp,q_auto:low,w_auto/d_ecommerce:backend-fallback.png/MAT_7279484_PCE_LV"
Gaisa atsv. Clip-it Fresh - Cherry,rimi.lv,3.49,2.09,,,"https://rimibaltic-res.cloudinary.com/image/upload/b_white,c_limit,dpr_auto,f_webp,q_auto:low,w_auto/d_ecommerce:backend-fallback.png/MAT_7279486_PCE_LV"
Gaisa atsv. Clip-it Fresh - New car,rimi.lv,3.49,2.09,,,"https://rimibaltic-res.cloudinary.com/image/upload/b_white,c_limit,dpr_auto,f_webp,q_auto:low,w_auto/d_ecommerce:backend-fallback.png/MAT_7279488_PCE_LV"
Gaisa atsv. Little Joe Cherry,rimi.lv,4.99,2.99,,,"https://rimibaltic-res.cloudinary.com/image/upload/b_white,c_limit,dpr_auto,f_webp,q_auto:low,w_auto/d_ecommerce:backend-fallback.png/MAT_7279490_PCE_LV"
Gaisa atsv. Little Joe Fruit,rimi.lv,4.99,2.99,,,"https://rimibaltic-res.cloudinary.com/image/upload/b_white,c_limit,dpr_auto,f_webp,q_auto:low,w_auto/d_ecommerce:backend-fallback.png/MAT_7279501_PCE_LV"
Kokteiļa glāzes Royal Leerdam 4 gab,rimi.lv,16.99,11.89,,,"https://rimibaltic-res.cloudinary.com/image/upload/b_white,c_limit,dpr_auto,f_webp,q_auto:low,w_auto/d_ecommerce:backend-fallback.png/MAT_7283268_PCE_LV"
Americano krūzes RL 370 ml 6 gab,rimi.lv,19.99,13.99,,,"https://rimibaltic-res.cloudinary.com/image/upload/b_white,c_limit,dpr_auto,f_webp,q_auto:low,w_auto/d_ecommerce:backend-fallback.png/MAT_7283309_PCE_LV"
Kafijas krūzes Royal Leerdam 260ml 6 gab,rimi.lv,19.99,13.99,,,"https://rimibaltic-res.cloudinary.com/image/upload/b_white,c_limit,dpr_auto,f_webp,q_auto:low,w_auto/d_ecommerce:backend-fallback.png/MAT_7283310_PCE_LV"
"Plastmasas glāze CozyHome, 500ml",rimi.lv,2.75,1.92,,,"https://rimibaltic-res.cloudinary.com/image/upload/b_white,c_limit,dpr_auto,f_webp,q_auto:low,w_auto/d_ecommerce:backend-fallback.png/MAT_814774_PCE_LV"
"Plastmasas glāze CozyHome, 568ml",rimi.lv,1.65,1.15,,,"https://rimibaltic-res.cloudinary.com/image/upload/b_white,c_limit,dpr_auto,f_webp,q_auto:low,w_auto/d_ecommerce:backend-fallback.png/MAT_814776_PCE_LV"
"Daudzkārt izm. plastm. šķīvis, balts, 18,4cm",rimi.lv,1.99,1.39,,,"https://rimibaltic-res.cloudinary.com/image/upload/b_white,c_limit,dpr_auto,f_webp,q_auto:low,w_auto/d_ecommerce:backend-fallback.png/MAT_814795_PCE_LV"
"Plastmasas krūze CozyHome, balta, 300ml",rimi.lv,1.75,1.22,,,"https://rimibaltic-res.cloudinary.com/image/upload/b_white,c_limit,dpr_auto,f_webp,q_auto:low,w_auto/d_ecommerce:backend-fallback.png/MAT_814798_PCE_LV"
Elektr.ierice+10ieliktn.pret Odiem Bros,rimi.lv,7.69,5.31,,,"https://rimibaltic-res.cloudinary.com/image/upload/b_white,c_limit,dpr_auto,f_webp,q_auto:low,w_auto/d_ecommerce:backend-fallback.png/MAT_7267251_PCE_LV"
"Līdzeklis Primus pret gliemežiem 0,5l",rimi.lv,10.99,7.58,15.16,€/l,"https://rimibaltic-res.cloudinary.com/image/upload/b_white,c_limit,dpr_auto,f_webp,q_auto:low,w_auto/d_ecommerce:backend-fallback.png/MAT_7267276_PCE_LV"
Mitrās salvetes pret odiem Zig Zag 20gab.,rimi.lv,4.29,2.96,,,"https://rimibaltic-res.cloudinary.com/image/upload/b_white,c_limit,dpr_auto,f_webp,q_auto:low,w_auto/d_ecommerce:backend-fallback.png/MAT_7283752_PCE_LV"
Šampūns Syoss Oleo Intense 440ml,rimi.lv,7.49,4.99,11.34,€/l,"https://rimibaltic-res.cloudinary.com/image/upload/b_white,c_limit,dpr_auto,f_webp,q_auto:low,w_auto/d_ecommerce:backend-fallback.png/MAT_7285729_PCE_LV"
Sausā barība kaķiem C4P vista 900g,rimi.lv,6.99,4.39,4.88,€/kg,"https://rimibaltic-res.cloudinary.com/image/upload/b_white,c_limit,dpr_auto,f_webp,q_auto:low,w_auto/d_ecommerce:backend-fallback.png/MAT_7270684_PCE_LV"
Hig. pak. Libresse Ultra Night 8 gab,rimi.lv,2.59,2.19,,,"https://rimibaltic-res.cloudinary.com/image/upload/b_white,c_limit,dpr_auto,f_webp,q_auto:low,w_auto/d_ecommerce:backend-fallback.png/MAT_7271783_PCE_LV"
Kapu svece Bolsius Ribbed 17cm 100h ST26,rimi.lv,5.99,4.19,,,"https://rimibaltic-res.cloudinary.com/image/upload/b_white,c_limit,dpr_auto,f_webp,q_auto:low,w_auto/d_ecommerce:backend-fallback.png/MAT_7286884_PCE_LV"
El. zob.bir. Oral-B  Pro Protect X Clean,rimi.lv,42.49,29.69,,,"https://rimibaltic-res.cloudinary.com/image/upload/b_white,c_limit,dpr_auto,f_webp,q_auto:low,w_auto/d_ecommerce:backend-fallback.png/MAT_7286573_PCE_LV"
Matu krāsa Syoss Oleo Intense 5-54,rimi.lv,11.59,5.87,,,"https://rimibaltic-res.cloudinary.com/image/upload/b_white,c_limit,dpr_auto,f_webp,q_auto:low,w_auto/d_ecommerce:backend-fallback.png/MAT_7286275_PCE_LV"
Matu krāsa Syoss Oleo Intense 7-56,rimi.lv,11.59,5.87,,,"https://rimibaltic-res.cloudinary.com/image/upload/b_white,c_limit,dpr_auto,f_webp,q_auto:low,w_auto/d_ecommerce:backend-fallback.png/MAT_7286276_PCE_LV"
Dušas želeja Fa Men Sport 400ml,rimi.lv,5.49,3.29,8.22,€/l,"https://rimibaltic-res.cloudinary.com/image/upload/b_white,c_limit,dpr_auto,f_webp,q_auto:low,w_auto/d_ecommerce:backend-fallback.png/MAT_7272626_PCE_LV"
"Glāzes, šampanieša, 2 gab, 225ml",rimi.lv,25.99,18.19,,,"https://rimibaltic-res.cloudinary.com/image/upload/b_white,c_limit,dpr_auto,f_webp,q_auto:low,w_auto/d_ecommerce:backend-fallback.png/MAT_7223292_PCE_LV"
"Krūze, ģeometrija, porcelāna,440ml kastē",rimi.lv,16.99,11.89,,,"https://rimibaltic-res.cloudinary.com/image/upload/b_white,c_limit,dpr_auto,f_webp,q_auto:low,w_auto/d_ecommerce:backend-fallback.png/MAT_7223268_PCE_LV"
"Krūze, emaljēta, tūrisma, 390ml",rimi.lv,19.99,13.99,,,"https://rimibaltic-res.cloudinary.com/image/upload/b_white,c_limit,dpr_auto,f_webp,q_auto:low,w_auto/d_ecommerce:backend-fallback.png/MAT_7223279_PCE_LV"
"Krūze, lielā, porcelāna, ar krāsām 400ml",rimi.lv,16.99,11.89,,,"https://rimibaltic-res.cloudinary.com/image/upload/b_white,c_limit,dpr_auto,f_webp,q_auto:low,w_auto/d_ecommerce:backend-fallback.png/MAT_7223277_PCE_LV"
"Krūze, ģeometrija, porcelāna, 440ml",rimi.lv,16.99,11.89,,,"https://rimibaltic-res.cloudinary.com/image/upload/b_white,c_limit,dpr_auto,f_webp,q_auto:low,w_auto/d_ecommerce:backend-fallback.png/MAT_7223267_PCE_LV"
"Krūze, lielā, porcelāna, kastē, 400ml",rimi.lv,19.99,13.99,,,"https://rimibaltic-res.cloudinary.com/image/upload/b_white,c_limit,dpr_auto,f_webp,q_auto:low,w_auto/d_ecommerce:backend-fallback.png/MAT_7223290_PCE_LV"
Trauks mērcei  AMBITION 280ml porcelāns,rimi.lv,3.99,2.79,,,"https://rimibaltic-res.cloudinary.com/image/upload/b_white,c_limit,dpr_auto,f_webp,q_auto:low,w_auto/d_ecommerce:backend-fallback.png/MAT_7227113_PCE_LV"
Pīlāra svece Bolsius 19x7cm pelēka,rimi.lv,6.29,4.40,,,"https://rimibaltic-res.cloudinary.com/image/upload/b_white,c_limit,dpr_auto,f_webp,q_auto:low,w_auto/d_ecommerce:backend-fallback.png/MAT_7289586_PCE_LV"
Pīlāra svece Bolsius 13x7cm pelēka,rimi.lv,4.39,3.07,,,"https://rimibaltic-res.cloudinary.com/image/upload/b_white,c_limit,dpr_auto,f_webp,q_auto:low,w_auto/d_ecommerce:backend-fallback.png/MAT_7289610_PCE_LV"
Aromatizēta Maxilight 8gab Mango,rimi.lv,5.19,3.63,,,"https://rimibaltic-res.cloudinary.com/image/upload/b_white,c_limit,dpr_auto,f_webp,q_auto:low,w_auto/d_ecommerce:backend-fallback.png/MAT_7262748_PCE_LV"
Pīlāra svece Bolsius 8x7cm zila,rimi.lv,2.99,2.09,,,"https://rimibaltic-res.cloudinary.com/image/upload/b_white,c_limit,dpr_auto,f_webp,q_auto:low,w_auto/d_ecommerce:backend-fallback.png/MAT_7289630_PCE_LV"
Pīlāra svece Bolsius 19x7cm zila,rimi.lv,5.99,4.19,,,"https://rimibaltic-res.cloudinary.com/image/upload/b_white,c_limit,dpr_auto,f_webp,q_auto:low,w_auto/d_ecommerce:backend-fallback.png/MAT_7289633_PCE_LV"
Dušas želeja Fa Men Speedster 400ml,rimi.lv,5.49,3.49,8.72,€/l,"https://rimibaltic-res.cloudinary.com/image/upload/b_white,c_limit,dpr_auto,f_webp,q_auto:low,w_auto/d_ecommerce:backend-fallback.png/MAT_7288253_PCE_LV"
"Gaismas virtene, 120 LED, krāsaina CH26",rimi.lv,11.99,8.39,,,"https://rimibaltic-res.cloudinary.com/image/upload/b_white,c_limit,dpr_auto,f_webp,q_auto:low,w_auto/d_ecommerce:backend-fallback.png/MAT_7287745_PCE_LV"
"Gaismas virtene, 80LED, krāsaina CH26",rimi.lv,9.99,6.99,,,"https://rimibaltic-res.cloudinary.com/image/upload/b_white,c_limit,dpr_auto,f_webp,q_auto:low,w_auto/d_ecommerce:backend-fallback.png/MAT_7287747_PCE_LV"
"Gaismas virtene, 80LED silti balta CH26",rimi.lv,9.99,6.99,,,"https://rimibaltic-res.cloudinary.com/image/upload/b_white,c_limit,dpr_auto,f_webp,q_auto:low,w_auto/d_ecommerce:backend-fallback.png/MAT_7287755_PCE_LV"
"Gaismas virtene 400 LED, krāsaina CH26",rimi.lv,16.99,11.89,,,"https://rimibaltic-res.cloudinary.com/image/upload/b_white,c_limit,dpr_auto,f_webp,q_auto:low,w_auto/d_ecommerce:backend-fallback.png/MAT_7287759_PCE_LV"
Gaismas virtene 120LED silti balta CH26,rimi.lv,11.99,8.39,,,"https://rimibaltic-res.cloudinary.com/image/upload/b_white,c_limit,dpr_auto,f_webp,q_auto:low,w_auto/d_ecommerce:backend-fallback.png/MAT_7287758_PCE_LV"
Gaismas virtene 240 LED silti balta CH26,rimi.lv,16.99,11.89,,,"https://rimibaltic-res.cloudinary.com/image/upload/b_white,c_limit,dpr_auto,f_webp,q_auto:low,w_auto/d_ecommerce:backend-fallback.png/MAT_7287763_PCE_LV"
Gaismas virtene 320LED silti balta CH26,rimi.lv,19.99,13.99,,,"https://rimibaltic-res.cloudinary.com/image/upload/b_white,c_limit,dpr_auto,f_webp,q_auto:low,w_auto/d_ecommerce:backend-fallback.png/MAT_7287766_PCE_LV"
"Gaismas virtene, 400 LED, balta CH26",rimi.lv,16.99,11.89,,,"https://rimibaltic-res.cloudinary.com/image/upload/b_white,c_limit,dpr_auto,f_webp,q_auto:low,w_auto/d_ecommerce:backend-fallback.png/MAT_7287765_PCE_LV"
Gaismiņu virtene 240 LED balta CH26,rimi.lv,16.99,11.89,,,"https://rimibaltic-res.cloudinary.com/image/upload/b_white,c_limit,dpr_auto,f_webp,q_auto:low,w_auto/d_ecommerce:backend-fallback.png/MAT_7287774_PCE_LV"
Gaismiņu virtene 120 LED balta CH26,rimi.lv,11.99,8.39,,,"https://rimibaltic-res.cloudinary.com/image/upload/b_white,c_limit,dpr_auto,f_webp,q_auto:low,w_auto/d_ecommerce:backend-fallback.png/MAT_7287777_PCE_LV"
"Gaismas virtene, 240 LED, krāsaina CH26",rimi.lv,16.99,11.89,,,"https://rimibaltic-res.cloudinary.com/image/upload/b_white,c_limit,dpr_auto,f_webp,q_auto:low,w_auto/d_ecommerce:backend-fallback.png/MAT_7287778_PCE_LV"
Matu krāsa Syoss Oleo Intense 6-54,rimi.lv,11.59,5.87,,,"https://rimibaltic-res.cloudinary.com/image/upload/b_white,c_limit,dpr_auto,f_webp,q_auto:low,w_auto/d_ecommerce:backend-fallback.png/MAT_7286294_PCE_LV"
S zeķub.Immagine only 20d neutro 3,rimi.lv,2.95,1.77,,,"https://rimibaltic-res.cloudinary.com/image/upload/b_white,c_limit,dpr_auto,f_webp,q_auto:low,w_auto/d_ecommerce:backend-fallback.png/MAT_7157267_PCE_LV"
S zeķub.Immagine only 20d neutro 2,rimi.lv,2.95,1.77,,,"https://rimibaltic-res.cloudinary.com/image/upload/b_white,c_limit,dpr_auto,f_webp,q_auto:low,w_auto/d_ecommerce:backend-fallback.png/MAT_7157292_PCE_LV"
Siev zeķubikses Pc corsica bronzo xl 40d,rimi.lv,6.19,3.71,,,"https://rimibaltic-res.cloudinary.com/image/upload/b_white,c_limit,dpr_auto,f_webp,q_auto:low,w_auto/d_ecommerce:backend-fallback.png/MAT_7191626_PCE_LV"
S zeķes Immagine mia 20d visone,rimi.lv,2.49,1.49,,,"https://rimibaltic-res.cloudinary.com/image/upload/b_white,c_limit,dpr_auto,f_webp,q_auto:low,w_auto/d_ecommerce:backend-fallback.png/MAT_7205127_PCE_LV"
Siev zeķubikses Pc toulouse fumo 2 200d,rimi.lv,9.79,5.87,,,"https://rimibaltic-res.cloudinary.com/image/upload/b_white,c_limit,dpr_auto,f_webp,q_auto:low,w_auto/d_ecommerce:backend-fallback.png/MAT_7288887_PCE_LV"
Siev zeķubikses Pc paris Caffe 2 150d,rimi.lv,7.99,4.79,,,"https://rimibaltic-res.cloudinary.com/image/upload/b_white,c_limit,dpr_auto,f_webp,q_auto:low,w_auto/d_ecommerce:backend-fallback.png/MAT_7288900_PCE_LV"
S zeķub.Immagine relax 50 nero 3,rimi.lv,5.49,3.29,,,"https://rimibaltic-res.cloudinary.com/image/upload/b_white,c_limit,dpr_auto,f_webp,q_auto:low,w_auto/d_ecommerce:backend-fallback.png/MAT_7288982_PCE_LV"
S zeķub.Immagine relax 50 antracite 4,rimi.lv,5.49,3.29,,,"https://rimibaltic-res.cloudinary.com/image/upload/b_white,c_limit,dpr_auto,f_webp,q_auto:low,w_auto/d_ecommerce:backend-fallback.png/MAT_7288991_PCE_LV"
S zeķub.Immagine forming 20d nature 5,rimi.lv,5.89,3.53,,,"https://rimibaltic-res.cloudinary.com/image/upload/b_white,c_limit,dpr_auto,f_webp,q_auto:low,w_auto/d_ecommerce:backend-fallback.png/MAT_7288994_PCE_LV"
S zeķub.Immagine relax 50 antracite 5,rimi.lv,5.49,3.29,,,"https://rimibaltic-res.cloudinary.com/image/upload/b_white,c_limit,dpr_auto,f_webp,q_auto:low,w_auto/d_ecommerce:backend-fallback.png/MAT_7289000_PCE_LV"
S zeķub.Immagine relax 50 neutro 5,rimi.lv,5.49,3.29,,,"https://rimibaltic-res.cloudinary.com/image/upload/b_white,c_limit,dpr_auto,f_webp,q_auto:low,w_auto/d_ecommerce:backend-fallback.png/MAT_7289002_PCE_LV"
S zeķub.Immagine forming 40d nero 5,rimi.lv,5.99,3.59,,,"https://rimibaltic-res.cloudinary.com/image/upload/b_white,c_limit,dpr_auto,f_webp,q_auto:low,w_auto/d_ecommerce:backend-fallback.png/MAT_7289014_PCE_LV"
Figūrsvece Namejs melna,rimi.lv,8.49,5.94,,,"https://rimibaltic-res.cloudinary.com/image/upload/b_white,c_limit,dpr_auto,f_webp,q_auto:low,w_auto/d_ecommerce:backend-fallback.png/MAT_7284596_PCE_LV"
Svece Dzintars cilindrs 6x9cm,rimi.lv,5.49,3.84,,,"https://rimibaltic-res.cloudinary.com/image/upload/b_white,c_limit,dpr_auto,f_webp,q_auto:low,w_auto/d_ecommerce:backend-fallback.png/MAT_7284597_PCE_LV"
Figūrsvece mazais Dzintars akmens,rimi.lv,5.49,3.84,,,"https://rimibaltic-res.cloudinary.com/image/upload/b_white,c_limit,dpr_auto,f_webp,q_auto:low,w_auto/d_ecommerce:backend-fallback.png/MAT_7284606_PCE_LV"
Figūrsvece Namejs sudraba,rimi.lv,8.99,6.29,,,"https://rimibaltic-res.cloudinary.com/image/upload/b_white,c_limit,dpr_auto,f_webp,q_auto:low,w_auto/d_ecommerce:backend-fallback.png/MAT_7284605_PCE_LV"
Galda svece ekstrūders,rimi.lv,1.99,1.39,,,"https://rimibaltic-res.cloudinary.com/image/upload/b_white,c_limit,dpr_auto,f_webp,q_auto:low,w_auto/d_ecommerce:backend-fallback.png/MAT_7284607_PCE_LV"
Arom. svece stikla glāzē Austras Koks,rimi.lv,5.49,3.84,,,"https://rimibaltic-res.cloudinary.com/image/upload/b_white,c_limit,dpr_auto,f_webp,q_auto:low,w_auto/d_ecommerce:backend-fallback.png/MAT_7284608_PCE_LV"
Figūrsvece lielais Dzintars akmens,rimi.lv,6.99,4.89,,,"https://rimibaltic-res.cloudinary.com/image/upload/b_white,c_limit,dpr_auto,f_webp,q_auto:low,w_auto/d_ecommerce:backend-fallback.png/MAT_7284616_PCE_LV"
Figūrsvece apaļš Dzintars akmens,rimi.lv,5.99,4.19,,,"https://rimibaltic-res.cloudinary.com/image/upload/b_white,c_limit,dpr_auto,f_webp,q_auto:low,w_auto/d_ecommerce:backend-fallback.png/MAT_7284617_PCE_LV"
Arom. svece stikla glāzē Akas Zime,rimi.lv,5.49,3.84,,,"https://rimibaltic-res.cloudinary.com/image/upload/b_white,c_limit,dpr_auto,f_webp,q_auto:low,w_auto/d_ecommerce:backend-fallback.png/MAT_7284621_PCE_LV"
Kristālstearīna figūrsvece Latvija,rimi.lv,5.99,4.19,,,"https://rimibaltic-res.cloudinary.com/image/upload/b_white,c_limit,dpr_auto,f_webp,q_auto:low,w_auto/d_ecommerce:backend-fallback.png/MAT_7284630_PCE_LV"
Tējas sveces LV karoga kr. 9gb. kastītē,rimi.lv,3.49,2.44,,,"https://rimibaltic-res.cloudinary.com/image/upload/b_white,c_limit,dpr_auto,f_webp,q_auto:low,w_auto/d_ecommerce:backend-fallback.png/MAT_7284623_PCE_LV"
S zeķub.Immagine marlen 40d grafite 2,rimi.lv,4.09,2.45,,,"https://rimibaltic-res.cloudinary.com/image/upload/b_white,c_limit,dpr_auto,f_webp,q_auto:low,w_auto/d_ecommerce:backend-fallback.png/MAT_493123_PCE_LV"
S zeķub.Immagine malia 20d neutro 2,rimi.lv,3.79,2.27,,,"https://rimibaltic-res.cloudinary.com/image/upload/b_white,c_limit,dpr_auto,f_webp,q_auto:low,w_auto/d_ecommerce:backend-fallback.png/MAT_781478_PCE_LV"
S zeķub.Immagine confort 40d neutro 2,rimi.lv,3.29,1.97,,,"https://rimibaltic-res.cloudinary.com/image/upload/b_white,c_limit,dpr_auto,f_webp,q_auto:low,w_auto/d_ecommerce:backend-fallback.png/MAT_782649_PCE_LV"
S zeķub.Immagine confort 40d visone 2,rimi.lv,3.29,1.97,,,"https://rimibaltic-res.cloudinary.com/image/upload/b_white,c_limit,dpr_auto,f_webp,q_auto:low,w_auto/d_ecommerce:backend-fallback.png/MAT_782651_PCE_LV"
S zeķub.Immagine confort 40d visone 4,rimi.lv,3.29,1.97,,,"https://rimibaltic-res.cloudinary.com/image/upload/b_white,c_limit,dpr_auto,f_webp,q_auto:low,w_auto/d_ecommerce:backend-fallback.png/MAT_782653_PCE_LV"
S zeķub.Immagine confort 40d bronzo 2,rimi.lv,3.29,1.97,,,"https://rimibaltic-res.cloudinary.com/image/upload/b_white,c_limit,dpr_auto,f_webp,q_auto:low,w_auto/d_ecommerce:backend-fallback.png/MAT_782654_PCE_LV"
S zeķub.Immagine confort 40d visone 3,rimi.lv,3.29,1.97,,,"https://rimibaltic-res.cloudinary.com/image/upload/b_white,c_limit,dpr_auto,f_webp,q_auto:low,w_auto/d_ecommerce:backend-fallback.png/MAT_782652_PCE_LV"
S zeķub.Immagine confort 40d bronzo 3,rimi.lv,3.29,1.97,,,"https://rimibaltic-res.cloudinary.com/image/upload/b_white,c_limit,dpr_auto,f_webp,q_auto:low,w_auto/d_ecommerce:backend-fallback.png/MAT_782655_PCE_LV"
S zeķub.Immagine confort 40d bronzo 4,rimi.lv,3.29,1.97,,,"https://rimibaltic-res.cloudinary.com/image/upload/b_white,c_limit,dpr_auto,f_webp,q_auto:low,w_auto/d_ecommerce:backend-fallback.png/MAT_782656_PCE_LV"
S zeķub.Immagine malia 20d neutro 4,rimi.lv,3.79,2.27,,,"https://rimibaltic-res.cloudinary.com/image/upload/b_white,c_limit,dpr_auto,f_webp,q_auto:low,w_auto/d_ecommerce:backend-fallback.png/MAT_782700_PCE_LV"
Siev zeķubikses Pc rouen caffe 2 80d,rimi.lv,8.69,5.21,,,"https://rimibaltic-res.cloudinary.com/image/upload/b_white,c_limit,dpr_auto,f_webp,q_auto:low,w_auto/d_ecommerce:backend-fallback.png/MAT_7020091_PCE_LV"
Siev zeķubikses Pc rouen caffe 3 80d,rimi.lv,8.69,5.21,,,"https://rimibaltic-res.cloudinary.com/image/upload/b_white,c_limit,dpr_auto,f_webp,q_auto:low,w_auto/d_ecommerce:backend-fallback.png/MAT_7020092_PCE_LV"
Siev zeķubikses Pc rouen caffe 4 80d,rimi.lv,8.69,5.21,,,"https://rimibaltic-res.cloudinary.com/image/upload/b_white,c_limit,dpr_auto,f_webp,q_auto:low,w_auto/d_ecommerce:backend-fallback.png/MAT_7020093_PCE_LV"
S zeķub.Immagine body plus 20d neutro 2,rimi.lv,5.99,3.59,,,"https://rimibaltic-res.cloudinary.com/image/upload/b_white,c_limit,dpr_auto,f_webp,q_auto:low,w_auto/d_ecommerce:backend-fallback.png/MAT_7030888_PCE_LV"
S zeķub.Immagine body plus 20d neutro 3,rimi.lv,5.99,3.59,,,"https://rimibaltic-res.cloudinary.com/image/upload/b_white,c_limit,dpr_auto,f_webp,q_auto:low,w_auto/d_ecommerce:backend-fallback.png/MAT_7030889_PCE_LV"
S zeķub.Immagine body plus 20d neutro 4,rimi.lv,5.99,3.59,,,"https://rimibaltic-res.cloudinary.com/image/upload/b_white,c_limit,dpr_auto,f_webp,q_auto:low,w_auto/d_ecommerce:backend-fallback.png/MAT_7031010_PCE_LV"
Siev zeķubikses Pc paris caffe 3 150d,rimi.lv,7.99,4.79,,,"https://rimibaltic-res.cloudinary.com/image/upload/b_white,c_limit,dpr_auto,f_webp,q_auto:low,w_auto/d_ecommerce:backend-fallback.png/MAT_7043643_PCE_LV"
Siev zeķubikses Pc paris caffe 4 150d,rimi.lv,7.99,4.79,,,"https://rimibaltic-res.cloudinary.com/image/upload/b_white,c_limit,dpr_auto,f_webp,q_auto:low,w_auto/d_ecommerce:backend-fallback.png/MAT_7043644_PCE_LV"
S zeķub.Immagine marlen 40d grafite 3,rimi.lv,4.09,2.45,,,"https://rimibaltic-res.cloudinary.com/image/upload/b_white,c_limit,dpr_auto,f_webp,q_auto:low,w_auto/d_ecommerce:backend-fallback.png/MAT_7043804_PCE_LV"
S zeķub.Immagine marlen 40d grafite 4,rimi.lv,4.09,2.45,,,"https://rimibaltic-res.cloudinary.com/image/upload/b_white,c_limit,dpr_auto,f_webp,q_auto:low,w_auto/d_ecommerce:backend-fallback.png/MAT_7043805_PCE_LV"
Siev zeķubikses Pc corsica bronzo 2 40d,rimi.lv,6.19,3.71,,,"https://rimibaltic-res.cloudinary.com/image/upload/b_white,c_limit,dpr_auto,f_webp,q_auto:low,w_auto/d_ecommerce:backend-fallback.png/MAT_7064028_PCE_LV"
Siev zeķubikses Pc corsica bronzo 3 40d,rimi.lv,6.19,3.71,,,"https://rimibaltic-res.cloudinary.com/image/upload/b_white,c_limit,dpr_auto,f_webp,q_auto:low,w_auto/d_ecommerce:backend-fallback.png/MAT_7064029_PCE_LV"
Siev zeķubikses Pc corsica bronzo 4 40d,rimi.lv,6.19,3.71,,,"https://rimibaltic-res.cloudinary.com/image/upload/b_white,c_limit,dpr_auto,f_webp,q_auto:low,w_auto/d_ecommerce:backend-fallback.png/MAT_7064060_PCE_LV"
S zeķub.Immagine forming 40d neutro 2,rimi.lv,5.99,3.59,,,"https://rimibaltic-res.cloudinary.com/image/upload/b_white,c_limit,dpr_auto,f_webp,q_auto:low,w_auto/d_ecommerce:backend-fallback.png/MAT_7090557_PCE_LV"
S zeķub.Immagine forming 40d neutro 3,rimi.lv,5.99,3.59,,,"https://rimibaltic-res.cloudinary.com/image/upload/b_white,c_limit,dpr_auto,f_webp,q_auto:low,w_auto/d_ecommerce:backend-fallback.png/MAT_7090558_PCE_LV"
Siev zeķubikses Pc charme 40 nero 2 40d,rimi.lv,4.49,2.69,,,"https://rimibaltic-res.cloudinary.com/image/upload/b_white,c_limit,dpr_auto,f_webp,q_auto:low,w_auto/d_ecommerce:backend-fallback.png/MAT_7090610_PCE_LV"
Siev zeķubikses Pc charme 40 nero 3 40d,rimi.lv,4.49,2.69,,,"https://rimibaltic-res.cloudinary.com/image/upload/b_white,c_limit,dpr_auto,f_webp,q_auto:low,w_auto/d_ecommerce:backend-fallback.png/MAT_7090611_PCE_LV"
Siev zeķubikses Pc charme 40 nero 4 40d,rimi.lv,4.49,2.69,,,"https://rimibaltic-res.cloudinary.com/image/upload/b_white,c_limit,dpr_auto,f_webp,q_auto:low,w_auto/d_ecommerce:backend-fallback.png/MAT_7090612_PCE_LV"
S zeķubikses Pc charme 40 visone 2 40d,rimi.lv,4.49,2.69,,,"https://rimibaltic-res.cloudinary.com/image/upload/b_white,c_limit,dpr_auto,f_webp,q_auto:low,w_auto/d_ecommerce:backend-fallback.png/MAT_7090613_PCE_LV"
S zeķubikses Pc charme 40 visone 3 40d,rimi.lv,4.49,2.69,,,"https://rimibaltic-res.cloudinary.com/image/upload/b_white,c_limit,dpr_auto,f_webp,q_auto:low,w_auto/d_ecommerce:backend-fallback.png/MAT_7090614_PCE_LV"
S zeķub.Immagine confort 40d nero 5,rimi.lv,3.29,1.97,,,"https://rimibaltic-res.cloudinary.com/image/upload/b_white,c_limit,dpr_auto,f_webp,q_auto:low,w_auto/d_ecommerce:backend-fallback.png/MAT_7101679_PCE_LV"
S zeķub. immagine slim 20d nero 3,rimi.lv,5.89,3.53,,,"https://rimibaltic-res.cloudinary.com/image/upload/b_white,c_limit,dpr_auto,f_webp,q_auto:low,w_auto/d_ecommerce:backend-fallback.png/MAT_7101684_PCE_LV"
S zeķub. immagine slim 20d nero 4,rimi.lv,5.89,3.53,,,"https://rimibaltic-res.cloudinary.com/image/upload/b_white,c_limit,dpr_auto,f_webp,q_auto:low,w_auto/d_ecommerce:backend-fallback.png/MAT_7101685_PCE_LV"
S zeķub.Immagine confort 40d visone 5,rimi.lv,3.29,1.97,,,"https://rimibaltic-res.cloudinary.com/image/upload/b_white,c_limit,dpr_auto,f_webp,q_auto:low,w_auto/d_ecommerce:backend-fallback.png/MAT_7101688_PCE_LV"
S zeķub. immagine slim 20d nature 2,rimi.lv,5.89,3.53,,,"https://rimibaltic-res.cloudinary.com/image/upload/b_white,c_limit,dpr_auto,f_webp,q_auto:low,w_auto/d_ecommerce:backend-fallback.png/MAT_7101692_PCE_LV"
S zeķub. immagine slim 20d nature 3,rimi.lv,5.89,3.53,,,"https://rimibaltic-res.cloudinary.com/image/upload/b_white,c_limit,dpr_auto,f_webp,q_auto:low,w_auto/d_ecommerce:backend-fallback.png/MAT_7101693_PCE_LV"
S zeķub. immagine slim 20d nero 2,rimi.lv,5.89,3.53,,,"https://rimibaltic-res.cloudinary.com/image/upload/b_white,c_limit,dpr_auto,f_webp,q_auto:low,w_auto/d_ecommerce:backend-fallback.png/MAT_7101704_PCE_LV"
S zeķub.Immagine lola 40d antracite 4,rimi.lv,2.89,1.73,,,"https://rimibaltic-res.cloudinary.com/image/upload/b_white,c_limit,dpr_auto,f_webp,q_auto:low,w_auto/d_ecommerce:backend-fallback.png/MAT_7142364_PCE_LV"
S zeķub.Immagine lola 40d cream 3,rimi.lv,2.89,1.73,,,"https://rimibaltic-res.cloudinary.com/image/upload/b_white,c_limit,dpr_auto,f_webp,q_auto:low,w_auto/d_ecommerce:backend-fallback.png/MAT_7142365_PCE_LV"
S zeķub.Immagine lola 40d cream 2,rimi.lv,2.89,1.73,,,"https://rimibaltic-res.cloudinary.com/image/upload/b_white,c_limit,dpr_auto,f_webp,q_auto:low,w_auto/d_ecommerce:backend-fallback.png/MAT_7142437_PCE_LV"
S zeķub.Immagine lola 40d cream 4,rimi.lv,2.89,1.73,,,"https://rimibaltic-res.cloudinary.com/image/upload/b_white,c_limit,dpr_auto,f_webp,q_auto:low,w_auto/d_ecommerce:backend-fallback.png/MAT_7142444_PCE_LV"
S zeķub.Immagine lola 40d cream 5,rimi.lv,2.89,1.73,,,"https://rimibaltic-res.cloudinary.com/image/upload/b_white,c_limit,dpr_auto,f_webp,q_auto:low,w_auto/d_ecommerce:backend-fallback.png/MAT_7142445_PCE_LV"
S zeķub.Immagine marlen 40d nero 5,rimi.lv,4.09,2.45,,,"https://rimibaltic-res.cloudinary.com/image/upload/b_white,c_limit,dpr_auto,f_webp,q_auto:low,w_auto/d_ecommerce:backend-fallback.png/MAT_7288958_PCE_LV"
S zeķub.Immagine relax 50 antracite 2,rimi.lv,5.49,3.29,,,"https://rimibaltic-res.cloudinary.com/image/upload/b_white,c_limit,dpr_auto,f_webp,q_auto:low,w_auto/d_ecommerce:backend-fallback.png/MAT_7288966_PCE_LV"
S zeķub.Immagine relax 50 nero 2,rimi.lv,5.49,3.29,,,"https://rimibaltic-res.cloudinary.com/image/upload/b_white,c_limit,dpr_auto,f_webp,q_auto:low,w_auto/d_ecommerce:backend-fallback.png/MAT_7288965_PCE_LV"
S zeķub.Immagine relax 50 neutro 2,rimi.lv,5.49,3.29,,,"https://rimibaltic-res.cloudinary.com/image/upload/b_white,c_limit,dpr_auto,f_webp,q_auto:low,w_auto/d_ecommerce:backend-fallback.png/MAT_7288970_PCE_LV"
S zeķub.Immagine forming 20d nero 5,rimi.lv,5.89,3.53,,,"https://rimibaltic-res.cloudinary.com/image/upload/b_white,c_limit,dpr_auto,f_webp,q_auto:low,w_auto/d_ecommerce:backend-fallback.png/MAT_7288971_PCE_LV"
S zeķub.Immagine relax 50 antracite 3,rimi.lv,5.49,3.29,,,"https://rimibaltic-res.cloudinary.com/image/upload/b_white,c_limit,dpr_auto,f_webp,q_auto:low,w_auto/d_ecommerce:backend-fallback.png/MAT_7288972_PCE_LV"
Matu kr. Syoss Color 12-53 Plat. pērļu blonds,rimi.lv,10.99,7.09,,,"https://rimibaltic-res.cloudinary.com/image/upload/b_white,c_limit,dpr_auto,f_webp,q_auto:low,w_auto/d_ecommerce:backend-fallback.png/MAT_7295382_PCE_LV"
Vīna glāzes Good Cook 330ml 4 gab.,rimi.lv,11.99,8.39,,,"https://rimibaltic-res.cloudinary.com/image/upload/b_white,c_limit,dpr_auto,f_webp,q_auto:low,w_auto/d_ecommerce:backend-fallback.png/MAT_815536_PCE_LV"
Šampanieša glāzes Good Cook 210ml 4 gab.,rimi.lv,11.99,8.39,,,"https://rimibaltic-res.cloudinary.com/image/upload/b_white,c_limit,dpr_auto,f_webp,q_auto:low,w_auto/d_ecommerce:backend-fallback.png/MAT_815530_PCE_LV"
Pretnovec. serums Nivea Men Power 2in1 30ml,rimi.lv,23.99,17.19,573.00,€/l,"https://rimibaltic-res.cloudinary.com/image/upload/b_white,c_limit,dpr_auto,f_webp,q_auto:low,w_auto/d_ecommerce:backend-fallback.png/MAT_7295607_PCE_LV"
Gaisa atsvaid. Aroma Car Prestige Gold,rimi.lv,1.49,0.89,,,"https://rimibaltic-res.cloudinary.com/image/upload/b_white,c_limit,dpr_auto,f_webp,q_auto:low,w_auto/d_ecommerce:backend-fallback.png/MAT_7296455_PCE_LV"
Svece burciņā,rimi.lv,3.29,2.30,,,"https://rimibaltic-res.cloudinary.com/image/upload/b_white,c_limit,dpr_auto,f_webp,q_auto:low,w_auto/d_ecommerce:backend-fallback.png/MAT_7222281_PCE_LV"
Līdzeklis pret odiem Zig Zag laima 100ml,rimi.lv,6.49,4.48,44.80,€/l,"https://rimibaltic-res.cloudinary.com/image/upload/b_white,c_limit,dpr_auto,f_webp,q_auto:low,w_auto/d_ecommerce:backend-fallback.png/MAT_7296120_PCE_LV"
Līdzeklis pret insektiem Zig Zag 100ml,rimi.lv,6.49,4.48,44.80,€/l,"https://rimibaltic-res.cloudinary.com/image/upload/b_white,c_limit,dpr_auto,f_webp,q_auto:low,w_auto/d_ecommerce:backend-fallback.png/MAT_7296121_PCE_LV"
Līdz. Maga Lemongrass&Rosemary pret ins.100ml,rimi.lv,6.99,4.82,48.20,€/l,"https://rimibaltic-res.cloudinary.com/image/upload/b_white,c_limit,dpr_auto,f_webp,q_auto:low,w_auto/d_ecommerce:backend-fallback.png/MAT_7296178_PCE_LV"
Gaisa atsvaidzinātājs Vanillaroma,rimi.lv,4.99,2.99,,,"https://rimibaltic-res.cloudinary.com/image/upload/b_white,c_limit,dpr_auto,f_webp,q_auto:low,w_auto/d_ecommerce:backend-fallback.png/MAT_7281047_PCE_LV"
Gaisa atsvaidzinātājs New Car Vent Wrap,rimi.lv,4.99,2.99,,,"https://rimibaltic-res.cloudinary.com/image/upload/b_white,c_limit,dpr_auto,f_webp,q_auto:low,w_auto/d_ecommerce:backend-fallback.png/MAT_7281061_PCE_LV"
Šķ.ziepes Palmolive milk&honey ref 500ml,rimi.lv,4.59,3.49,6.98,€/l,"https://rimibaltic-res.cloudinary.com/image/upload/b_white,c_limit,dpr_auto,f_webp,q_auto:low,w_auto/d_ecommerce:backend-fallback.png/MAT_7295353_PCE_LV"
Dezodorants Speed Stick Alpine 50g,rimi.lv,5.69,3.39,67.80,€/kg,"https://rimibaltic-res.cloudinary.com/image/upload/b_white,c_limit,dpr_auto,f_webp,q_auto:low,w_auto/d_ecommerce:backend-fallback.png/MAT_7295309_PCE_LV"
Pārklājumu tīrītājs ArmorAll  400ml,rimi.lv,8.99,5.39,,,"https://rimibaltic-res.cloudinary.com/image/upload/b_white,c_limit,dpr_auto,f_webp,q_auto:low,w_auto/d_ecommerce:backend-fallback.png/MAT_7296908_PCE_LV"
Kukaiņu tīrītājs ArmorAll 500ml,rimi.lv,8.99,5.39,10.78,€/l,"https://rimibaltic-res.cloudinary.com/image/upload/b_white,c_limit,dpr_auto,f_webp,q_auto:low,w_auto/d_ecommerce:backend-fallback.png/MAT_7296909_PCE_LV"
Riepu un disku tīrītājs ArmorAll 500ml,rimi.lv,8.99,5.39,,,"https://rimibaltic-res.cloudinary.com/image/upload/b_white,c_limit,dpr_auto,f_webp,q_auto:low,w_auto/d_ecommerce:backend-fallback.png/MAT_7296915_PCE_LV"
Riepu spīdums ArmorAll Extreme 500ml,rimi.lv,8.99,5.39,,,"https://rimibaltic-res.cloudinary.com/image/upload/b_white,c_limit,dpr_auto,f_webp,q_auto:low,w_auto/d_ecommerce:backend-fallback.png/MAT_7296922_PCE_LV"
Krāsas atjaunotājs ArmorAll 500ml,rimi.lv,12.99,7.79,15.58,€/l,"https://rimibaltic-res.cloudinary.com/image/upload/b_white,c_limit,dpr_auto,f_webp,q_auto:low,w_auto/d_ecommerce:backend-fallback.png/MAT_7296930_PCE_LV"
S zeķub.Immagine malia 20d pesca 2,rimi.lv,3.79,2.27,,,"https://rimibaltic-res.cloudinary.com/image/upload/b_white,c_limit,dpr_auto,f_webp,q_auto:low,w_auto/d_ecommerce:backend-fallback.png/MAT_7157257_PCE_LV"
Siev. zeķubikses PC vichy caffe 3 40d,rimi.lv,5.49,3.29,,,"https://rimibaltic-res.cloudinary.com/image/upload/b_white,c_limit,dpr_auto,f_webp,q_auto:low,w_auto/d_ecommerce:backend-fallback.png/MAT_7216065_PCE_LV"
Siev. zeķubikses PC vichy caffe 4 40d,rimi.lv,5.49,3.29,,,"https://rimibaltic-res.cloudinary.com/image/upload/b_white,c_limit,dpr_auto,f_webp,q_auto:low,w_auto/d_ecommerce:backend-fallback.png/MAT_7216067_PCE_LV"
Siev. zeķubikses PC vichy caffe 2 40d,rimi.lv,5.49,3.29,,,"https://rimibaltic-res.cloudinary.com/image/upload/b_white,c_limit,dpr_auto,f_webp,q_auto:low,w_auto/d_ecommerce:backend-fallback.png/MAT_7216068_PCE_LV"
S zeķub.Immagine tuto nudo 20d nero 2,rimi.lv,3.99,2.39,,,"https://rimibaltic-res.cloudinary.com/image/upload/b_white,c_limit,dpr_auto,f_webp,q_auto:low,w_auto/d_ecommerce:backend-fallback.png/MAT_7294816_PCE_LV"
S zeķub.Immagine body plus 20d nero 5,rimi.lv,5.99,3.59,,,"https://rimibaltic-res.cloudinary.com/image/upload/b_white,c_limit,dpr_auto,f_webp,q_auto:low,w_auto/d_ecommerce:backend-fallback.png/MAT_7294817_PCE_LV"
S zeķub.Immagine marlen 40d grafite 5,rimi.lv,4.09,2.45,,,"https://rimibaltic-res.cloudinary.com/image/upload/b_white,c_limit,dpr_auto,f_webp,q_auto:low,w_auto/d_ecommerce:backend-fallback.png/MAT_7294818_PCE_LV"
S zeķub.Immagine tuto nudo 20d nero 3,rimi.lv,3.99,2.39,,,"https://rimibaltic-res.cloudinary.com/image/upload/b_white,c_limit,dpr_auto,f_webp,q_auto:low,w_auto/d_ecommerce:backend-fallback.png/MAT_7294819_PCE_LV"
S zeķub.Immagine tuto nudo 20d neutro 5,rimi.lv,3.99,2.39,,,"https://rimibaltic-res.cloudinary.com/image/upload/b_white,c_limit,dpr_auto,f_webp,q_auto:low,w_auto/d_ecommerce:backend-fallback.png/MAT_7294824_PCE_LV"
S zeķub.Immagine malia 20d nero 5,rimi.lv,3.79,2.27,,,"https://rimibaltic-res.cloudinary.com/image/upload/b_white,c_limit,dpr_auto,f_webp,q_auto:low,w_auto/d_ecommerce:backend-fallback.png/MAT_7294825_PCE_LV"
S zeķub.Immagine forming 20d neutro 5,rimi.lv,5.89,3.53,,,"https://rimibaltic-res.cloudinary.com/image/upload/b_white,c_limit,dpr_auto,f_webp,q_auto:low,w_auto/d_ecommerce:backend-fallback.png/MAT_7294826_PCE_LV"
S zeķub.Immagine tuto nudo 20d nature 2,rimi.lv,3.99,2.39,,,"https://rimibaltic-res.cloudinary.com/image/upload/b_white,c_limit,dpr_auto,f_webp,q_auto:low,w_auto/d_ecommerce:backend-fallback.png/MAT_7294828_PCE_LV"
S zeķub.Immagine body plus 20d nature 5,rimi.lv,5.99,3.59,,,"https://rimibaltic-res.cloudinary.com/image/upload/b_white,c_limit,dpr_auto,f_webp,q_auto:low,w_auto/d_ecommerce:backend-fallback.png/MAT_7294832_PCE_LV"
S zeķub.Immagine forming 20d neutro 4,rimi.lv,5.89,3.53,,,"https://rimibaltic-res.cloudinary.com/image/upload/b_white,c_limit,dpr_auto,f_webp,q_auto:low,w_auto/d_ecommerce:backend-fallback.png/MAT_7294833_PCE_LV"
S zeķub.Immagine malia 20d neutro 5,rimi.lv,3.79,2.27,,,"https://rimibaltic-res.cloudinary.com/image/upload/b_white,c_limit,dpr_auto,f_webp,q_auto:low,w_auto/d_ecommerce:backend-fallback.png/MAT_7294834_PCE_LV"
S zeķub.Immagine forming 20d neutro 2,rimi.lv,5.89,3.53,,,"https://rimibaltic-res.cloudinary.com/image/upload/b_white,c_limit,dpr_auto,f_webp,q_auto:low,w_auto/d_ecommerce:backend-fallback.png/MAT_7294835_PCE_LV"
S zeķub.Immagine forming 20d neutro 3,rimi.lv,5.89,3.53,,,"https://rimibaltic-res.cloudinary.com/image/upload/b_white,c_limit,dpr_auto,f_webp,q_auto:low,w_auto/d_ecommerce:backend-fallback.png/MAT_7294836_PCE_LV"
S zeķub.Immagine body plus 20d neutro 5,rimi.lv,5.99,3.59,,,"https://rimibaltic-res.cloudinary.com/image/upload/b_white,c_limit,dpr_auto,f_webp,q_auto:low,w_auto/d_ecommerce:backend-fallback.png/MAT_7294837_PCE_LV"
S zeķub.Immagine malia 20d visone 5,rimi.lv,3.79,2.27,,,"https://rimibaltic-res.cloudinary.com/image/upload/b_white,c_limit,dpr_auto,f_webp,q_auto:low,w_auto/d_ecommerce:backend-fallback.png/MAT_7294838_PCE_LV"
S zeķub.Immagine tuto nudo 20d neutro 4,rimi.lv,3.99,2.39,,,"https://rimibaltic-res.cloudinary.com/image/upload/b_white,c_limit,dpr_auto,f_webp,q_auto:low,w_auto/d_ecommerce:backend-fallback.png/MAT_7294839_PCE_LV"
S zeķub.Immagine tuto nudo 20d nature 3,rimi.lv,3.99,2.39,,,"https://rimibaltic-res.cloudinary.com/image/upload/b_white,c_limit,dpr_auto,f_webp,q_auto:low,w_auto/d_ecommerce:backend-fallback.png/MAT_7294840_PCE_LV"
S zeķub.Immagine tuto nudo 20d nero 4,rimi.lv,3.99,2.39,,,"https://rimibaltic-res.cloudinary.com/image/upload/b_white,c_limit,dpr_auto,f_webp,q_auto:low,w_auto/d_ecommerce:backend-fallback.png/MAT_7294841_PCE_LV"
S zeķub.Immagine tuto nudo 20d neutro 3,rimi.lv,3.99,2.39,,,"https://rimibaltic-res.cloudinary.com/image/upload/b_white,c_limit,dpr_auto,f_webp,q_auto:low,w_auto/d_ecommerce:backend-fallback.png/MAT_7294842_PCE_LV"
S zeķub.Immagine tuto nudo 20d neutro 2,rimi.lv,3.99,2.39,,,"https://rimibaltic-res.cloudinary.com/image/upload/b_white,c_limit,dpr_auto,f_webp,q_auto:low,w_auto/d_ecommerce:backend-fallback.png/MAT_7294850_PCE_LV"
Šampūns Schauma matu krāsas mirdzumam 400ml,rimi.lv,5.49,3.89,9.72,€/l,"https://rimibaltic-res.cloudinary.com/image/upload/b_white,c_limit,dpr_auto,f_webp,q_auto:low,w_auto/d_ecommerce:backend-fallback.png/MAT_7295628_PCE_LV"
Želeja matiem Syoss Max Hold 250ml,rimi.lv,8.99,6.29,25.16,€/l,"https://rimibaltic-res.cloudinary.com/image/upload/b_white,c_limit,dpr_auto,f_webp,q_auto:low,w_auto/d_ecommerce:backend-fallback.png/MAT_7295643_PCE_LV"
Krāsa mat.Syoss Oleo Int.7-77 Sark.ingv.115ml,rimi.lv,11.59,6.95,60.43,€/l,"https://rimibaltic-res.cloudinary.com/image/upload/b_white,c_limit,dpr_auto,f_webp,q_auto:low,w_auto/d_ecommerce:backend-fallback.png/MAT_7295651_PCE_LV"
Krāsa mat. Syoss Oleo Int.8-68 Bālas sm.115ml,rimi.lv,11.59,6.95,60.43,€/l,"https://rimibaltic-res.cloudinary.com/image/upload/b_white,c_limit,dpr_auto,f_webp,q_auto:low,w_auto/d_ecommerce:backend-fallback.png/MAT_7295652_PCE_LV"
Šampūns ArmorAll Wash & Wax 1L,rimi.lv,9.99,5.99,5.99,€/l,"https://rimibaltic-res.cloudinary.com/image/upload/b_white,c_limit,dpr_auto,f_webp,q_auto:low,w_auto/d_ecommerce:backend-fallback.png/MAT_7296914_PCE_LV"
Ādas tīrītājs ArmorAll 3 in1 250ml,rimi.lv,10.99,6.59,,,"https://rimibaltic-res.cloudinary.com/image/upload/b_white,c_limit,dpr_auto,f_webp,q_auto:low,w_auto/d_ecommerce:backend-fallback.png/MAT_7296940_PCE_LV"
Šampūns Syoss Intense Plex 440ml,rimi.lv,7.49,5.59,12.70,€/l,"https://rimibaltic-res.cloudinary.com/image/upload/b_white,c_limit,dpr_auto,f_webp,q_auto:low,w_auto/d_ecommerce:backend-fallback.png/MAT_7294191_PCE_LV"
Kapu svece Geralda 48h ST26,rimi.lv,7.79,5.45,,,"https://rimibaltic-res.cloudinary.com/image/upload/b_white,c_limit,dpr_auto,f_webp,q_auto:low,w_auto/d_ecommerce:backend-fallback.png/MAT_7298802_PCE_LV"
Matu krāsa Syoss Oleo 3-33 violēts,rimi.lv,11.59,6.95,,,"https://rimibaltic-res.cloudinary.com/image/upload/b_white,c_limit,dpr_auto,f_webp,q_auto:low,w_auto/d_ecommerce:backend-fallback.png/MAT_7298048_PCE_LV"
Svece stikla burciņā Baltijas Suveniri,rimi.lv,5.49,3.84,,,"https://rimibaltic-res.cloudinary.com/image/upload/b_white,c_limit,dpr_auto,f_webp,q_auto:low,w_auto/d_ecommerce:backend-fallback.png/MAT_7193526_PCE_LV"
Parafīna lodes svece 6cm 3gab LV,rimi.lv,3.99,2.79,,,"https://rimibaltic-res.cloudinary.com/image/upload/b_white,c_limit,dpr_auto,f_webp,q_auto:low,w_auto/d_ecommerce:backend-fallback.png/MAT_7299828_PCE_LV"
Losjons Crazy Hair ar lavandas aromātu 100ml,rimi.lv,6.59,5.24,52.40,€/l,"https://rimibaltic-res.cloudinary.com/image/upload/b_white,c_limit,dpr_auto,f_webp,q_auto:low,w_auto/d_ecommerce:backend-fallback.png/MAT_7297987_PCE_LV"
Eļļu mais. Crazy Hair ar lav. aromātu 100ml,rimi.lv,6.59,5.24,52.40,€/l,"https://rimibaltic-res.cloudinary.com/image/upload/b_white,c_limit,dpr_auto,f_webp,q_auto:low,w_auto/d_ecommerce:backend-fallback.png/MAT_7298029_PCE_LV"
Prot.kondic. Crazy Hair ar šok. aromātu 250ml,rimi.lv,6.99,5.59,22.36,€/l,"https://rimibaltic-res.cloudinary.com/image/upload/b_white,c_limit,dpr_auto,f_webp,q_auto:low,w_auto/d_ecommerce:backend-fallback.png/MAT_7298033_PCE_LV"
Sausā barība suņiem C4P Premium vid. šķ. 2kg,rimi.lv,7.99,5.79,2.90,€/kg,"https://rimibaltic-res.cloudinary.com/image/upload/b_white,c_limit,dpr_auto,f_webp,q_auto:low,w_auto/d_ecommerce:backend-fallback.png/MAT_7297045_PCE_LV"
Trauku mazg.kaps.Fairy All in One Lem. 56gab.,rimi.lv,28.99,16.99,,,"https://rimibaltic-res.cloudinary.com/image/upload/b_white,c_limit,dpr_auto,f_webp,q_auto:low,w_auto/d_ecommerce:backend-fallback.png/MAT_7297918_PCE_LV"
Matu kr.Garnier Olia 7.40 intensīva vara 1gab,rimi.lv,10.59,7.39,,,"https://rimibaltic-res.cloudinary.com/image/upload/b_white,c_limit,dpr_auto,f_webp,q_auto:low,w_auto/d_ecommerce:backend-fallback.png/MAT_7300833_PCE_LV"
Matu kr.Garnier Olia 5.35 šok.gaiši brūna 1gb,rimi.lv,10.59,7.39,,,"https://rimibaltic-res.cloudinary.com/image/upload/b_white,c_limit,dpr_auto,f_webp,q_auto:low,w_auto/d_ecommerce:backend-fallback.png/MAT_7300827_PCE_LV"
Matu krāsa Garnier Olia 4.0 tumši brūna 1gab,rimi.lv,10.59,7.39,,,"https://rimibaltic-res.cloudinary.com/image/upload/b_white,c_limit,dpr_auto,f_webp,q_auto:low,w_auto/d_ecommerce:backend-fallback.png/MAT_7300829_PCE_LV"
Matu kr. Garnier Olia 8.31 zelta pelnu bl.1gb,rimi.lv,10.59,7.39,,,"https://rimibaltic-res.cloudinary.com/image/upload/b_white,c_limit,dpr_auto,f_webp,q_auto:low,w_auto/d_ecommerce:backend-fallback.png/MAT_7300850_PCE_LV"
Matu krāsa Garnier Olia 3.0 mīksti melna 1gab,rimi.lv,10.59,7.39,,,"https://rimibaltic-res.cloudinary.com/image/upload/b_white,c_limit,dpr_auto,f_webp,q_auto:low,w_auto/d_ecommerce:backend-fallback.png/MAT_7300840_PCE_LV"
Matu krāsa Garnier Olia 110 super gaiša 1gab.,rimi.lv,10.59,7.39,,,"https://rimibaltic-res.cloudinary.com/image/upload/b_white,c_limit,dpr_auto,f_webp,q_auto:low,w_auto/d_ecommerce:backend-fallback.png/MAT_7300842_PCE_LV"
Micelārais ūdens Nivea Skin Glow 400ml,rimi.lv,10.99,7.79,19.47,€/l,"https://rimibaltic-res.cloudinary.com/image/upload/b_white,c_limit,dpr_auto,f_webp,q_auto:low,w_auto/d_ecommerce:backend-fallback.png/MAT_7298340_PCE_LV"
"Krēms Garnier Vitamin C acu zonai, izg. 15ml",rimi.lv,11.49,7.99,532.67,€/l,"https://rimibaltic-res.cloudinary.com/image/upload/b_white,c_limit,dpr_auto,f_webp,q_auto:low,w_auto/d_ecommerce:backend-fallback.png/MAT_7298834_PCE_LV"
Konfektes Toffifee Halloween 375g,rimi.lv,9.99,6.99,18.64,€/kg,"https://rimibaltic-res.cloudinary.com/image/upload/b_white,c_limit,dpr_auto,f_webp,q_auto:low,w_auto/d_ecommerce:backend-fallback.png/MAT_1018872_PCE_LV"
Tr.mazg.m.kaps.Somat Excellen.Prem.5in1 42gab,rimi.lv,31.99,17.59,,,"https://rimibaltic-res.cloudinary.com/image/upload/b_white,c_limit,dpr_auto,f_webp,q_auto:low,w_auto/d_ecommerce:backend-fallback.png/MAT_7299286_PCE_LV"
"Veļas pulveris Persil Sensitive 18MR 0,99kg",rimi.lv,9.99,7.19,7.26,€/kg,"https://rimibaltic-res.cloudinary.com/image/upload/b_white,c_limit,dpr_auto,f_webp,q_auto:low,w_auto/d_ecommerce:backend-fallback.png/MAT_7299307_PCE_LV"
"Gaismas virt., 400 LED, divas krās. CH26",rimi.lv,16.99,11.89,,,"https://rimibaltic-res.cloudinary.com/image/upload/b_white,c_limit,dpr_auto,f_webp,q_auto:low,w_auto/d_ecommerce:backend-fallback.png/MAT_7300048_PCE_LV"
"Gaismas virt., 700 LED, divas krās. CH26",rimi.lv,24.99,17.49,,,"https://rimibaltic-res.cloudinary.com/image/upload/b_white,c_limit,dpr_auto,f_webp,q_auto:low,w_auto/d_ecommerce:backend-fallback.png/MAT_7300069_PCE_LV"
Čemur. lamp. Virt. 100LED s. balta CH26,rimi.lv,6.99,4.89,,,"https://rimibaltic-res.cloudinary.com/image/upload/b_white,c_limit,dpr_auto,f_webp,q_auto:low,w_auto/d_ecommerce:backend-fallback.png/MAT_7300063_PCE_LV"
Gaism. virt. 200LED balta/s. balta CH26,rimi.lv,7.99,5.59,,,"https://rimibaltic-res.cloudinary.com/image/upload/b_white,c_limit,dpr_auto,f_webp,q_auto:low,w_auto/d_ecommerce:backend-fallback.png/MAT_7300066_PCE_LV"
"Gaismas virt., 700 LED, silti balta CH26",rimi.lv,24.99,17.49,,,"https://rimibaltic-res.cloudinary.com/image/upload/b_white,c_limit,dpr_auto,f_webp,q_auto:low,w_auto/d_ecommerce:backend-fallback.png/MAT_7300070_PCE_LV"
Zvaig. gaism. virt. 20LED daudzkr. CH26,rimi.lv,2.99,2.09,,,"https://rimibaltic-res.cloudinary.com/image/upload/b_white,c_limit,dpr_auto,f_webp,q_auto:low,w_auto/d_ecommerce:backend-fallback.png/MAT_7300085_PCE_LV"
Dušas želeja Nivea Men Deep Sport Maxx 500ml,rimi.lv,6.79,4.79,9.58,€/l,"https://rimibaltic-res.cloudinary.com/image/upload/b_white,c_limit,dpr_auto,f_webp,q_auto:low,w_auto/d_ecommerce:backend-fallback.png/MAT_7303010_PCE_LV"
"Ogu biez. tējai Mashie mango, pasifl. 4x40ml",rimi.lv,4.49,3.59,19.94,€/kg,"https://rimibaltic-res.cloudinary.com/image/upload/b_white,c_limit,dpr_auto,f_webp,q_auto:low,w_auto/d_ecommerce:backend-fallback.png/MAT_1018760_PCE_LV"
Gaisa atsv. Aroma Skull in high hat AW26,rimi.lv,1.79,1.07,,,"https://rimibaltic-res.cloudinary.com/image/upload/b_white,c_limit,dpr_auto,f_webp,q_auto:low,w_auto/d_ecommerce:backend-fallback.png/MAT_7288469_PCE_LV"
Gaisa atsvaidzin. Aroma XTRA Black AW26,rimi.lv,1.79,1.07,,,"https://rimibaltic-res.cloudinary.com/image/upload/b_white,c_limit,dpr_auto,f_webp,q_auto:low,w_auto/d_ecommerce:backend-fallback.png/MAT_7302985_PCE_LV"
Gaisa atsvaidz. Aroma XTRA Vanilla AW26,rimi.lv,1.79,1.07,,,"https://rimibaltic-res.cloudinary.com/image/upload/b_white,c_limit,dpr_auto,f_webp,q_auto:low,w_auto/d_ecommerce:backend-fallback.png/MAT_7302986_PCE_LV"
Gaisa atsvaidzin. Aroma XTRA Gold AW26,rimi.lv,1.79,1.07,,,"https://rimibaltic-res.cloudinary.com/image/upload/b_white,c_limit,dpr_auto,f_webp,q_auto:low,w_auto/d_ecommerce:backend-fallback.png/MAT_7302991_PCE_LV"
Gaisa atsvaidz. Aroma Black Jack AW26,rimi.lv,1.79,1.07,,,"https://rimibaltic-res.cloudinary.com/image/upload/b_white,c_limit,dpr_auto,f_webp,q_auto:low,w_auto/d_ecommerce:backend-fallback.png/MAT_7288474_PCE_LV"
Gaisa atsvaidz. Aroma Drope Vanilla AW26,rimi.lv,2.49,1.49,,,"https://rimibaltic-res.cloudinary.com/image/upload/b_white,c_limit,dpr_auto,f_webp,q_auto:low,w_auto/d_ecommerce:backend-fallback.png/MAT_7303437_PCE_LV"
Gaisa atsv. Aroma GEO DOG Polymer Cherry,rimi.lv,3.99,2.39,,,"https://rimibaltic-res.cloudinary.com/image/upload/b_white,c_limit,dpr_auto,f_webp,q_auto:low,w_auto/d_ecommerce:backend-fallback.png/MAT_7303439_PCE_LV"
Micelārās putas Evoluderm ar C vitamīnu 150ml,rimi.lv,6.99,5.59,37.27,€/l,"https://rimibaltic-res.cloudinary.com/image/upload/b_white,c_limit,dpr_auto,f_webp,q_auto:low,w_auto/d_ecommerce:backend-fallback.png/MAT_7298463_PCE_LV"
Šampūns Head&Shoulders Menthol 800ml,rimi.lv,17.99,9.89,12.36,€/l,"https://rimibaltic-res.cloudinary.com/image/upload/b_white,c_limit,dpr_auto,f_webp,q_auto:low,w_auto/d_ecommerce:backend-fallback.png/MAT_7305140_PCE_LV"
Smaržu gran. Lenor Spring Awakening 22MR 270g,rimi.lv,10.99,8.19,30.33,€/kg,"https://rimibaltic-res.cloudinary.com/image/upload/b_white,c_limit,dpr_auto,f_webp,q_auto:low,w_auto/d_ecommerce:backend-fallback.png/MAT_7306818_PCE_LV"
Gaisa atsvaidz. Aroma Drope New Car AW26,rimi.lv,2.49,1.49,,,"https://rimibaltic-res.cloudinary.com/image/upload/b_white,c_limit,dpr_auto,f_webp,q_auto:low,w_auto/d_ecommerce:backend-fallback.png/MAT_7308057_PCE_LV"
Gaisa atsv. Aroma DropeDark Bubbles AW26,rimi.lv,2.49,1.49,,,"https://rimibaltic-res.cloudinary.com/image/upload/b_white,c_limit,dpr_auto,f_webp,q_auto:low,w_auto/d_ecommerce:backend-fallback.png/MAT_7308071_PCE_LV"
Gaisa atsvaidzinātājs Geo Dog Matisse Morning,rimi.lv,3.99,2.39,,,"https://rimibaltic-res.cloudinary.com/image/upload/b_white,c_limit,dpr_auto,f_webp,q_auto:low,w_auto/d_ecommerce:backend-fallback.png/MAT_7308075_PCE_LV"
Gaisa atsvaidz. Aroma XTRA New Car AW26,rimi.lv,1.79,1.07,,,"https://rimibaltic-res.cloudinary.com/image/upload/b_white,c_limit,dpr_auto,f_webp,q_auto:low,w_auto/d_ecommerce:backend-fallback.png/MAT_7308072_PCE_LV"
Gaisa atsvaidzinātājs Geo Dog Sparkling Mango,rimi.lv,3.99,2.39,,,"https://rimibaltic-res.cloudinary.com/image/upload/b_white,c_limit,dpr_auto,f_webp,q_auto:low,w_auto/d_ecommerce:backend-fallback.png/MAT_7308080_PCE_LV"
Vīriešu bokseri Mywear M,rimi.lv,12.99,9.09,,,"https://rimibaltic-res.cloudinary.com/image/upload/b_white,c_limit,dpr_auto,f_webp,q_auto:low,w_auto/d_ecommerce:backend-fallback.png/MAT_7303177_PCE_LV"
Zobu bir. Oral B Pro-Sens. Ad. G. Clean 2gab.,rimi.lv,6.29,4.89,,,"https://rimibaltic-res.cloudinary.com/image/upload/b_white,c_limit,dpr_auto,f_webp,q_auto:low,w_auto/d_ecommerce:backend-fallback.png/MAT_7308220_PCE_LV"
Skropstu atliecējs JLD,rimi.lv,4.29,3.21,,,"https://rimibaltic-res.cloudinary.com/image/upload/b_white,c_limit,dpr_auto,f_webp,q_auto:low,w_auto/d_ecommerce:backend-fallback.png/MAT_776374_PCE_LV"
Gumijas rokassprādžu veidošanai,rimi.lv,1.49,1.11,,,"https://rimibaltic-res.cloudinary.com/image/upload/b_white,c_limit,dpr_auto,f_webp,q_auto:low,w_auto/d_ecommerce:backend-fallback.png/MAT_791220_PCE_LV"
Matu aksesuārs,rimi.lv,2.99,2.24,,,"https://rimibaltic-res.cloudinary.com/image/upload/b_white,c_limit,dpr_auto,f_webp,q_auto:low,w_auto/d_ecommerce:backend-fallback.png/MAT_791221_PCE_LV"
Svece Cozy Home spoks D5xH5 cm HW26,rimi.lv,5.99,4.19,,,"https://rimibaltic-res.cloudinary.com/image/upload/b_white,c_limit,dpr_auto,f_webp,q_auto:low,w_auto/d_ecommerce:backend-fallback.png/MAT_816337_PCE_LV"
Grima uzklāšanas sūkļi JLD 4 gab,rimi.lv,2.99,2.24,,,"https://rimibaltic-res.cloudinary.com/image/upload/b_white,c_limit,dpr_auto,f_webp,q_auto:low,w_auto/d_ecommerce:backend-fallback.png/MAT_7046039_PCE_LV"
Pūdera uzklāšanas sūklis JLD 2 gab,rimi.lv,2.59,1.94,,,"https://rimibaltic-res.cloudinary.com/image/upload/b_white,c_limit,dpr_auto,f_webp,q_auto:low,w_auto/d_ecommerce:backend-fallback.png/MAT_7046043_PCE_LV"
Matu gumijas JLD,rimi.lv,5.39,4.04,,,"https://rimibaltic-res.cloudinary.com/image/upload/b_white,c_limit,dpr_auto,f_webp,q_auto:low,w_auto/d_ecommerce:backend-fallback.png/MAT_7086195_PCE_LV"
Matu aksesuārs JLD,rimi.lv,4.29,3.21,,,"https://rimibaltic-res.cloudinary.com/image/upload/b_white,c_limit,dpr_auto,f_webp,q_auto:low,w_auto/d_ecommerce:backend-fallback.png/MAT_7160726_PCE_LV"
123 Matu sprādzes N50 BO Paris,rimi.lv,2.49,1.86,,,"https://rimibaltic-res.cloudinary.com/image/upload/b_white,c_limit,dpr_auto,f_webp,q_auto:low,w_auto/d_ecommerce:backend-fallback.png/MAT_7236545_PCE_LV"
Pūdera suka JLD ievelkama Pro HD,rimi.lv,8.59,6.44,,,"https://rimibaltic-res.cloudinary.com/image/upload/b_white,c_limit,dpr_auto,f_webp,q_auto:low,w_auto/d_ecommerce:backend-fallback.png/MAT_7236632_PCE_LV"
Matu rotājumi Frank Provost,rimi.lv,3.99,2.99,,,"https://rimibaltic-res.cloudinary.com/image/upload/b_white,c_limit,dpr_auto,f_webp,q_auto:low,w_auto/d_ecommerce:backend-fallback.png/MAT_7281113_PCE_LV"
Matu rotājumi Princess Lili,rimi.lv,3.99,2.99,,,"https://rimibaltic-res.cloudinary.com/image/upload/b_white,c_limit,dpr_auto,f_webp,q_auto:low,w_auto/d_ecommerce:backend-fallback.png/MAT_7281138_PCE_LV"
Veidošanas ķemme Beter Ocean,rimi.lv,4.99,3.74,,,"https://rimibaltic-res.cloudinary.com/image/upload/b_white,c_limit,dpr_auto,f_webp,q_auto:low,w_auto/d_ecommerce:backend-fallback.png/MAT_7281669_PCE_LV"
Manikīra kutikulu šķēres Beter,rimi.lv,10.99,8.24,,,"https://rimibaltic-res.cloudinary.com/image/upload/b_white,c_limit,dpr_auto,f_webp,q_auto:low,w_auto/d_ecommerce:backend-fallback.png/MAT_7281691_PCE_LV"
Matu sprādzes Merista,rimi.lv,0.99,0.74,,,"https://rimibaltic-res.cloudinary.com/image/upload/b_white,c_limit,dpr_auto,f_webp,q_auto:low,w_auto/d_ecommerce:backend-fallback.png/MAT_7301007_PCE_LV"
S zeķub.Immagine lea 20 visone 3,rimi.lv,2.49,1.49,,,"https://rimibaltic-res.cloudinary.com/image/upload/b_white,c_limit,dpr_auto,f_webp,q_auto:low,w_auto/d_ecommerce:backend-fallback.png/MAT_7301298_PCE_LV"
S zeķub.Immagine lea 20 visone 2,rimi.lv,2.49,1.49,,,"https://rimibaltic-res.cloudinary.com/image/upload/b_white,c_limit,dpr_auto,f_webp,q_auto:low,w_auto/d_ecommerce:backend-fallback.png/MAT_7301308_PCE_LV"
S zeķub.Immagine lea 20 visone 4,rimi.lv,2.49,1.49,,,"https://rimibaltic-res.cloudinary.com/image/upload/b_white,c_limit,dpr_auto,f_webp,q_auto:low,w_auto/d_ecommerce:backend-fallback.png/MAT_7301295_PCE_LV"
S zeķub.Immagine lea 20 nero 3,rimi.lv,2.49,1.49,,,"https://rimibaltic-res.cloudinary.com/image/upload/b_white,c_limit,dpr_auto,f_webp,q_auto:low,w_auto/d_ecommerce:backend-fallback.png/MAT_7301314_PCE_LV"
Dušas želeja Dove Essential Velvet 250ml,rimi.lv,4.29,3.09,12.36,€/l,"https://rimibaltic-res.cloudinary.com/image/upload/b_white,c_limit,dpr_auto,f_webp,q_auto:low,w_auto/d_ecommerce:backend-fallback.png/MAT_7304557_PCE_LV"
Dušas želeja Dove Petal Soft 250ml,rimi.lv,4.29,3.09,12.36,€/l,"https://rimibaltic-res.cloudinary.com/image/upload/b_white,c_limit,dpr_auto,f_webp,q_auto:low,w_auto/d_ecommerce:backend-fallback.png/MAT_7304578_PCE_LV"
Kapu laterna Geralda Marija 36h ST26,rimi.lv,13.99,9.79,,,"https://rimibaltic-res.cloudinary.com/image/upload/b_white,c_limit,dpr_auto,f_webp,q_auto:low,w_auto/d_ecommerce:backend-fallback.png/MAT_7309068_PCE_LV"
Svece Geralda ar ieliktni 48h ST26,rimi.lv,3.99,2.79,,,"https://rimibaltic-res.cloudinary.com/image/upload/b_white,c_limit,dpr_auto,f_webp,q_auto:low,w_auto/d_ecommerce:backend-fallback.png/MAT_7309077_PCE_LV"
Kaps. laterna Geralda Kristāls 96h ST26,rimi.lv,14.99,10.49,,,"https://rimibaltic-res.cloudinary.com/image/upload/b_white,c_limit,dpr_auto,f_webp,q_auto:low,w_auto/d_ecommerce:backend-fallback.png/MAT_7309081_PCE_LV"
Kapu svece Geralda ar ieliktni 60h ST26,rimi.lv,3.49,2.44,,,"https://rimibaltic-res.cloudinary.com/image/upload/b_white,c_limit,dpr_auto,f_webp,q_auto:low,w_auto/d_ecommerce:backend-fallback.png/MAT_7309078_PCE_LV"
Piena maisījums Hipp no 6 mēnešiem BIO 400g,rimi.lv,16.99,12.69,31.72,€/kg,"https://rimibaltic-res.cloudinary.com/image/upload/b_white,c_limit,dpr_auto,f_webp,q_auto:low,w_auto/d_ecommerce:backend-fallback.png/MAT_7309299_PCE_LV"
Dušas želeja Dove Gentle Pamper 720ml,rimi.lv,10.99,5.49,7.62,€/l,"https://rimibaltic-res.cloudinary.com/image/upload/b_white,c_limit,dpr_auto,f_webp,q_auto:low,w_auto/d_ecommerce:backend-fallback.png/MAT_7304558_PCE_LV"
Dušas želeja Dove Creamy Indulge 720ml,rimi.lv,10.99,5.49,7.62,€/l,"https://rimibaltic-res.cloudinary.com/image/upload/b_white,c_limit,dpr_auto,f_webp,q_auto:low,w_auto/d_ecommerce:backend-fallback.png/MAT_7304591_PCE_LV"
Dušas želeja Dove petal Soft 720ml,rimi.lv,10.99,5.49,7.62,€/l,"https://rimibaltic-res.cloudinary.com/image/upload/b_white,c_limit,dpr_auto,f_webp,q_auto:low,w_auto/d_ecommerce:backend-fallback.png/MAT_7304580_PCE_LV"
"Skuvekļa asmeņi Gillette Mach3, 12gab.",rimi.lv,40.99,24.59,,,"https://rimibaltic-res.cloudinary.com/image/upload/b_white,c_limit,dpr_auto,f_webp,q_auto:low,w_auto/d_ecommerce:backend-fallback.png/MAT_7265443_PCE_LV"
Svece Haribo Coconut Lime 300g AW26,rimi.lv,11.99,8.39,,,"https://rimibaltic-res.cloudinary.com/image/upload/b_white,c_limit,dpr_auto,f_webp,q_auto:low,w_auto/d_ecommerce:backend-fallback.png/MAT_7309767_PCE_LV"
Svece Haribo  Melon Mix 300g AW26,rimi.lv,11.99,8.39,,,"https://rimibaltic-res.cloudinary.com/image/upload/b_white,c_limit,dpr_auto,f_webp,q_auto:low,w_auto/d_ecommerce:backend-fallback.png/MAT_7309768_PCE_LV"
Gaisa atsv.uzpild.AW Aroma Mist orhid.ar.20ml,rimi.lv,9.99,7.59,379.50,€/l,"https://rimibaltic-res.cloudinary.com/image/upload/b_white,c_limit,dpr_auto,f_webp,q_auto:low,w_auto/d_ecommerce:backend-fallback.png/MAT_7310405_PCE_LV"
Gaisa atsv.Air Wick Aroma Mist eikal.ar. 20ml,rimi.lv,9.99,7.59,379.50,€/l,"https://rimibaltic-res.cloudinary.com/image/upload/b_white,c_limit,dpr_auto,f_webp,q_auto:low,w_auto/d_ecommerce:backend-fallback.png/MAT_7310399_PCE_LV"
Gaisa atsv.Air Wick Aroma Mist orhid. ar.20ml,rimi.lv,21.99,16.69,834.50,€/l,"https://rimibaltic-res.cloudinary.com/image/upload/b_white,c_limit,dpr_auto,f_webp,q_auto:low,w_auto/d_ecommerce:backend-fallback.png/MAT_7310412_PCE_LV"
Sieviešu apakšbikses Mywear 3gb 40/42,rimi.lv,10.99,7.69,,,"https://rimibaltic-res.cloudinary.com/image/upload/b_white,c_limit,dpr_auto,f_webp,q_auto:low,w_auto/d_ecommerce:backend-fallback.png/MAT_7307564_PCE_LV"
Vīriešu bokseri Mywear XL,rimi.lv,12.99,9.09,,,"https://rimibaltic-res.cloudinary.com/image/upload/b_white,c_limit,dpr_auto,f_webp,q_auto:low,w_auto/d_ecommerce:backend-fallback.png/MAT_7308544_PCE_LV"
"Gaismas virtene, 180 LED, lāstekas, CH26",rimi.lv,14.99,10.49,,,"https://rimibaltic-res.cloudinary.com/image/upload/b_white,c_limit,dpr_auto,f_webp,q_auto:low,w_auto/d_ecommerce:backend-fallback.png/MAT_7311039_PCE_LV"
Sniegpārsliņas LED projektors CH26,rimi.lv,29.99,20.99,,,"https://rimibaltic-res.cloudinary.com/image/upload/b_white,c_limit,dpr_auto,f_webp,q_auto:low,w_auto/d_ecommerce:backend-fallback.png/MAT_7311038_PCE_LV"
"Gaismas virt., 400 LED, silti balta CH26",rimi.lv,16.99,11.89,,,"https://rimibaltic-res.cloudinary.com/image/upload/b_white,c_limit,dpr_auto,f_webp,q_auto:low,w_auto/d_ecommerce:backend-fallback.png/MAT_7311044_PCE_LV"
"Gaismas virtene, 360 LED, lāstekas, CH26",rimi.lv,24.99,17.49,,,"https://rimibaltic-res.cloudinary.com/image/upload/b_white,c_limit,dpr_auto,f_webp,q_auto:low,w_auto/d_ecommerce:backend-fallback.png/MAT_7311045_PCE_LV"
"Gaismas virt., 360LED, baltas lāst. CH26",rimi.lv,24.99,17.49,,,"https://rimibaltic-res.cloudinary.com/image/upload/b_white,c_limit,dpr_auto,f_webp,q_auto:low,w_auto/d_ecommerce:backend-fallback.png/MAT_7311054_PCE_LV"
Met. lamp. virt. 66LED silti balta CH26,rimi.lv,3.99,2.79,,,"https://rimibaltic-res.cloudinary.com/image/upload/b_white,c_limit,dpr_auto,f_webp,q_auto:low,w_auto/d_ecommerce:backend-fallback.png/MAT_7311052_PCE_LV"
"Gaismas virt., 180LED, baltas lāst. CH26",rimi.lv,14.99,10.49,,,"https://rimibaltic-res.cloudinary.com/image/upload/b_white,c_limit,dpr_auto,f_webp,q_auto:low,w_auto/d_ecommerce:backend-fallback.png/MAT_7311053_PCE_LV"
Gaisa atsv. Aroma Pink Diamond Girl AW26,rimi.lv,1.79,1.07,,,"https://rimibaltic-res.cloudinary.com/image/upload/b_white,c_limit,dpr_auto,f_webp,q_auto:low,w_auto/d_ecommerce:backend-fallback.png/MAT_7288471_PCE_LV"
Gaisa atsv. Aroma Oud&Pepper Skull AW26,rimi.lv,4.99,2.99,,,"https://rimibaltic-res.cloudinary.com/image/upload/b_white,c_limit,dpr_auto,f_webp,q_auto:low,w_auto/d_ecommerce:backend-fallback.png/MAT_7321410_PCE_LV"
Dezodorants Nivea Men Sensitive 150ml,rimi.lv,5.79,4.09,27.27,€/l,"https://rimibaltic-res.cloudinary.com/image/upload/b_white,c_limit,dpr_auto,f_webp,q_auto:low,w_auto/d_ecommerce:backend-fallback.png/MAT_7310473_PCE_LV"
Šampūns Fructis Keratin Sleek 200ml,rimi.lv,7.19,4.31,21.55,€/l,"https://rimibaltic-res.cloudinary.com/image/upload/b_white,c_limit,dpr_auto,f_webp,q_auto:low,w_auto/d_ecommerce:backend-fallback.png/MAT_7310338_PCE_LV"
Lūpu balzams Vaseline Original 7g,rimi.lv,5.49,4.09,584.29,€/kg,"https://rimibaltic-res.cloudinary.com/image/upload/b_white,c_limit,dpr_auto,f_webp,q_auto:low,w_auto/d_ecommerce:backend-fallback.png/MAT_7310036_PCE_LV"
Siev zeķubikses Pc Toulouse Caffe 3 200d,rimi.lv,9.79,5.87,,,"https://rimibaltic-res.cloudinary.com/image/upload/b_white,c_limit,dpr_auto,f_webp,q_auto:low,w_auto/d_ecommerce:backend-fallback.png/MAT_7312053_PCE_LV"
Siev zeķubikses Pc Toulouse Caffe 2 200d,rimi.lv,9.79,5.87,,,"https://rimibaltic-res.cloudinary.com/image/upload/b_white,c_limit,dpr_auto,f_webp,q_auto:low,w_auto/d_ecommerce:backend-fallback.png/MAT_7312062_PCE_LV"
Siev zeķubikses Pc Toulouse Caffe 4 200d,rimi.lv,9.79,5.87,,,"https://rimibaltic-res.cloudinary.com/image/upload/b_white,c_limit,dpr_auto,f_webp,q_auto:low,w_auto/d_ecommerce:backend-fallback.png/MAT_7312064_PCE_LV"
Siev zeķubikses Pc Rouen Caffe 5 80d,rimi.lv,8.69,5.21,,,"https://rimibaltic-res.cloudinary.com/image/upload/b_white,c_limit,dpr_auto,f_webp,q_auto:low,w_auto/d_ecommerce:backend-fallback.png/MAT_7312068_PCE_LV"
S zeķubikses Pc Marseille Caffe 5 50d,rimi.lv,6.49,3.89,,,"https://rimibaltic-res.cloudinary.com/image/upload/b_white,c_limit,dpr_auto,f_webp,q_auto:low,w_auto/d_ecommerce:backend-fallback.png/MAT_7312076_PCE_LV"
Zeķubikses Pc Toulon 40 Bronzo 4 40d,rimi.lv,5.79,3.47,,,"https://rimibaltic-res.cloudinary.com/image/upload/b_white,c_limit,dpr_auto,f_webp,q_auto:low,w_auto/d_ecommerce:backend-fallback.png/MAT_7312110_PCE_LV"
Zeķubikses Pc Toulon 40 Bronzo 2 40d,rimi.lv,5.79,3.47,,,"https://rimibaltic-res.cloudinary.com/image/upload/b_white,c_limit,dpr_auto,f_webp,q_auto:low,w_auto/d_ecommerce:backend-fallback.png/MAT_7312111_PCE_LV"
Zobu suka Elmex Sesitive Extra Soft 3gab.,rimi.lv,13.99,10.49,,,"https://rimibaltic-res.cloudinary.com/image/upload/b_white,c_limit,dpr_auto,f_webp,q_auto:low,w_auto/d_ecommerce:backend-fallback.png/MAT_7311569_PCE_LV"
Vējstiklu šķidrums CarPlan Demon -20C 4L,rimi.lv,9.99,5.99,,,"https://rimibaltic-res.cloudinary.com/image/upload/b_white,c_limit,dpr_auto,f_webp,q_auto:low,w_auto/d_ecommerce:backend-fallback.png/MAT_7312464_PCE_LV"
Ziemas vējst.mazg.šķidr. -20 Clerit 4L,rimi.lv,5.99,3.59,,,"https://rimibaltic-res.cloudinary.com/image/upload/b_white,c_limit,dpr_auto,f_webp,q_auto:low,w_auto/d_ecommerce:backend-fallback.png/MAT_816602_PCE_LV"
Ziemas vējst.mazg.šķidr. -15 Clerit 4L,rimi.lv,4.99,2.99,,,"https://rimibaltic-res.cloudinary.com/image/upload/b_white,c_limit,dpr_auto,f_webp,q_auto:low,w_auto/d_ecommerce:backend-fallback.png/MAT_816617_PCE_LV"
Mājas SPA kompl. IDC Institute In Love 4gab.,rimi.lv,11.29,6.77,,,"https://rimibaltic-res.cloudinary.com/image/upload/b_white,c_limit,dpr_auto,f_webp,q_auto:low,w_auto/d_ecommerce:backend-fallback.png/MAT_7312917_PCE_LV"
Somiņu komplekts IDC Institute In Love 2gab.,rimi.lv,12.99,7.79,,,"https://rimibaltic-res.cloudinary.com/image/upload/b_white,c_limit,dpr_auto,f_webp,q_auto:low,w_auto/d_ecommerce:backend-fallback.png/MAT_7312926_PCE_LV"
Masāžas komplekts IDC Institute In Love 3gab.,rimi.lv,11.29,6.77,,,"https://rimibaltic-res.cloudinary.com/image/upload/b_white,c_limit,dpr_auto,f_webp,q_auto:low,w_auto/d_ecommerce:backend-fallback.png/MAT_7312934_PCE_LV"
Ser.Nivea Cellular Epigen. ar Epicelline 30ml,rimi.lv,26.99,19.39,646.33,€/l,"https://rimibaltic-res.cloudinary.com/image/upload/b_white,c_limit,dpr_auto,f_webp,q_auto:low,w_auto/d_ecommerce:backend-fallback.png/MAT_7312563_PCE_LV"
Panna Tefal Start Easy Black 24 CM,rimi.lv,43.99,26.39,,,"https://rimibaltic-res.cloudinary.com/image/upload/b_white,c_limit,dpr_auto,f_webp,q_auto:low,w_auto/d_ecommerce:backend-fallback.png/MAT_7313348_PCE_LV"
Panna Tefal Start Easy Black 28 CM,rimi.lv,53.99,32.39,,,"https://rimibaltic-res.cloudinary.com/image/upload/b_white,c_limit,dpr_auto,f_webp,q_auto:low,w_auto/d_ecommerce:backend-fallback.png/MAT_7313360_PCE_LV"
Balzams Syoss Curls intensīvs 250ml,rimi.lv,7.49,5.19,20.76,€/l,"https://rimibaltic-res.cloudinary.com/image/upload/b_white,c_limit,dpr_auto,f_webp,q_auto:low,w_auto/d_ecommerce:backend-fallback.png/MAT_7305276_PCE_LV"
Matu kr.Syoss Color 13-0 Ultra int. bal. 1gab,rimi.lv,9.59,6.69,,,"https://rimibaltic-res.cloudinary.com/image/upload/b_white,c_limit,dpr_auto,f_webp,q_auto:low,w_auto/d_ecommerce:backend-fallback.png/MAT_7305278_PCE_LV"
Māls matiem Syoss Texture Clay tek.pieš.100ml,rimi.lv,8.59,5.99,59.90,€/l,"https://rimibaltic-res.cloudinary.com/image/upload/b_white,c_limit,dpr_auto,f_webp,q_auto:low,w_auto/d_ecommerce:backend-fallback.png/MAT_7305277_PCE_LV"
Pūderis Taft Full&Fresh 10g,rimi.lv,7.99,6.39,639.00,€/kg,"https://rimibaltic-res.cloudinary.com/image/upload/b_white,c_limit,dpr_auto,f_webp,q_auto:low,w_auto/d_ecommerce:backend-fallback.png/MAT_7311478_PCE_LV"
Līdz. Syoss Color Root Ret.Tum. bl.mat. 120ml,rimi.lv,8.99,5.79,48.25,€/l,"https://rimibaltic-res.cloudinary.com/image/upload/b_white,c_limit,dpr_auto,f_webp,q_auto:low,w_auto/d_ecommerce:backend-fallback.png/MAT_7311490_PCE_LV"
Matu krāsa Palette Deluxe Plat. Bl. ton.150ml,rimi.lv,7.99,4.39,29.27,€/l,"https://rimibaltic-res.cloudinary.com/image/upload/b_white,c_limit,dpr_auto,f_webp,q_auto:low,w_auto/d_ecommerce:backend-fallback.png/MAT_7311491_PCE_LV"
Šampūns Schauma Stronger for long. hair 400ml,rimi.lv,5.49,3.89,9.72,€/l,"https://rimibaltic-res.cloudinary.com/image/upload/b_white,c_limit,dpr_auto,f_webp,q_auto:low,w_auto/d_ecommerce:backend-fallback.png/MAT_7311492_PCE_LV"
Krēms Taft Aloe Boost matu veidošanai 100ml,rimi.lv,7.49,5.99,59.90,€/l,"https://rimibaltic-res.cloudinary.com/image/upload/b_white,c_limit,dpr_auto,f_webp,q_auto:low,w_auto/d_ecommerce:backend-fallback.png/MAT_7311493_PCE_LV"
Šampūns Nivea Men Anti Grease vīriešiem 500ml,rimi.lv,7.99,5.69,11.38,€/l,"https://rimibaltic-res.cloudinary.com/image/upload/b_white,c_limit,dpr_auto,f_webp,q_auto:low,w_auto/d_ecommerce:backend-fallback.png/MAT_7311504_PCE_LV"
Maska m. Garnier Fructis Aloe Hair Food 400ml,rimi.lv,11.89,8.79,21.97,€/l,"https://rimibaltic-res.cloudinary.com/image/upload/b_white,c_limit,dpr_auto,f_webp,q_auto:low,w_auto/d_ecommerce:backend-fallback.png/MAT_7311554_PCE_LV"
Gaisa atsvaidzinātājs Midnight chick,rimi.lv,1.99,1.19,,,"https://rimibaltic-res.cloudinary.com/image/upload/b_white,c_limit,dpr_auto,f_webp,q_auto:low,w_auto/d_ecommerce:backend-fallback.png/MAT_7158233_PCE_LV"
Gaisa atsvaidzinātājs Arctic White,rimi.lv,1.99,1.19,,,"https://rimibaltic-res.cloudinary.com/image/upload/b_white,c_limit,dpr_auto,f_webp,q_auto:low,w_auto/d_ecommerce:backend-fallback.png/MAT_7075409_PCE_LV"
Dezod.Mennen Speed Stick Ultim. Sport Gel 85g,rimi.lv,9.49,5.69,66.94,€/kg,"https://rimibaltic-res.cloudinary.com/image/upload/b_white,c_limit,dpr_auto,f_webp,q_auto:low,w_auto/d_ecommerce:backend-fallback.png/MAT_7314471_PCE_LV"
Autošampūns Ultra Wash & Wax,rimi.lv,7.99,4.79,,,"https://rimibaltic-res.cloudinary.com/image/upload/b_white,c_limit,dpr_auto,f_webp,q_auto:low,w_auto/d_ecommerce:backend-fallback.png/MAT_7314241_PCE_LV"
Dušas želeja Dove Juicy Hydrate 720ml,rimi.lv,10.99,5.49,7.62,€/l,"https://rimibaltic-res.cloudinary.com/image/upload/b_white,c_limit,dpr_auto,f_webp,q_auto:low,w_auto/d_ecommerce:backend-fallback.png/MAT_7314654_PCE_LV"
Šampūns Elseve Color-Vive UV-filtru 1l,rimi.lv,18.99,10.39,10.39,€/l,"https://rimibaltic-res.cloudinary.com/image/upload/b_white,c_limit,dpr_auto,f_webp,q_auto:low,w_auto/d_ecommerce:backend-fallback.png/MAT_7313623_PCE_LV"
"Veļas mazg.pul.Ariel Alpine Fresh 30MR 1,65kg",rimi.lv,19.99,14.79,8.96,€/kg,"https://rimibaltic-res.cloudinary.com/image/upload/b_white,c_limit,dpr_auto,f_webp,q_auto:low,w_auto/d_ecommerce:backend-fallback.png/MAT_7306845_PCE_LV"
"Veļ.mīkst.Lenor Spring Awakening 126MR 2,650l",rimi.lv,13.59,10.19,3.85,€/l,"https://rimibaltic-res.cloudinary.com/image/upload/b_white,c_limit,dpr_auto,f_webp,q_auto:low,w_auto/d_ecommerce:backend-fallback.png/MAT_7316260_PCE_LV"
Tr. mazg. kap. Platinum+ Lemon Miracle 31gab.,rimi.lv,28.99,16.99,,,"https://rimibaltic-res.cloudinary.com/image/upload/b_white,c_limit,dpr_auto,f_webp,q_auto:low,w_auto/d_ecommerce:backend-fallback.png/MAT_7316249_PCE_LV"
Zobu pasta Colgate Max White Luminous 125ml,rimi.lv,9.99,6.19,49.52,€/l,"https://rimibaltic-res.cloudinary.com/image/upload/b_white,c_limit,dpr_auto,f_webp,q_auto:low,w_auto/d_ecommerce:backend-fallback.png/MAT_7316533_PCE_LV"
Mērce Santa Maria BBQ ar ķipl. un pip. 280g,rimi.lv,4.29,3.69,13.18,€/kg,"https://rimibaltic-res.cloudinary.com/image/upload/b_white,c_limit,dpr_auto,f_webp,q_auto:low,w_auto/d_ecommerce:backend-fallback.png/MAT_1023275_PCE_LV"
Vīriešu bokseršorti Ivar Irregular dot 2,rimi.lv,12.99,9.09,,,"https://rimibaltic-res.cloudinary.com/image/upload/b_white,c_limit,dpr_auto,f_webp,q_auto:low,w_auto/d_ecommerce:backend-fallback.png/MAT_817259_PCE_LV"
Vīriešu bokseršorti Ivar Leaves S,rimi.lv,12.99,9.09,,,"https://rimibaltic-res.cloudinary.com/image/upload/b_white,c_limit,dpr_auto,f_webp,q_auto:low,w_auto/d_ecommerce:backend-fallback.png/MAT_817276_PCE_LV"
"Bezalkoh.dzēr. Sun365 granātābola garša 0,75l",rimi.lv,7.29,5.59,7.45,€/l,"https://rimibaltic-res.cloudinary.com/image/upload/b_white,c_limit,dpr_auto,f_webp,q_auto:low,w_auto/d_ecommerce:backend-fallback.png/MAT_1375996_PCE_LV"
"Līdzeklis Maga SE PV pret odiem, ērcēm 100ml",rimi.lv,4.99,3.44,34.40,€/l,"https://rimibaltic-res.cloudinary.com/image/upload/b_white,c_limit,dpr_auto,f_webp,q_auto:low,w_auto/d_ecommerce:backend-fallback.png/MAT_7316666_PCE_LV"
Dušas želeja Dove Essential Velvet 720ml,rimi.lv,10.99,5.49,7.62,€/l,"https://rimibaltic-res.cloudinary.com/image/upload/b_white,c_limit,dpr_auto,f_webp,q_auto:low,w_auto/d_ecommerce:backend-fallback.png/MAT_7304577_PCE_LV"
Odu atbaidīšanas aproces Citronella 1gab.,rimi.lv,3.49,2.41,,,"https://rimibaltic-res.cloudinary.com/image/upload/b_white,c_limit,dpr_auto,f_webp,q_auto:low,w_auto/d_ecommerce:backend-fallback.png/MAT_7316885_PCE_LV"
Mežģīņu krūšturis Mywear S lillā,rimi.lv,12.99,9.09,,,"https://rimibaltic-res.cloudinary.com/image/upload/b_white,c_limit,dpr_auto,f_webp,q_auto:low,w_auto/d_ecommerce:backend-fallback.png/MAT_817905_PCE_LV"
Pēdiņas Imm steps cot nature 35-38,rimi.lv,6.99,4.19,,,"https://rimibaltic-res.cloudinary.com/image/upload/b_white,c_limit,dpr_auto,f_webp,q_auto:low,w_auto/d_ecommerce:backend-fallback.png/MAT_7317128_PCE_LV"
Sprejs matiem Syoss Glaze Primer 150ml,rimi.lv,9.99,7.09,47.27,€/l,"https://rimibaltic-res.cloudinary.com/image/upload/b_white,c_limit,dpr_auto,f_webp,q_auto:low,w_auto/d_ecommerce:backend-fallback.png/MAT_7317254_PCE_LV"
Sprejs matiem Syoss Glaze Topcoat 200ml,rimi.lv,9.99,7.09,35.45,€/l,"https://rimibaltic-res.cloudinary.com/image/upload/b_white,c_limit,dpr_auto,f_webp,q_auto:low,w_auto/d_ecommerce:backend-fallback.png/MAT_7317255_PCE_LV"
Ton.matu kr. Syoss Color Glaze Vēsi br. 130ml,rimi.lv,11.99,7.19,55.31,€/l,"https://rimibaltic-res.cloudinary.com/image/upload/b_white,c_limit,dpr_auto,f_webp,q_auto:low,w_auto/d_ecommerce:backend-fallback.png/MAT_7317256_PCE_LV"
Ton. matu kr. Syoss Color Glaze Platīns 130ml,rimi.lv,11.99,7.19,55.31,€/l,"https://rimibaltic-res.cloudinary.com/image/upload/b_white,c_limit,dpr_auto,f_webp,q_auto:low,w_auto/d_ecommerce:backend-fallback.png/MAT_7317269_PCE_LV"
Ton.matu kr.Syoss Color Glaze Caurspīd. 130ml,rimi.lv,11.99,7.19,55.31,€/l,"https://rimibaltic-res.cloudinary.com/image/upload/b_white,c_limit,dpr_auto,f_webp,q_auto:low,w_auto/d_ecommerce:backend-fallback.png/MAT_7317268_PCE_LV"
Matu serums Syoss Intense Glaze 100ml,rimi.lv,11.79,8.29,82.90,€/l,"https://rimibaltic-res.cloudinary.com/image/upload/b_white,c_limit,dpr_auto,f_webp,q_auto:low,w_auto/d_ecommerce:backend-fallback.png/MAT_7317271_PCE_LV"
Saldējums Boujee ar melleņu mērci 200ml/160g,rimi.lv,5.99,3.69,23.06,€/kg,"https://rimibaltic-res.cloudinary.com/image/upload/b_white,c_limit,dpr_auto,f_webp,q_auto:low,w_auto/d_ecommerce:backend-fallback.png/MAT_4010880_PCE_LV"
"Sl.kaķu bar.Club 4 Paws ar tīt.,truša g.4x85g",rimi.lv,2.19,1.69,4.97,€/kg,"https://rimibaltic-res.cloudinary.com/image/upload/b_white,c_limit,dpr_auto,f_webp,q_auto:low,w_auto/d_ecommerce:backend-fallback.png/MAT_7317303_PCE_LV"
"Kaķu bar.Club 4 Paws vist.,pīļu,liel.g. 4x85g",rimi.lv,2.19,1.69,4.97,€/kg,"https://rimibaltic-res.cloudinary.com/image/upload/b_white,c_limit,dpr_auto,f_webp,q_auto:low,w_auto/d_ecommerce:backend-fallback.png/MAT_7317304_PCE_LV"
Skuveklis Gillette Labs ar turētāju 3gab.,rimi.lv,29.99,25.49,,,"https://rimibaltic-res.cloudinary.com/image/upload/b_white,c_limit,dpr_auto,f_webp,q_auto:low,w_auto/d_ecommerce:backend-fallback.png/MAT_7317486_PCE_LV"
Skūšanās kasetes Gillette Labs 8gab.,rimi.lv,49.99,42.49,,,"https://rimibaltic-res.cloudinary.com/image/upload/b_white,c_limit,dpr_auto,f_webp,q_auto:low,w_auto/d_ecommerce:backend-fallback.png/MAT_7317495_PCE_LV"
Matu sprejs Garnier Fructis Diamond Sl. 150ml,rimi.lv,10.99,6.59,43.93,€/l,"https://rimibaltic-res.cloudinary.com/image/upload/b_white,c_limit,dpr_auto,f_webp,q_auto:low,w_auto/d_ecommerce:backend-fallback.png/MAT_7317542_PCE_LV"
"Svece Cozy Home Boo 8x10,5cm HW26",rimi.lv,6.99,4.89,,,"https://rimibaltic-res.cloudinary.com/image/upload/b_white,c_limit,dpr_auto,f_webp,q_auto:low,w_auto/d_ecommerce:backend-fallback.png/MAT_818078_PCE_LV"
Tr.mazg.tab.Finish Ultim. Plus 1 Lemon 35gab.,rimi.lv,29.99,18.79,,,"https://rimibaltic-res.cloudinary.com/image/upload/b_white,c_limit,dpr_auto,f_webp,q_auto:low,w_auto/d_ecommerce:backend-fallback.png/MAT_7318109_PCE_LV"
Tr. mazg.tabletes Finish Quantum Lemon 40gab.,rimi.lv,29.99,18.59,,,"https://rimibaltic-res.cloudinary.com/image/upload/b_white,c_limit,dpr_auto,f_webp,q_auto:low,w_auto/d_ecommerce:backend-fallback.png/MAT_7318130_PCE_LV"
Odu repel.akt.v.ielikt. Citri. R-4-XIX 1gab.,rimi.lv,50.49,32.82,,,"https://rimibaltic-res.cloudinary.com/image/upload/b_white,c_limit,dpr_auto,f_webp,q_auto:low,w_auto/d_ecommerce:backend-fallback.png/MAT_7318288_PCE_LV"
Stikla svece Cozy home 7x8cm AW26,rimi.lv,3.99,2.79,,,"https://rimibaltic-res.cloudinary.com/image/upload/b_white,c_limit,dpr_auto,f_webp,q_auto:low,w_auto/d_ecommerce:backend-fallback.png/MAT_7318279_PCE_LV"
Skārda svece Cozy home ar smaržu AW26,rimi.lv,4.99,3.49,,,"https://rimibaltic-res.cloudinary.com/image/upload/b_white,c_limit,dpr_auto,f_webp,q_auto:low,w_auto/d_ecommerce:backend-fallback.png/MAT_7318282_PCE_LV"
Stikla svece Cozy home 8x9cm AW26,rimi.lv,5.99,4.19,,,"https://rimibaltic-res.cloudinary.com/image/upload/b_white,c_limit,dpr_auto,f_webp,q_auto:low,w_auto/d_ecommerce:backend-fallback.png/MAT_7318294_PCE_LV"
Svece Cozy Home Noir 8x9cm HW26,rimi.lv,4.99,3.49,,,"https://rimibaltic-res.cloudinary.com/image/upload/b_white,c_limit,dpr_auto,f_webp,q_auto:low,w_auto/d_ecommerce:backend-fallback.png/MAT_818068_PCE_LV"
Šampūns Schauma Anti-Dandruff Inten.Men 350ml,rimi.lv,5.49,3.89,11.11,€/l,"https://rimibaltic-res.cloudinary.com/image/upload/b_white,c_limit,dpr_auto,f_webp,q_auto:low,w_auto/d_ecommerce:backend-fallback.png/MAT_7317641_PCE_LV"
Tējas kompl. Dolce de Luxe ar augļu gab. 50g,rimi.lv,2.59,1.99,39.80,€/kg,"https://rimibaltic-res.cloudinary.com/image/upload/b_white,c_limit,dpr_auto,f_webp,q_auto:low,w_auto/d_ecommerce:backend-fallback.png/MAT_1023865_PCE_LV"
Ķermeņa pieniņš Nivea Rich Nourishing 625ml,rimi.lv,14.99,8.99,14.38,€/l,"https://rimibaltic-res.cloudinary.com/image/upload/b_white,c_limit,dpr_auto,f_webp,q_auto:low,w_auto/d_ecommerce:backend-fallback.png/MAT_7318389_PCE_LV"
Vīriešu apakšveļa Mywear zaļa M,rimi.lv,16.99,11.89,,,"https://rimibaltic-res.cloudinary.com/image/upload/b_white,c_limit,dpr_auto,f_webp,q_auto:low,w_auto/d_ecommerce:backend-fallback.png/MAT_818353_PCE_LV"
Vīriešu apakšveļa Mywear zila M,rimi.lv,16.99,11.89,,,"https://rimibaltic-res.cloudinary.com/image/upload/b_white,c_limit,dpr_auto,f_webp,q_auto:low,w_auto/d_ecommerce:backend-fallback.png/MAT_818367_PCE_LV"
Čemodāns 55 cm aveņu krāsā AW26,rimi.lv,49.99,24.99,,,"https://rimibaltic-res.cloudinary.com/image/upload/b_white,c_limit,dpr_auto,f_webp,q_auto:low,w_auto/d_ecommerce:backend-fallback.png/MAT_818350_PCE_LV"
Čemodāns 55 cm šokolādes krāsā AW26,rimi.lv,49.99,24.99,,,"https://rimibaltic-res.cloudinary.com/image/upload/b_white,c_limit,dpr_auto,f_webp,q_auto:low,w_auto/d_ecommerce:backend-fallback.png/MAT_818365_PCE_LV"
Dušas želeja Fa Gardenia 400ml,rimi.lv,5.49,3.59,8.97,€/l,"https://rimibaltic-res.cloudinary.com/image/upload/b_white,c_limit,dpr_auto,f_webp,q_auto:low,w_auto/d_ecommerce:backend-fallback.png/MAT_7319049_PCE_LV"
"Atj.,mitr.krē.sejai Men Expert Power Age 50ml",rimi.lv,17.99,13.39,267.80,€/l,"https://rimibaltic-res.cloudinary.com/image/upload/b_white,c_limit,dpr_auto,f_webp,q_auto:low,w_auto/d_ecommerce:backend-fallback.png/MAT_7319192_PCE_LV"
Attīr.žele.sej.Men Expert Hydra Energet.100ml,rimi.lv,8.69,6.49,64.90,€/l,"https://rimibaltic-res.cloudinary.com/image/upload/b_white,c_limit,dpr_auto,f_webp,q_auto:low,w_auto/d_ecommerce:backend-fallback.png/MAT_7319188_PCE_LV"
Tonējošs flu. Garnier Tint Vit.C SPF 50+ 40ml,rimi.lv,16.99,14.39,359.75,€/l,"https://rimibaltic-res.cloudinary.com/image/upload/b_white,c_limit,dpr_auto,f_webp,q_auto:low,w_auto/d_ecommerce:backend-fallback.png/MAT_7319358_PCE_LV"
Sejas kr. Loreal Paris Revit.Fil.Gl.Skin 50ml,rimi.lv,22.99,19.49,389.80,€/l,"https://rimibaltic-res.cloudinary.com/image/upload/b_white,c_limit,dpr_auto,f_webp,q_auto:low,w_auto/d_ecommerce:backend-fallback.png/MAT_7319362_PCE_LV"
Lūpu balzams Vaseline Original 10g,rimi.lv,7.99,5.59,559.00,€/kg,"https://rimibaltic-res.cloudinary.com/image/upload/b_white,c_limit,dpr_auto,f_webp,q_auto:low,w_auto/d_ecommerce:backend-fallback.png/MAT_7319218_PCE_LV"
"S.b.suņ. Pedigree Jr. putnu gaļu,dārz. 1,4kg",rimi.lv,8.99,5.79,4.14,€/kg,"https://rimibaltic-res.cloudinary.com/image/upload/b_white,c_limit,dpr_auto,f_webp,q_auto:low,w_auto/d_ecommerce:backend-fallback.png/MAT_7319341_PCE_LV"
Dušas želeja Dove Men FIFA Edition 400ml,rimi.lv,7.19,4.79,11.97,€/l,"https://rimibaltic-res.cloudinary.com/image/upload/b_white,c_limit,dpr_auto,f_webp,q_auto:low,w_auto/d_ecommerce:backend-fallback.png/MAT_7319484_PCE_LV"
"Kons. kaķ. Animonda Carny vista,kaķu mēt. 85g",rimi.lv,1.69,1.19,14.00,€/kg,"https://rimibaltic-res.cloudinary.com/image/upload/b_white,c_limit,dpr_auto,f_webp,q_auto:low,w_auto/d_ecommerce:backend-fallback.png/MAT_7319543_PCE_LV"
Traipu tīrīšanas līdzeklis Lovela Baby 1l,rimi.lv,11.99,9.59,9.59,€/l,"https://rimibaltic-res.cloudinary.com/image/upload/b_white,c_limit,dpr_auto,f_webp,q_auto:low,w_auto/d_ecommerce:backend-fallback.png/MAT_7319608_PCE_LV"
Vienreizliet.skuvek.Bic Flex5 vīriešiem 3gab,rimi.lv,12.99,9.69,,,"https://rimibaltic-res.cloudinary.com/image/upload/b_white,c_limit,dpr_auto,f_webp,q_auto:low,w_auto/d_ecommerce:backend-fallback.png/MAT_7319644_PCE_LV"
"Veļas mazg.līdz.Ariel Ext.Rem.šķ.35mr 1,575l",rimi.lv,19.99,14.99,9.52,€/l,"https://rimibaltic-res.cloudinary.com/image/upload/b_white,c_limit,dpr_auto,f_webp,q_auto:low,w_auto/d_ecommerce:backend-fallback.png/MAT_7319808_PCE_LV"
"Veļas mazg.līdz.Ariel Gold Orc.šķ.35mr 1,575l",rimi.lv,19.99,13.99,8.88,€/l,"https://rimibaltic-res.cloudinary.com/image/upload/b_white,c_limit,dpr_auto,f_webp,q_auto:low,w_auto/d_ecommerce:backend-fallback.png/MAT_7319821_PCE_LV"
Tonē.mas.mat.Garnier Ol.Gl.Ton.Icy Blo. 150ml,rimi.lv,10.99,7.69,51.27,€/l,"https://rimibaltic-res.cloudinary.com/image/upload/b_white,c_limit,dpr_auto,f_webp,q_auto:low,w_auto/d_ecommerce:backend-fallback.png/MAT_7320336_PCE_LV"
Ton.mas.mat.Garnier Ol.Gl.Ton.Sm.Brown 150ml,rimi.lv,10.99,7.69,51.27,€/l,"https://rimibaltic-res.cloudinary.com/image/upload/b_white,c_limit,dpr_auto,f_webp,q_auto:low,w_auto/d_ecommerce:backend-fallback.png/MAT_7320347_PCE_LV"
Tonē.mas.mat.Garnier Ol.Gl.Ton.Ma.Brown 150ml,rimi.lv,10.99,7.69,51.27,€/l,"https://rimibaltic-res.cloudinary.com/image/upload/b_white,c_limit,dpr_auto,f_webp,q_auto:low,w_auto/d_ecommerce:backend-fallback.png/MAT_7320346_PCE_LV"
Tonē.mas.mat.Garnier Ol.Gl.Ton.Sunk.Br. 150ml,rimi.lv,10.99,7.69,51.27,€/l,"https://rimibaltic-res.cloudinary.com/image/upload/b_white,c_limit,dpr_auto,f_webp,q_auto:low,w_auto/d_ecommerce:backend-fallback.png/MAT_7320348_PCE_LV"
Krūzītes Decorata Party 250 ml AW26,rimi.lv,1.79,1.25,,,"https://rimibaltic-res.cloudinary.com/image/upload/b_white,c_limit,dpr_auto,f_webp,q_auto:low,w_auto/d_ecommerce:backend-fallback.png/MAT_7320202_PCE_LV"
Lūpu zīmulis Maybelline Lifter Upstate 11,rimi.lv,10.29,8.69,8690.00,€/kg,"https://rimibaltic-res.cloudinary.com/image/upload/b_white,c_limit,dpr_auto,f_webp,q_auto:low,w_auto/d_ecommerce:backend-fallback.png/MAT_7320306_PCE_LV"
Acu zīmulis Maybelline Sculpting Stix Smo.015,rimi.lv,11.59,9.79,4895.00,€/kg,"https://rimibaltic-res.cloudinary.com/image/upload/b_white,c_limit,dpr_auto,f_webp,q_auto:low,w_auto/d_ecommerce:backend-fallback.png/MAT_7320299_PCE_LV"
Lūpu zīmulis Maybelline Lifter Crop Top 12,rimi.lv,10.29,8.69,8690.00,€/kg,"https://rimibaltic-res.cloudinary.com/image/upload/b_white,c_limit,dpr_auto,f_webp,q_auto:low,w_auto/d_ecommerce:backend-fallback.png/MAT_7320307_PCE_LV"
Lūpu zīmulis Maybelline Lifter Maybe It's 3,rimi.lv,10.29,8.69,8690.00,€/kg,"https://rimibaltic-res.cloudinary.com/image/upload/b_white,c_limit,dpr_auto,f_webp,q_auto:low,w_auto/d_ecommerce:backend-fallback.png/MAT_7320310_PCE_LV"
Lūpu zīmulis Maybelline Lifter Main Char. 10,rimi.lv,10.29,8.69,8690.00,€/kg,"https://rimibaltic-res.cloudinary.com/image/upload/b_white,c_limit,dpr_auto,f_webp,q_auto:low,w_auto/d_ecommerce:backend-fallback.png/MAT_7320311_PCE_LV"
Acu zīmulis Maybelline Sculpting Stix Mo. 014,rimi.lv,11.59,9.79,4895.00,€/kg,"https://rimibaltic-res.cloudinary.com/image/upload/b_white,c_limit,dpr_auto,f_webp,q_auto:low,w_auto/d_ecommerce:backend-fallback.png/MAT_7320319_PCE_LV"
Acu zīmulis Maybelline Sculpting Stix Ro. 011,rimi.lv,11.59,9.79,4895.00,€/kg,"https://rimibaltic-res.cloudinary.com/image/upload/b_white,c_limit,dpr_auto,f_webp,q_auto:low,w_auto/d_ecommerce:backend-fallback.png/MAT_7320340_PCE_LV"
Konfektes Johny Bee Party Balloon Scary 8g,rimi.lv,,1.18,14.75,€/kg,"https://rimibaltic-res.cloudinary.com/image/upload/b_white,c_limit,dpr_auto,f_webp,q_auto:low,w_auto/d_ecommerce:backend-fallback.png/MAT_1024645_PCE_LV"
S.b.suņ.Brit Care Grainfree Sens. brieža 3kg,rimi.lv,,17.19,5.73,€/kg,"https://rimibaltic-res.cloudinary.com/image/upload/b_white,c_limit,dpr_auto,f_webp,q_auto:low,w_auto/d_ecommerce:backend-fallback.png/MAT_7319999_PCE_LV"
Stikla krūze Altom Design 310 ml AW26,rimi.lv,3.99,1.99,,,"https://rimibaltic-res.cloudinary.com/image/upload/b_white,c_limit,dpr_auto,f_webp,q_auto:low,w_auto/d_ecommerce:backend-fallback.png/MAT_7321308_PCE_LV"
Krūze Altom Design 350 ml AW26,rimi.lv,3.99,1.99,,,"https://rimibaltic-res.cloudinary.com/image/upload/b_white,c_limit,dpr_auto,f_webp,q_auto:low,w_auto/d_ecommerce:backend-fallback.png/MAT_7321318_PCE_LV"
Krūze Altom Design 420 ml AW26,rimi.lv,3.99,1.99,,,"https://rimibaltic-res.cloudinary.com/image/upload/b_white,c_limit,dpr_auto,f_webp,q_auto:low,w_auto/d_ecommerce:backend-fallback.png/MAT_7321319_PCE_LV"
Gaisa atsv. Aroma Pomegranate Girl AW26,rimi.lv,1.79,1.07,,,"https://rimibaltic-res.cloudinary.com/image/upload/b_white,c_limit,dpr_auto,f_webp,q_auto:low,w_auto/d_ecommerce:backend-fallback.png/MAT_7321384_PCE_LV"
Gaisa atsv. Aroma Sparkling Mango AW26,rimi.lv,4.99,2.99,,,"https://rimibaltic-res.cloudinary.com/image/upload/b_white,c_limit,dpr_auto,f_webp,q_auto:low,w_auto/d_ecommerce:backend-fallback.png/MAT_7321385_PCE_LV"
Gaisa atsvaidz. Aroma Bearly Coral AW26,rimi.lv,4.99,2.99,,,"https://rimibaltic-res.cloudinary.com/image/upload/b_white,c_limit,dpr_auto,f_webp,q_auto:low,w_auto/d_ecommerce:backend-fallback.png/MAT_7321398_PCE_LV"
Gaisa atsvaidz. Aroma Xshape Silver AW26,rimi.lv,3.99,2.39,,,"https://rimibaltic-res.cloudinary.com/image/upload/b_white,c_limit,dpr_auto,f_webp,q_auto:low,w_auto/d_ecommerce:backend-fallback.png/MAT_7321397_PCE_LV"
Gaisa atsvaidz. Aroma Drope Black AW26,rimi.lv,2.49,1.49,,,"https://rimibaltic-res.cloudinary.com/image/upload/b_white,c_limit,dpr_auto,f_webp,q_auto:low,w_auto/d_ecommerce:backend-fallback.png/MAT_7321400_PCE_LV"
Gaisa atsvaidz. Aroma Sweet Victory AW26,rimi.lv,1.79,1.07,,,"https://rimibaltic-res.cloudinary.com/image/upload/b_white,c_limit,dpr_auto,f_webp,q_auto:low,w_auto/d_ecommerce:backend-fallback.png/MAT_7321401_PCE_LV"
Gaisa atsvaidzin. Aroma Motobiker AW26,rimi.lv,1.79,1.07,,,"https://rimibaltic-res.cloudinary.com/image/upload/b_white,c_limit,dpr_auto,f_webp,q_auto:low,w_auto/d_ecommerce:backend-fallback.png/MAT_7321402_PCE_LV"
Gaisa atsv. Aroma Pomegranate Skull AW26,rimi.lv,4.99,2.99,,,"https://rimibaltic-res.cloudinary.com/image/upload/b_white,c_limit,dpr_auto,f_webp,q_auto:low,w_auto/d_ecommerce:backend-fallback.png/MAT_7321411_PCE_LV"
Ķermeņa un matu aerosols Sence Monoi 100ml,rimi.lv,3.69,2.55,25.50,€/l,"https://rimibaltic-res.cloudinary.com/image/upload/b_white,c_limit,dpr_auto,f_webp,q_auto:low,w_auto/d_ecommerce:backend-fallback.png/MAT_7321704_PCE_LV"
Acu maska Sence ar acai ogu ekstraktu 6ml,rimi.lv,1.29,0.90,150.00,€/l,"https://rimibaltic-res.cloudinary.com/image/upload/b_white,c_limit,dpr_auto,f_webp,q_auto:low,w_auto/d_ecommerce:backend-fallback.png/MAT_7321706_PCE_LV"
Sejas maska Sence acai ogu ekstraktu 20ml,rimi.lv,1.39,0.97,48.50,€/l,"https://rimibaltic-res.cloudinary.com/image/upload/b_white,c_limit,dpr_auto,f_webp,q_auto:low,w_auto/d_ecommerce:backend-fallback.png/MAT_7321713_PCE_LV"
Dušas želeja Sence Monoi 500ml,rimi.lv,3.09,2.15,4.30,€/l,"https://rimibaltic-res.cloudinary.com/image/upload/b_white,c_limit,dpr_auto,f_webp,q_auto:low,w_auto/d_ecommerce:backend-fallback.png/MAT_7321714_PCE_LV"
Ķermeņa eļļa Sence Monoi mirdzoša 100ml,rimi.lv,5.19,3.59,35.90,€/l,"https://rimibaltic-res.cloudinary.com/image/upload/b_white,c_limit,dpr_auto,f_webp,q_auto:low,w_auto/d_ecommerce:backend-fallback.png/MAT_7321707_PCE_LV"
Sejas maska Sence ar līčijas ekstraktu 20ml,rimi.lv,1.39,0.97,48.50,€/l,"https://rimibaltic-res.cloudinary.com/image/upload/b_white,c_limit,dpr_auto,f_webp,q_auto:low,w_auto/d_ecommerce:backend-fallback.png/MAT_7321718_PCE_LV"
Ķermeņa kopšanas komplekts Sence Monoi 1gab.,rimi.lv,11.09,7.69,,,"https://rimibaltic-res.cloudinary.com/image/upload/b_white,c_limit,dpr_auto,f_webp,q_auto:low,w_auto/d_ecommerce:backend-fallback.png/MAT_7321715_PCE_LV"
Roku krēms Sence The Good Recipe 50ml,rimi.lv,1.89,1.29,25.80,€/l,"https://rimibaltic-res.cloudinary.com/image/upload/b_white,c_limit,dpr_auto,f_webp,q_auto:low,w_auto/d_ecommerce:backend-fallback.png/MAT_7321724_PCE_LV"
Acu maska Sence Bloomee ar mango 6ml,rimi.lv,1.09,0.76,126.67,€/l,"https://rimibaltic-res.cloudinary.com/image/upload/b_white,c_limit,dpr_auto,f_webp,q_auto:low,w_auto/d_ecommerce:backend-fallback.png/MAT_7321722_PCE_LV"
Lūpu balzams Sence The Good Recipe 15ml,rimi.lv,2.49,1.69,112.67,€/l,"https://rimibaltic-res.cloudinary.com/image/upload/b_white,c_limit,dpr_auto,f_webp,q_auto:low,w_auto/d_ecommerce:backend-fallback.png/MAT_7321732_PCE_LV"
"Panna Bollire alum. lēj. 24x5,5cm AW26",rimi.lv,27.99,19.59,,,"https://rimibaltic-res.cloudinary.com/image/upload/b_white,c_limit,dpr_auto,f_webp,q_auto:low,w_auto/d_ecommerce:backend-fallback.png/MAT_7322029_PCE_LV"
El.zobu birste Oral-B Vitality Pro Black,rimi.lv,42.49,29.69,,,"https://rimibaltic-res.cloudinary.com/image/upload/b_white,c_limit,dpr_auto,f_webp,q_auto:low,w_auto/d_ecommerce:backend-fallback.png/MAT_7277082_PCE_LV"
Zobu pasta Colgate Max White Pearls 50ml,rimi.lv,9.99,6.49,129.80,€/l,"https://rimibaltic-res.cloudinary.com/image/upload/b_white,c_limit,dpr_auto,f_webp,q_auto:low,w_auto/d_ecommerce:backend-fallback.png/MAT_7286206_PCE_LV"
Konstr. Lego Rotaļīgais Kucēns 31382,rimi.lv,31.99,22.39,,,"https://rimibaltic-res.cloudinary.com/image/upload/b_white,c_limit,dpr_auto,f_webp,q_auto:low,w_auto/d_ecommerce:backend-fallback.png/MAT_7314121_PCE_LV"
Konstr. Lego toyota supra mk4 77260,rimi.lv,29.99,20.99,,,"https://rimibaltic-res.cloudinary.com/image/upload/b_white,c_limit,dpr_auto,f_webp,q_auto:low,w_auto/d_ecommerce:backend-fallback.png/MAT_7318373_PCE_LV"
LED svece Cozy Home 10 cm sarkana AW26,rimi.lv,4.99,3.49,,,"https://rimibaltic-res.cloudinary.com/image/upload/b_white,c_limit,dpr_auto,f_webp,q_auto:low,w_auto/d_ecommerce:backend-fallback.png/MAT_818618_PCE_LV"
Dušas želeja Old Spice Wolfthorn 675ml,rimi.lv,10.29,8.59,12.73,€/l,"https://rimibaltic-res.cloudinary.com/image/upload/b_white,c_limit,dpr_auto,f_webp,q_auto:low,w_auto/d_ecommerce:backend-fallback.png/MAT_7253713_PCE_LV"
Eļļas serums Rich Pure Luxury Silk Oil 60ml,rimi.lv,17.29,13.79,229.83,€/l,"https://rimibaltic-res.cloudinary.com/image/upload/b_white,c_limit,dpr_auto,f_webp,q_auto:low,w_auto/d_ecommerce:backend-fallback.png/MAT_7131856_PCE_LV"
"Zobu birste Colgate Twister Design, 4gab.",rimi.lv,6.99,4.99,,,"https://rimibaltic-res.cloudinary.com/image/upload/b_white,c_limit,dpr_auto,f_webp,q_auto:low,w_auto/d_ecommerce:backend-fallback.png/MAT_7296017_PCE_LV"
Rotaļlieta ar interaktīvu ekrānu 1/12,rimi.lv,29.99,14.99,,,"https://rimibaltic-res.cloudinary.com/image/upload/b_white,c_limit,dpr_auto,f_webp,q_auto:low,w_auto/d_ecommerce:backend-fallback.png/MAT_7312235_PCE_LV"
LED svece Cozy Home 10 cm zaļa AW26,rimi.lv,4.99,3.49,,,"https://rimibaltic-res.cloudinary.com/image/upload/b_white,c_limit,dpr_auto,f_webp,q_auto:low,w_auto/d_ecommerce:backend-fallback.png/MAT_818629_PCE_LV"
Matu putas Taft volume 200ml,rimi.lv,7.49,5.39,26.95,€/l,"https://rimibaltic-res.cloudinary.com/image/upload/b_white,c_limit,dpr_auto,f_webp,q_auto:low,w_auto/d_ecommerce:backend-fallback.png/MAT_760163_PCE_LV"
Matu krāsa Palette 3-65 Tumšā šokolāde (W2),rimi.lv,5.69,3.13,,,"https://rimibaltic-res.cloudinary.com/image/upload/b_white,c_limit,dpr_auto,f_webp,q_auto:low,w_auto/d_ecommerce:backend-fallback.png/MAT_7081893_PCE_LV"
Autiņb. Huggies Pant Girl S3 6-11kg 58gb,rimi.lv,18.69,12.99,,,"https://rimibaltic-res.cloudinary.com/image/upload/b_white,c_limit,dpr_auto,f_webp,q_auto:low,w_auto/d_ecommerce:backend-fallback.png/MAT_7158547_PCE_LV"
Matu krāsa Loreal Preference nr.11.11,rimi.lv,15.79,9.47,,,"https://rimibaltic-res.cloudinary.com/image/upload/b_white,c_limit,dpr_auto,f_webp,q_auto:low,w_auto/d_ecommerce:backend-fallback.png/MAT_7105046_PCE_LV"
Matu krāsa Palette 10-1 arkt.sud.blonds (C10),rimi.lv,5.69,3.13,,,"https://rimibaltic-res.cloudinary.com/image/upload/b_white,c_limit,dpr_auto,f_webp,q_auto:low,w_auto/d_ecommerce:backend-fallback.png/MAT_405985_PCE_LV"
Matu kr.Palette 10-2 īpaši pelnu blonds (A10),rimi.lv,5.69,3.13,,,"https://rimibaltic-res.cloudinary.com/image/upload/b_white,c_limit,dpr_auto,f_webp,q_auto:low,w_auto/d_ecommerce:backend-fallback.png/MAT_405984_PCE_LV"
Matu krāsa Palette 4-0 vidēji brūns (N3),rimi.lv,5.69,3.13,,,"https://rimibaltic-res.cloudinary.com/image/upload/b_white,c_limit,dpr_auto,f_webp,q_auto:low,w_auto/d_ecommerce:backend-fallback.png/MAT_405992_PCE_LV"
Matu krāsa Palette 1-1 zilganmelns (C1),rimi.lv,5.69,3.13,,,"https://rimibaltic-res.cloudinary.com/image/upload/b_white,c_limit,dpr_auto,f_webp,q_auto:low,w_auto/d_ecommerce:backend-fallback.png/MAT_460576_PCE_LV"
Matu krāsa Palette sudraba blonds 9.5-1 (C9),rimi.lv,5.69,3.13,,,"https://rimibaltic-res.cloudinary.com/image/upload/b_white,c_limit,dpr_auto,f_webp,q_auto:low,w_auto/d_ecommerce:backend-fallback.png/MAT_770277_PCE_LV"
Matu krāsa Palette 3-68 Tumšs sarkankoks (R2),rimi.lv,5.69,3.13,,,"https://rimibaltic-res.cloudinary.com/image/upload/b_white,c_limit,dpr_auto,f_webp,q_auto:low,w_auto/d_ecommerce:backend-fallback.png/MAT_786071_PCE_LV"
"Biks. HuggiesPants MP3 6-11kg Boy,58gb",rimi.lv,18.69,12.99,,,"https://rimibaltic-res.cloudinary.com/image/upload/b_white,c_limit,dpr_auto,f_webp,q_auto:low,w_auto/d_ecommerce:backend-fallback.png/MAT_7158525_PCE_LV"
Gaisa atsv. Air Wick Moon Lilly rez. 250ml,rimi.lv,8.99,7.19,28.76,€/l,"https://rimibaltic-res.cloudinary.com/image/upload/b_white,c_limit,dpr_auto,f_webp,q_auto:low,w_auto/d_ecommerce:backend-fallback.png/MAT_794348_PCE_LV"
Gaisa atsvaidz. Air Wick Orange flower 250ml,rimi.lv,8.99,7.19,28.76,€/l,"https://rimibaltic-res.cloudinary.com/image/upload/b_white,c_limit,dpr_auto,f_webp,q_auto:low,w_auto/d_ecommerce:backend-fallback.png/MAT_492195_PCE_LV"
