title,store,original_price,current_price,unit_price,unit,image_url
RULETE FAZER TIRAMISU 450G,etop.lv,5.59 € - 5.99 €,4.79,10.64,€/kg,https://cdn.etop.lv/products/6413467604706-328x328.png
CŪKGAĻAS KRŪTIŅA LIDO TRADICIONĀLAJĀ MARINĀDĒ 400G,etop.lv,5.09 € - 5.69 €,3.99,9.98,€/kg,https://cdn.etop.lv/products/4750077007247-328x328.png
CĀĻA GAĻAS KOTLETE LIDO AR KART. BIEZ. UN SĒŅU MĒRCI 330G,etop.lv,4.19 € - 4.99 €,3.39,10.27,€/kg,https://cdn.etop.lv/products/4750077007643-328x328.png
PUSSPĀRNI LIDO CĀĻA VIEGLAJĀ TAIZEMES MARINĀDĒ 400G,etop.lv,2.99 € - 3.49 €,2.39,5.98,€/kg,https://cdn.etop.lv/products/4750077006622-328x328.png
CĪSIŅI GHETTO GAMES X RĪGAS MIESNIEKS 360G,etop.lv,2.99 € - 3.39 €,2.49,6.92,€/kg,https://cdn.etop.lv/products/4750174003432-328x328.png
NAGETI GHETTO GAMES X RĪGAS MIESNIEKS 300G,etop.lv,2.79 € - 2.99 €,2.19,7.30,€/kg,https://cdn.etop.lv/products/4750174003449-328x328.png
CŪKAS FILEJA VIGESTA SAUSI SĀLĪTA IZTURĒTA SVER.FAS.APT.400G,etop.lv,13.49 € - 13.99 €,10.99,27.48,€/kg,https://cdn.etop.lv/products/23549151-328x328.png
VISTAS FILEJA DE LUKSS CĒZARA SALĀTIEM 250G,etop.lv,3.69 € - 3.99 €,2.99,11.96,€/kg,https://cdn.etop.lv/products/4751004656033-328x328.png
KARBONĀDE MARNO LAUKU ĪPAŠĀ ŠĶĒLES 400G,etop.lv,3.69 € - 3.99 €,2.99,7.48,€/kg,https://cdn.etop.lv/products/4751004655890-328x328.png
TĒJA BIO YOGI KLASISKĀ 2.2GX17,etop.lv,3.99 € - 4.79 €,3.29,,,https://cdn.etop.lv/products/4012824400054-328x328.png
TĒJA BIO YOGI ĶIRBJU 1.9GX17,etop.lv,3.99 € - 4.79 €,3.29,,,https://cdn.etop.lv/products/4012824405462-328x328.png
PIENA ŠOKOLĀDES TRIFELES ULYA AR ZEMESR. KRĒMA PILD. 133G,etop.lv,3.99 € - 4.99 €,3.19,23.98,€/kg,https://cdn.etop.lv/products/4751011198212-328x328.png
TUMŠĀS ŠOKOLĀDES TRIFELES ULYA AR ZEMESR. KRĒMA PILD. 133G,etop.lv,3.99 € - 4.99 €,3.19,23.98,€/kg,https://cdn.etop.lv/products/4751011198229-328x328.png
STEIKS RĪGAS MIESNIEKS BOSTONAS BBQ MARINĀDĒ 500G,etop.lv,4.89 € - 5.09 €,3.99,7.98,€/kg,https://cdn.etop.lv/products/4750174003135-328x328.png
ŠTOVĒTI KĀPOSTI DIMDIŅI BIGOS AR SĒNĒM UN PLŪMĒM 500G,etop.lv,2.49 € - 2.89 €,1.99,3.98,€/kg,https://cdn.etop.lv/products/4751001625506-328x328.png
KAFIJAS PUPIŅAS LAVAZZA TALES OF ITALY NAPOLI 450G,etop.lv,14.09 € - 14.99 €,11.99,26.64,€/kg,https://cdn.etop.lv/products/8000070083882-328x328.png
KAFIJAS PUPIŅAS LAVAZZA TALES OF ITALY ROMA 450G,etop.lv,14.09 € - 14.99 €,11.99,26.64,€/kg,https://cdn.etop.lv/products/8000070083837-328x328.png
SAUSĀS BROKASTIS KELLOGGS POKEMON CHOCO 350G,etop.lv,5.09 € - 5.59 €,3.99,11.40,€/kg,https://cdn.etop.lv/products/5059319043630-328x328.png
KŪCIŅAS LĀČI VALRIEKSTU 4X50G,etop.lv,3.99 € - 4.49 €,3.29,65.80,€/kg,https://cdn.etop.lv/products/4752236005538-328x328.png
KŪCIŅAS LĀČI MEDUS AR KARAMELI 4X50G,etop.lv,3.99 € - 4.49 €,3.29,65.80,€/kg,https://cdn.etop.lv/products/4752236005514-328x328.png
KŪCIŅAS LĀČI SĀĻĀS KARAMELES 4X50G,etop.lv,3.99 € - 4.49 €,3.29,65.80,€/kg,https://cdn.etop.lv/products/4752236005521-328x328.png
JOGURTS GRIEĶU ALMA PROTEĪNA 370G,etop.lv,1.39 € - 1.59 €,0.99,2.68,€/kg,https://cdn.etop.lv/products/4740125531350-328x328.png
DZĒRIENS ALPRO KOKOSRIEKSTU-SOJAS MATCHA 1L UHT,etop.lv,3.99 € - 4.89 €,3.29,3.29,€/l,https://cdn.etop.lv/products/5411188142522-328x328.png
PORCIJU MAIZE FAZER APALĪŠI ŠOKOLĀDES 200G,etop.lv,1.69 € - 1.99 €,1.19,5.95,€/kg,https://cdn.etop.lv/products/4750212904325-328x328.png
PORCIJU MAIZE FAZER APALĪŠI SĒKLU 200G,etop.lv,1.69 € - 1.99 €,1.19,5.95,€/kg,https://cdn.etop.lv/products/4750212904318-328x328.png
RULETE FAZER ŠOKOLĀDES PIPARMĒTRU 410G,etop.lv,5.59 € - 5.99 €,4.79,11.68,€/kg,https://cdn.etop.lv/products/6413467628405-328x328.png
KEFĪRS TIP TOP 2.5% 1KG,etop.lv,,0.89,0.89,€/kg,https://cdn.etop.lv/products/4751023454320-328x328.png
IEVĀRĪJUMS PŪRE UPEŅU 410G,etop.lv,3.99 € - 4.89 €,3.18,7.76,€/kg,https://cdn.etop.lv/products/4750145022547-328x328.png
BEKAS LESNE SKARBY MARINĒTAS 280G,etop.lv,5.99 € - 6.69 €,3.79,13.54,€/kg,https://cdn.etop.lv/products/5905643070142-328x328.png
SVIESTBEKAS LESNE SKARBY MARINĒTAS 280G,etop.lv,5.29 € - 5.99 €,3.79,13.54,€/kg,https://cdn.etop.lv/products/5905643070067-328x328.png
PLOVS MUIŽKUNGU SULTĀNU 480G,etop.lv,3.99 € - 4.59 €,2.99,6.23,€/kg,https://cdn.etop.lv/products/4751010866334-328x328.png
ZUPA MUIŽKUNGU SOĻANKA LIELKUNGU 480G,etop.lv,3.99 € - 4.59 €,2.99,6.23,€/kg,https://cdn.etop.lv/products/4751010866297-328x328.png
PIENS MIZO BARISTA 3.6% 1L UHT,etop.lv,1.99 € - 2.49 €,1.49,1.49,€/l,https://cdn.etop.lv/products/5998200470653-328x328.png
KŪKA KŪKO SAMTAINĀ BISKVĪTA 870G,etop.lv,12.09 € - 12.99 €,9.99,11.48,€/kg,https://cdn.etop.lv/products/4750192246811-328x328.png
BIEZPIENS LATGALES PIENS 0.5% 400G,etop.lv,,2.79,6.98,€/kg,https://cdn.etop.lv/products/4751003642051-328x328.png
KAFIJA ŠĶĪSTOŠĀ NESCAFE CLASSIC 3IN1 155G MAISS,etop.lv,2.99 € - 3.29 €,1.99,12.84,€/kg,https://cdn.etop.lv/products/8445292759960-328x328.png
KAFIJA ŠĶĪSTOŠĀ NESCAFE STRONG 3IN1 140G MAISS,etop.lv,2.99 € - 3.29 €,1.99,14.21,€/kg,https://cdn.etop.lv/products/8445292767668-328x328.png
KAFIJA ŠĶĪSTOŠĀ TIP TOP CAFFEE CREMA 150G,etop.lv,,5.99,39.93,€/kg,https://cdn.etop.lv/products/4751023454405-328x328.png
BARĪBA KAĶIEM SAUSĀ FELIX ADULT MEAT 270G,etop.lv,1.79 € - 1.89 €,1.29,4.78,€/kg,https://cdn.etop.lv/products/8445292313186-328x328.png
BARĪBA KAĶIEM SAUSĀ FELIX ADULT FISH 270G,etop.lv,1.79 € - 1.89 €,1.29,4.78,€/kg,https://cdn.etop.lv/products/8445292313469-328x328.png
BARĪBA KAĶIEM SAUSĀ FELIX ADULT MEAT 800G,etop.lv,4.29 € - 4.49 €,2.99,3.74,€/kg,https://cdn.etop.lv/products/8445292312288-328x328.png
BARĪBA KAĶIEM SAUSĀ FELIX ADULT FISH 800G,etop.lv,4.29 € - 4.49 €,2.99,3.74,€/kg,https://cdn.etop.lv/products/8445292313520-328x328.png
ČIPSI PROTEĪNA PRO BRANDS AR SKĀBĀ KRĒJ. UN SĪP. GARŠU 50G,etop.lv,2.99 € - 3.29 €,2.65,53.00,€/kg,https://cdn.etop.lv/products/7350021426123-328x328.png
ČIPSI PROTEĪNA PRO BRANDS GRILL 50G,etop.lv,2.99 € - 3.29 €,2.65,53.00,€/kg,https://cdn.etop.lv/products/7350021426062-328x328.png
SIERA DESA TIP TOP KAUSĒTA KŪPINĀTA 40% 330G,etop.lv,2.59 € - 2.59 €,2.39,7.24,€/kg,https://cdn.etop.lv/products/4751023454160-328x328.png
JOGURTS LIMBAŽU PIENS ĀBOLU-BANĀNU 320G,etop.lv,,0.99,3.09,€/kg,https://cdn.etop.lv/products/4750025003604-328x328.png
JOGURTS LIMBAŽU PIENS MANGO-MARAKUJAS 320G,etop.lv,,0.99,3.09,€/kg,https://cdn.etop.lv/products/4750025003611-328x328.png
D DZĒRIENS PROTEIN PERFORMANCE NEKTARĪNU 500ML PET,etop.lv,3.49 € - 4.09 €,2.49,4.98,€/l,https://cdn.etop.lv/products/4750142007943-328x328.png
D DZĒRIENS PROTEIN PERFORMANCE SARKANO APELSĪNU 500ML PET,etop.lv,3.49 € - 4.09 €,2.49,4.98,€/l,https://cdn.etop.lv/products/4750142008148-328x328.png
CUKURS BILLINGTONS MUSKAVADO TUMŠAIS 500G,etop.lv,2.99 € - 3.29 €,2.19,4.38,€/kg,https://cdn.etop.lv/products/5010651001313-328x328.png
PROTEĪNA BATONIŅŠ BAREBELLS CHOKLADBOLL 55G,etop.lv,3.19 € - 3.39 €,2.39,43.45,€/kg,https://cdn.etop.lv/products/7340001806038-328x328.png
GARŠVIELA MAGGI CARBONARA MAKARONIEM 30G,etop.lv,,0.99,33.00,€/kg,https://cdn.etop.lv/products/8585002480927-328x328.png
KONSERVI TUNČA STEIKS CALVO EĻĻĀ 160G,etop.lv,3.59 € - 4.19 €,2.79,17.44,€/kg,https://cdn.etop.lv/products/8410090031440-328x328.png
KOSNERVI TUNČA STEIKS CALVO SAVĀ SULĀ 160G,etop.lv,3.59 € - 4.19 €,2.79,17.44,€/kg,https://cdn.etop.lv/products/8410090031549-328x328.png
ZEMESRIEKSTI JEGA APVALKĀ AR SĪPOLU GARŠU 500G,etop.lv,4.29 € - 4.55 €,3.55,7.10,€/kg,https://cdn.etop.lv/products/4771173211680-328x328.png
ZEMESRIEKSTI JEGA APVALKĀ AR PAPRIKAS GARŠU 500G,etop.lv,4.29 € - 4.55 €,3.55,7.10,€/kg,https://cdn.etop.lv/products/4771173211673-328x328.png
KONSERVI TUNCZIVS STORMUR SAVA SULĀ 225G,etop.lv,4.59 € - 5.19 €,3.29,14.62,€/kg,https://cdn.etop.lv/products/5694230687428-328x328.png
KONSERVI TUNCZIVS STORMUR EĻĻĀ 225G,etop.lv,4.59 € - 5.19 €,3.29,14.62,€/kg,https://cdn.etop.lv/products/5694230687435-328x328.png
PUDIŅŠ VALIO PROFEEL AR PIENA ŠOKOLĀDES GARŠU 150G,etop.lv,1.19 € - 1.39 €,0.99,6.60,€/kg,https://cdn.etop.lv/products/4740125534245-328x328.png
PUDIŅŠ VALIO PROFEEL AR ZEMEŅU GARŠU 150G,etop.lv,1.09 € - 1.19 €,0.99,6.60,€/kg,https://cdn.etop.lv/products/4740125534290-328x328.png
BIEZPIENA SIERIŅŠ MAGIJA AR BĀRBELES PILD. 45G,etop.lv,0.54 € - 0.65 €,0.35,7.78,€/kg,https://cdn.etop.lv/products/4770299404693-328x328.png
IEVĀRĪJUMS TIP TOP AVEŅU 360G,etop.lv,,2.09,5.81,€/kg,https://cdn.etop.lv/products/4751023454368-328x328.png
IEVĀRĪJUMS TIP TOP ĶIRŠU 360G,etop.lv,,2.09,5.81,€/kg,https://cdn.etop.lv/products/4751023454375-328x328.png
IEVĀRĪJUMS TIP TOP MEŽA OGU 360G,etop.lv,,2.09,5.81,€/kg,https://cdn.etop.lv/products/4751023454382-328x328.png
IEVĀRĪJUMS TIP TOP ZEMEŅU 360G,etop.lv,,2.09,5.81,€/kg,https://cdn.etop.lv/products/4751023454399-328x328.png
PUDIŅŠ FIT PROTEĪNA AR KAKAO 150G,etop.lv,1.49 € - 1.69 €,1.09,7.27,€/kg,https://cdn.etop.lv/products/4740036013426-328x328.png
PORCIJU MAIZE FAZER STREET FOOD SENDVIČU MAIZĪTES 400G,etop.lv,2.49 € - 2.76 €,1.79,4.48,€/kg,https://cdn.etop.lv/products/4770068201102-328x328.png
SALAMI FOREVERS RĪGAS SVERAMA,etop.lv,5.69 € - 6.69 €,4.99,,,https://cdn.etop.lv/products/2311706000000-328x328.png
CĪSIŅI ĶEKAVA VIST-ZAURIŅI CĀĻA 250G,etop.lv,1.79 € - 1.99 €,1.49,5.96,€/kg,https://cdn.etop.lv/products/4750303026691-328x328.png
SALMIŅI NUTELLA&GO AR ŠOKOKOLĀDI 52G,etop.lv,1.99 € - 2.19 €,1.39,26.73,€/kg,https://cdn.etop.lv/products/80050100-328x328.png
SMILTIS KAĶIEM TIP TOP CEMENTĒJOŠAS 5L,etop.lv,3.49 € - 3.49 €,1.99,0.40,€/l,https://cdn.etop.lv/products/4751023453927-328x328.png
ČIPSI ESTRELLA AR SKĀBĀ KRĒJ. ĶIPLOKU UN GARŠAUGU GARŠU 170G,etop.lv,2.79 € - 3.09 €,1.79,10.53,€/kg,https://cdn.etop.lv/products/4779028348000-328x328.png
BIEZPIENA KRĒMS PRESIDENT MANGO PASIFLORU 400G,etop.lv,2.49 € - 2.79 €,1.89,4.72,€/kg,https://cdn.etop.lv/products/5902409704976-328x328.png
ZOBU PASTA COLGATE ADVANCED WHITE PURPLE 75ML,etop.lv,2.69 € - 3.39 €,1.99,26.53,€/l,https://cdn.etop.lv/products/8718951702462-328x328.png
DUŠAS ŽELEJA  PALMOLIVE SKIN RADIANCE BLUEBERRY & LILY 500ML,etop.lv,6.69 € - 7.39 €,3.69,7.38,€/l,https://cdn.etop.lv/products/8718951734920-328x328.png
JOGURTA KOKTEILIS KĀRUMS AR VANIĻAS PIEDEVU 230G,etop.lv,1.19 € - 1.29 €,0.69,3.00,€/kg,https://cdn.etop.lv/products/4750025003512-328x328.png
BIEZPIENA KRĒMS BALTAIS PROTEIN PERSIKU 300G,etop.lv,1.59 € - 1.99 €,1.29,4.30,€/kg,https://cdn.etop.lv/products/4750072119525-328x328.png
JOGURTS DZERAMAIS BALTAIS SKYR TROPICAL 700G,etop.lv,1.99 € - 2.15 €,1.59,2.27,€/kg,https://cdn.etop.lv/products/4750072518960-328x328.png
BIEZPIENA KRĒMS BALTAIS PROTEIN AVEŅU 300G,etop.lv,1.59 € - 1.99 €,1.29,4.30,€/kg,https://cdn.etop.lv/products/4750072119532-328x328.png
BIEZPIENA SIERIŅŠ BALTAIS MARMELĀDES 38G,etop.lv,0.45 € - 0.49 €,0.29,7.63,€/kg,https://cdn.etop.lv/products/4750072106648-328x328.png
BIEZPIENA SIERIŅŠ BALTAIS VANIĻAS 38G,etop.lv,0.45 € - 0.49 €,0.29,7.63,€/kg,https://cdn.etop.lv/products/4750072106655-328x328.png
BIEZPIENA SIERIŅŠ BALTAIS ĶIRŠU 38G,etop.lv,0.45 € - 0.49 €,0.29,7.63,€/kg,https://cdn.etop.lv/products/4750072106631-328x328.png
DEZODORANTS NIVEA MEN DEFEND IZSMIDZ.VĪR.150ML,etop.lv,5.79 € - 6.49 €,2.89,19.27,€/l,https://cdn.etop.lv/products/5900017099873-328x328.png
DEZODORANTS NIVEA DEFEND  RULLĪTIS SIEV.50ML,etop.lv,5.79 € - 6.49 €,2.89,57.80,€/l,https://cdn.etop.lv/products/5900017100227-328x328.png
DEZODORANTS NIVEA MEN DEFEND RULLĪTIS VĪR.50ML,etop.lv,5.79 € - 6.49 €,2.89,57.80,€/l,https://cdn.etop.lv/products/5900017100302-328x328.png
DIENAS KRĒMS NIVEA ANTI-WRINKLE REVITALIZING 55+ 50ML,etop.lv,12.69 € - 13.89 €,7.59,151.80,€/l,https://cdn.etop.lv/products/5900017103181-328x328.png
NAKTS KRĒMS NIVEA ANTI-WRINKLE REVITALIZING 55+ 50ML,etop.lv,12.69 € - 13.89 €,7.59,151.80,€/l,https://cdn.etop.lv/products/5900017103099-328x328.png
DUŠAS ŽELEJA L'ANGELICA LAVANDER VANILLA 500ML,etop.lv,5.49 € - 6.19 €,3.49,6.98,€/l,https://cdn.etop.lv/products/8017331102862-328x328.png
DUŠAS ŽELEJA L'ANGELICA REĢENER. AR KAŅEPJU PIENIŅU 500ML,etop.lv,5.49 € - 6.19 €,3.49,6.98,€/l,https://cdn.etop.lv/products/8017331076996-328x328.png
ĶERMEŅA KRĒMS SENCE ALOE VERA 200ML,etop.lv,,2.99,14.95,€/l,https://cdn.etop.lv/products/8720847376848-328x328.png
CEPUMI RIEKSTIŅI MUIŽKUNGU AR IEBIEZINĀTA PIENA PILD.250G,etop.lv,3.59 € - 3.99 €,2.79,11.16,€/kg,https://cdn.etop.lv/products/4751010866037-328x328.png
SALDĒJUMS TIP TOP SĀĻĀ KARAMEĻU GARŠA VAFEĻU GLĀZĒ 65G,etop.lv,,0.49,7.54,€/kg,https://cdn.etop.lv/products/4751023454023-328x328.png
DUŠAS ŽELEJA FA WATERMELON WAVES 400ML,etop.lv,,5.29,13.22,€/l,https://cdn.etop.lv/products/9000101091458-328x328.png
HUMOSS RIBELLA AR ĶIRBJU SĒKLĀM 200G,etop.lv,2.39 € - 2.69 €,1.69,8.45,€/kg,https://cdn.etop.lv/products/8606011898210-328x328.png
PRJAŅIKI AR VĀRĪTU IEBIEZINĀTĀ PIENA PILDĪJUMU 500G,etop.lv,1.99 € - 2.09 €,1.45,2.90,€/kg,https://cdn.etop.lv/products/4820043337736-328x328.png
SIĻĶU FILEJ. GAB. LOMS MARIN. SKAND. GAUMĒ AR SĪPOLIEM 370G,etop.lv,3.59 € - 4.19 €,2.69,7.27,€/kg,https://cdn.etop.lv/products/4779040615630-328x328.png
SIĻĶU FILEJAS GAB.LOMS MARINĀDĒ AR SĪPOLIEM 370G,etop.lv,3.59 € - 3.69 €,2.69,7.27,€/kg,https://cdn.etop.lv/products/4779040615616-328x328.png
SIĻĶU FILEJA GABALIŅ LOMS AR BURKĀNIEM UN SĪPOLIEM 200G,etop.lv,2.29 € - 2.59 €,1.69,8.45,€/kg,https://cdn.etop.lv/products/4779040615654-328x328.png
SIĻĶU FILEJA LOMS AR SĪPOLIEM UN BALTO MĒRCI 200G,etop.lv,2.15 € - 2.19 €,1.59,7.95,€/kg,https://cdn.etop.lv/products/4779040615692-328x328.png
KONFEKTES VKUSYA KRAUKŠĶĪGĀ AR CEPUMIEM SVER.,etop.lv,4.59 € - 5.99 €,3.99,,,https://cdn.etop.lv/products/4820112364687-328x328.png
CEPUMI IŅ-JAŅ AR ŠOKOLĀDI KRĒJUMA SVER.,etop.lv,6.99 € - 8.99 €,4.59,,,https://cdn.etop.lv/products/4820167919672-328x328.png
PIENA KOKTEILIS PROFEEL AR ZEMEŅU-SALDĒJUMA GARŠU 250G,etop.lv,,2.39,9.56,€/kg,https://cdn.etop.lv/products/6408432001000-328x328.png
PIENA KOKTEILIS PROFEEL AR ŠOKOLĀDES GARŠU 250G,etop.lv,,2.39,9.56,€/kg,https://cdn.etop.lv/products/6408432201806-328x328.png
IEVĀRĪJUMS SKRĪVERU AVEŅU 250G,etop.lv,3.49 € - 4.09 €,2.89,11.56,€/kg,https://cdn.etop.lv/products/4752278001376-328x328.png
IEVĀRĪJUMS SKRĪVERU ZEMEŅU 250G,etop.lv,3.49 € - 4.09 €,2.89,11.56,€/kg,https://cdn.etop.lv/products/4752278001383-328x328.png
IEVĀRĪJUMS SKRĪVERU MELLEŅU 250G,etop.lv,3.49 € - 4.09 €,2.89,11.56,€/kg,https://cdn.etop.lv/products/4752278001369-328x328.png
ŠĶIDRĀS ZIEPES MAYERI SENSITIVE REZERVE 500ML,etop.lv,,2.49,4.98,€/l,https://cdn.etop.lv/products/4740060000515-328x328.png
KEČUPS HELLMANNS CLASSIC 477G,etop.lv,,3.79,7.95,€/kg,https://cdn.etop.lv/products/8721317739477-328x328.png
SAUSĀS BROKASTIS GRACI PROTEĪNA AR ĀBOLA KANĒĻA GARŠU 300G,etop.lv,4.49 € - 4.89 €,3.55,11.83,€/kg,https://cdn.etop.lv/products/4751019531509-328x328.png
SAUSĀS BROKASTIS GRACI PROTEĪNA AR KAKAO GARŠU 300G,etop.lv,4.49 € - 4.89 €,3.55,11.83,€/kg,https://cdn.etop.lv/products/4751019531493-328x328.png
SAUSĀS BROKASTIS GRACI PROTEĪNA AR TROPU AUGĻU GARŠU 300G,etop.lv,4.49 € - 4.89 €,3.55,11.83,€/kg,https://cdn.etop.lv/products/4751019531516-328x328.png
SKĀBAIS KRĒJUMS TIP TOP 20% 400G POLIPAKA,etop.lv,,1.19,2.98,€/kg,https://cdn.etop.lv/products/4751023453989-328x328.png
SKĀBAIS KRĒJUMS OPĀ 10% 400G,etop.lv,,0.89,2.22,€/kg,https://cdn.etop.lv/products/4751023453996-328x328.png
SALD. WOK FROSTA AR VISTU MEKSIKĀŅU GAUMĒ 450G,etop.lv,4.99 € - 5.79 €,3.99,8.87,€/kg,https://cdn.etop.lv/products/5900972011194-328x328.png
SALD. PICA RĪGAS MIESNIEKS HOTDOG STYLE SALAMI 551G,etop.lv,5.99 € - 6.99 €,3.99,7.24,€/kg,https://cdn.etop.lv/products/4750174002268-328x328.png
SALD. WOK FROSTA AR VISTU ĀZIJAS GAUMĒ 450G,etop.lv,4.89 € - 5.79 €,3.99,8.87,€/kg,https://cdn.etop.lv/products/5900972011323-328x328.png
SALD. PICA RĪGAS MIESNIEKS HOTDOG STYLE SIERA 531G,etop.lv,5.99 € - 6.99 €,3.99,7.51,€/kg,https://cdn.etop.lv/products/4750174002275-328x328.png
SALD. KARTUPEĻI GOLDEN RIVER FRĪ RIEVOTI 1KG,etop.lv,2.89 € - 2.99 €,1.99,1.99,€/kg,https://cdn.etop.lv/products/5410376524539-328x328.png
CĀĻA ŠĶIŅĶI RM AR GARŠVIELĀM 800G,etop.lv,5.39 € - 5.99 €,3.99,4.99,€/kg,https://cdn.etop.lv/products/4750174002404-328x328.png
STILBI BAUSKA CĀĻU A KAT. APT. 600G,etop.lv,3.88 € - 4.62 €,2.99,4.98,€/kg,https://cdn.etop.lv/products/2373910500000-328x328.png
STILBI BAUSKA CĀĻU A KAT. SVER.,etop.lv,3.88 € - 4.62 €,2.99,,,https://cdn.etop.lv/products/2373911500000-328x328.png
SVECE ĀRA STIKLA AR VĀCIŅU BALTA MANGO 24H 10.6CM,etop.lv,1.59 € - 1.89 €,1.32,,,https://cdn.etop.lv/products/4771086346073-328x328.png
MIEGA KAPSULAS ICONFIT MELATONĪNS UN MELISSA N90,etop.lv,13.99 € - 15.19 €,9.79,,,https://cdn.etop.lv/products/4744130016642-328x328.png
BIEZPIENA KRĒMS BALTAIS PROTEIN STRACCIATELLA 200G STĀVPAKA,etop.lv,,1.69,8.45,€/kg,https://cdn.etop.lv/products/4750072019641-328x328.png
KUKURŪZAS NŪJIŅAS FAZER STREET FOOD SALDĀS 100G,etop.lv,1.99 € - 2.39 €,1.49,14.90,€/kg,https://cdn.etop.lv/products/4750212904240-328x328.png
KUKURŪZAS NŪJIŅAS FAZER STREET FOOD AR SKĀBO KRĒJ.LOC.80G,etop.lv,1.99 € - 2.39 €,1.49,18.62,€/kg,https://cdn.etop.lv/products/4750212904257-328x328.png
JOGURTA KOKTEILIS KĀRUMS AR ZEMEŅU BANĀNU PIEDEVU 230G,etop.lv,1.19 € - 1.29 €,0.69,3.00,€/kg,https://cdn.etop.lv/products/4750025003505-328x328.png
JOGURTA KOKTEILIS KĀRUMS AR MANGO PIEDEVU 230G,etop.lv,1.19 € - 1.29 €,0.69,3.00,€/kg,https://cdn.etop.lv/products/4750025003499-328x328.png
JOGURTA KOKTEILIS KĀRUMS AR PERSIKU PIEDEVU 230G,etop.lv,1.19 € - 1.29 €,0.69,3.00,€/kg,https://cdn.etop.lv/products/4750025003529-328x328.png
GARDUMS SUŅIEM YUMZZYBITES AR VISTU 75G,etop.lv,1.99 € - 2.19 €,1.49,19.87,€/kg,https://cdn.etop.lv/products/4771459701164-328x328.png
D BEZALK. DZ. DZĒRIENS MIONETTO ORANGE SPRITZ 0% 0.75L,etop.lv,,6.99,9.32,€/l,https://cdn.etop.lv/products/8006220004851-328x328.png
D DZĒRIENS GARDU MUTI DZĒRVEŅU LAIMĪGIE GĀZ. 330ML STIKLS,etop.lv,2.19 € - 2.49 €,1.59,4.82,€/l,https://cdn.etop.lv/products/4751012098719-328x328.png
KRĒMSIERS PHILADELPHIA EXTRA PROTEIN 175G,etop.lv,3.49 € - 4.09 €,2.99,17.09,€/kg,https://cdn.etop.lv/products/7622201637071-328x328.png
SIERS DŽIUGAS GOURMET 36 MĒN.40% 180G,etop.lv,,4.99,27.72,€/kg,https://cdn.etop.lv/products/4770299047876-328x328.png
D ALUS BEZALK. CLAUSTHALER LEMON 0% 0.33L STIKLS,etop.lv,1.29 € - 1.49 €,1.09,3.30,€/l,https://cdn.etop.lv/products/4053400268545-328x328.png
D ALUS BEZALK. CLAUSTHALER GRAPEFRUIT 0% 0.33L STIKLS,etop.lv,1.29 € - 1.32 €,1.09,3.30,€/l,https://cdn.etop.lv/products/4053400206806-328x328.png
ČIPSI O'BYTE KARTUPEĻU AR BEKONA GARŠU 90G,etop.lv,1.99 € - 2.05 €,1.39,15.44,€/kg,https://cdn.etop.lv/products/4751039450415-328x328.png
ČIPSI LAY'S AR KRĒJUMA UN ZAĻO LOCIŅU GARŠU 180G,etop.lv,,3.49,19.39,€/kg,https://cdn.etop.lv/products/5900259142436-328x328.png
ČIPSI LAY'S AR SIERA GARŠU 180G,etop.lv,,3.49,19.39,€/kg,https://cdn.etop.lv/products/5900259142474-328x328.png
ČIPSI LAY'S AR ZAĻO LOCIŅU GARŠU 180G,etop.lv,,3.49,19.39,€/kg,https://cdn.etop.lv/products/5900259142467-328x328.png
SIERS JAUNPILS BAUSKA ŠĶĒLĒS 500G,etop.lv,5.89 € - 5.99 €,4.99,9.98,€/kg,https://cdn.etop.lv/products/4751004062421-328x328.png
VEĻAS MAZG.LĪDZ.MAYERI COLOR 1.5L,etop.lv,7.49 € - 9.69 €,6.29,4.19,€/l,https://cdn.etop.lv/products/4740060003370-328x328.png
VEĻAS MAZG.LĪDZ.MAYERI UNIVERSAL 1.5L,etop.lv,7.49 € - 9.69 €,6.29,4.19,€/l,https://cdn.etop.lv/products/4740060003387-328x328.png
VEĻAS MAZG.LĪDZ.MAYERI SENSITIVE 1.5L,etop.lv,7.49 € - 9.69 €,6.29,4.19,€/l,https://cdn.etop.lv/products/4740060006029-328x328.png
TRAUKU MAZG.MAŠĪNAI KAPSULAS SOMAT EXCELLENCE 4IN1 30GAB,etop.lv,14.99 € - 16.19 €,9.99,,,https://cdn.etop.lv/products/9000101808292-328x328.png
VEĻAS PULVERIS PERSIL SENSITIVE 990G 18MR,etop.lv,8.99 € - 10.19 €,6.99,7.06,€/kg,https://cdn.etop.lv/products/9000101802689-328x328.png
TRAUKU MAZG.MAŠĪNAI ŽELEJA SOMAT EXCELLENCE 5IN1 540ML 30MR.,etop.lv,17.99 € - 19.19 €,9.89,18.31,€/l,https://cdn.etop.lv/products/9000101849967-328x328.png
TĪR.LĪDZEKLIS THE PINK STUFF PASTA TŪBIŅĀ 300G,etop.lv,4.49 € - 5.09 €,2.89,9.63,€/kg,https://cdn.etop.lv/products/5060033827024-328x328.png
KŪKA CAKE BREAK TOSKA BEZ GLUTĒNA 300G,etop.lv,5.99 € - 6.69 €,4.99,16.63,€/kg,https://cdn.etop.lv/products/4751028804106-328x328.png
KŪCIŅAS CAKE BREAK ODZIŅA BEZ GLUTĒNA 2X100G,etop.lv,3.49 € - 3.99 €,2.69,26.90,€/kg,https://cdn.etop.lv/products/4751028804953-328x328.png
TĪR.LĪDZEKLIS AJAX UNIVERSĀLS UPLIFTING 1L,etop.lv,4.19 € - 5.99 €,2.99,2.99,€/l,https://cdn.etop.lv/products/8718951788145-328x328.png
TĪR.LĪDZEKLIS AJAX UNIVERSĀLS NEROLI&YUZU IZSMIDZINĀMS 500ML,etop.lv,7.39 € - 8.19 €,4.49,8.98,€/l,https://cdn.etop.lv/products/8718951774667-328x328.png
KŪKA INESES TORTE BENTO BIEZPIENA ĶIRŠU 450G,etop.lv,6.59 € - 7.29 €,5.99,13.31,€/kg,https://cdn.etop.lv/products/4751005370440-328x328.png
KOTLETES FOREVERS CĀĻA GAĻAS 400G,etop.lv,1.99 € - 2.69 €,1.89,4.72,€/kg,https://cdn.etop.lv/products/4751003401528-328x328.png
KREKERI PĒTERGAILIS BEKONS 72G,etop.lv,0.99 € - 1.09 €,0.59,8.19,€/kg,https://cdn.etop.lv/products/4770179989081-328x328.png
ŠĶIŅĶIS ĶEKAVA TOSTERMAIŽU CĀĻA 110G,etop.lv,1.39 € - 1.59 €,0.99,9.00,€/kg,https://cdn.etop.lv/products/4750303025595-328x328.png
ŠĶIŅĶIS ĶEKAVA BROKASTU CĀĻA VĀRĪTS 90G,etop.lv,1.39 € - 1.59 €,0.99,11.00,€/kg,https://cdn.etop.lv/products/4750303025687-328x328.png
BUMBIŅAS BAUSKA CĀĻA GAĻAS CEPTAS 1KG,etop.lv,4.69 € - 4.99 €,3.49,3.49,€/kg,https://cdn.etop.lv/products/4750303024826-328x328.png
DESIŅAS RĪGAS MIESNIEKS MĀRTIŅA XL 600G,etop.lv,4.99 € - 5.39 €,3.79,6.32,€/kg,https://cdn.etop.lv/products/4750174003333-328x328.png
PORCIJU MAIZE FAZER APALĪŠI SIERA MAIZĪTES 200G,etop.lv,,1.19,5.95,€/kg,https://cdn.etop.lv/products/4750212904271-328x328.png
TĪR.LĪDZEKLIS KH-7 INDUKCIJAS PLĪTĪM 500ML,etop.lv,3.99 € - 4.89 €,2.79,5.58,€/l,https://cdn.etop.lv/products/8420822134943-328x328.png
VEĻAS MĪKSTINĀTĀJS LENOR CHERRY BLOSSOM SAGE 675ML 32MR,etop.lv,6.19 € - 6.89 €,3.59,5.32,€/l,https://cdn.etop.lv/products/8700216723657-328x328.png
TĪR.LĪDZEKLIS KH-7 VIRTUVEI 500ML,etop.lv,3.99 € - 4.89 €,2.79,5.58,€/l,https://cdn.etop.lv/products/8420822134967-328x328.png
VEĻAS MĪKSTINĀTĀJS LENOR LOTUS FLOWER DIAMOND 675ML 32MR,etop.lv,6.19 € - 6.89 €,3.59,5.32,€/l,https://cdn.etop.lv/products/8006530170895-328x328.png
VEĻAS MAZG.KAPSULAS PERSIL DISCS COLOR 28GAB,etop.lv,17.99 € - 19.19 €,10.99,,,https://cdn.etop.lv/products/9000101845501-328x328.png
VEĻAS MAZG.KAPSULAS PERSIL DISCS UNIVERSAL 28GAB,etop.lv,17.99 € - 19.19 €,10.99,,,https://cdn.etop.lv/products/9000101845631-328x328.png
MAKARONI BOSTO ORZO 4X75G,etop.lv,3.59 € - 4.19 €,2.31,30.80,€/kg,https://cdn.etop.lv/products/5410106070626-328x328.png
RĪSI BOSTO BRŪNIE AR SPELTU UN KVINOJU 4X75G,etop.lv,3.49 € - 3.59 €,2.31,30.80,€/kg,https://cdn.etop.lv/products/5410106070534-328x328.png
KARAMELE UZ KOCIŅA AR DZIRKSTOŠU PILDĪJUMU SKILLZ DUO 120G,etop.lv,1.99 € - 2.19 €,1.29,10.75,€/kg,https://cdn.etop.lv/products/5907205013703-328x328.png
MAKARONI PANZANI SPAGHETTI 500G,etop.lv,2.19 € - 2.25 €,1.80,3.60,€/kg,https://cdn.etop.lv/products/3038351165007-328x328.png
MAKARONI ITALPASTA NR.82 LIELAS  SPIRĀLES 500G,etop.lv,1.69 € - 1.99 €,1.29,2.58,€/kg,https://cdn.etop.lv/products/8009940000820-328x328.png
MAKARONI ITALPASTA NR.8 PLAKANIE SPAGETTI 500G,etop.lv,1.69 € - 1.99 €,1.29,2.58,€/kg,https://cdn.etop.lv/products/8009940000080-328x328.png
KONCENTRĒTS KAFIJAS DZĒRIENS JACOBS ESPRESSO ORIGINAL 485ML,etop.lv,5.99 € - 7.49 €,4.99,10.29,€/l,https://cdn.etop.lv/products/8711000616956-328x328.png
KONCENTRĒTS KAFIJAS DZĒRIENS JACOBS ESPRESSO CARAMEL 485ML,etop.lv,5.99 € - 7.49 €,4.99,10.29,€/l,https://cdn.etop.lv/products/8711000621004-328x328.png
KONCENTRĒTS KAFIJAS DZĒRIENS JACOBS ESPRESSO CHOCOLATE 485ML,etop.lv,5.99 € - 7.49 €,4.99,10.29,€/l,https://cdn.etop.lv/products/8711000621066-328x328.png
ZEMESRIEKSTI ESTRELLA CEPEŠKRĀSNĪ CEPTI AR SĀLI 240G,etop.lv,2.59 € - 3.49 €,1.99,8.29,€/kg,https://cdn.etop.lv/products/4779028347379-328x328.png
TOMĀTU PASTA TIP TOP 250G,etop.lv,,1.48,5.92,€/kg,https://cdn.etop.lv/products/4751023453972-328x328.png
TOMĀTU MĒRCE TIP TOP 455G,etop.lv,,1.34,2.95,€/kg,https://cdn.etop.lv/products/4751023453965-328x328.png
MAJONĒZE HELLMANNS ORIGINAL 322G/340ML,etop.lv,,3.99,12.39,€/kg,https://cdn.etop.lv/products/8720182799586-328x328.png
KAFIJAS KAPSULAS NESCAFE DG ESPRESSO DECAF 99.2G,etop.lv,8.69 € - 9.49 €,5.99,60.38,€/kg,https://cdn.etop.lv/products/8445290352194-328x328.png
KAFIJAS KAPSULAS NESCAFE DG GRANDE 136G,etop.lv,,8.69,63.90,€/kg,https://cdn.etop.lv/products/8445290446244-328x328.png
KAKAO KAPSULAS NESCAFE DG KIT KAT CHOCOLATE  256G,etop.lv,7.79 € - 8.69 €,5.99,23.40,€/kg,https://cdn.etop.lv/products/8445291756649-328x328.png
KAFIJA ŠĶĪSTOŠĀ DAVIDOFF ORIGINS BRAZIL 90G,etop.lv,8.79 € - 10.99 €,6.99,77.67,€/kg,https://cdn.etop.lv/products/4061445366713-328x328.png
KAFIJA ŠĶĪSTOŠĀ DAVIDOFF DECAF 100G,etop.lv,8.79 € - 10.99 €,6.99,69.90,€/kg,https://cdn.etop.lv/products/4061445319306-328x328.png
KAFIJA ŠĶĪSTOŠĀ JACOBS PISTACHIO 24X11.1G  KASTĪTE,etop.lv,0.59 € - 0.78 €,0.22,19.82,€/kg,https://cdn.etop.lv/products/8711000609941-328x328.png
KAFIJA ŠĶĪSTOŠĀ JACOBS 3IN1 CINN ROLL  11.2G 1GAB,etop.lv,0.35 € - 0.45 €,0.22,19.64,€/kg,https://cdn.etop.lv/products/8711000692561-328x328.png
KAFIJA ŠĶĪSTOŠĀ JACOBS MATCHA 14.5 1 GAB,etop.lv,0.35 € - 0.45 €,0.22,,,https://cdn.etop.lv/products/8711000619032-328x328.png
KAFIJAS KAPSULAS AROMA GOLD DG ESPRESSO INTENSO 128G,etop.lv,7.59 € - 8.39 €,5.49,42.89,€/kg,https://cdn.etop.lv/products/4771632004310-328x328.png
MAJONĒZE HELLMANNS REAL 430ML/424G,etop.lv,4.49 € - 4.69 €,2.69,6.26,€/l,https://cdn.etop.lv/products/8721317711008-328x328.png
MAIZES ČIPSI AR SALDĀ ČILLI MĒRCES GARŠU 220G,etop.lv,3.49 € - 4.09 €,2.99,13.59,€/kg,https://cdn.etop.lv/products/4752249002647-328x328.png
D BEZALK.KOKT. LE COQ VIRGIN MAI TAI 0.33L STIKLS,etop.lv,,1.29,3.91,€/l,https://cdn.etop.lv/products/4740098004585-328x328.png
ZUPA OH RICEY PHO AR VISTAS GARŠU 71G,etop.lv,1.05 € - 1.25 €,0.55,7.75,€/kg,https://cdn.etop.lv/products/8934563211141-328x328.png
BATONIŅŠ KINDER MILK SLICE BERRY MIX 28G,etop.lv,0.89 € - 0.99 €,0.59,21.07,€/kg,https://cdn.etop.lv/products/80966012-328x328.png
ZUPA OH RICEY PHO AR LIELLOPA GARŠU 70G,etop.lv,1.05 € - 1.25 €,0.55,7.86,€/kg,https://cdn.etop.lv/products/8934563210144-328x328.png
NŪDELES OYAKATA CURRY JAPĀŅU KARIJS 90G,etop.lv,1.99 € - 2.29 €,1.49,16.56,€/kg,https://cdn.etop.lv/products/5901384504878-328x328.png
NŪDELES OYAKATA VISTA YAKITORI 93G,etop.lv,1.99 € - 2.29 €,1.49,16.02,€/kg,https://cdn.etop.lv/products/5901384510466-328x328.png
NŪDELES OYAKATA ASĀ VISTA AR SIERU ĀZIJAS GAUMĒ 97G,etop.lv,1.99 € - 2.35 €,1.35,13.92,€/kg,https://cdn.etop.lv/products/5901384510473-328x328.png
SALDĒJUMS B&J CHURROS 360G,etop.lv,8.49 € - 9.99 €,4.99,13.86,€/kg,https://cdn.etop.lv/products/8721274805383-328x328.png
SALDĒJUMS B&J STRAWBERRY DOUGHNUT 393G,etop.lv,8.49 € - 9.99 €,4.99,12.70,€/kg,https://cdn.etop.lv/products/8721274805482-328x328.png
SALDĒJUMS MINECRAFT VANIĻAS GARŠA VAFEĻU KONUSĀ 46G,etop.lv,,1.69,36.74,€/kg,https://cdn.etop.lv/products/8721274829143-328x328.png
KRĒMSIERS SMILTENE KLASISKAIS 180G,etop.lv,1.99 € - 2.49 €,1.59,8.83,€/kg,https://cdn.etop.lv/products/4750109003766-328x328.png
KAUSĒTAIS SIERS SMILTENE KLASISKAIS 180G,etop.lv,2.19 € - 2.49 €,1.59,8.83,€/kg,https://cdn.etop.lv/products/4750109003773-328x328.png
KAFIJAS PUPIŅAS AURON COFFEE ROASTERY DARK SUNRISE 250G,etop.lv,6.99 € - 7.69 €,4.89,19.56,€/kg,https://cdn.etop.lv/products/4751048920077-328x328.png
MALTĀ KAFIJA AURON COFFEE ROASTERY DARK CHOCOLATE ESPRESSO 2,etop.lv,6.99 € - 7.69 €,4.89,,,https://cdn.etop.lv/products/4751048920527-328x328.png
GARDUMS KAĶIEM FELIX DELI MOMENTS KRĒMVEIDA VISTA 10GX4,etop.lv,2.19 € - 2.49 €,1.39,,,https://cdn.etop.lv/products/8445291532731-328x328.png
NŪDELES NONGSHIM CHAPAGETTI NEASAS 140G,etop.lv,2.29 € - 2.59 €,1.59,11.36,€/kg,https://cdn.etop.lv/products/8801043157728-328x328.png
GARDUMS KAĶIEM FELIX DELI MOMENTS KRĒMVEIDA LASIS 10GX4,etop.lv,2.19 € - 2.49 €,1.39,,,https://cdn.etop.lv/products/8445291538115-328x328.png
STEIKS RĪGAS MIESNIEKS CŪKGAĻAS BURBONA MARINĀDĒ 500G,etop.lv,4.99 € - 5.99 €,3.99,7.98,€/kg,https://cdn.etop.lv/products/4750174003234-328x328.png
D DZĒRIENS COCA COLA GĀZ. 850ML PET,etop.lv,,1.69,1.99,€/l,https://cdn.etop.lv/products/5449000034519-328x328.png
D DZĒRIENS COCA COLA ZERO GĀZ. 850ML PET,etop.lv,,1.69,1.99,€/l,https://cdn.etop.lv/products/5449000275448-328x328.png
MAJONĒZE DIMDIŅI KLASISKĀ 250G,etop.lv,1.79 € - 1.99 €,1.19,4.76,€/kg,https://cdn.etop.lv/products/4751001625094-328x328.png
MAJONĒZE DIMDIŅI AR DILLĒM 250G,etop.lv,1.59 € - 1.79 €,1.19,4.76,€/kg,https://cdn.etop.lv/products/4751001625117-328x328.png
MAJONĒZE DIMDIŅI ČILI 250G,etop.lv,1.59 € - 1.79 €,1.19,4.76,€/kg,https://cdn.etop.lv/products/4751001625100-328x328.png
KEFĪRS OPĀ 2.5% 900G,etop.lv,,0.75,0.83,€/kg,https://cdn.etop.lv/products/4751023453873-328x328.png
GRILDESIŅAS FOREVERS AR SIERU 400G,etop.lv,2.29 € - 2.59 €,1.69,4.22,€/kg,https://cdn.etop.lv/products/4751003401511-328x328.png
SIERS GRANA PADANO 12 MĒN. 100G,etop.lv,2.99 € - 3.09 €,2.69,26.90,€/kg,https://cdn.etop.lv/products/5903111645786-328x328.png
NŪDELES MAGGI MAGIC ASIA TERIYAKI 128G,etop.lv,1.99 € - 2.59 €,0.99,7.73,€/kg,https://cdn.etop.lv/products/8445291293250-328x328.png
NŪDELES MAGGI MAGIC ASIA PAD THAI 128G,etop.lv,1.99 € - 2.59 €,0.99,7.73,€/kg,https://cdn.etop.lv/products/8445291292970-328x328.png
KAFIJAS DZĒRIENS LOFBERG ICE CREAMY COOKIE 230ML,etop.lv,,1.79,7.78,€/l,https://cdn.etop.lv/products/7310050005072-328x328.png
IEBIEZINĀTS PIENA GARDUMS MUUBI 400G,etop.lv,2.59 € - 2.89 €,1.79,4.48,€/kg,https://cdn.etop.lv/products/4751028330735-328x328.png
SVIESTS TIP TOP SALDKRĒJUMA 82% 180G,etop.lv,,1.39,7.72,€/kg,https://cdn.etop.lv/products/4751023454030-328x328.png
BARĪBA KAĶIEM SAUSĀ WHISKAS AR VISTU 800G,etop.lv,5.59 € - 5.79 €,3.59,4.49,€/kg,https://cdn.etop.lv/products/5900951355912-328x328.png
BARĪBA KAĶIEM SAUSĀ WHISKAS AR LIELLOPA GAĻU 800G,etop.lv,5.59 € - 5.79 €,3.59,4.49,€/kg,https://cdn.etop.lv/products/5900951356896-328x328.png
DZĒRIENS ODDLYGOOD KARAMELIZĒTS AUZU BARISTA 1L,etop.lv,3.15 € - 3.79 €,2.99,2.99,€/l,https://cdn.etop.lv/products/6430081490447-328x328.png
D ALUS BEZALK. PIEBALGAS GAUJAS 0% 0.5L STIKLS,etop.lv,,1.15,2.30,€/l,https://cdn.etop.lv/products/4750142008339-328x328.png
KEFĪRS BALTAIS AVEŅU 700G,etop.lv,1.39 € - 1.59 €,1.19,1.70,€/kg,https://cdn.etop.lv/products/4750072119495-328x328.png
KRUASĀNS 7DAYS AR VANIĻAS OREO CEPUMU PILDĪJUMU 60G,etop.lv,0.95 € - 0.99 €,0.69,11.50,€/kg,https://cdn.etop.lv/products/7622202267482-328x328.png
PIENS OPĀ 2.5% 0.9L,etop.lv,,0.54,0.60,€/l,https://cdn.etop.lv/products/4751023453903-328x328.png
RUDZU MAIZE LATVIJAS MAIZNIEKS LIELMAIZE RUPJĀ MALUMA 600G,etop.lv,,1.65,2.75,€/kg,https://cdn.etop.lv/products/4750192733724-328x328.png
SAUSĀS BROKASTIS NESTLE NESQUIK STRAWBERRY 330G,etop.lv,4.99 € - 5.59 €,2.99,9.06,€/kg,https://cdn.etop.lv/products/5900020049308-328x328.png
SAUSĀS BROKASTIS NESTLE CINI MINIS PROTEIN 340G,etop.lv,4.49 € - 4.99 €,2.99,8.79,€/kg,https://cdn.etop.lv/products/5900020049148-328x328.png
KREKERI ELEPHANT TWISTED KARAMALIZĒTS SĪPOLS 80G,etop.lv,1.35 € - 1.39 €,0.99,12.38,€/kg,https://cdn.etop.lv/products/5949040205110-328x328.png
ŠĶIŅĶI RGK BROILERU BEZ KAULA AR ĀDU ATDZES. VAKUUMĀ,etop.lv,6.29 € - 6.84 €,4.99,,,https://cdn.etop.lv/products/2388471600000-328x328.png
ŠĶIŅĶI RGK BROILERU BEZ KAULA AR ĀDU ATDZES. KĀRBĀ,etop.lv,6.29 € - 6.99 €,4.99,,,https://cdn.etop.lv/products/2388471800000-328x328.png
SALAMI TIP TOP KARSTI KŪPINĀTA 400G,etop.lv,,2.49,6.22,€/kg,https://cdn.etop.lv/products/4751023453880-328x328.png
BARĪBA KAĶIEM SAUSĀ ONE AR LIELLOPA G. STERILIZ.KAĶIEM 750G,etop.lv,6.49 € - 7.19 €,3.99,5.32,€/kg,https://cdn.etop.lv/products/8445291799387-328x328.png
BARĪBA KAĶIEM SAUSĀ ONE VISTA-RĪSI 750G,etop.lv,6.49 € - 6.79 €,3.99,5.32,€/kg,https://cdn.etop.lv/products/8445291810303-328x328.png
MĒRCE SANTA MARIA DIP MAISĪJUMS NAČO SIERA 250G,etop.lv,4.12 € - 4.25 €,2.89,11.56,€/kg,https://cdn.etop.lv/products/7311312009302-328x328.png
MĒRCE SANTA MARIA DIP MAISĪJUMS TEX MEX 250G,etop.lv,3.89 € - 4.25 €,2.89,11.56,€/kg,https://cdn.etop.lv/products/7311312009616-328x328.png
GRAUDAINAIS BIEZPIENS SMILTENE 0.5% 400G,etop.lv,,2.49,6.22,€/kg,https://cdn.etop.lv/products/4750109003162-328x328.png
PELMEŅI VIČI TRADITIONAL AR VISTAS GAĻU 400G,etop.lv,4.29 € - 4.89 €,2.99,7.48,€/kg,https://cdn.etop.lv/products/4770190077828-328x328.png
D MINERĀLŪDENS MANGAĻI PLUS AR MINERĀLSĀĻIEM GĀZ.1L PET,etop.lv,1.05 € - 1.10 €,0.79,0.79,€/l,https://cdn.etop.lv/products/4750042003021-328x328.png
SIERS MOZZARELLA MINI TIP TOP 100G,etop.lv,,1.29,12.90,€/kg,https://cdn.etop.lv/products/4751023453835-328x328.png
SIERS ČEDARS LATGALE 50% SVERAMS FASĒTS,etop.lv,,9.90,,,https://cdn.etop.lv/products/2383302600000-328x328.png
IKDIENAS IELIKTNĪŠI LIBRESSE NORMAL MEGAPACK 58GAB,etop.lv,3.49 € - 3.89 €,2.45,,,https://cdn.etop.lv/products/7322540276855-328x328.png
HIGIĒNISKĀS PAKETES LIBRESSE  ULTRA MULTISTYLE 10GAB,etop.lv,2.65 € - 2.99 €,1.89,,,https://cdn.etop.lv/products/7322542530177-328x328.png
DŪMDESA RĪGAS MIESNIEKS MILANO ŠĶĒLĒS 100G,etop.lv,1.99 € - 2.29 €,1.69,16.90,€/kg,https://cdn.etop.lv/products/4750174001803-328x328.png
ŠOKOLĀDE MILKA BUBBLY CAPPUCCINO 97G,etop.lv,2.39 € - 2.59 €,1.69,17.42,€/kg,https://cdn.etop.lv/products/7622202206245-328x328.png
TAMPONI BELLA FOR TEENS REGULAR 16GB,etop.lv,2.49 € - 2.89 €,1.69,,,https://cdn.etop.lv/products/5900516713737-328x328.png
TAMPONI BELLA FOR TEENS SUPER 16GB,etop.lv,2.49 € - 2.89 €,1.69,,,https://cdn.etop.lv/products/5900516713751-328x328.png
INTĪMĀS HIGIĒNAS PUTAS BELLA FOR TEENS SENSITIVE  150ML,etop.lv,3.99 € - 4.69 €,2.99,19.93,€/l,https://cdn.etop.lv/products/5900516714727-328x328.png
AUTIŅBIKSĪTES PAMPERS PREMIUM CARE S1 2-5KG 72GAB,etop.lv,17.49 € - 18.69 €,13.99,2.80,€/kg,https://cdn.etop.lv/products/8006540858073-328x328.png
PIENA MAISĪJUMS NESTLE NAN OPTIPRO PLUS 2 800G,etop.lv,,22.99,28.74,€/kg,https://cdn.etop.lv/products/7613034820655-328x328.png
PIENA MAISĪJUMS NESTLE NAN OPTIPRO PLUS 3 800G,etop.lv,,22.99,28.74,€/kg,https://cdn.etop.lv/products/7613034820686-328x328.png
BIEZENIS GERBER DĀRZEŅI AR TEĻA GAĻU UN NŪDELĒM 8+ 190G,etop.lv,3.06 € - 3.66 €,2.15,11.32,€/kg,https://cdn.etop.lv/products/5900452072141-328x328.png
SIERS MOZZARELLA FORMAGIA LIGHT 125G,etop.lv,,0.99,7.92,€/kg,https://cdn.etop.lv/products/5907627470689-328x328.png
DESA RGK KVALITĀTES STANDARTS SERVELĀDE PUSŽĀVĒTĀ 400G,etop.lv,3.69 € - 3.99 €,2.69,6.72,€/kg,https://cdn.etop.lv/products/4750170000572-328x328.png
BALTMAIZE FAZER GARDĀ KEFĪRA 600G,etop.lv,2.25 € - 2.58 €,1.69,2.82,€/kg,https://cdn.etop.lv/products/4750212904110-328x328.png
D ENERĢIJAS DZĒR. MONSTER DOCTOR ZERO 500ML CAN,etop.lv,,1.79,3.58,€/l,https://cdn.etop.lv/products/5056784910528-328x328.png
TUALETES  PAPĪRS ZEWA ULTRA SOFT 4KĀRTAS 8RUĻĻI,etop.lv,9.99 € - 10.79 €,5.99,,,https://cdn.etop.lv/products/7322541191041-328x328.png
TĒJA BIO YOGI TEA ASHWAGANDHA BALANCE 2GX17,etop.lv,4.39 € - 4.69 €,3.29,,,https://cdn.etop.lv/products/4012824406018-328x328.png
TĒJA BIO YOGI TEA RĪTA ENERĢIJAI 2.1GX17,etop.lv,4.39 € - 4.69 €,3.29,,,https://cdn.etop.lv/products/4012824406391-328x328.png
AUTIŅBIKSĪTES HAPPY JUNIOR 5 11-18 KG 38GAB,etop.lv,13.29 € - 14.49 €,7.99,0.44,€/kg,https://cdn.etop.lv/products/5900516605513-328x328.png
NAGETI TIP TOP CĀĻA FILEJAS 300G,etop.lv,,2.19,7.30,€/kg,https://cdn.etop.lv/products/4751023453897-328x328.png
TUALETES PAPĪRS RUTA DREAM TOUCH 4KĀRTAS 8RUĻĻI,etop.lv,5.49 € - 5.59 €,3.69,,,https://cdn.etop.lv/products/4820202897101-328x328.png
TUALETES  PAPĪRS ZEWA EVERYDAY 3KĀRTAS 24RUĻĻI,etop.lv,9.99 € - 15.99 €,8.99,,,https://cdn.etop.lv/products/7310361174146-328x328.png
GARŠVIELA SANTA MARIA SIERA TAKO 28G,etop.lv,1.29 € - 1.35 €,0.87,31.07,€/kg,https://cdn.etop.lv/products/7311311028106-328x328.png
MĒRCE SANTA MARIA ĶIPLOKU 250G,etop.lv,4.25 € - 4.39 €,2.89,11.56,€/kg,https://cdn.etop.lv/products/7311312008916-328x328.png
MĒRCE KIKKOMAN SOJAS 1L,etop.lv,9.99 € - 10.35 €,7.25,7.25,€/l,https://cdn.etop.lv/products/8715035110809-328x328.png
MĒRCE KIKKOMAN SOJAS 43% MAZĀK SĀLS 150ML,etop.lv,3.69 € - 3.79 €,2.59,17.27,€/l,https://cdn.etop.lv/products/8715035130203-328x328.png
MAJONĒZE MĀLPILS PROVANSAS 250G,etop.lv,1.19 € - 1.29 €,0.85,3.40,€/kg,https://cdn.etop.lv/products/4751028330506-328x328.png
MAJONĒZE MĀLPILS SALĀTU 250G,etop.lv,0.99 € - 1.09 €,0.79,3.16,€/kg,https://cdn.etop.lv/products/4751028330520-328x328.png
ATKR.MAISI TIP TOP 35L 10GAB 30MKR LDPE MELNI 52X72CM,etop.lv,,0.99,0.03,€/l,https://cdn.etop.lv/products/4751023453705-328x328.png
ATKR.MAISI TIP TOP 60L 10GAB 30MKR LDPE MELNI 60X78CM,etop.lv,,1.19,0.02,€/l,https://cdn.etop.lv/products/4751023453712-328x328.png
ZEFĪRS TIP TOP GLAZĒTS AR VANIĻAS GARŠU 180G,etop.lv,,1.99,11.06,€/kg,https://cdn.etop.lv/products/4751023453699-328x328.png
BATONIŅŠ LILA VANILA AR PIENA PILDĪJUMU 30G,etop.lv,,0.69,23.00,€/kg,https://cdn.etop.lv/products/4770299403849-328x328.png
LŪPU BALZAMS VASELINE ROSY 4.8G,etop.lv,,3.99,831.25,€/kg,https://cdn.etop.lv/products/6291105153270-328x328.png
ŠOKOLĀDE MILKA BUBBLY COCONUT 97G,etop.lv,2.29 € - 2.59 €,1.69,17.42,€/kg,https://cdn.etop.lv/products/7622202206283-328x328.png
SAUSĀS BROKASTIS START MELLEŅU UN VANIĻAS SMAIDIŅI 500G,etop.lv,,3.99,7.98,€/kg,https://cdn.etop.lv/products/4820237693761-328x328.png
BIEZPIENS VĀJPIENA FIT! BEZ LAKTOZES 0.5% 400G,etop.lv,,1.99,4.98,€/kg,https://cdn.etop.lv/products/4740036018063-328x328.png
BATONIŅŠ NESTLE LION 25G,etop.lv,0.55 € - 0.59 €,0.45,18.00,€/kg,https://cdn.etop.lv/products/5900020030412-328x328.png
GALDA SALVETES OPĀ PELĒKAS 1PLY 33X33CM 50GAB,etop.lv,,0.99,,,https://cdn.etop.lv/products/4751023453750-328x328.png
GALDA SALVETES OPĀ ZILAS 1PLY 33X33CM 50GAB,etop.lv,,0.99,,,https://cdn.etop.lv/products/4751023453767-328x328.png
GALDA SALVETES OPĀ MELNAS 1PLY 33X33CM 50GAB,etop.lv,,0.99,,,https://cdn.etop.lv/products/4751023453774-328x328.png
GALDA SALVETES OPĀ BRŪNAS 1PLY 33X33CM 50GAB,etop.lv,,0.99,,,https://cdn.etop.lv/products/4751023453828-328x328.png
GALDA SALVETES OPĀ ROZĀ 1PLY 33X33CM 50GAB,etop.lv,,0.99,,,https://cdn.etop.lv/products/4751023453781-328x328.png
GALDA SALVETES OPĀ DZELTENAS 1PLY 33X33CM 50GAB,etop.lv,,0.99,,,https://cdn.etop.lv/products/4751023453798-328x328.png
GALDA SALVETES OPĀ ZAĻAS 1PLY 33X33CM 50GAB,etop.lv,,0.99,,,https://cdn.etop.lv/products/4751023453743-328x328.png
GALDA SALVETES OPĀ BALTAS 1PLY 33X33CM 50GAB,etop.lv,,0.99,,,https://cdn.etop.lv/products/4751023453736-328x328.png
GALDA SALVETES OPĀ SARKANAS 1PLY 33X33CM 50GAB,etop.lv,,0.99,,,https://cdn.etop.lv/products/4751023453811-328x328.png
GALDA SALVETES OPĀ VIOLETAS 1PLY 33X33CM 50GAB,etop.lv,,0.99,,,https://cdn.etop.lv/products/4751023453804-328x328.png
VAFELES OPĀ TUMŠĀS AR IEBIEZINĀTĀ PIENA GARŠU 347G,etop.lv,,1.69,4.87,€/kg,https://cdn.etop.lv/products/4538667510236-328x328.png
VAFEĻU TRUBIŅAS BECKYS AR LAZDU RIEKSTU KRĒMU 400G,etop.lv,3.99 € - 4.29 €,3.19,7.98,€/kg,https://cdn.etop.lv/products/8713305813825-328x328.png
VAFEĻU TRUBIŅAS BECKYS AR MANDEĻU KRĒMU 400G,etop.lv,3.99 € - 4.29 €,3.19,7.98,€/kg,https://cdn.etop.lv/products/8713305813436-328x328.png
KRŪTIŅA VIGESTA PROVINCES KARSTI KŪPINĀTA SVER.,etop.lv,11.59 € - 12.99 €,9.99,,,https://cdn.etop.lv/products/23549374-328x328.png
PROTEĪNA BATONIŅŠ BAREBELLS LEMON CHEESECAKE 55G,etop.lv,3.19 € - 3.29 €,2.39,43.45,€/kg,https://cdn.etop.lv/products/7340001806182-328x328.png
UZTURA BAGĀTINĀTĀJS HERBS BALDERIĀNA UZLĒJUMS 25ML,etop.lv,2.29 € - 2.99 €,1.59,63.60,€/l,https://cdn.etop.lv/products/4752286006455-328x328.png
UZTURA BAGĀTINĀTĀJS HERBS SIRDS PILIENI 25ML,etop.lv,2.29 € - 2.49 €,1.59,63.60,€/l,https://cdn.etop.lv/products/4752286006486-328x328.png
SALDĒJUMS POLS GOTIŅA MULTIPAKA 40GX6,etop.lv,,4.99,,,https://cdn.etop.lv/products/4750025002140-328x328.png
SALDĒJUMS POLS PLOMBĪRS MULTIPAKA 40GX6,etop.lv,,4.99,,,https://cdn.etop.lv/products/4750025001785-328x328.png
LAVAŠS MARKOS 220G,etop.lv,,2.40,10.91,€/kg,https://cdn.etop.lv/products/8594177520093-328x328.png
MAKADĀMIJAS RIEKSTI  Y.E.S. GRAUZDĒTI 150G,etop.lv,3.49 € - 4.09 €,2.59,17.27,€/kg,https://cdn.etop.lv/products/4770266189967-328x328.png
MAKADĀMIJAS RIEKSTI Y.E.S. GRAUZDĒTI SĀLĪTI 150G,etop.lv,3.49 € - 4.09 €,2.59,17.27,€/kg,https://cdn.etop.lv/products/4770266189974-328x328.png
GALETES RICE UP AR 7 SUPER SĒKLĀM ORGANIC 120G,etop.lv,1.65 € - 1.69 €,1.29,10.75,€/kg,https://cdn.etop.lv/products/3800233070897-328x328.png
SAUSMAIZĪTES MARETTI AR SKĀBA KRĒJUMA UN SĪPOLU GARŠU 140G,etop.lv,2.15 € - 2.39 €,1.59,11.36,€/kg,https://cdn.etop.lv/products/3800205877936-328x328.png
MAISĪJUMS MOGYI ENERGY MIX 70G,etop.lv,1.49 € - 1.59 €,1.19,17.00,€/kg,https://cdn.etop.lv/products/5997347539674-328x328.png
MAISĪJUMS MOGYI STUDENT MIX 70G,etop.lv,1.49 € - 1.59 €,1.19,17.00,€/kg,https://cdn.etop.lv/products/5997347540298-328x328.png
MAISĪJUMS MOGYI PROTEIN MIX 70G,etop.lv,1.49 € - 1.59 €,1.19,17.00,€/kg,https://cdn.etop.lv/products/5997347540052-328x328.png
MAIZES ČIPSI BON CHANCE AR ČILI UN LAIMA GARŠU 120G,etop.lv,2.47 € - 2.55 €,1.99,16.58,€/kg,https://cdn.etop.lv/products/4770350024808-328x328.png
MAIZES ČIPSI DAUGULIS AR ĶIPLOKA UN KRĒJUMA GARŠU 220G,etop.lv,3.25 € - 3.49 €,2.99,13.59,€/kg,https://cdn.etop.lv/products/4752249002654-328x328.png
DATELES DAVE&JON'S AR CINNAMON BUN GARŠU 125G,etop.lv,2.59 € - 3.09 €,2.09,16.72,€/kg,https://cdn.etop.lv/products/7350054797474-328x328.png
DATELES DAVE&JON'S AR SOUR WATERMELON GARŠU 125G,etop.lv,2.59 € - 3.09 €,2.09,16.72,€/kg,https://cdn.etop.lv/products/7350054797450-328x328.png
DATELES DAVE&JON'S AR SALTED CARAMEL PEANUTS GARŠU 125G,etop.lv,2.59 € - 3.09 €,2.09,16.72,€/kg,https://cdn.etop.lv/products/7350054795630-328x328.png
RAGŪ RĪGAS MIESNIEKS CŪKGAĻAS KŪPINĀTS 800G,etop.lv,,3.39,4.24,€/kg,https://cdn.etop.lv/products/4750174003012-328x328.png
ŠAMPŪNS MONDAY MOISTURE SAUSIEM UN BLĀVIEM MATIEM 350ML,etop.lv,8.99 € - 9.79 €,5.99,17.11,€/l,https://cdn.etop.lv/products/4897097266329-328x328.png
ŠAMPŪNS MONDAY VOLUME COLLAGEN  PLĀNIEM MATIEM 350ML,etop.lv,8.99 € - 9.79 €,5.99,17.11,€/l,https://cdn.etop.lv/products/4897097266343-328x328.png
KOND.MONDAY MOISTURE SAUSIEM UN BLĀVIEM MATIEM 350ML,etop.lv,8.99 € - 9.79 €,5.99,17.11,€/l,https://cdn.etop.lv/products/4897097266404-328x328.png
KOND.MONDAY VOLUME COLLAGEN  PLĀNIEM MATIEM 350ML,etop.lv,8.99 € - 9.79 €,5.99,17.11,€/l,https://cdn.etop.lv/products/4897097266428-328x328.png
MATU MASKA MONDAY DEEP SAUSIEM UN BOJĀTIEM MATIEM 250ML,etop.lv,8.99 € - 9.79 €,5.99,23.96,€/l,https://cdn.etop.lv/products/4895248003984-328x328.png
PIENS TERE BEZ LAKTOZES 2.5% 1L,etop.lv,,1.47,1.47,€/l,https://cdn.etop.lv/products/4740036018193-328x328.png
ŽELEJA VALDO AR MANGO GARŠU 80G,etop.lv,0.85 € - 0.89 €,0.59,7.38,€/kg,https://cdn.etop.lv/products/4750133000281-328x328.png
ŽELEJA VALDO AR MELLEŅU GARŠU 80G,etop.lv,0.85 € - 0.89 €,0.59,7.38,€/kg,https://cdn.etop.lv/products/4750133000274-328x328.png
ŽELEJA VALDO AR MEŽA ZEMEŅU GARŠU 80G,etop.lv,0.85 € - 0.89 €,0.59,7.38,€/kg,https://cdn.etop.lv/products/4750133000243-328x328.png
KRĒMSIERS PHILADELPHIA AR LASI 175G,etop.lv,3.49 € - 4.39 €,2.99,17.09,€/kg,https://cdn.etop.lv/products/7622202301032-328x328.png
IEVĀRĪJUMS PŪRE DZĒRVEŅU 410G,etop.lv,3.49 € - 4.09 €,3.18,7.76,€/kg,https://cdn.etop.lv/products/4750145022417-328x328.png
TĒJAS SVECES AROM. AURA SALDĒTAS OGAS 4H 6GAB,etop.lv,1.19 € - 1.39 €,0.83,,,https://cdn.etop.lv/products/5906927032320-328x328.png
TĒJAS SVECES AROM. AURA AUGĻI 4H 6GAB,etop.lv,1.19 € - 1.39 €,0.83,,,https://cdn.etop.lv/products/5906927053325-328x328.png
TĒJAS SVECES AROM. AURA KAISLĪBA 4H 6GAB,etop.lv,1.19 € - 1.39 €,0.83,,,https://cdn.etop.lv/products/5906927053356-328x328.png
TĒJAS SVECES AROM. AURA MELLEŅU SIERA KŪKA 4H 6GAB,etop.lv,1.19 € - 1.39 €,0.83,,,https://cdn.etop.lv/products/5906927053196-328x328.png
TĒJAS SVECES AROM. AURA SPA 4H 6GAB,etop.lv,1.19 € - 1.39 €,0.83,,,https://cdn.etop.lv/products/5906927053233-328x328.png
TĒJAS SVECES AROM. APPLE-CINNAMON DISPLAY 6GAB.,etop.lv,1.29 € - 1.48 €,0.83,,,https://cdn.etop.lv/products/5906927015873-328x328.png
SAUSĀS BROKASTIS NESTLE LION TRIPLE CRUNCHY 300G,etop.lv,4.19 € - 4.49 €,2.99,9.97,€/kg,https://cdn.etop.lv/products/5900020047861-328x328.png
MĒRCE KUHNE 1000 SALU 250ML,etop.lv,2.69 € - 2.99 €,2.15,8.60,€/l,https://cdn.etop.lv/products/40122472-328x328.png
SINEPES KUHNE GRAUDU 250G,etop.lv,2.99 € - 3.65 €,2.39,9.56,€/kg,https://cdn.etop.lv/products/40122526-328x328.png
MĒRCE OAK'A BBQ ASĀ 270G,etop.lv,3.49 € - 4.09 €,2.65,9.81,€/kg,https://cdn.etop.lv/products/4751032370024-328x328.png
MĒRCE OAK'A BBQ SALDSKĀBĀ AR APRIKOZĒM 600G,etop.lv,4.39 € - 4.99 €,3.69,6.15,€/kg,https://cdn.etop.lv/products/4751032371281-328x328.png
KAUSĒTAIS SIERS DZINTARS GAILEŅU UN CEPTU SĪPOLU GARŠU 200G,etop.lv,,2.35,11.75,€/kg,https://cdn.etop.lv/products/4750025904789-328x328.png
KAUSĒTAIS SIERS DZINTARS AR LOCIŅIEM UN KRĒJUMA GARŠU 200G,etop.lv,,2.35,11.75,€/kg,https://cdn.etop.lv/products/4750025904772-328x328.png
PIENA DZĒRIENS MÜLLERMILCH PROTEIN ZERO AVEŅU 400ML,etop.lv,2.39 € - 2.69 €,1.69,4.22,€/l,https://cdn.etop.lv/products/4025500298005-328x328.png
PIENA DZĒRIENS MÜLLERMILCH PROTEIN ZERO CEPUMU 400ML,etop.lv,2.39 € - 2.69 €,1.69,4.22,€/l,https://cdn.etop.lv/products/4025500297985-328x328.png
CEPETIS RĪGAS MIESNIEKS MALTĀS GAĻAS ITĀĻU GAUMĒ 500G,etop.lv,3.49 € - 3.69 €,3.29,6.58,€/kg,https://cdn.etop.lv/products/4750174002916-328x328.png
SALDĒJUMS ZEMNIEKU SVIESTA CEPUMU 260G,etop.lv,3.39 € - 3.49 €,2.59,9.96,€/kg,https://cdn.etop.lv/products/4750621004395-328x328.png
SALDĒJUMS ZEMNIEKU BIEZPIENA ĶIRŠU 260G,etop.lv,3.39 € - 3.99 €,2.59,9.96,€/kg,https://cdn.etop.lv/products/4750621004388-328x328.png
SALDĒJUMS ZEMNIEKU BIEZPIENA UPEŅU 260G,etop.lv,3.39 € - 3.99 €,2.59,9.96,€/kg,https://cdn.etop.lv/products/4750621004371-328x328.png
BRĒTLIŅAS KALTENES ZIVIS GARŠVIELU SALĪJUMĀ 500G,etop.lv,2.49 € - 2.79 €,1.89,3.78,€/kg,https://cdn.etop.lv/products/4750342000232-328x328.png
D DZĒRIENS LUCKY PUNCH AR ANANĀSU GARŠU 330ML CAN,etop.lv,1.49 € - 1.52 €,0.89,2.70,€/l,https://cdn.etop.lv/products/4751048727782-328x328.png
BALTMAIZE LATVIJAS MAIZNIEKS LIELMAIZE 550G,etop.lv,,1.09,1.98,€/kg,https://cdn.etop.lv/products/4750192733458-328x328.png
SAUSĀS BROKASTIS TIP TOP KVIEŠI AR MEDU 500G,etop.lv,,2.29,4.58,€/kg,https://cdn.etop.lv/products/4751023453729-328x328.png
TRAUKU MAZG.LĪDZ.FAIRY PURE CLEAN 900ML,etop.lv,4.99 € - 5.09 €,2.99,3.32,€/l,https://cdn.etop.lv/products/8006530111522-328x328.png
TRAUKU MAZG.LĪDZ.FAIRY PURE CLEAN 450ML,etop.lv,,3.19,7.09,€/l,https://cdn.etop.lv/products/8001090837424-328x328.png
BARĪBA SUŅIEM SAUSĀ TROPI AR LIELLOPA GAĻU 10KG,etop.lv,,10.99,1.10,€/kg,https://cdn.etop.lv/products/5902944913734-328x328.png
BARĪBA SUŅIEM KONS.PRIMADOG MEŽA DZĪVN.GAĻAS MALTĪTE 600G,etop.lv,4.79 € - 5.39 €,3.59,5.98,€/kg,https://cdn.etop.lv/products/6430076898029-328x328.png
MAKARONI OPĀ PENNE RIGATE 400G,etop.lv,,0.50,1.25,€/kg,https://cdn.etop.lv/products/4751023453675-328x328.png
MAKARONI OPĀ FUSILLI 400G,etop.lv,,0.50,1.25,€/kg,https://cdn.etop.lv/products/4751023453668-328x328.png
MAKARONI OPĀ CORNETTI RIGATI  400G,etop.lv,,0.50,1.25,€/kg,https://cdn.etop.lv/products/4751023453651-328x328.png
PUSSPĀRNI ĶEKAVA CĀĻU AUGŠDAĻA A KAT. SVAIGI FAS. APT 1KG,etop.lv,4.62 € - 5.54 €,3.38,3.38,€/kg,https://cdn.etop.lv/products/2373910600000-328x328.png
RAUDZĒTS PIENA PRODUKTS LAKTO AVEŅU MELLEŅU 450G,etop.lv,,1.79,3.98,€/kg,https://cdn.etop.lv/products/4750025892642-328x328.png
NŪDELES SAM YANG AR ASĀS VISTAS UN SIERA GARŠU 140G,etop.lv,,2.99,21.36,€/kg,https://cdn.etop.lv/products/8801073116474-328x328.png
NŪDELES SAM YANG AR ASĀS VISTAS GARŠU 140G,etop.lv,,2.99,21.36,€/kg,https://cdn.etop.lv/products/8801073110502-328x328.png
CEPUMI SELGA TREAT DUBULTIE AR SĀĻĀS VANIĻAS PILDĪJUMU 205G,etop.lv,2.69 € - 2.79 €,1.79,8.73,€/kg,https://cdn.etop.lv/products/4750007000584-328x328.png
GARDUMS KAĶIEM ATHENA SULĪGA UZKODA AR VISTAS G.10GAB 50G,etop.lv,,1.59,31.80,€/kg,https://cdn.etop.lv/products/4010492973764-328x328.png
SALIEKAMA BĻODIŅA 19.5X6CM,etop.lv,1.99 € - 2.19 €,1.19,,,https://cdn.etop.lv/products/8711295442827-328x328.png
PAVADA SUŅIEM POLYESTER 2IZM.S 120X1.5CM.M 120X2CM,etop.lv,2.99 € - 3.29 €,1.79,,,https://cdn.etop.lv/products/8721037597463-328x328.png
SIKSNIŅA SUŅIEM ATSTAROJOŠA 3IZM,etop.lv,2.99 € - 3.29 €,1.79,,,https://cdn.etop.lv/products/8721037800716-328x328.png
LĀPSTIŅA KAĶU TUALETEI PP MATERIALS IZMĒRS: 280X132XH81MM,etop.lv,0.99 € - 1.09 €,0.59,,,https://cdn.etop.lv/products/8711295960246-328x328.png
PAVADA-IEMAUKTI SUŅIEM 3IZMĒRI S.M.L SIZE,etop.lv,7.99 € - 8.79 €,5.19,,,https://cdn.etop.lv/products/8720573819183-328x328.png
ŠAMPŪNS DZĪVNIEKIEM PETS COLLECTION 500ML,etop.lv,3.99 € - 4.59 €,2.39,4.78,€/l,https://cdn.etop.lv/products/8720573918015-328x328.png
ĶEMME SPALVAI 220X75X60MM,etop.lv,2.99 € - 3.29 €,1.79,,,https://cdn.etop.lv/products/8721037724142-328x328.png
BĻODA METĀLA AR GUMIJAS PAMATNI 430ML IZMĒRI 20.5X16X12CM,etop.lv,1.99 € - 2.19 €,1.29,3.00,€/l,https://cdn.etop.lv/products/8711295214257-328x328.png
DESA TIP TOP AUKSTI KŪPINĀTA 200G,etop.lv,,2.49,12.45,€/kg,https://cdn.etop.lv/products/4751023453392-328x328.png
D ENERĢIJAS DZĒR.MONSTER LANDO NORRIS ZERO 500ML CAN,etop.lv,,1.79,3.58,€/l,https://cdn.etop.lv/products/5056784908280-328x328.png
UZKODA NĀKOTNE CŪKGAĻAS ŽĀVĒTA KARSTI KŪPINĀTA 35G,etop.lv,2.29 € - 2.49 €,1.69,48.29,€/kg,https://cdn.etop.lv/products/4751003578237-328x328.png
UZKODA NĀKOTNE LIELLOPU GAĻAS BBQ ŽĀVĒTA KARSTI KŪPINĀTA 35G,etop.lv,2.59 € - 2.69 €,1.99,56.86,€/kg,https://cdn.etop.lv/products/4751003578251-328x328.png
KAFIJA ŠĶĪSTOŠĀ JACOBS 3IN1 12.6GX20 MAISS,etop.lv,,5.59,,,https://cdn.etop.lv/products/8711000571972-328x328.png
ZEMESRIEKSTI ESTRELLA GRAUZD. VIEGLI SĀL. METĀLA BUNDŽĀ 140G,etop.lv,2.87 € - 2.99 €,1.99,14.21,€/kg,https://cdn.etop.lv/products/4779028347423-328x328.png
GRAUDU MAIZE FLORA 200G,etop.lv,0.79 € - 0.89 €,0.65,3.25,€/kg,https://cdn.etop.lv/products/4750271103516-328x328.png
JOGURTS MÜLLER MIX AR VAFELĒM 130G,etop.lv,,0.99,7.62,€/kg,https://cdn.etop.lv/products/42373278-328x328.png
KREKERI RĪSU KVIEŠU GERBER ORGANIC BANĀNU AVEŅU 8+ 35G,etop.lv,4.39 € - 4.59 €,2.99,85.43,€/kg,https://cdn.etop.lv/products/7613037307641-328x328.png
BIEZZUPA ZIEDKĀPOSTU GERBER AR TRUSI NO 8+ 190G,etop.lv,2.99 € - 3.06 €,2.15,11.32,€/kg,https://cdn.etop.lv/products/7613033629297-328x328.png
BIEZENIS GERBER ĀBOLS BANĀNS MELLENES 6+ 80G,etop.lv,1.95 € - 2.59 €,1.39,17.38,€/kg,https://cdn.etop.lv/products/8445290164100-328x328.png
KEČUPS TIP TOP 830G,etop.lv,,1.69,2.04,€/kg,https://cdn.etop.lv/products/4751023453644-328x328.png
SALAMI TIP TOP KARSTI KŪPINĀTS ŠĶĒLĒS 100G,etop.lv,1.29 € - 1.29 €,1.09,10.90,€/kg,https://cdn.etop.lv/products/4751023453408-328x328.png
BEKONS TIP TOP KARSTI KŪPINĀTS ŠĶĒLĒS 100G,etop.lv,,1.39,13.90,€/kg,https://cdn.etop.lv/products/4751023453613-328x328.png
RUDZU MAIZE TIP TOP 800G,etop.lv,,0.86,1.08,€/kg,https://cdn.etop.lv/products/4751023453637-328x328.png
TĪR.LĪDZEKLIS HARPIC POWER PLUS TUALETEI MARINE 750ML,etop.lv,,4.89,6.52,€/l,https://cdn.etop.lv/products/5908252018642-328x328.png
ZEFĪRS TIP TOP AR VANIĻAS GARŠU 260G,etop.lv,,1.89,7.27,€/kg,https://cdn.etop.lv/products/4751023453569-328x328.png
ZEFĪRS TIP TOP DZĒRVEŅU  260G,etop.lv,,1.89,7.27,€/kg,https://cdn.etop.lv/products/4751023453576-328x328.png
KONFEKTES UZ KOCIŅA SOUR MADNESS 90G,etop.lv,1.99 € - 2.19 €,1.29,14.33,€/kg,https://cdn.etop.lv/products/5907205012904-328x328.png
BURGERS COLLECTION AR ČEDARAS SIERU 400G,etop.lv,3.39 € - 3.59 €,2.49,6.22,€/kg,https://cdn.etop.lv/products/4751015689143-328x328.png
CĀĻA GAĻAS GABALIŅI LIDO DĀRZEŅU MĒRCĒ UN BASMATI RĪSI 330G,etop.lv,3.79 € - 4.39 €,2.99,9.06,€/kg,https://cdn.etop.lv/products/4750077006837-328x328.png
PASTA RANA SVAIGĀ AR RICOTTU UN SPINĀTIEM 250G,etop.lv,3.49 € - 3.57 €,2.89,11.56,€/kg,https://cdn.etop.lv/products/8001665713177-328x328.png
PASTA RANA SVAIGĀ RAVIOLI AR 4 SIERIEM 250G,etop.lv,3.49 € - 3.79 €,2.89,11.56,€/kg,https://cdn.etop.lv/products/8001665713153-328x328.png
GRAUDU MAIZE TIP TOP 300G,etop.lv,,0.73,2.43,€/kg,https://cdn.etop.lv/products/4751023453491-328x328.png
CĪSIŅI VIGESTA DOKTORA PREMIUM 350G,etop.lv,2.95 € - 2.99 €,1.99,5.69,€/kg,https://cdn.etop.lv/products/4771183168639-328x328.png
KAFIJA ŠĶĪSTOŠĀ JACOBS 2IN1 CLASSIC 12.4GX10 MAISS,etop.lv,3.29 € - 3.89 €,1.69,,,https://cdn.etop.lv/products/8711000574034-328x328.png
KAFIJA ŠĶĪSTOŠĀ JACOBS 3IN1 MILD 11.1GX10 MAISS,etop.lv,3.29 € - 3.89 €,1.69,,,https://cdn.etop.lv/products/8711000571910-328x328.png
BIEZPIENS TIP TOP 9% 400G,etop.lv,,2.49,6.22,€/kg,https://cdn.etop.lv/products/4751023453606-328x328.png
KAFIJAS PUPIŅAS JACOBS KENYA&UGANDA 1KG,etop.lv,19.99 € - 30.99 €,15.99,15.99,€/kg,https://cdn.etop.lv/products/8711000591154-328x328.png
DESIŅAS TIP TOP MEDNIEKU 400G,etop.lv,,2.49,6.22,€/kg,https://cdn.etop.lv/products/4751023453682-328x328.png
ŪDENS FILTRA KRŪZE AQUAPHOR COMPACT MF+ PELĒKA 2.4L,etop.lv,13.99 € - 15.19 €,10.99,4.58,€/l,https://cdn.etop.lv/products/4744131015330-328x328.png
TORTILLA FAZER STREET FOOD KVIEŠU KUKURŪZAS 6GB 360G,etop.lv,2.49 € - 2.77 €,1.75,4.86,€/kg,https://cdn.etop.lv/products/4750212903939-328x328.png
ZEMESRIEKSTI ESTRELLA SĀLĪTI AR MEDU 240G,etop.lv,2.89 € - 3.29 €,1.99,8.29,€/kg,https://cdn.etop.lv/products/4779028347386-328x328.png
CEPUMI TIP TOP IEMĪĻOTIE AR ŠOKOLĀDES GARŠU 180G,etop.lv,,0.69,3.83,€/kg,https://cdn.etop.lv/products/4751023453514-328x328.png
KARAMELES TIP TOP AR BUMBIERU GARŠU SVER.,etop.lv,,3.59,,,https://cdn.etop.lv/products/4820112360504-328x328.png
MARSHMALLOW TIP TOP BBQ 500G,etop.lv,,4.29,8.58,€/kg,https://cdn.etop.lv/products/4751023453583-328x328.png
SIERS RICOTTA FORMAGIA 250G,etop.lv,1.89 € - 1.99 €,1.59,6.36,€/kg,https://cdn.etop.lv/products/5907627471198-328x328.png
MĒRCE KUHNE ITALIAN SALĀTU 250ML,etop.lv,2.69 € - 2.89 €,2.15,8.60,€/l,https://cdn.etop.lv/products/40122373-328x328.png
MĒRCE KUHNE CĒZARA 250ML,etop.lv,2.99 € - 3.29 €,2.39,9.56,€/l,https://cdn.etop.lv/products/40122571-328x328.png
PIENA ŠOKOLĀDE LAIMA VĀVERĪTE AR VESELIEM LAZDU RIEKST.90G,etop.lv,2.59 € - 2.69 €,1.79,19.89,€/kg,https://cdn.etop.lv/products/4750001012217-328x328.png
SIERS JAUNPILS TILSITER 350G,etop.lv,3.55 € - 3.65 €,2.79,7.97,€/kg,https://cdn.etop.lv/products/4751004062223-328x328.png
MATU KONDIC.ELSEVE HYALURON PLUMP 200ML,etop.lv,,5.69,28.45,€/l,https://cdn.etop.lv/products/3600524029845-328x328.png
ŠAMPŪNS FRUCTIS 2IN1 250ML,etop.lv,4.99 € - 5.29 €,3.29,13.16,€/l,https://cdn.etop.lv/products/3600542060394-328x328.png
ŠAMPŪNS FRUCTIS GB DAMAGE 250ML,etop.lv,5.29 € - 6.99 €,3.29,13.16,€/l,https://cdn.etop.lv/products/3600542060837-328x328.png
MATU BALZAMS FRUCTIS GB DAMAGE 200ML,etop.lv,5.29 € - 6.99 €,3.29,16.45,€/l,https://cdn.etop.lv/products/3600542061315-328x328.png
ZOBU PASTA COLGATE TOTAL WHITENING 75ML,etop.lv,4.99 € - 5.59 €,2.49,33.20,€/l,https://cdn.etop.lv/products/8718951226807-328x328.png
ZOBU PASTA COLGATE TOTAL ORIGINAL 75ML,etop.lv,4.99 € - 5.59 €,2.49,33.20,€/l,https://cdn.etop.lv/products/8718951226715-328x328.png
ZOBU BIRSTE COLGATE HIGH DENSITY CHARCOAL,etop.lv,3.99 € - 4.19 €,2.15,,,https://cdn.etop.lv/products/8718951655720-328x328.png
ZOBU BIRSTE COLGATE GENTLE CLEAN SENSITIVE,etop.lv,3.99 € - 4.29 €,2.15,,,https://cdn.etop.lv/products/8718951703995-328x328.png
ZOBU BIRSTE COLGATE CLASSIC DEEP CLEAN SOFT,etop.lv,0.95 € - 1.49 €,0.75,,,https://cdn.etop.lv/products/8590232000067-328x328.png
CUKURS BILLINGTONS CUKURNIEDRU DEMERARA 500G,etop.lv,2.99 € - 3.05 €,2.19,4.38,€/kg,https://cdn.etop.lv/products/5010651001115-328x328.png
VAFELES TIP TOP AR KAKAO GARŠU 150G,etop.lv,,0.99,6.60,€/kg,https://cdn.etop.lv/products/4751023453538-328x328.png
VAFELES TIP TOP AR PIENA GARŠU 150G,etop.lv,,0.99,6.60,€/kg,https://cdn.etop.lv/products/4751023453521-328x328.png
VAFELES TIP TOP AR CITRONA GARŠU 150G,etop.lv,,0.99,6.60,€/kg,https://cdn.etop.lv/products/4751023453545-328x328.png
D ENERĢIJAS DZĒR.LUCKY PUNCH 330ML CAN,etop.lv,1.49 € - 1.52 €,0.89,2.70,€/l,https://cdn.etop.lv/products/4751048727775-328x328.png
ŠOKOLĀDES BATONIŅŠ TUPLA DOUBLE LAYER VANILLA 48G,etop.lv,1.46 € - 1.49 €,0.89,18.54,€/kg,https://cdn.etop.lv/products/6420256911181-328x328.png
SALD. OGAS GERO APETITO SMILTSĒRKŠĶI 400G,etop.lv,3.35 € - 3.79 €,2.69,6.72,€/kg,https://cdn.etop.lv/products/4771634070023-328x328.png
BAROJOŠA DUŠAS&VANNAS ŽEL.LANGELICA AR KOKOSR.PIENU 500ML,etop.lv,5.49 € - 6.19 €,3.49,6.98,€/l,https://cdn.etop.lv/products/8017331081778-328x328.png
ČIPSI O'BYTE KARTUPEĻU AR TOMĀTU GARŠU 90G,etop.lv,1.89 € - 2.05 €,1.39,15.44,€/kg,https://cdn.etop.lv/products/4751039450385-328x328.png
KĒKSS SVĒTKU SIGULDAS MAIZNIEKS AR SUKĀDĒM 400G,etop.lv,2.69 € - 3.29 €,1.99,4.98,€/kg,https://cdn.etop.lv/products/4750432070046-328x328.png
D SIDRS BEZALK. SOMERSBY PEAR 0.5L CAN,etop.lv,,1.49,2.98,€/l,https://cdn.etop.lv/products/4740019003734-328x328.png
ŠOKOLĀDES BATONIŅŠ LION BLACK WHITE 42G,etop.lv,,1.19,28.33,€/kg,https://cdn.etop.lv/products/8445291426061-328x328.png
PIENA ŠOKOLĀDE LĀCĪTIS ĶEPAINĪTIS 90G,etop.lv,2.49 € - 2.59 €,1.79,19.89,€/kg,https://cdn.etop.lv/products/4750001011913-328x328.png
PIENA ŠOKOLĀDE LAIMA VĀVERĪTE 90G,etop.lv,2.55 € - 2.59 €,1.79,19.89,€/kg,https://cdn.etop.lv/products/4750001011999-328x328.png
VEĻAS MAZG.KAPSULAS ARIEL COLOR 70GAB,etop.lv,,37.99,,,https://cdn.etop.lv/products/8700216764186-328x328.png
VEĻAS MAZG.KAPSULAS ARIEL MOUNTAIN SPRING 30GAB,etop.lv,16.99 € - 22.99 €,13.79,,,https://cdn.etop.lv/products/8700216765480-328x328.png
SAUTĒJUMS WILLIAM SAURIN PUPIŅU AR PĪLI 400G,etop.lv,,4.99,12.48,€/kg,https://cdn.etop.lv/products/3261051670308-328x328.png
SAUTĒJUMS WILLIAM SAURIN CŪKGAĻAS AR LĒCĀM 400G,etop.lv,,4.99,12.48,€/kg,https://cdn.etop.lv/products/3261051670407-328x328.png
SAUTĒJUMS WILLIAM SAURIN VISTAS AR SĒŅU MĒRCI 400G,etop.lv,,4.99,12.48,€/kg,https://cdn.etop.lv/products/3261051670506-328x328.png
VISTA KRĒJUMA MĒRCĒ WILLIAM SAURIN AR MAKARON. UN SĒNĒM 280G,etop.lv,,4.99,17.82,€/kg,https://cdn.etop.lv/products/3261055954909-328x328.png
SAUTĒJUMS WILLIAM SAURIN TRUŠA BALTVĪNA MĒRCĒ 300G,etop.lv,,4.99,16.63,€/kg,https://cdn.etop.lv/products/3261055954862-328x328.png
VEĻAS MAZG.KAPSULAS ARIEL COLOR 30GAB,etop.lv,16.99 € - 22.99 €,13.79,,,https://cdn.etop.lv/products/8700216766173-328x328.png
VAIDZIŅŠ NĀKOTNE MĀJAS GAUMĒ SVER.,etop.lv,7.59 € - 7.99 €,5.99,,,https://cdn.etop.lv/products/2312108700000-328x328.png
NŪDELES SAM YANG RAMEN HOT CHICKEN CARBO 130G,etop.lv,,2.99,23.00,€/kg,https://cdn.etop.lv/products/8801073116467-328x328.png
D DZĒRIENS GARDU MUTI ZELTERIS DZĒRVEŅU GĀZ.500ML STIKLS,etop.lv,2.28 € - 2.29 €,1.75,3.50,€/l,https://cdn.etop.lv/products/4751012098320-328x328.png
GRAUDAINAIS BIEZPIENS TIP TOP 9% 185G,etop.lv,,1.25,6.76,€/kg,https://cdn.etop.lv/products/4751023453323-328x328.png
GRAUDAINAIS BIEZPIENS TIP TOP 0.5% 185G,etop.lv,,1.15,6.22,€/kg,https://cdn.etop.lv/products/4751023453330-328x328.png
SULAS DZĒRIENS TYMBARK DZĒRVEŅU MULTIAUGĻU 1L,etop.lv,1.99 € - 2.23 €,1.49,1.49,€/l,https://cdn.etop.lv/products/5900334005519-328x328.png
DESIŅAS ĀDAŽI GRILL COLLECTION CHEDARWURST 350G,etop.lv,2.89 € - 2.99 €,2.24,6.40,€/kg,https://cdn.etop.lv/products/4751015689112-328x328.png
BURGERI ĶEKAVA CĀĻA GAĻAS 220G,etop.lv,2.49 € - 2.79 €,1.59,7.23,€/kg,https://cdn.etop.lv/products/4750303022907-328x328.png
D ENERĢIJAS DZĒR.CULT GAME CHANGER 500ML CAN,etop.lv,,1.55,3.10,€/l,https://cdn.etop.lv/products/4770477233763-328x328.png
DESIŅAS ĀDAŽI MINI GRILL COLLECTION BBQ 250G,etop.lv,2.29 € - 2.59 €,1.89,7.56,€/kg,https://cdn.etop.lv/products/4751015689105-328x328.png
RIBIŅAS RĪGAS MIESNIEKS MELLEŅU MARINĀDĒ 900G,etop.lv,9.39 € - 13.99 €,7.99,8.88,€/kg,https://cdn.etop.lv/products/4750174002329-328x328.png
MITRĀS SALVETES PAMPERS SENSITIVE PF 52GAB,etop.lv,,2.49,,,https://cdn.etop.lv/products/8006540523056-328x328.png
SULAS DZĒRIENS ELMENHORSTER SARK.AUGĻU MIX 20% 2L,etop.lv,2.89 € - 2.99 €,2.39,1.20,€/l,https://cdn.etop.lv/products/4770569915195-328x328.png
GRAUZDIŅI FLINT RUDZU ĶIPLOKU 80G,etop.lv,0.75 € - 0.79 €,0.55,6.88,€/kg,https://cdn.etop.lv/products/4823127303245-328x328.png
DUŠAS ŽELEJA PALMOLIVE SKIN RADIANCE PAPAYA PEACH 500ML,etop.lv,6.69 € - 7.29 €,3.69,7.38,€/l,https://cdn.etop.lv/products/8718951725416-328x328.png
KAFIJAS DZĒRIENS LOFBERGS ICE SALTED CARAMEL 230ML,etop.lv,,1.79,7.78,€/l,https://cdn.etop.lv/products/7310050005355-328x328.png
PORCIJU MAIZE LATVIJAS MAIZNIEKS BURGERMAIZE LIELMAIZE 360G,etop.lv,1.97 € - 2.09 €,1.19,3.31,€/kg,https://cdn.etop.lv/products/4750192771900-328x328.png
HUMOSS RIBELLA PIKANTAIS 200G,etop.lv,2.19 € - 2.39 €,1.69,8.45,€/kg,https://cdn.etop.lv/products/8606011898234-328x328.png
D SULAS DZĒRIENS GRANINI GREIPFRŪTU 45% 1L PET,etop.lv,3.69 € - 3.75 €,2.99,2.99,€/l,https://cdn.etop.lv/products/4770569915706-328x328.png
NŪDELES SANTA MARIA OLU 250G,etop.lv,,2.29,9.16,€/kg,https://cdn.etop.lv/products/7311312008794-328x328.png
GRAUDAINAIS BIEZPIENS SMILTENE 9% 400G,etop.lv,,2.69,6.72,€/kg,https://cdn.etop.lv/products/4750109003179-328x328.png
SINEPES TIP TOP  260G,etop.lv,,1.39,5.35,€/kg,https://cdn.etop.lv/products/4751023453378-328x328.png
SALDĒJUMS POLS KOKOSA 45G,etop.lv,1.09 € - 1.25 €,0.79,17.56,€/kg,https://cdn.etop.lv/products/4750025904482-328x328.png
BIEZPIENS OPĀ VĀJPIENA 0.5% 170G,etop.lv,,0.68,4.00,€/kg,https://cdn.etop.lv/products/4751023453347-328x328.png
BIEZPIENS OPĀ 9% 170G,etop.lv,,0.74,4.35,€/kg,https://cdn.etop.lv/products/4751023453354-328x328.png
D DZĒRIENS CULT BLUEBERRY CAKE ZERO COFFEINE 500ML CAN,etop.lv,1.55 € - 1.57 €,0.99,1.98,€/l,https://cdn.etop.lv/products/4770477233787-328x328.png
GARDUMS SUŅIEM YUMZZYBITES PĪLES GAĻAS KUBICIŅI 75G,etop.lv,1.99 € - 2.19 €,1.49,19.87,€/kg,https://cdn.etop.lv/products/4771459701225-328x328.png
DESIŅAS ĶEKAVA MEDNIEKU KARSTI KŪPINĀTAS 400G,etop.lv,2.99 € - 3.59 €,2.39,5.98,€/kg,https://cdn.etop.lv/products/4750303022297-328x328.png
KOŠĻĀJAMĀ GUMIJA ORBIT REFRESHERS STRAWBERRY LEMON BOTTLE 30,etop.lv,,5.69,,,https://cdn.etop.lv/products/4009900544559-328x328.png
D DZĒRIENS VIT.OSHEE MINERĀĻI VĪNOGU PIT. NEGĀZ. 555ML PET,etop.lv,1.49 € - 1.69 €,0.99,1.78,€/l,https://cdn.etop.lv/products/5908260250522-328x328.png
"CĀLIS RĪGAS MIESNIEKS ATDZESĒTS ~1,5KG FAS.SVER.",etop.lv,,3.99,2.66,€/kg,https://cdn.etop.lv/products/640244-328x328.png
D DZĒRIENS VIT.OSHEE MAGNIJS CITR.APELS.NEGĀZ. 555ML PET,etop.lv,1.49 € - 1.69 €,0.99,1.78,€/l,https://cdn.etop.lv/products/5908260250515-328x328.png
FILEJAS RĪGAS MIESNIEKS CĀĻA MAZĀS 400G,etop.lv,,2.49,6.22,€/kg,https://cdn.etop.lv/products/4750174002640-328x328.png
KUKURŪZAS NŪJIŅAS TIP TOP SALDĀS 130G,etop.lv,,1.29,9.92,€/kg,https://cdn.etop.lv/products/4751023453279-328x328.png
KUKURŪZAS NŪJIŅAS TIP TOP AR CITRONA GARŠU 130G,etop.lv,,1.29,9.92,€/kg,https://cdn.etop.lv/products/4751023453286-328x328.png
KUKURŪZAS NŪJIŅAS TIP TOP AR IEBIEZINĀTO PIENU 130G,etop.lv,,1.29,9.92,€/kg,https://cdn.etop.lv/products/4751023453293-328x328.png
RUDZU MAIZE DRUVA FORMAS 600G,etop.lv,,0.89,1.48,€/kg,https://cdn.etop.lv/products/4750212903908-328x328.png
PASTAS MĒRCE PANZANI OLĪVES BAZILIKA 400G,etop.lv,3.49 € - 3.59 €,2.99,7.48,€/kg,https://cdn.etop.lv/products/3038354251103-328x328.png
MAKARONU MĒRCE PANZANI EXTRA BOLOGNESE 425G,etop.lv,4.39 € - 4.99 €,3.59,8.45,€/kg,https://cdn.etop.lv/products/5948990121051-328x328.png
MĒRCE PANZANI MAKARONU ARRABIATA ASĀ 400G,etop.lv,3.59 € - 4.19 €,2.99,7.48,€/kg,https://cdn.etop.lv/products/3038354226903-328x328.png
MĒRCE PANZANI MAKARONU CARBONARA 370G,etop.lv,4.79 € - 5.89 €,4.39,11.86,€/kg,https://cdn.etop.lv/products/3038359911972-328x328.png
TOMĀTU BIEZENIS PANZANI TOMACOULI DABISKS 200G,etop.lv,1.19 € - 1.25 €,0.95,4.75,€/kg,https://cdn.etop.lv/products/3038352875066-328x328.png
MĒRCE PANZANI MAKARONU FORMAGGI 4 SIERA 370G,etop.lv,4.99 € - 5.49 €,3.99,10.78,€/kg,https://cdn.etop.lv/products/3038359012419-328x328.png
PESTO PANZANI AR PAPRIKU RICOTTA SIERU 190G,etop.lv,3.29 € - 3.50 €,3.09,16.26,€/kg,https://cdn.etop.lv/products/3038359912191-328x328.png
ŠOKOLĀDE KIT KAT SALTED CARAMELE 99G,etop.lv,,2.99,30.20,€/kg,https://cdn.etop.lv/products/3800020491560-328x328.png
ŠOKOLĀDE KIT KAT HAZELNUT 99G,etop.lv,,2.99,30.20,€/kg,https://cdn.etop.lv/products/3800020491546-328x328.png
ŠOKOLĀDE KIT KAT DOUBLE CHOCHOLATE 99G,etop.lv,,2.99,30.20,€/kg,https://cdn.etop.lv/products/3800020491553-328x328.png
AUZU PĀRSLAS TIP TOP 400G,etop.lv,,0.69,1.72,€/kg,https://cdn.etop.lv/products/4751023453439-328x328.png
TĪR.LĪDZEKLIS THE PINK STUFF UNIVERSĀLS 750ML,etop.lv,3.25 € - 4.09 €,2.39,3.19,€/l,https://cdn.etop.lv/products/5060033823682-328x328.png
TĪR.LĪDZEKLIS THE PINK STUFF VANNAS ISTABAI PUTAS 750ML,etop.lv,3.25 € - 4.09 €,2.39,3.19,€/l,https://cdn.etop.lv/products/5060033820117-328x328.png
TĪR.LĪDZEKLIS THE PINK STUFF LOGIEM AR ROŽU ETIĶI 750ML,etop.lv,3.39 € - 4.49 €,2.59,3.45,€/l,https://cdn.etop.lv/products/5060033820759-328x328.png
TĪR.LĪDZEKLIS THE PINK STUFF UNIVERSĀLS GRĪDĀM 1L,etop.lv,4.89 € - 5.49 €,2.89,2.89,€/l,https://cdn.etop.lv/products/5060033821527-328x328.png
TĪR.LĪDZEKLIS THE PINK STUFF PASTA 850G,etop.lv,3.99 € - 6.09 €,3.69,4.34,€/kg,https://cdn.etop.lv/products/5060033821114-328x328.png
TĪR.LĪDZEKLIS THE PINK STUFF PAKLĀJIEM MĪKST.MĒBELĒM 500ML,etop.lv,4.39 € - 4.99 €,2.89,5.78,€/l,https://cdn.etop.lv/products/5060033822784-328x328.png
VASKS AROMĀTISKAIS AURA SALDĒTAS OGAS 2GAB,etop.lv,1.89 € - 2.09 €,1.32,,,https://cdn.etop.lv/products/5906927053752-328x328.png
VASKS AROMĀTISKAIS AURA JASMĪNS 2GAB,etop.lv,1.89 € - 2.09 €,1.32,,,https://cdn.etop.lv/products/5906927053714-328x328.png
VASKS AROMĀTISKAIS AURA SPA DĀRZS 2GAB,etop.lv,1.89 € - 2.09 €,1.32,,,https://cdn.etop.lv/products/5906927053738-328x328.png
SAUSĀS BROKASTIS TIP TOP CANDY RINGS 200G,etop.lv,,1.09,5.45,€/kg,https://cdn.etop.lv/products/4751023453422-328x328.png
TRAUKU MAZG.MAŠĪNAI TABLETES SOMAT ALL IN1 EXTRA 75GAB,etop.lv,18.49 € - 18.99 €,16.49,,,https://cdn.etop.lv/products/9000101851717-328x328.png
MAKARONI PANZANI FARFALLE 500G,etop.lv,2.25 € - 2.39 €,1.80,3.60,€/kg,https://cdn.etop.lv/products/3038351489806-328x328.png
MAKARONI PANZANI FUSILLI 500G,etop.lv,1.99 € - 2.29 €,1.80,3.60,€/kg,https://cdn.etop.lv/products/3038351563605-328x328.png
MAKARONI PANZANI MACARONI 500G,etop.lv,2.25 € - 2.39 €,1.80,3.60,€/kg,https://cdn.etop.lv/products/3038350013101-328x328.png
BIEZPIENA SIERIŅŠ KĀRUMS AVEŅU BEZLAKTOZES 40G,etop.lv,,0.52,13.00,€/kg,https://cdn.etop.lv/products/4750050000715-328x328.png
BIEZPIENA SIERIŅŠ KĀRUMS VANIĻAS BEZLAKTOZES 40G,etop.lv,,0.52,13.00,€/kg,https://cdn.etop.lv/products/4750050000692-328x328.png
ZEFĪRS ŠOKOLĀDĒ MAIGUMS VANIĻAS 175G,etop.lv,3.89 € - 3.99 €,2.39,13.66,€/kg,https://cdn.etop.lv/products/4750011000587-328x328.png
ZEFĪRS ŠOKOLĀDĒ MAIGUMS ĶIRŠU 175G,etop.lv,3.89 € - 4.09 €,2.39,13.66,€/kg,https://cdn.etop.lv/products/4750011000624-328x328.png
SALDAIS KRĒJUMS TIP TOP 35% 200ML,etop.lv,,1.09,5.45,€/l,https://cdn.etop.lv/products/4751023453262-328x328.png
VATES PLĀKSNĪTES TIP TOP 120GAB,etop.lv,,1.19,,,https://cdn.etop.lv/products/4751023453248-328x328.png
PRJAŅIKI AR ĶIRŠU PILDĪJUMU 500G,etop.lv,2.09 € - 2.15 €,1.45,2.90,€/kg,https://cdn.etop.lv/products/4820043335855-328x328.png
SALD. MAIZĪTES LATVIJAS MAIZNIEKS KANĒĻA 800G,etop.lv,7.99 € - 8.99 €,5.99,7.49,€/kg,https://cdn.etop.lv/products/4740086014756-328x328.png
KAFIJA MALTA TCHIBO EXCLUSIVE 500G,etop.lv,,15.99,31.98,€/kg,https://cdn.etop.lv/products/4006067213106-328x328.png
TUALETES  PAPĪRS ZEWA EVERYDAY 3KĀRTAS 6RUĻĻI,etop.lv,3.69 € - 4.09 €,2.39,,,https://cdn.etop.lv/products/7310361162839-328x328.png
SIERS TIP TOP MAASDAMER ŠĶĒLĒS 150G,etop.lv,,1.99,13.27,€/kg,https://cdn.etop.lv/products/4751023453224-328x328.png
RUDZU MAIZE HANZAS MAIZNĪCAS TUMŠĀS ŠĶĒLES 450G,etop.lv,1.53 € - 1.66 €,0.95,2.11,€/kg,https://cdn.etop.lv/products/4750038411915-328x328.png
RUDZU MAIZE HANZAS MAIZNĪCAS TUMŠĀS SĒKLU ŠĶĒLES 450G,etop.lv,1.66 € - 1.69 €,0.95,2.11,€/kg,https://cdn.etop.lv/products/4750038412011-328x328.png
BIEZPIENA KRĒMS BALTAIS PROTEIN ZEMEŅU 200G STĀVPAKA,etop.lv,,1.69,8.45,€/kg,https://cdn.etop.lv/products/4750072018828-328x328.png
SVECE GLĀZĪTĒ AROM. PROVENCE JASMĪNS 20H 7X8CM,etop.lv,2.99 € - 3.29 €,2.09,,,https://cdn.etop.lv/products/8591177112211-328x328.png
KAFIJAS PUPIŅAS JACOBS SELECTION OF THE YEAR 1KG,etop.lv,29.99 € - 31.19 €,15.99,15.99,€/kg,https://cdn.etop.lv/products/8711000583500-328x328.png
KAFIJA MALTA JACOBS KRONUNG MILD RGR 500G,etop.lv,15.69 € - 15.99 €,8.49,16.98,€/kg,https://cdn.etop.lv/products/8711000708682-328x328.png
HIGIĒNISKĀS PAKETES BELLA FOR TEENS SENSITIVE NIGHT 8GAB,etop.lv,1.89 € - 1.99 €,1.29,,,https://cdn.etop.lv/products/5900516713300-328x328.png
HIGIĒNISKĀS PAKETES ALWAYS ULTRA PLATINUM SECURE NIGHT 10GAB,etop.lv,,5.19,,,https://cdn.etop.lv/products/8001841449906-328x328.png
HIGIĒNISKĀS PAKETES LIBRESSE ULTRA NIGHT DUO 16GAB.,etop.lv,,4.69,,,https://cdn.etop.lv/products/7322540960273-328x328.png
SVECE GLĀZĪTĒ AROM. BOLSIUS MANGO SORBERT 21H 7X8CM,etop.lv,3.29 € - 3.89 €,2.29,,,https://cdn.etop.lv/products/8717847193476-328x328.png
SVECE GLĀZĪTĒ AROM. BOLSIUS BUBBLE GUM 21H 7X8CM,etop.lv,3.29 € - 3.89 €,2.29,,,https://cdn.etop.lv/products/8717847193452-328x328.png
SVECE GLĀZĪTĒ AROM. BOLSIUS CHERRY ICECREAM 21H 7X8CM,etop.lv,3.29 € - 3.89 €,2.29,,,https://cdn.etop.lv/products/8717847193469-328x328.png
TĒJA AUGĻU LOYD AR AVEŅU UN CITRONA GARŠU PYRAMIDS 2GX20,etop.lv,2.55 € - 2.99 €,2.09,,,https://cdn.etop.lv/products/5900396031570-328x328.png
TĒJA MELNĀ JUST A MINUTE 1.4GX100,etop.lv,,2.69,,,https://cdn.etop.lv/products/5900396000910-328x328.png
GALETES RICE UP BRŪNO RĪSU ČIPSI BBQ GARŠU 60G,etop.lv,1.55 € - 1.59 €,1.19,19.83,€/kg,https://cdn.etop.lv/products/3800233070101-328x328.png
EĻĻA KIKKOMAN SEZAMA 100% 125ML,etop.lv,4.29 € - 4.45 €,2.85,22.80,€/l,https://cdn.etop.lv/products/8715035584006-328x328.png
MĒRCE SPILVA ASIA STREET FOOD SALDSKĀBĀ 350G,etop.lv,2.89 € - 3.09 €,2.29,6.54,€/kg,https://cdn.etop.lv/products/4750022002228-328x328.png
MĒRCE SPILVA ASIA STREET FOOD TERIJAKI 335G,etop.lv,3.09 € - 3.59 €,2.29,6.84,€/kg,https://cdn.etop.lv/products/4750022002754-328x328.png
MĒRCE KIKKOMAN RAMEN 250ML,etop.lv,5.99 € - 7.39 €,4.80,19.20,€/l,https://cdn.etop.lv/products/8715035590304-328x328.png
MĒRCE KIKKOMAN SUSHI BEZ GLUTĒNA 345G,etop.lv,4.99 € - 5.59 €,3.61,10.46,€/kg,https://cdn.etop.lv/products/8715035800021-328x328.png
GARŠVIELA SANTA MARIA ENČILADA 28G,etop.lv,1.59 € - 1.69 €,1.09,38.93,€/kg,https://cdn.etop.lv/products/7311310031442-328x328.png
LAIVIŅAS SANTA MARIA TAKO 135G,etop.lv,3.99 € - 4.39 €,2.99,22.15,€/kg,https://cdn.etop.lv/products/7311312008244-328x328.png
GARŠVIELA SANTA MARIA VISTAS GAĻAS PANĒŠANAI 50G,etop.lv,1.99 € - 2.09 €,1.39,27.80,€/kg,https://cdn.etop.lv/products/7311311027338-328x328.png
MĒRCE SANTA MARIA LAIMA UN HALAPENJO 250ML,etop.lv,3.99 € - 4.39 €,2.89,11.56,€/l,https://cdn.etop.lv/products/7311312008381-328x328.png
RULETE RGK CŪKU MĒLES VĀRĪTA ŠĶĒLES 200G,etop.lv,2.99 € - 3.99 €,1.99,9.95,€/kg,https://cdn.etop.lv/products/4750170002934-328x328.png
DESA ĀDAŽI DOKTORA EKSTRA 800G,etop.lv,3.59 € - 5.49 €,2.99,3.74,€/kg,https://cdn.etop.lv/products/4751015687781-328x328.png
SALAMI KGS SVĒTKU PREMIUM 400G,etop.lv,2.79 € - 3.69 €,2.39,5.98,€/kg,https://cdn.etop.lv/products/4751012432599-328x328.png
BIEZENIS RŪDOLFS LAZANJA AR JAUNLOPA GAĻU 8+ 190G,etop.lv,2.21 € - 2.55 €,1.59,8.37,€/kg,https://cdn.etop.lv/products/4751017940990-328x328.png
SKĀBAIS KRĒJUMS TIP TOP 20% 400G,etop.lv,,1.39,3.48,€/kg,https://cdn.etop.lv/products/4751023453231-328x328.png
PUDIŅŠ TERE FIT PROTEĪNA VANIĻAS 150G,etop.lv,1.29 € - 1.49 €,1.09,7.27,€/kg,https://cdn.etop.lv/products/4740036013440-328x328.png
SVECE CILINDRS PASTMARKA LATVIJA 5.8X12CM,etop.lv,2.29 € - 2.79 €,1.88,,,https://cdn.etop.lv/products/4750746033157-328x328.png
SVECE GLĀZĪTĒ AROM. DIANA AR KOKA DEGLI FOREST WALK 22H,etop.lv,6.09 € - 6.69 €,4.89,,,https://cdn.etop.lv/products/4750746035816-328x328.png
SVECE GLĀZĪTĒ AROM. DIANA AR KOKA DEGLI ROZĀ KAŠMIRS 22H,etop.lv,6.09 € - 6.69 €,4.89,,,https://cdn.etop.lv/products/4750746035847-328x328.png
SVECE GLĀZĪTĒ AROM. DIANA AR KOKA DEGLI ZSV KŪKA 22H,etop.lv,6.99 € - 7.69 €,4.89,,,https://cdn.etop.lv/products/4750746035830-328x328.png
SVECES BERAMĀS BALTAS AR 10 DEGĻIEM KOMPLEKTĀ,etop.lv,5.09 € - 5.59 €,3.49,,,https://cdn.etop.lv/products/4750746035854-328x328.png
KONFEKTES LUKAS SHARZAN AR ĪRISA RIEKSTU PILD SVER.,etop.lv,6.15 € - 7.49 €,5.29,,,https://cdn.etop.lv/products/4823054605115-328x328.png
SVECE GLĀZĪTĒ AROM.AURA SAVVAĻAS ZIEDI 22H,etop.lv,2.69 € - 3.99 €,2.29,,,https://cdn.etop.lv/products/5906927049762-328x328.png
SVECE CILINDRS AROM. PROVENCE CERIŅI 8H 4X5CM,etop.lv,0.75 € - 0.79 €,0.55,,,https://cdn.etop.lv/products/8591177067665-328x328.png
SVECE CILINDRS AROM. PROVENCE JASMĪNS 8H 4X5CM,etop.lv,0.75 € - 0.79 €,0.55,,,https://cdn.etop.lv/products/8591177067658-328x328.png
SVECE CILINDRS RUSTIKA VELVET RED 30H 5X10CM,etop.lv,2.49 € - 3.50 €,1.87,,,https://cdn.etop.lv/products/8717847142825-328x328.png
SVECE GALDA VĪTA POLAR METĀLISKA SARKANA 6H 23CM,etop.lv,1.49 € - 1.79 €,1.25,,,https://cdn.etop.lv/products/6410412048417-328x328.png
SVECE GALDA VĪTA POLAR PĒRĻU BALTA 6H 23CM,etop.lv,1.49 € - 1.79 €,1.25,,,https://cdn.etop.lv/products/6410412048431-328x328.png
SVECE GLĀZĪTĒ AROM. AURA FLORAL INSPIRATION 22H,etop.lv,2.89 € - 3.99 €,2.29,,,https://cdn.etop.lv/products/5906927031880-328x328.png
SVECE GLĀZĪTĒ AROM. AURA MEŽS UN SŪNAS 22H,etop.lv,2.64 € - 3.29 €,2.29,,,https://cdn.etop.lv/products/5906927049724-328x328.png
SVECE GLĀZĪTĒ AROM. AURA ŠOKOLĀDE APELSĪNS 22H,etop.lv,2.89 € - 3.99 €,2.29,,,https://cdn.etop.lv/products/5906927043159-328x328.png
SVECE GLĀZĪTĒ AROM. AURA TUMŠĀS OGAS 18H 7X7X6CM,etop.lv,1.99 € - 2.99 €,1.59,,,https://cdn.etop.lv/products/5906927052755-328x328.png
SVECE GLĀZĪTĒ AROM. AURA VANIĻAS CEPUMI 18H 7X7X6CM,etop.lv,1.99 € - 2.99 €,1.59,,,https://cdn.etop.lv/products/5906927057415-328x328.png
SVECE LED CILINDRS POLAR KRĀSU MAINOŠA 7X10CM,etop.lv,5.99 € - 7.99 €,4.47,,,https://cdn.etop.lv/products/6410413349568-328x328.png
TĒJAS SVECES MAXI POLAR CAURSPĪDĪGĀ TRAUC. BALTAS 8H 6GAB,etop.lv,2.45 € - 2.99 €,2.09,,,https://cdn.etop.lv/products/6410412842428-328x328.png
ZEMESRIEKSTI ESTRELLA GRAUZDĒTI AR SĀLI 240G,etop.lv,2.89 € - 3.29 €,1.99,8.29,€/kg,https://cdn.etop.lv/products/4779028347362-328x328.png
BIEZPIENS BALTAIS EXPORTA 9% 250G,etop.lv,1.99 € - 2.09 €,1.49,5.96,€/kg,https://cdn.etop.lv/products/4750072611319-328x328.png
BIEZPIENS BALTAIS EXPORTA VĀJPIENA 0.5% 250G,etop.lv,1.89 € - 2.09 €,1.49,5.96,€/kg,https://cdn.etop.lv/products/4750072611302-328x328.png
KAFIJA ŠĶĪSTOŠĀ JACOB CRONAT INST FD 150G,etop.lv,,8.99,59.93,€/kg,https://cdn.etop.lv/products/8711000687529-328x328.png
KARBONĀDE NĀKOTNE KARSTI KŪP.FAS. SVER.,etop.lv,,9.69,,,https://cdn.etop.lv/products/2312172400000-328x328.png
KARBONĀDE NĀKOTNE KARSTI KŪP. SVER.,etop.lv,,9.69,,,https://cdn.etop.lv/products/2312171800000-328x328.png
BIEZPIENA SIERIŅŠ KĀRUMS MELLEŅU 45G,etop.lv,,0.52,11.56,€/kg,https://cdn.etop.lv/products/4750025001358-328x328.png
RĪVMAIZE KIKKOMAN PANKO KRAUKŠĶĪGA 227G,etop.lv,4.36 € - 4.49 €,2.85,12.56,€/kg,https://cdn.etop.lv/products/8715035809703-328x328.png
MĒRCE OAK'A BBQ TEXAS 270G,etop.lv,3.99 € - 4.59 €,3.19,11.81,€/kg,https://cdn.etop.lv/products/4751032370345-328x328.png
MĒRCE OAK'A BBQ AR MEDU 310G,etop.lv,4.39 € - 4.59 €,3.45,11.13,€/kg,https://cdn.etop.lv/products/4751032371113-328x328.png
D ALUS BEZALK.LIELVĀRDES GAIŠAIS 0.5L STIKLS,etop.lv,,1.45,2.90,€/l,https://cdn.etop.lv/products/4750132008356-328x328.png
KARAMELES ZOZOLE AR APELSĪNU CITRONU GARŠU 75G,etop.lv,0.89 € - 1.29 €,0.69,9.20,€/kg,https://cdn.etop.lv/products/5900353554432-328x328.png
BARĪBA SUŅIEM KONS.FRISKIES GAĻAS IZLASE 85GX4,etop.lv,2.29 € - 2.99 €,1.59,,,https://cdn.etop.lv/products/8445290791368-328x328.png
BARĪBA SUŅIEM KONS.FRISKIES JUNIOR AR VISTAS GAĻU 85GX4,etop.lv,2.29 € - 2.99 €,1.59,,,https://cdn.etop.lv/products/8445290751980-328x328.png
GIROSS NĀKOTNE VISTAS CEPTS  220G,etop.lv,2.99 € - 3.79 €,2.69,12.23,€/kg,https://cdn.etop.lv/products/4751003579739-328x328.png
RAUDZĒTS PIENA PRODUKTS LAKTO AVEŅU 200G,etop.lv,,1.25,6.25,€/kg,https://cdn.etop.lv/products/4750025001211-328x328.png
RAUDZĒTS PIENA PRODUKTS LAKTO MEŽA ZEMEŅU  200G,etop.lv,,1.25,6.25,€/kg,https://cdn.etop.lv/products/4750025001204-328x328.png
CEPUMI LOTUS BISCOFF KARAMELIZĒTI 250G,etop.lv,,3.69,14.76,€/kg,https://cdn.etop.lv/products/5410126716016-328x328.png
ŠOKOLĀDES BATONIŅŠ TUPLA SALTY CORN AR SĀĻO KUKURŪZU 48G,etop.lv,1.49 € - 1.69 €,0.89,18.54,€/kg,https://cdn.etop.lv/products/6420256016985-328x328.png
DRAŽEJAS M&MS ZEMESRIEKSTU 200G,etop.lv,3.99 € - 4.75 €,2.99,14.95,€/kg,https://cdn.etop.lv/products/5900951317910-328x328.png
TĒJA ZĀĻU OPĀ KUMELĪŠU 1.2GX20,etop.lv,,0.43,,,https://cdn.etop.lv/products/4751023452951-328x328.png
TĒJA ZĀĻU OPĀ PIPARMĒTRU 1.5GX20,etop.lv,,0.43,,,https://cdn.etop.lv/products/4751023452944-328x328.png
KRĒMSIERS TIP TOP KLASISKAIS 150G,etop.lv,,1.39,9.27,€/kg,https://cdn.etop.lv/products/4751023453033-328x328.png
KAUSĒTAIS SIERS TIP TOP HOLANDES 150G,etop.lv,,1.19,7.93,€/kg,https://cdn.etop.lv/products/4751023453026-328x328.png
ŠOKOLĀDES DZĒRIENS NESQUIK 300G,etop.lv,,4.39,14.63,€/kg,https://cdn.etop.lv/products/8445291227613-328x328.png
IEVĀRĪJUMS PŪRE AVEŅU 420G,etop.lv,4.99 € - 6.09 €,3.99,9.50,€/kg,https://cdn.etop.lv/products/4750145022349-328x328.png
MAKRELE KAIJA AUKSTI KŪPINĀTA B/G SAGRIEZTA VAK.250G,etop.lv,,4.99,19.96,€/kg,https://cdn.etop.lv/products/4751007732338-328x328.png
PAVADA SUŅIEM CHAMP IZVELKAMA  LĪDZ 35KG,etop.lv,8.99 € - 9.79 €,5.39,0.15,€/kg,https://cdn.etop.lv/products/8719987083693-328x328.png
GARDUMS SUŅIEM PEDIGREE DENTASTIX SMALL 7GAB 110G,etop.lv,2.25 € - 2.29 €,1.59,14.45,€/kg,https://cdn.etop.lv/products/5010394984577-328x328.png
BĻODA SUŅIEM 350ML D 14XH5CM,etop.lv,2.49 € - 2.79 €,1.49,4.26,€/l,https://cdn.etop.lv/products/8718158043481-328x328.png
SKRĀPĒJAMAIS DĒLIS KAĶIEM IZM.45.7X11.7X3.1CM 152G,etop.lv,2.49 € - 2.79 €,1.62,10.66,€/kg,https://cdn.etop.lv/products/8720573745536-328x328.png
SMILTIS KAĶIEM PUFFY TAIL SILIKAGELA 10L,etop.lv,,11.39,1.14,€/l,https://cdn.etop.lv/products/4771459696903-328x328.png
BARĪBA KAĶIEM KONS.FRISKIES GAĻAS IZLASE.85GX12,etop.lv,6.99 € - 7.15 €,4.59,,,https://cdn.etop.lv/products/7613036976053-328x328.png
ŠVAMME TRAUKU MAZGĀŠANAI VILEDA GLITZI PLUS 3GAB,etop.lv,2.69 € - 2.79 €,1.59,,,https://cdn.etop.lv/products/4023103252066-328x328.png
LUPATIŅA VILEDA ULTRA FRESH UNIVERSĀLĀ 2GAB,etop.lv,4.29 € - 4.89 €,2.79,,,https://cdn.etop.lv/products/4023103239593-328x328.png
LUPATIŅA VILEDA ULTRA FRESH MIKROŠĶIEDRAS 3GAB,etop.lv,6.89 € - 7.89 €,4.19,,,https://cdn.etop.lv/products/4023103229273-328x328.png
TUALETES BLOKS BREF POWER AKTIV LAVENDER 2X50G,etop.lv,4.59 € - 5.19 €,3.39,67.80,€/kg,https://cdn.etop.lv/products/9000100956123-328x328.png
DESA RGK LATGALES DOKTORA VĀRĪTA 450G,etop.lv,2.99 € - 3.29 €,2.39,5.31,€/kg,https://cdn.etop.lv/products/4750170002644-328x328.png
CEPUMI ROSHEN LOVITA AR TUMŠĀS ŠOKOLĀDES GABALIŅIEM 150G,etop.lv,1.39 € - 1.59 €,0.99,6.60,€/kg,https://cdn.etop.lv/products/4823077633317-328x328.png
CEPUMI ROSHEN LOVITA AR ŠOKOLĀDES GABALIŅIEM 150G,etop.lv,1.39 € - 1.59 €,0.99,6.60,€/kg,https://cdn.etop.lv/products/4823077633324-328x328.png
CĪSIŅI FOREVERS 450G,etop.lv,2.35 € - 2.39 €,1.59,3.53,€/kg,https://cdn.etop.lv/products/4751003401283-328x328.png
PORCIJU MAIZE FAZER SENDVIČU POLĀRMAIZE 450G,etop.lv,3.05 € - 3.29 €,1.79,3.98,€/kg,https://cdn.etop.lv/products/4750212903694-328x328.png
KAFIJA ŠĶĪSTOŠĀ TIP TOP GOLD 200G,etop.lv,,6.89,34.45,€/kg,https://cdn.etop.lv/products/4751023452821-328x328.png
KAFIJA ŠĶĪSTOŠĀ TIP TOP CLASSIC 200G,etop.lv,,6.29,31.45,€/kg,https://cdn.etop.lv/products/4751023452838-328x328.png
KAFIJAS PUPIŅAS JACOBS ORIGINS BRAZIL COLUMBIA 1KG,etop.lv,29.99 € - 30.99 €,15.99,15.99,€/kg,https://cdn.etop.lv/products/8711000576885-328x328.png
SALD. PANKŪKAS VIČI AR GAĻU 280G,etop.lv,2.59 € - 2.99 €,1.79,6.39,€/kg,https://cdn.etop.lv/products/4740056202695-328x328.png
KAFIJA MALTA LAVAZZA ORO 250GX2,etop.lv,18.99 € - 20.99 €,11.49,,,https://cdn.etop.lv/products/8000070020627-328x328.png
SVECE GLĀZĪTĒ AROM. AURA VASARAS AUGĻI 18H 7X7X6CM,etop.lv,1.89 € - 2.99 €,1.59,,,https://cdn.etop.lv/products/5906927057309-328x328.png
KAFIJAS DZĒRIENS LOFBERGS ICE LATTE MACCHIATO ORG.230ML,etop.lv,,1.79,7.78,€/l,https://cdn.etop.lv/products/7310050005171-328x328.png
KARAMELES SOUR MADNESS SKĀBAS AR DAŽĀDĀM AUGĻU GARŠĀM 60G,etop.lv,1.49 € - 1.69 €,1.09,18.17,€/kg,https://cdn.etop.lv/products/5907205007597-328x328.png
DZĒRIENS ALPRO PLANT PROTEIN ŠOKOLĀDES 1L,etop.lv,,3.59,3.59,€/l,https://cdn.etop.lv/products/5411188130055-328x328.png
UZTURA BAGĀTINĀTĀJS LIVOL MULTI VĪRIEŠIEM N60,etop.lv,15.99 € - 17.19 €,11.19,,,https://cdn.etop.lv/products/5702071380009-328x328.png
UZTURA BAGĀTINĀTĀJS LIVOL EXTRA VITAMIN C 400MG N50,etop.lv,8.29 € - 9.09 €,5.79,,,https://cdn.etop.lv/products/5702071501381-328x328.png
UZTURA BAGĀTINĀTĀJS MÖLLERS ZIVJU EĻĻA ORĢINĀLĀ GARŠA 250ML,etop.lv,13.59 € - 16.99 €,9.49,37.96,€/l,https://cdn.etop.lv/products/7028156601219-328x328.png
ŪDENS TIP TOP DZERAMAIS NEGĀZ.5L PET,etop.lv,,0.99,0.20,€/l,https://cdn.etop.lv/products/4751023452968-328x328.png
D ŪDENS TIP TOP DZERAMAIS GĀZ.1.5L PET,etop.lv,,0.44,0.29,€/l,https://cdn.etop.lv/products/4751023452982-328x328.png
D ŪDENS TIP TOP DZERAMAIS NEGĀZ.1.5L PET,etop.lv,,0.44,0.29,€/l,https://cdn.etop.lv/products/4751023452975-328x328.png
D ŪDENS TIP TOP DZERAMAIS SPORT NEGĀZ.500ML PET,etop.lv,,0.35,0.70,€/l,https://cdn.etop.lv/products/4751023453002-328x328.png
D ŪDENS TIP TOP DZERAMAIS GĀZ.500ML PET,etop.lv,,0.29,0.58,€/l,https://cdn.etop.lv/products/4751023452999-328x328.png
UZTURA BAGĀTINĀTĀJS KOLAGĒNS ICONFIT ZEMEŅU-PIPARMĒTRAS 300G,etop.lv,14.99 € - 15.99 €,10.49,34.97,€/kg,https://cdn.etop.lv/products/4744130013511-328x328.png
UZTURA BAGĀTINĀTĀJS ŠĶIEDRVIELAS MARLIE AR AVENĒM 250G,etop.lv,6.50 € - 8.69 €,6.08,24.32,€/kg,https://cdn.etop.lv/products/4751015200577-328x328.png
D SIDRS BEZALK. SOMERSBY MANDARIN 0.5L CAN,etop.lv,,1.49,2.98,€/l,https://cdn.etop.lv/products/4750049004069-328x328.png
KAFIJA MALTA JACOBS KRONUNG 250G,etop.lv,5.79 € - 6.39 €,4.69,18.76,€/kg,https://cdn.etop.lv/products/8711000576533-328x328.png
VEĻAS MAZG.KAPSULAS REX LOTUS UNIVERSAL 13GAB,etop.lv,,6.99,,,https://cdn.etop.lv/products/9000101803693-328x328.png
VEĻAS MAZG.KAPSULAS REX ORCHID COLOR 13GAB,etop.lv,,6.99,,,https://cdn.etop.lv/products/9000101804539-328x328.png
VEĻAS PULVERIS PERSIL COLOR 1.1KG 20MR,etop.lv,9.59 € - 10.19 €,6.99,6.35,€/kg,https://cdn.etop.lv/products/9000101804744-328x328.png
RĪSI TASTE ME PARABOILED 125GX4,etop.lv,,1.59,,,https://cdn.etop.lv/products/1896555558023-328x328.png
RĪSI TASTE ME BASMATI 125GX4,etop.lv,,2.99,,,https://cdn.etop.lv/products/1896555558030-328x328.png
DESA NOO PARMEZĀNA PILNDŪMU 250G,etop.lv,3.99 € - 4.99 €,2.99,11.96,€/kg,https://cdn.etop.lv/products/4740574083486-328x328.png
CĪSIŅI FOREVERS MINI 700G,etop.lv,3.99 € - 4.99 €,3.49,4.99,€/kg,https://cdn.etop.lv/products/4751003401313-328x328.png
D DZĒRIENS COCA COLA ZERO GĀZ.2L PET,etop.lv,,3.19,1.60,€/l,https://cdn.etop.lv/products/5000112678239-328x328.png
D DZĒRIENS SPRITE  GĀZ.2L PET,etop.lv,,3.19,1.60,€/l,https://cdn.etop.lv/products/5000112679144-328x328.png
SALD. FRIKADELES RĪGAS MIESNIEKS 400G,etop.lv,3.89 € - 4.49 €,2.99,7.48,€/kg,https://cdn.etop.lv/products/4740003017129-328x328.png
ŠOKOLĀDES KONFEKTES LAIMA SERENĀDE SVER.,etop.lv,,14.99,,,https://cdn.etop.lv/products/4750001953268-328x328.png
BEKONS RAKVERE AMERIKĀŅU GAUMĒ AUKSTI KŪPINĀTS ŠĶĒLĒS 1KG,etop.lv,15.59 € - 16.79 €,10.99,10.99,€/kg,https://cdn.etop.lv/products/4740003009285-328x328.png
ŠOKOLĀDES KONFEKTES LAIMA DIĀNA SVER.,etop.lv,,14.99,,,https://cdn.etop.lv/products/4750001951219-328x328.png
ŽELEJKONFEKTES ROSHEN CRAZY BEE SVER.,etop.lv,5.99 € - 6.99 €,3.99,,,https://cdn.etop.lv/products/4823077604492-328x328.png
CĀLIS ĶEKAVA KARSTI KŪPINĀTS SVER.,etop.lv,7.99 € - 8.79 €,5.99,,,https://cdn.etop.lv/products/2311802500000-328x328.png
ŠOKOLĀDES KONFEKTES MIGLE SVER.,etop.lv,9.99 € - 11.25 €,7.99,,,https://cdn.etop.lv/products/7622202396908-328x328.png
DESA FOREVERS GALDA PUSKŪPINĀTA SVER.,etop.lv,5.69 € - 5.92 €,4.23,,,https://cdn.etop.lv/products/2311724400000-328x328.png
GAĻA NĀKOTNE AZAIDA FAS. SVER.,etop.lv,9.59 € - 9.69 €,6.99,,,https://cdn.etop.lv/products/2312120800000-328x328.png
GAĻA NĀKOTNE AZAIDA SVER.,etop.lv,9.59 € - 9.69 €,6.99,,,https://cdn.etop.lv/products/2312112600000-328x328.png
ČIPSI OHO AR DILLĒM 60G,etop.lv,0.79 € - 0.85 €,0.49,8.17,€/kg,https://cdn.etop.lv/products/4770149208525-328x328.png
GRANOLA AXA AR MEŽA OGĀM 330G,etop.lv,3.29 € - 3.89 €,1.99,6.03,€/kg,https://cdn.etop.lv/products/4820237692566-328x328.png
KARAMELES TIP TOP AR BĀRBEĻU GARŠU SVER.,etop.lv,,3.99,,,https://cdn.etop.lv/products/4751023452708-328x328.png
DRAŽEJAS M&MS MINIS 176G,etop.lv,3.99 € - 4.75 €,2.99,16.99,€/kg,https://cdn.etop.lv/products/5900951314407-328x328.png
D DZĒRIENS SELITA BUMBIERU GĀZ.1.5L PET,etop.lv,1.49 € - 1.51 €,1.09,0.73,€/l,https://cdn.etop.lv/products/4770063234624-328x328.png
D MINERĀLŪDENS ZAĶUMUIŽA NEGĀZĒTS 1.5L PET,etop.lv,0.78 € - 0.83 €,0.59,0.39,€/l,https://cdn.etop.lv/products/4751000750155-328x328.png
D MINERĀLŪDENS ZAĶUMUIŽA GĀZĒTS 1.5L PET,etop.lv,0.78 € - 0.83 €,0.59,0.39,€/l,https://cdn.etop.lv/products/4751000750148-328x328.png
MALTĀS GAĻAS MASA FOREVERS CŪKGAĻAS UN LIELLOPA SVER.,etop.lv,5.99 € - 6.99 €,3.98,,,https://cdn.etop.lv/products/2311715900000-328x328.png
CĀLIS ĶEKAVA KARSTI KŪPINĀTS FASĒTS SVERAMS APT.800G,etop.lv,7.99 € - 8.79 €,5.99,7.49,€/kg,https://cdn.etop.lv/products/2311802600000-328x328.png
D NEKTĀRS DON SIMON ANANASU 1.5L PET,etop.lv,3.69 € - 4.29 €,2.99,1.99,€/l,https://cdn.etop.lv/products/8410261652016-328x328.png
RAUDZĒTS PIENA PROD LAKTO MELLENE BANĀNS LINSĒK BEZLAKT 270G,etop.lv,,1.59,5.89,€/kg,https://cdn.etop.lv/products/4750025903065-328x328.png
RAUDZĒTS PIENA PRODUKTS LAKTO ZEMENE MANGO BEZLAKTOZES 270G,etop.lv,,1.59,5.89,€/kg,https://cdn.etop.lv/products/4750025903058-328x328.png
D MINERĀLŪDENS VYTAUTAS GĀZ. 1.5L PET,etop.lv,0.85 € - 0.89 €,0.65,0.43,€/l,https://cdn.etop.lv/products/4770405227079-328x328.png
ZOBU BIRSTE COLGATE BIG KIDS' SMILES 6-9GADI,etop.lv,2.79 € - 2.89 €,1.85,,,https://cdn.etop.lv/products/8718951613966-328x328.png
ZOBU BIRSTE COLGATE LITTLE KIDS' SMILES 3-5GADI,etop.lv,3.09 € - 3.69 €,1.85,,,https://cdn.etop.lv/products/8718951614024-328x328.png
ZOBU BIRSTE COLGATE 360 BLACK MEDIUM,etop.lv,4.89 € - 5.69 €,3.49,,,https://cdn.etop.lv/products/8718951033856-328x328.png
ZOBU BIRSTE KOMPL.COLGATE MAX WHITE CHARCOAL 2GAB,etop.lv,5.09 € - 5.79 €,3.29,,,https://cdn.etop.lv/products/8718951382602-328x328.png
D DZĒRIENS CULT ORIGINAL COFFEINE FREE GĀZ.500ML CAN,etop.lv,1.55 € - 1.57 €,0.99,1.98,€/l,https://cdn.etop.lv/products/4770477233343-328x328.png
D DZĒRIENS PEPSI MAX GĀZ.1L PET,etop.lv,,1.79,1.79,€/l,https://cdn.etop.lv/products/4770477231875-328x328.png
ČIPSI ESTRELLA KARTUPEĻU AR GAILEŅU GARŠU 170G,etop.lv,2.79 € - 3.17 €,1.79,10.53,€/kg,https://cdn.etop.lv/products/4779028347287-328x328.png
MATU KRĀSA PALETTE  10-19 VĒSI SUDRABA BLONDS,etop.lv,5.69 € - 6.39 €,2.99,,,https://cdn.etop.lv/products/9000101606942-328x328.png
MATU KRĀSA PALETTE  3-65 TUMŠĀ ŠOKOLĀDE,etop.lv,5.69 € - 6.39 €,2.99,,,https://cdn.etop.lv/products/9000100883085-328x328.png
MILTI TIP TOP KVIEŠU 2KG,etop.lv,,1.89,0.94,€/kg,https://cdn.etop.lv/products/4751023452876-328x328.png
MILTI OPĀ  KVIEŠU 2KG,etop.lv,,1.25,0.62,€/kg,https://cdn.etop.lv/products/4751023452883-328x328.png
SIERS SMILTENE KLASISKAIS 50% SVERAMS,etop.lv,9.99 € - 12.99 €,5.99,,,https://cdn.etop.lv/products/23115008-328x328.png
BIEZPIENA SIERIŅŠ KĀRUMS BANĀNU 45G,etop.lv,,0.52,11.56,€/kg,https://cdn.etop.lv/products/4750025000900-328x328.png
KŪKAS VĒJA BALTAIS 135G,etop.lv,2.19 € - 2.25 €,1.85,13.70,€/kg,https://cdn.etop.lv/products/4750072595527-328x328.png
ŠKIDRĀS ZIEPES MAYERI GREIPFRŪTS PUTU 300ML,etop.lv,,2.89,9.63,€/l,https://cdn.etop.lv/products/4740060012037-328x328.png
RUDZU MAIZE ĶELMĒNI RANKAS RUPJĀ 230 G,etop.lv,,1.09,4.74,€/kg,https://cdn.etop.lv/products/4751001080169-328x328.png
SIERS KAUSĒTS KŪPINĀTS BLACK FOREST 45% SVERAMS,etop.lv,9.99 € - 10.99 €,7.99,,,https://cdn.etop.lv/products/2302629900000-328x328.png
ZOBU PASTA BLANX CLASSIC BALINOŠĀ ADVANCE WHITENING 75ML,etop.lv,,6.49,86.53,€/l,https://cdn.etop.lv/products/8017331051474-328x328.png
LĪDZEKLIS ACU UN MAKE UP KOSMĒTIKAS NOŅEMŠANAI NIVEA 125ML,etop.lv,7.59 € - 7.85 €,4.59,36.72,€/l,https://cdn.etop.lv/products/5900017040998-328x328.png
DUŠAS ŽELEJA NIVEA STAR FRUIT 500ML,etop.lv,4.49 € - 4.99 €,3.69,7.38,€/l,https://cdn.etop.lv/products/9005800397450-328x328.png
DUŠAS ŽELEJA NIVEA MEN ACTIVE CLEAN VĪR.500ML,etop.lv,6.79 € - 6.95 €,3.69,7.38,€/l,https://cdn.etop.lv/products/9005800243306-328x328.png
LOSJONS PĒC SKŪŠANĀS NIVEA MEN FRESH KICK 100ML,etop.lv,13.39 € - 14.59 €,7.99,79.90,€/l,https://cdn.etop.lv/products/9005800343143-328x328.png
KRĒMS ROKĀM NIVEA REFRESHING CARE ALOE VERA 75ML,etop.lv,3.55 € - 3.99 €,2.69,35.87,€/l,https://cdn.etop.lv/products/9005800291871-328x328.png
LŪPU BALZAMS NIVEA ORIGINAL CARE KOPJOŠS 4.8G,etop.lv,3.25 € - 3.99 €,2.15,447.92,€/kg,https://cdn.etop.lv/products/9005800362915-328x328.png
ZEFĪRS FINI MARSHMALLOW FINITRONC ASORTI 90G,etop.lv,1.39 € - 1.49 €,0.99,11.00,€/kg,https://cdn.etop.lv/products/8410525254420-328x328.png
PASTĒTE TIP TOP AKNU 180G,etop.lv,,1.29,7.17,€/kg,https://cdn.etop.lv/products/4751023452715-328x328.png
ZOBU PASTA COLGATE MAX FRESH COOLING CRYSTALS 75ML,etop.lv,,3.29,43.87,€/l,https://cdn.etop.lv/products/8718951313255-328x328.png
ZOBU PASTA COLGATE MAX WHITE BASE 75ML,etop.lv,3.05 € - 3.79 €,1.99,26.53,€/l,https://cdn.etop.lv/products/8718951313835-328x328.png
DZĒRIENS ALPRO KOKOSRIEKSTU BARISTA 1L UHT,etop.lv,3.59 € - 3.79 €,2.69,2.69,€/l,https://cdn.etop.lv/products/5411188119753-328x328.png
TRAUKU MAZG.MAŠĪNAI TĪRĪŠANAS LĪDZEKLIS SOMAT 3GAB,etop.lv,6.79 € - 8.89 €,5.29,,,https://cdn.etop.lv/products/9000100999786-328x328.png
BIETES TIP TOP VĀRĪTAS APAĻĀS 500G,etop.lv,,0.95,1.90,€/kg,https://cdn.etop.lv/products/4751023452852-328x328.png
BIETES TIP TOP VĀRĪTAS GRIEZTAS 500G,etop.lv,,0.99,1.98,€/kg,https://cdn.etop.lv/products/4751023452869-328x328.png
KAFIJAS PUPIŅAS DALLMAYR HOME BARISTA 500G,etop.lv,15.99 € - 17.19 €,8.99,17.98,€/kg,https://cdn.etop.lv/products/4008167014102-328x328.png
KAFIJA MALTA LÖFBERGS INFERNO EXTRA DARK RA 450G,etop.lv,,15.29,33.98,€/kg,https://cdn.etop.lv/products/7310050010847-328x328.png
KĀPOSTI DIMDIŅI SPICIE SKĀBĒTI AR BURKĀNIEM MARINĀDĒ 850G,etop.lv,,1.89,2.22,€/kg,https://cdn.etop.lv/products/4751001620662-328x328.png
BARĪBA SUŅIEM KONS.PIPER AR VISTU.SIRDI.SPINĀTIEM 800G,etop.lv,3.69 € - 3.72 €,2.79,3.49,€/kg,https://cdn.etop.lv/products/5902921306641-328x328.png
MAJONĒZE LIDO BURGERU 420G,etop.lv,2.99 € - 3.49 €,2.55,6.07,€/kg,https://cdn.etop.lv/products/4750077005205-328x328.png
SIERS MAASDAMER SMILTENE ŠĶĒLĒS 150G,etop.lv,,2.19,14.60,€/kg,https://cdn.etop.lv/products/4750109001885-328x328.png
MAKARONI MĀJAS AR BARAVIKĀM 400G,etop.lv,3.59 € - 4.29 €,2.99,7.48,€/kg,https://cdn.etop.lv/products/4751010230111-328x328.png
MAKARONI MĀJAS KLASISKIE 400G,etop.lv,3.59 € - 4.29 €,2.99,7.48,€/kg,https://cdn.etop.lv/products/4751010230029-328x328.png
CEPUMI TIP TOP IEMĪĻOTIE 180G,etop.lv,,0.62,3.44,€/kg,https://cdn.etop.lv/products/4751023452791-328x328.png
CEPUMI TIP TOP IEMĪĻOTIE AR IEBIEZINĀTĀ PIENA GARŠU 180G,etop.lv,,0.62,3.44,€/kg,https://cdn.etop.lv/products/4751023452807-328x328.png
KOTLETĪTES RĪGAS MIESNIEKS VISTAS GAĻAS XL 700G,etop.lv,,3.99,5.70,€/kg,https://cdn.etop.lv/products/4750174002107-328x328.png
NŪDELES MAGGI AR LIELLOPU GAĻAS GARŠU 59.2G,etop.lv,,0.89,15.03,€/kg,https://cdn.etop.lv/products/7613037096149-328x328.png
NŪDELES MAGGI AR ASU VISTAS GAĻAS GARŠU 59.2G,etop.lv,,0.89,15.03,€/kg,https://cdn.etop.lv/products/7613037096163-328x328.png
NŪDELES MAGGI MAGIC ASIA AR TERIYAKI GARŠU 75G,etop.lv,2.09 € - 2.39 €,1.49,19.87,€/kg,https://cdn.etop.lv/products/7613037683660-328x328.png
NŪDELES MAGGI MAGIC ASIA AR SALDSKĀBO MĒRCI 75G,etop.lv,2.09 € - 2.39 €,1.49,19.87,€/kg,https://cdn.etop.lv/products/7613037683608-328x328.png
TOSTERMAIZE HANZAS MAIZNĪCA TOSTĒ MAZĀ SĒKLU 250G,etop.lv,1.34 € - 1.49 €,0.89,3.56,€/kg,https://cdn.etop.lv/products/4750038146312-328x328.png
SAUSMAIZĪTES MARETTI CEPTAS AR PICAS GARŠU 140G,etop.lv,2.15 € - 2.45 €,1.59,11.36,€/kg,https://cdn.etop.lv/products/3800205877554-328x328.png
SALDSKĀBMAIZE LATVIJAS MAIZNIEKS ZELTENE GAIŠĀ RUDZU 390G,etop.lv,1.10 € - 1.30 €,0.77,1.97,€/kg,https://cdn.etop.lv/products/4750192732420-328x328.png
GRAUDU MAIZE LĀČI TUMŠĀ SĒKLU 250G,etop.lv,,1.29,5.16,€/kg,https://cdn.etop.lv/products/4752236001912-328x328.png
TĒJA BIO YOGI TEA ORGANISMA ATTĪRĪŠANAI 1.8GX17,etop.lv,4.49 € - 4.69 €,3.29,,,https://cdn.etop.lv/products/4012824402492-328x328.png
TĒJA BIO YOGI TEA NAKTSMIERAM 1.8GX17,etop.lv,4.29 € - 4.69 €,3.29,,,https://cdn.etop.lv/products/4012824402485-328x328.png
TĒJA BIO YOGI TEA NOMIERIENOŠĀ 1.8GX17,etop.lv,4.19 € - 4.69 €,3.29,,,https://cdn.etop.lv/products/4012824401167-328x328.png
KŪKA STABURADZE NAPOLEONS 600G,etop.lv,5.99 € - 6.19 €,4.99,8.32,€/kg,https://cdn.etop.lv/products/4751008074444-328x328.png
IKDIENAS IELIKTNĪŠI CAREFREE COTTON FEEL FLEXIFORM 56GAB,etop.lv,,5.69,,,https://cdn.etop.lv/products/3574661482194-328x328.png
KAFIJAS KAPSULAS LAVAZZA A MODO MIO ORO 120G,etop.lv,,8.99,74.92,€/kg,https://cdn.etop.lv/products/8000070063310-328x328.png
KAFIJAS KAPSULAS LAVAZZA A MODO MIO DELIZIOSO 120G,etop.lv,,8.99,74.92,€/kg,https://cdn.etop.lv/products/8000070086012-328x328.png
KAFIJAS KAPSULAS LAVAZZA A MODO MIO PASSIONALE 120G,etop.lv,,8.99,74.92,€/kg,https://cdn.etop.lv/products/8000070086005-328x328.png
KARAMELES SOUR MADNESS CRUSH 60G,etop.lv,1.55 € - 1.69 €,1.09,18.17,€/kg,https://cdn.etop.lv/products/5907205011402-328x328.png
CEPUMI LĀČI MANDEĻU MEDUS TRIJSTŪRĪŠI 150G,etop.lv,3.69 € - 3.99 €,2.79,18.60,€/kg,https://cdn.etop.lv/products/4751004794780-328x328.png
CEPUMI LĀČI MANDEĻU ŠOKOLĀDES TRIJSTŪRĪŠU 150G,etop.lv,3.69 € - 3.99 €,2.79,18.60,€/kg,https://cdn.etop.lv/products/4751004794773-328x328.png
SURIMI NŪJIŅAS VIČI DZES. AR SRIRAČA MĒRCI 200G,etop.lv,2.99 € - 3.29 €,1.99,9.95,€/kg,https://cdn.etop.lv/products/4770190161237-328x328.png
RUDZU MAIZE LATVIJAS MAIZNIEKS ZELTENE PILNGRAUDU 390G,etop.lv,1.10 € - 1.19 €,0.77,1.97,€/kg,https://cdn.etop.lv/products/4750192730969-328x328.png
TARTE TORTĪNE LATVIJAS MAIZNIEKS RABARBERU 650G,etop.lv,,9.99,15.37,€/kg,https://cdn.etop.lv/products/4750192245067-328x328.png
MAIZES ČIPSI BON CHANCE RUDZU AR TRĪSKĀRŠU SIERU GARŠU 120G,etop.lv,2.55 € - 2.85 €,1.99,16.58,€/kg,https://cdn.etop.lv/products/4770350023887-328x328.png
IKDIENAS IELIKTNĪŠI LIBRESSE NATURAL NORMAL 40GAB,etop.lv,2.79 € - 3.09 €,1.95,,,https://cdn.etop.lv/products/7322540306392-328x328.png
UZTURA BAGĀTINĀTĀJS MAGNIJS ICONIFIT B6 N90 375MG,etop.lv,9.99 € - 10.79 €,6.99,,,https://cdn.etop.lv/products/4744130016420-328x328.png
UZTURA BAGĀT.HIDROLIZĒTS KOLAGĒNS ICONFIT NEAROMATIZĒTS 300G,etop.lv,10.99 € - 11.99 €,7.69,25.63,€/kg,https://cdn.etop.lv/products/4744130013092-328x328.png
UZTURA BAGĀTINĀTĀJS KOLAGENS LOCĪTAVĀM ICONFIT ĶIRŠU 300G,etop.lv,15.99 € - 17.19 €,11.19,37.30,€/kg,https://cdn.etop.lv/products/4744130013894-328x328.png
UZTURA BAGĀT.KREATĪNA ICONFIT MONOHIDRĀTS NEAROMATIZĒTS 300G,etop.lv,14.99 € - 15.99 €,10.49,34.97,€/kg,https://cdn.etop.lv/products/4744130013719-328x328.png
ZAĻĀS OLĪVES GOURMANTE AR KAULIŅU 360G,etop.lv,3.99 € - 4.39 €,3.22,8.94,€/kg,https://cdn.etop.lv/products/5200110730070-328x328.png
OLĪVES GOURMANTE ZAĻĀS AR MANDELI 360G,etop.lv,4.89 € - 5.09 €,3.99,11.08,€/kg,https://cdn.etop.lv/products/5200110730094-328x328.png
ZEMESRIEKSTI JEGA KRAUKŠ. APV. AR KAUSĒTĀ SIERA GARŠU 200G,etop.lv,,2.09,10.45,€/kg,https://cdn.etop.lv/products/4771173210751-328x328.png
MAISĪJUMS SEEBERGER CARIBIC ROYAL 200G,etop.lv,4.69 € - 5.29 €,3.99,19.95,€/kg,https://cdn.etop.lv/products/4008258423011-328x328.png
SIERS TIP TOP TILZĪTES  ŠĶĒLĒS 500G,etop.lv,,3.99,7.98,€/kg,https://cdn.etop.lv/products/4751023452630-328x328.png
SIERS TIP TOP HOLANDES ŠĶĒLĒS 500G,etop.lv,,3.99,7.98,€/kg,https://cdn.etop.lv/products/4751023452647-328x328.png
D ŪDENS DZERAMAIS STELPES VIEGLI GĀZ.1L PET,etop.lv,0.59 € - 0.99 €,0.45,0.45,€/l,https://cdn.etop.lv/products/4751033060405-328x328.png
D ŪDENS STELPES DZERAMAIS NEGĀZ. 1L PET,etop.lv,0.59 € - 0.99 €,0.45,0.45,€/l,https://cdn.etop.lv/products/4751033060399-328x328.png
MĀRRUTKI TIP TOP 170G,etop.lv,,0.89,5.24,€/kg,https://cdn.etop.lv/products/4751023452739-328x328.png
SVECE CILINDRS AROM. PROVENCE ZEMENE 8H 4X5CM,etop.lv,0.79 € - 0.89 €,0.55,,,https://cdn.etop.lv/products/8591177067641-328x328.png
SVECE CILINDRS RILLĒTA BALTA AR ZELTA JOSLU 36H 6X12CM,etop.lv,2.59 € - 2.89 €,1.81,,,https://cdn.etop.lv/products/4750746026890-328x328.png
SVECE ĀRA EĻĻAS POLAR BALTA 55H 10CM,etop.lv,1.29 € - 1.35 €,0.89,,,https://cdn.etop.lv/products/6410411104152-328x328.png
SVECE ĀRA PLASTMASAS POLAR BALTA AR BALODI 90H 24CM,etop.lv,3.29 € - 3.99 €,2.79,,,https://cdn.etop.lv/products/6410416013619-328x328.png
TĒJAS SVECES AROM. AURA RASPERRY CLOUD 4H 6GAB,etop.lv,1.15 € - 1.69 €,0.83,,,https://cdn.etop.lv/products/5906927037349-328x328.png
TĒJAS SVECES AROM. AURA SWEET HOME 4H 6GAB,etop.lv,1.15 € - 1.69 €,0.83,,,https://cdn.etop.lv/products/5906927038469-328x328.png
SALDĒJUMS TIP TOP PLOMBĪRA UZ KOCIŅA 60G,etop.lv,,0.59,9.83,€/kg,https://cdn.etop.lv/products/4751023452685-328x328.png
SALDĒJUMS TIP TOP ŠOKOLĀDES UZ KOCIŅA 60G,etop.lv,,0.59,9.83,€/kg,https://cdn.etop.lv/products/4751023452692-328x328.png
DESIŅAS PEKPOL KABANOS KLASISKĀS 105G,etop.lv,,1.59,15.14,€/kg,https://cdn.etop.lv/products/5903195018636-328x328.png
DESIŅAS PEKPOL KABANOS AR MĀJPUTNU GAĻU 105G,etop.lv,,1.59,15.14,€/kg,https://cdn.etop.lv/products/5903195018612-328x328.png
DESIŅAS PEKPOL KABANOS KLASISKĀS XXL 360G,etop.lv,3.69 € - 3.99 €,2.79,7.75,€/kg,https://cdn.etop.lv/products/5903195022442-328x328.png
CEPUMI LORENZ SALTLETTS SĀĻIE JUNIOR FARM 125G,etop.lv,,1.79,14.32,€/kg,https://cdn.etop.lv/products/4018077663017-328x328.png
PREZERVATĪVI DUREX PLEASUREMAX RIBBED DOTTED N3,etop.lv,,4.59,,,https://cdn.etop.lv/products/5038483175545-328x328.png
SALVETES KOSMĒTISKĀS OPĀ! 2KĀRTAS 150GAB,etop.lv,,1.09,,,https://cdn.etop.lv/products/4751023452722-328x328.png
TUALETES PAPĪRS TIP TOP 3KĀRTAS 16RUĻĻI,etop.lv,,4.99,,,https://cdn.etop.lv/products/4751023452746-328x328.png
JOGURTS BALTAIS SALDĀ KRĒJUMA AR ZEMENĒM 400G,etop.lv,1.49 € - 1.62 €,1.25,3.12,€/kg,https://cdn.etop.lv/products/4750072410967-328x328.png
TORTILLAS SANTA MARIA KVIEŠU PILNGRAUDU VIDĒJĀS 320G,etop.lv,2.58 € - 3.14 €,1.99,6.22,€/kg,https://cdn.etop.lv/products/7311311020636-328x328.png
TORTILLAS  SANTA MARIA KVIEŠU UN KUKURŪZAS VIDĒJĀS 336G,etop.lv,2.59 € - 2.68 €,1.89,5.62,€/kg,https://cdn.etop.lv/products/7311311020643-328x328.png
TOMĀTU MĒRCE MELISSA PRIMO GUSTO 500G,etop.lv,,1.83,3.66,€/kg,https://cdn.etop.lv/products/5201193798018-328x328.png
KAFIJA ŠĶĪSTOŠĀ NESCAFE CLASSIC CREMA 100G STIKLS,etop.lv,5.99 € - 7.29 €,4.99,49.90,€/kg,https://cdn.etop.lv/products/7613034584236-328x328.png
SVECE ĀRA PLASTMASAS AR VĀCIŅU SARKANA 8H 8CM,etop.lv,0.37 € - 0.69 €,0.29,,,https://cdn.etop.lv/products/4771086349340-328x328.png
ZEFĪRS LAIMA AVEŅU 200G,etop.lv,2.39 € - 2.69 €,1.69,8.45,€/kg,https://cdn.etop.lv/products/4750011849353-328x328.png
DŪMDESA RĪGAS MIESNIEKS NEPARASTĀ AR SĒKLIŅĀM 300G,etop.lv,,4.49,14.97,€/kg,https://cdn.etop.lv/products/4750174443672-328x328.png
DŪMDESA RĪGAS MIESNIEKS NEPARASTĀ AR ĶIPLOKIEM 300G,etop.lv,3.99 € - 4.49 €,3.39,11.30,€/kg,https://cdn.etop.lv/products/4750174443689-328x328.png
BEKONS RAKVERE AMERIKĀŅU GAUMĒ AUKSTI KŪPINĀTS ŠĶĒLĒS 150G,etop.lv,2.75 € - 2.85 €,1.99,13.27,€/kg,https://cdn.etop.lv/products/4740003009278-328x328.png
KONFEKTES KINDER BUENO MINI 108G,etop.lv,3.09 € - 3.79 €,2.65,24.54,€/kg,https://cdn.etop.lv/products/8000500180709-328x328.png
BARĪBA SUŅIEM SAUSĀ DARLING LIELLOPS 10KG,etop.lv,16.99 € - 30.49 €,14.99,1.50,€/kg,https://cdn.etop.lv/products/7613032933807-328x328.png
BARĪBA SUŅIEM SAUSĀ DARLING VISTA-DĀRZEŅI 3KG,etop.lv,9.99 € - 10.79 €,5.99,2.00,€/kg,https://cdn.etop.lv/products/7613034592781-328x328.png
BARĪBA SUŅIEM SAUSĀ DARLING GAĻAS IZL.DĀRZEŅI 3KG,etop.lv,9.99 € - 10.79 €,5.99,2.00,€/kg,https://cdn.etop.lv/products/7613032933760-328x328.png
RĪSI BOSTO BRŪNIE 4X125G,etop.lv,2.09 € - 2.39 €,1.49,11.92,€/kg,https://cdn.etop.lv/products/5410106033645-328x328.png
RĪSI BOSTO VIDUSJŪRAS 500G,etop.lv,4.59 € - 5.19 €,2.99,5.98,€/kg,https://cdn.etop.lv/products/5410106011001-328x328.png
RĪSI BOSTO THAI JASMINE 4X125G,etop.lv,3.29 € - 3.89 €,2.15,17.20,€/kg,https://cdn.etop.lv/products/5410106033829-328x328.png
OLĪVAS ZAĻĀS GRIKIOS SIERA PILDĪJUMU 200G,etop.lv,,2.99,14.95,€/kg,https://cdn.etop.lv/products/5902431270739-328x328.png
PIPARI ĶIRŠU GRIKIOS SIERA PILDĪJUMU 200G,etop.lv,,2.99,14.95,€/kg,https://cdn.etop.lv/products/5902431270753-328x328.png
GARNELES VIČI  SĀLĪJUMĀ 200G,etop.lv,4.49 € - 5.09 €,3.99,19.95,€/kg,https://cdn.etop.lv/products/4770190036016-328x328.png
LASIS VIČI KŪPINĀTS ŠĶĒLĒS VAKUUMĀ 100G,etop.lv,4.19 € - 4.29 €,3.39,33.90,€/kg,https://cdn.etop.lv/products/4770190035040-328x328.png
SURIMI GAĻA VIČI BALTĀ 120G,etop.lv,2.34 € - 2.59 €,1.59,13.25,€/kg,https://cdn.etop.lv/products/4770190372145-328x328.png
FILEJAS GABALIŅI BAUSKA BROILERA CREAM SAUCE 500G,etop.lv,5.99 € - 6.19 €,3.99,7.98,€/kg,https://cdn.etop.lv/products/4750303703820-328x328.png
MĀRRUTKI RUNDĀLE VASABI 180G,etop.lv,,2.25,12.50,€/kg,https://cdn.etop.lv/products/4750211915216-328x328.png
MĒRCE RUNDĀLE MANGO WOK 410G,etop.lv,,2.49,6.07,€/kg,https://cdn.etop.lv/products/4750211615611-328x328.png
SIERS SMILTENE LATVIJAS 250G,etop.lv,5.39 € - 5.49 €,3.99,15.96,€/kg,https://cdn.etop.lv/products/4750109995207-328x328.png
SVIESTS GOAT FARM KAZAS 85% 125G,etop.lv,,2.19,17.52,€/kg,https://cdn.etop.lv/products/5907627470771-328x328.png
MAKARONI TIP TOP FUSILLI 400G,etop.lv,,0.89,2.22,€/kg,https://cdn.etop.lv/products/4751023450216-328x328.png
MAKARONI TIP TOP CORNETTI RIGATI 400G,etop.lv,,0.89,2.22,€/kg,https://cdn.etop.lv/products/4751023450223-328x328.png
MAKARONI TIP TOP PENNE RIGATE 400G,etop.lv,,0.89,2.22,€/kg,https://cdn.etop.lv/products/4751023450230-328x328.png
SALDĒJUMS TIP TOP ŠOKOLĀDES 240G,etop.lv,,1.49,6.21,€/kg,https://cdn.etop.lv/products/4751023450285-328x328.png
SALDĒJUMS TIP TOP PLOMBĪRA 240G,etop.lv,,1.49,6.21,€/kg,https://cdn.etop.lv/products/4751023450278-328x328.png
MAKARONI TIP TOP SPAGHETTI NR.7 400G,etop.lv,,0.89,2.22,€/kg,https://cdn.etop.lv/products/4751023450247-328x328.png
PREZERVATĪVI DUREX CLASSIC N3,etop.lv,,2.59,,,https://cdn.etop.lv/products/5010232967861-328x328.png
ČIPSI OHO AR SIERU UN SĪPOLIEM 60G,etop.lv,0.85 € - 0.95 €,0.49,8.17,€/kg,https://cdn.etop.lv/products/4770149208549-328x328.png
ČIPSI OHO AR SKĀBA KRĒJUMA UN SĪPOLU GARŠU 60G,etop.lv,0.85 € - 0.95 €,0.49,8.17,€/kg,https://cdn.etop.lv/products/4770149208556-328x328.png
BIEZENIS RŪDOLFS ĀBOLU MELLEŅU 4+ 190G,etop.lv,2.21 € - 2.35 €,1.59,8.37,€/kg,https://cdn.etop.lv/products/4751017940020-328x328.png
BIEZENIS RŪDOLFS DĀRZEŅU AR LASI UN MAKARONIEM 8+ 190G,etop.lv,2.49 € - 2.75 €,1.72,9.05,€/kg,https://cdn.etop.lv/products/4751017941782-328x328.png
BIEZENIS RŪDOLFS BURKĀNU ĶIRBJU KARTUPEĻU 4+ 190G,etop.lv,1.95 € - 2.29 €,1.45,7.63,€/kg,https://cdn.etop.lv/products/4751017940143-328x328.png
D LIMONĀDE RC COLA GĀZ. 2L PET,etop.lv,1.89 € - 1.92 €,1.49,0.74,€/l,https://cdn.etop.lv/products/4750142005505-328x328.png
D LIMONĀDE KLASISKĀ GĀZ.1.5L PET,etop.lv,,1.39,0.93,€/l,https://cdn.etop.lv/products/4750142005321-328x328.png
D MINERĀLŪDENS 885 DABĪGAIS NEGĀZĒTS  PH 7.4 1.5L PET,etop.lv,,0.79,0.53,€/l,https://cdn.etop.lv/products/4751036900197-328x328.png
D MINERĀLŪDENS 885 DABĪGAIS GĀZĒTS PH 7.4 1.5L PET,etop.lv,,0.79,0.53,€/l,https://cdn.etop.lv/products/4751036900203-328x328.png
JOGURTS DZERAMAIS BALTAIS OGA MANGO 1KG,etop.lv,,1.79,1.79,€/kg,https://cdn.etop.lv/products/4750072513743-328x328.png
DZERAMAIS JOGURTS ALMA AR ZEMENĒM UN NEKTARĪNIEM 900G,etop.lv,,1.49,1.66,€/kg,https://cdn.etop.lv/products/4740125525144-328x328.png
D MINERĀLŪDENS VENDEN SPORTS NEGĀZ.750ML PET,etop.lv,0.75 € - 0.78 €,0.59,0.79,€/l,https://cdn.etop.lv/products/4751014941013-328x328.png
PUSSPĀRNI ĶEKAVA LIELISKIE CĀĻU LIELPAKA 1KG,etop.lv,5.99 € - 7.95 €,4.99,4.99,€/kg,https://cdn.etop.lv/products/4750303013226-328x328.png
SIERS UZKODU RAMBYNO KŪPINĀTS 45% 75G,etop.lv,1.49 € - 1.59 €,1.19,15.87,€/kg,https://cdn.etop.lv/products/4770299394680-328x328.png
BIEZPIENA SIERIŅŠ MAGIJA TOFFEE GLAZŪRĀ 45G,etop.lv,0.49 € - 0.55 €,0.35,7.78,€/kg,https://cdn.etop.lv/products/4770299393409-328x328.png
NŪDELES MAGGI ĀTRI PAGATAVOJAMĀS AR SIERA GARŠU 59.2G,etop.lv,,0.89,15.03,€/kg,https://cdn.etop.lv/products/7613037096187-328x328.png
NŪDELES MAGGI AR VISTAS GAĻAS GARŠU 59.2G,etop.lv,,0.89,15.03,€/kg,https://cdn.etop.lv/products/7613037096002-328x328.png
BULJONS MAGGI VISTAS AR DILLĒM UN PĒTERSĪĻIEM 12X10G,etop.lv,1.25 € - 1.59 €,0.99,99.00,€/kg,https://cdn.etop.lv/products/8585002468925-328x328.png
ČIPSI ĀDAŽU TOMĀTS DRAUGU PAKA 180G,etop.lv,2.79 € - 2.99 €,1.99,11.06,€/kg,https://cdn.etop.lv/products/4750024002073-328x328.png
ČIPSI ĀDAŽU SIERA DRAUGU PAKA 180G,etop.lv,2.79 € - 2.99 €,1.99,11.06,€/kg,https://cdn.etop.lv/products/4750024002059-328x328.png
ČIPSI ĀDAŽU KRĒJUMA SĪPOLA GARŠA DRAUGU PAKA 180G,etop.lv,2.79 € - 2.99 €,1.99,11.06,€/kg,https://cdn.etop.lv/products/4750024002042-328x328.png
NŪDELES OYAKATA JAPĀŅU KLASISKĀS 93G,etop.lv,1.79 € - 2.49 €,1.35,14.52,€/kg,https://cdn.etop.lv/products/5901384507794-328x328.png
ZUPA MAGGI SIERA AR GRAUZDIŅIEM ŠĶĪSTOŠĀ 19G,etop.lv,0.59 € - 0.75 €,0.49,25.79,€/kg,https://cdn.etop.lv/products/7613032737115-328x328.png
BARĪBA SUŅIEM KONS.PRIMADOG AR LIELLOPU GAĻU 600G,etop.lv,4.25 € - 4.79 €,3.59,5.98,€/kg,https://cdn.etop.lv/products/6430062463934-328x328.png
BARĪBA KAĶIEM KONS.PRIMACAT KLASISKĀ MĀJPUTNI MĒRCĒ 85G,etop.lv,1.05 € - 1.09 €,0.75,8.82,€/kg,https://cdn.etop.lv/products/6430069586568-328x328.png
BARĪBA KAĶIEM KONS.PRIMACAT KLASIKĀS ZIVIS MĒRCĒ 85G,etop.lv,1.05 € - 1.09 €,0.75,8.82,€/kg,https://cdn.etop.lv/products/6430069586599-328x328.png
BARĪBA KAĶIEM KONS.PRIMACAT KLASISKĀ JĒRA GAĻA MĒRCĒ 85G,etop.lv,1.05 € - 1.09 €,0.75,8.82,€/kg,https://cdn.etop.lv/products/6430069586582-328x328.png
SMILTIS KAĶIEM PRIMACAT AR ĀBOLU SMARŽU CEMENTĒJOŠAS 5L,etop.lv,5.59 € - 6.59 €,4.29,0.86,€/l,https://cdn.etop.lv/products/6430069584410-328x328.png
SALD. ZEMENES GARDU 400G,etop.lv,2.39 € - 2.45 €,1.59,3.98,€/kg,https://cdn.etop.lv/products/4771634070160-328x328.png
PELMEŅI ZAĻĀ MARKA AR CŪKGAĻU UN LIELLOPU GAĻU 1KG,etop.lv,5.35 € - 6.05 €,3.75,3.75,€/kg,https://cdn.etop.lv/products/4750385003894-328x328.png
PIPARI SANTA MARIA JALAPENJO ZAĻAIS 215G,etop.lv,4.25 € - 4.59 €,2.95,13.72,€/kg,https://cdn.etop.lv/products/7311310038403-328x328.png
ŠVAMME TRAUKU MAZGĀŠANAI VILEDA PUR ACTIVE 1GAB,etop.lv,1.79 € - 2.19 €,1.29,,,https://cdn.etop.lv/products/4023103070325-328x328.png
GRĪDAS LUPATA VILEDA MIKROŠĶIEDRAS 1GAB,etop.lv,5.69 € - 5.89 €,3.39,,,https://cdn.etop.lv/products/4023103196506-328x328.png
SVECE GALDA BOLSIUS BALTA 25CM 1GAB.,etop.lv,0.59 € - 0.89 €,0.41,,,https://cdn.etop.lv/products/8717847029218-328x328.png
SIERS SMILTENE LIESAIS SĶĒLĒS 150G,etop.lv,,2.19,14.60,€/kg,https://cdn.etop.lv/products/4750109000819-328x328.png
ĶIPLOKI SMAK KONSERVĒTI MARINĒTI 190G,etop.lv,2.35 € - 2.45 €,1.65,8.68,€/kg,https://cdn.etop.lv/products/5901871002733-328x328.png
SIERS UZKODU RAMBYNO KŪPINĀTS AR ŠĶIŅĶI 45% 75G,etop.lv,1.49 € - 1.59 €,1.19,15.87,€/kg,https://cdn.etop.lv/products/4770299394697-328x328.png
SALD. PĀKŠU PUPIŅAS PINGUIN ZAĻĀS GRIEZTAS 450G,etop.lv,1.39 € - 1.99 €,0.99,2.20,€/kg,https://cdn.etop.lv/products/5411683004967-328x328.png
CEPAMĀS DESIŅAS ĶEKAVA AR SIERU 1KG,etop.lv,7.99 € - 8.45 €,4.99,4.99,€/kg,https://cdn.etop.lv/products/4750303703424-328x328.png
GRANOLA AXA AR ZEMENĒM UN BANĀNIEM 375G,etop.lv,2.69 € - 3.05 €,1.99,5.31,€/kg,https://cdn.etop.lv/products/4820237690708-328x328.png
D ALUS BEZALK.MEŽPILS 0.5% 0.5L STIKLS,etop.lv,,1.29,2.58,€/l,https://cdn.etop.lv/products/4750049003031-328x328.png
BARĪBA KAĶIEM KONS.ONE JUNIOR AR VISTAS G.BURKĀNIEM 85GX4,etop.lv,4.29 € - 4.89 €,2.57,,,https://cdn.etop.lv/products/7613287795892-328x328.png
IKDIENAS IELIKTNĪŠI LIBRESSE LONG EXTRA PROTECT 22GAB,etop.lv,2.39 € - 2.45 €,1.59,,,https://cdn.etop.lv/products/7322541237749-328x328.png
IKDIENAS IELIKTNĪŠI LIBRESSE NORMAL EXTRA PROT 24GAB.,etop.lv,2.39 € - 2.45 €,1.59,,,https://cdn.etop.lv/products/7322541265230-328x328.png
HIGIĒNISKĀS PAKETES ALWAYS ULTRA PLATINUM SUPER DUO 14GAB.,etop.lv,,5.19,,,https://cdn.etop.lv/products/8001090444998-328x328.png
IKDIENAS IELIKTNĪŠI DISCREET WATERLILY 60GAB.,etop.lv,,4.39,,,https://cdn.etop.lv/products/8001090170354-328x328.png
D DZĒRIENS PEPSI MAX GĀZ.1.5L PET,etop.lv,,2.29,1.53,€/l,https://cdn.etop.lv/products/4770477231622-328x328.png
D DZĒRIENS PEPSI GĀZ.1L PET,etop.lv,,1.79,1.79,€/l,https://cdn.etop.lv/products/4770477231608-328x328.png
IKDIENAS IELIKTNĪŠI CAREFREE PLUS LONG FRESH 40GB,etop.lv,,5.79,,,https://cdn.etop.lv/products/3574661500324-328x328.png
DZĒRIENS ALPRO BARISTA MANDEĻU 1L UHT,etop.lv,3.59 € - 3.79 €,2.69,2.69,€/l,https://cdn.etop.lv/products/5411188129899-328x328.png
SALD. PICA DR.OETKER RISTORANTE SPECIALE 345G,etop.lv,4.99 € - 5.29 €,2.79,8.09,€/kg,https://cdn.etop.lv/products/4001724037699-328x328.png
KAFIJAS KAPSULAS AROMA GOLD DG FLAT WHITE 187.2G,etop.lv,6.99 € - 7.59 €,5.49,29.33,€/kg,https://cdn.etop.lv/products/4771632314952-328x328.png
MĒRCE OAK'A BBQ CAROLINA SINEPJU 270G,etop.lv,4.49 € - 4.59 €,3.41,12.63,€/kg,https://cdn.etop.lv/products/4751032370642-328x328.png
MĒRCE RUNDĀLE CĒZARA 360G,etop.lv,2.79 € - 2.85 €,1.49,4.14,€/kg,https://cdn.etop.lv/products/4750211445812-328x328.png
PUSSPĀRNI RĪGAS MIESNIEKS CĀĻA ASIE 400G,etop.lv,,2.99,7.48,€/kg,https://cdn.etop.lv/products/4750174001667-328x328.png
UZTURA BAGĀTINĀTĀJS VITAMĪNS C 500MG,etop.lv,4.49 € - 4.99 €,3.14,,,https://cdn.etop.lv/products/4751022432985-328x328.png
UZTURA BAGĀTINĀTĀJS  FORMULA ANTI-STRESS 30GAB,etop.lv,5.59 € - 6.09 €,3.89,,,https://cdn.etop.lv/products/4751022433296-328x328.png
ŠĶIŅĶI ĶEKAVA CĀĻA GARDĀ LAUKU MARINĀDĒ ATKAULOTI 400G,etop.lv,,3.99,9.98,€/kg,https://cdn.etop.lv/products/4750303016500-328x328.png
BIEZPIENS BALTAIS KULINĀRIJAS 0.3% 1KG,etop.lv,3.99 € - 4.59 €,2.99,2.99,€/kg,https://cdn.etop.lv/products/4750072516393-328x328.png
SKĀBAIS KRĒJUMS VALMIERA 25% 450G,etop.lv,,2.19,4.87,€/kg,https://cdn.etop.lv/products/4750074006069-328x328.png
BIEZPIENS LIMBAŽU PIENS 9% 170G,etop.lv,,1.29,7.59,€/kg,https://cdn.etop.lv/products/4750025897838-328x328.png
BALTMAIZE OPĀ 300G,etop.lv,,0.31,1.03,€/kg,https://cdn.etop.lv/products/4751023452371-328x328.png
MARGARĪNS DELMA EXTRA 39% 450G,etop.lv,,2.15,4.78,€/kg,https://cdn.etop.lv/products/8719200240513-328x328.png
MARGARĪNS DELMA SVIESTMAIZĒM 20% 450G,etop.lv,,1.29,2.87,€/kg,https://cdn.etop.lv/products/8719200240902-328x328.png
EĻĻA FLORIOL SAULESPUĶU 2L,etop.lv,,9.75,4.88,€/l,https://cdn.etop.lv/products/5997003582013-328x328.png
SALDĒJUMS B&J VANIĻAS ŠOKOLĀDES AR ŠOK. SKAIDIŅĀM 406G,etop.lv,8.99 € - 9.99 €,4.99,12.29,€/kg,https://cdn.etop.lv/products/8711327371002-328x328.png
EĻĻA TIP TOP SAULESPUĶU 1L,etop.lv,,1.99,1.99,€/l,https://cdn.etop.lv/products/4751023452401-328x328.png
PASTĒTE ĀDAŽI EKSTRA AKNU 120G,etop.lv,,0.69,5.75,€/kg,https://cdn.etop.lv/products/4751015680089-328x328.png
PAPĪRA DVIELIS OPĀ 2 KĀRTAS 1 RULLIS 300 LAPAS,etop.lv,,1.89,,,https://cdn.etop.lv/products/4751023452418-328x328.png
RĪSI VALDO JASMINE 125GX4,etop.lv,1.99 € - 2.15 €,1.49,,,https://cdn.etop.lv/products/4750133072110-328x328.png
D DZĒRIENS SELITA TARHUNS GĀZ.1.5L PET,etop.lv,1.49 € - 1.51 €,1.09,0.73,€/l,https://cdn.etop.lv/products/4770063234648-328x328.png
ZOBU PASTA SPLAT PROFESSIONAL WHITE PLUS 100ML,etop.lv,4.99 € - 5.49 €,3.29,32.90,€/l,https://cdn.etop.lv/products/7640168930134-328x328.png
ZOBU PASTA SPLAT PROFESSIONAL ULTRACOMPLEX 100ML,etop.lv,5.09 € - 5.49 €,3.29,32.90,€/l,https://cdn.etop.lv/products/7640168930172-328x328.png
TĪR.LĪDZEKLIS AJAX UNIVERSĀLS JASMIN 1L,etop.lv,3.89 € - 3.99 €,2.69,2.69,€/l,https://cdn.etop.lv/products/8718951331822-328x328.png
MUSLI BATONIŅŠ AXA AR PIENA ŠOKOLĀDI UN RIEKSTIEM 25G,etop.lv,0.45 € - 0.55 €,0.35,14.00,€/kg,https://cdn.etop.lv/products/4820008125675-328x328.png
DEZODORANTS NIVEA PEARL BEAUTY IZSMIDZ.SIEV.150ML,etop.lv,5.39 € - 5.79 €,2.89,19.27,€/l,https://cdn.etop.lv/products/4005808734467-328x328.png
CĪSIŅI TIP TOP DOKTORA MINI 300G,etop.lv,,1.69,5.63,€/kg,https://cdn.etop.lv/products/4751023452487-328x328.png
KREKERI PĒTERGAILIS KLASIKA 70G,etop.lv,0.79 € - 0.99 €,0.59,8.43,€/kg,https://cdn.etop.lv/products/4770179993989-328x328.png
KREKERI PĒTERGAILIS AR KRĒJUMA SĪPOLU GARŠU 72G,etop.lv,0.89 € - 0.99 €,0.59,8.19,€/kg,https://cdn.etop.lv/products/4770179993897-328x328.png
KREKERI PĒTERGAILIS AR SIERA GARŠU 72G,etop.lv,0.79 € - 0.99 €,0.59,8.19,€/kg,https://cdn.etop.lv/products/4770179993910-328x328.png
KAFIJAS PUPIŅAS MERRILD BARISTA CREMOSO 1KG,etop.lv,27.99 € - 34.99 €,15.99,15.99,€/kg,https://cdn.etop.lv/products/8000070068681-328x328.png
D NEKTĀRS DON SIMON PERSIKU 1.5L PET,etop.lv,3.69 € - 3.74 €,2.99,1.99,€/l,https://cdn.etop.lv/products/8410261653013-328x328.png
D ENERĢIJAS DZĒR.MONSTER ULTRA 500ML CAN,etop.lv,,1.79,3.58,€/l,https://cdn.etop.lv/products/5060896621968-328x328.png
HALVA ZEMESRIEKSTU 150G,etop.lv,1.48 € - 1.62 €,0.95,6.33,€/kg,https://cdn.etop.lv/products/4770266129567-328x328.png
VAFELES SELGA MINI AR CITRONA GARŠU 250G,etop.lv,3.79 € - 3.99 €,2.19,8.76,€/kg,https://cdn.etop.lv/products/4750007000249-328x328.png
KĀPOSTI TIP TOP SKĀBĒTI AR BURKĀNIEM 900G,etop.lv,,2.19,2.43,€/kg,https://cdn.etop.lv/products/4751023452678-328x328.png
ČIPSI LAY'S OVEN BAKED AR GAILEŅU GARŠU 110G,etop.lv,2.69 € - 2.99 €,1.59,14.45,€/kg,https://cdn.etop.lv/products/5900259128546-328x328.png
DŪMDESA RĪGAS MIESNIEKS JUBILEJAS 270G,etop.lv,4.29 € - 4.49 €,3.39,12.56,€/kg,https://cdn.etop.lv/products/4750174443153-328x328.png
TĪR.LĪDZEKLIS AJAX UNIVERSĀLS FLORAL FIESTA ZAĻŠ 1L,etop.lv,3.89 € - 3.99 €,2.69,2.69,€/l,https://cdn.etop.lv/products/5900273472939-328x328.png
MAKARONI ITALPASTA AMOROSI NR.190 500G,etop.lv,1.75 € - 1.79 €,1.29,2.58,€/kg,https://cdn.etop.lv/products/8009940000851-328x328.png
GRANOLA AXA AR MEDU UN ŠOKOLĀDI 375G,etop.lv,2.69 € - 3.09 €,1.99,5.31,€/kg,https://cdn.etop.lv/products/4820008120809-328x328.png
ŽELEJKONFEKTES FINI SLIEKA 90G,etop.lv,1.36 € - 1.45 €,0.99,11.00,€/kg,https://cdn.etop.lv/products/8410525116711-328x328.png
JOGURTS DZERAMAIS OGA ZEMEŅU 1KG,etop.lv,,1.79,1.79,€/kg,https://cdn.etop.lv/products/4750072415351-328x328.png
JOGURTS DZERAMAIS OGA PERSIKU 1KG,etop.lv,,1.79,1.79,€/kg,https://cdn.etop.lv/products/4750072415368-328x328.png
JOGURTS DZERAMAIS OGA MELLEŅU 1KG,etop.lv,,1.79,1.79,€/kg,https://cdn.etop.lv/products/4750072415832-328x328.png
SKĀBAIS KRĒJUMS BALTAIS EXPORTA 25% 360G,etop.lv,,2.19,6.08,€/kg,https://cdn.etop.lv/products/4750072043196-328x328.png
MILTI DOBELE KVIEŠU EKSTRA 2KG,etop.lv,2.29 € - 2.59 €,1.69,0.84,€/kg,https://cdn.etop.lv/products/4750020020200-328x328.png
MILTU MAISĪJUMS DOBELE MĀJAS KĒKSS 450G,etop.lv,1.98 € - 2.05 €,1.45,3.22,€/kg,https://cdn.etop.lv/products/4750020040437-328x328.png
MILTU MAISĪJUMS DOBELE CITRONU KĒKSS 450G,etop.lv,1.88 € - 1.99 €,1.45,3.22,€/kg,https://cdn.etop.lv/products/4750020040468-328x328.png
KONFEKŠU KĀRBA LAIMA RIGERTS PIENA 215G,etop.lv,6.99 € - 8.99 €,5.99,27.86,€/kg,https://cdn.etop.lv/products/4750001008180-328x328.png
ŠOKOLĀDES KONFEKTES LAIMA LĀCĪTIS ĶEPAINĪTIS SVER.,etop.lv,,14.99,,,https://cdn.etop.lv/products/4750001952872-328x328.png
EĻĻA GOCCIA DORO OLĪVU POMACE MET. 1L,etop.lv,9.99 € - 10.79 €,6.49,6.49,€/l,https://cdn.etop.lv/products/8003250000129-328x328.png
ŠOKOLĀDES BATONIŅŠ KINDER BUENO 43G,etop.lv,1.39 € - 1.59 €,0.97,22.56,€/kg,https://cdn.etop.lv/products/80052760-328x328.png
RŪGTĀ ŠOKOLĀDE ROSHEN PORAINĀ 80G,etop.lv,2.15 € - 2.19 €,1.09,13.62,€/kg,https://cdn.etop.lv/products/4823077626203-328x328.png
PIENA ŠOKOLĀDE ROSHEN PORAINĀ 80G,etop.lv,2.15 € - 2.29 €,1.09,13.62,€/kg,https://cdn.etop.lv/products/4823077626227-328x328.png
BALTĀ ŠOKOLĀDE ROSHEN PORAINĀ 80G,etop.lv,2.15 € - 2.19 €,1.09,13.62,€/kg,https://cdn.etop.lv/products/4823077626364-328x328.png
PIENS MARGE 2% 1L UHT,etop.lv,,1.89,1.89,€/l,https://cdn.etop.lv/products/4771459041390-328x328.png
KARTUPEĻU BIEZENIS MAGGI 5MIN AR KŪP.GAĻU UN GRAUZDIŅIEM 53G,etop.lv,1.95 € - 2.05 €,1.29,24.34,€/kg,https://cdn.etop.lv/products/7613037003307-328x328.png
KARTUPEĻU BIEZENIS MAGGI 5MIN AR SĪPOLIEM UN GRAUZDIŅIEM 59G,etop.lv,1.95 € - 2.19 €,1.29,21.86,€/kg,https://cdn.etop.lv/products/7613037003000-328x328.png
DESA FOREVERS GALDA PUSKŪPINĀTA 400G,etop.lv,2.85 € - 3.39 €,1.69,4.22,€/kg,https://cdn.etop.lv/products/4751003401108-328x328.png
KONSERVI SIĻĶU FILEJAS KAIJA RAPŠU EĻĻĀ KŪPINĀTAS 170G EO,etop.lv,2.29 € - 2.49 €,1.69,9.94,€/kg,https://cdn.etop.lv/products/4751007738750-328x328.png
KONSERVI SIĻĶU FILEJAS KAIJA TOMĀTU MĒRCĒ KŪPINĀTAS 170G EO,etop.lv,2.29 € - 2.49 €,1.69,9.94,€/kg,https://cdn.etop.lv/products/4751007738767-328x328.png
SALDĒJUMS BALTIJA VANIĻAS 95G,etop.lv,,1.69,17.79,€/kg,https://cdn.etop.lv/products/8711327403864-328x328.png
DESIŅAS TARCZYNSKI EXCLUSIVE KABANOS CŪKGAĻAS 105G,etop.lv,1.89 € - 2.89 €,1.79,17.05,€/kg,https://cdn.etop.lv/products/5908230521485-328x328.png
DESIŅAS TARCZYNSKI EXCLUSIVE KABANOS VISTAS  105G,etop.lv,1.89 € - 2.98 €,1.79,17.05,€/kg,https://cdn.etop.lv/products/5908230521508-328x328.png
DESIŅAS TARCZYNSKI EXCLUSIVE KABANOS SIERA 105G,etop.lv,1.89 € - 2.89 €,1.79,17.05,€/kg,https://cdn.etop.lv/products/5908230528057-328x328.png
PIENA ŠOKOLĀDE ALPINELLA AR ZEMEŅU GARŠU 100G,etop.lv,1.29 € - 1.49 €,0.89,8.90,€/kg,https://cdn.etop.lv/products/5901806000216-328x328.png
HIGIĒNISKĀS PAKETES ALWAYS ULTRA PLATINUM NIGHT DUO 12GAB.,etop.lv,,5.19,,,https://cdn.etop.lv/products/8001090445070-328x328.png
HIGIĒNISKĀS PAKETES ALWAYS ULTRA PLATINUM NORMAL DUO 16GAB.,etop.lv,,5.19,,,https://cdn.etop.lv/products/8001090444912-328x328.png
CEPUMI SELGA TREAT DUBULTIE AR LAZDU RIEKSTU PILDĪJUMU 205G,etop.lv,2.69 € - 2.79 €,1.79,8.73,€/kg,https://cdn.etop.lv/products/4750007790720-328x328.png
CEPAMPELMEŅI RĪGAS MIESNIEKS AR GAĻU SIERU 450G,etop.lv,,3.99,8.87,€/kg,https://cdn.etop.lv/products/4750174441470-328x328.png
KAFIJAS PUPIŅAS MERRILD ARABICA 1KG,etop.lv,,33.99,33.99,€/kg,https://cdn.etop.lv/products/8000070201347-328x328.png
SALDĒJUMS MĀJAS GOTIŅA 68G,etop.lv,1.15 € - 1.29 €,0.79,11.62,€/kg,https://cdn.etop.lv/products/8711327301511-328x328.png
SVIESTS BALTAIS 82.5% 175G,etop.lv,1.99 € - 2.59 €,1.49,8.51,€/kg,https://cdn.etop.lv/products/4750072131343-328x328.png
ŠAMPŪNS SCHAUMA COLOR SHINE 250ML,etop.lv,,3.79,15.16,€/l,https://cdn.etop.lv/products/3838824014081-328x328.png
ŠAMPŪNS SCHAUMA VĪRIEŠIEM 250ML,etop.lv,,3.79,15.16,€/l,https://cdn.etop.lv/products/4012800567658-328x328.png
KONSERVI RGK TŪRISTU BROKASTIS CŪKGAĻAS 250G,etop.lv,,1.99,7.96,€/kg,https://cdn.etop.lv/products/4751005453037-328x328.png
ŠOKOLĀDES BATONIŅŠ KINDER BUENO WHITE 39G,etop.lv,1.39 € - 1.59 €,0.97,24.87,€/kg,https://cdn.etop.lv/products/80761761-328x328.png
SVECE GALDA PROVENCE SARKANAS 7.5H 25CM,etop.lv,0.89 € - 0.99 €,0.41,,,https://cdn.etop.lv/products/8591177012269-328x328.png
SVECE GALDA PROVENCE ZAĻA 7.5H 25CM,etop.lv,0.59 € - 1.49 €,0.41,,,https://cdn.etop.lv/products/8591177012290-328x328.png
SVECE CILINDRS AROM. PROVENCE ĀBOLS 8H 4X5CM,etop.lv,0.75 € - 0.79 €,0.55,,,https://cdn.etop.lv/products/8591177015697-328x328.png
ŠOKOLĀDES KRĒMS NUTELLA RIEKSTU 230G,etop.lv,4.29 € - 4.39 €,3.29,14.30,€/kg,https://cdn.etop.lv/products/59027904-328x328.png
EĻĻA FLORIOL RAPŠU 1L,etop.lv,4.79 € - 4.85 €,2.69,2.69,€/l,https://cdn.etop.lv/products/5900012002700-328x328.png
BULJONS GALLINA BLANCA VISTAS AR DILLĒM PĒTERSĪĻIEM 8X10G,etop.lv,0.78 € - 0.89 €,0.69,69.00,€/kg,https://cdn.etop.lv/products/8410300208914-328x328.png
MATU KRĀSA PALETTE 10-2 ĪPAŠI PELNU BLONDS,etop.lv,5.69 € - 6.39 €,2.99,,,https://cdn.etop.lv/products/3838824159133-328x328.png
MATU KRĀSA PALETTE C1 ZILGANMELNS,etop.lv,5.69 € - 6.39 €,2.99,,,https://cdn.etop.lv/products/3838824159171-328x328.png
MATU KRĀSA PALETTE 1-0 MELNS,etop.lv,5.69 € - 6.39 €,2.99,,,https://cdn.etop.lv/products/3838824159416-328x328.png
TUMŠĀ ŠOKOLĀDE SCHOGETTEN DARK 100G,etop.lv,2.46 € - 2.49 €,1.69,16.90,€/kg,https://cdn.etop.lv/products/4000607852008-328x328.png
GARDUMS SUŅIEM PEDIGREE DENTASTIX MEDIUM KAULIŅŠ ZOBIEM 7GAB,etop.lv,3.95 € - 3.99 €,2.55,,,https://cdn.etop.lv/products/5998749141519-328x328.png
GARDUMS SUŅIEM PEDIGREE DENTASTIX SMALL KAULIŅŠ ZOBIEM 3GAB,etop.lv,1.59 € - 1.89 €,0.99,,,https://cdn.etop.lv/products/5998749106877-328x328.png
GARDUMS SUŅIEM PEDIGREE BISCROCK CEPUMI 200G,etop.lv,2.45 € - 2.65 €,1.69,8.45,€/kg,https://cdn.etop.lv/products/9003579302545-328x328.png
GARDUMS SUŅIEM PEDIGREE RODEO 4GAB,etop.lv,1.59 € - 1.65 €,0.99,,,https://cdn.etop.lv/products/4008429090110-328x328.png
SVECE CILINDRS STEARĪNA 36H 7X10CM,etop.lv,2.99 € - 3.29 €,2.09,,,https://cdn.etop.lv/products/4750746002702-328x328.png
SVECE CILINDRS STEARĪNA 55H 7X15CM,etop.lv,3.99 € - 4.59 €,2.79,,,https://cdn.etop.lv/products/4750746002719-328x328.png
KONFEKŠU KĀRBA FAZER GEISHA 150G,etop.lv,,5.69,37.93,€/kg,https://cdn.etop.lv/products/6411401072703-328x328.png
ZAĻIE ZIRNĪŠI JAMAR KONSERVĒTI 700G STIKLĀ,etop.lv,1.35 € - 1.89 €,1.15,1.64,€/kg,https://cdn.etop.lv/products/5906716205850-328x328.png
SAULESPUĶU SĒKLAS BAZARO MELNAS CEPTAS XXL 300G,etop.lv,3.39 € - 3.79 €,2.29,7.63,€/kg,https://cdn.etop.lv/products/4770266186256-328x328.png
BATONIŅŠ KINDER PINGUI 4X30G,etop.lv,3.09 € - 3.29 €,1.99,66.33,€/kg,https://cdn.etop.lv/products/4008400290423-328x328.png
SIERS DŽIUGAS RĪVĒTS PICAI 200G,etop.lv,,3.19,15.95,€/kg,https://cdn.etop.lv/products/4770299400343-328x328.png
SIERS DŽIUGAS RĪVĒTS MAKARONIEM  200G,etop.lv,,3.19,15.95,€/kg,https://cdn.etop.lv/products/4770299400367-328x328.png
SALDĒJUMS RŪJIENA AVEŅU KONUSS 60G,etop.lv,0.89 € - 0.99 €,0.59,9.83,€/kg,https://cdn.etop.lv/products/4750075131043-328x328.png
AUTIŅBIKSĪTES SLEEPY JEANS PANTS JUNIOR S5 11-18KG 24GAB.,etop.lv,6.99 € - 8.49 €,4.99,0.28,€/kg,https://cdn.etop.lv/products/8681212064893-328x328.png
AUTIŅBIKSĪTES SLEEPY JEANS PANTS XLARGE S6 15-25KG 20GAB.,etop.lv,6.99 € - 8.49 €,4.99,0.20,€/kg,https://cdn.etop.lv/products/8681212064909-328x328.png
BIEZPUTRA RĪSU RŪDOLFS AR MEŽA OGĀM 4+ 190G,etop.lv,2.24 € - 2.69 €,1.59,8.37,€/kg,https://cdn.etop.lv/products/4751017940358-328x328.png
D SULA RŪDOLFS ĀBOLU BURKĀNU 4+260ML,etop.lv,1.69 € - 2.19 €,1.29,4.96,€/l,https://cdn.etop.lv/products/4751017942819-328x328.png
HIGIĒNISKĀS PAKETES LIBRESSE ULTRA NORMAL 20GAB.,etop.lv,2.99 € - 4.09 €,2.15,,,https://cdn.etop.lv/products/7310791245607-328x328.png
MAKARONI PRIMO CORNETTI RIGATI 1KG,etop.lv,,1.54,1.54,€/kg,https://cdn.etop.lv/products/4750020052089-328x328.png
HIGIĒNISKĀS PAKETES LIBRESSE ULTRA LONG PLUS DUO 16GAB.,etop.lv,3.59 € - 3.69 €,2.15,,,https://cdn.etop.lv/products/7322540388442-328x328.png
GARŠVIELA SANTA MARIA TACO 28G,etop.lv,1.29 € - 1.35 €,0.87,31.07,€/kg,https://cdn.etop.lv/products/7311310310141-328x328.png
ZEFĪRS LAIMA DZĒRVEŅU 200G,etop.lv,2.39 € - 2.69 €,1.69,8.45,€/kg,https://cdn.etop.lv/products/4750011849643-328x328.png
ŠOKOLĀDES BATONIŅŠ KIT KAT FOUR FINGERS 41.5G,etop.lv,1.19 € - 1.39 €,0.79,19.04,€/kg,https://cdn.etop.lv/products/40052434-328x328.png
SALDĒJUMS POLS VANIĻAS PLOMBĪRA CUKURA GLĀZĪTĒ 70G,etop.lv,,1.09,15.57,€/kg,https://cdn.etop.lv/products/4750025895223-328x328.png
SALDĒJUMS MĀJAS PLOMBĪRS 445G,etop.lv,,6.99,15.71,€/kg,https://cdn.etop.lv/products/8000920871133-328x328.png
ŠĶIŅĶIS KGS CŪKGAĻAS  BEZ KAULA AR ĀDU FAS. SVER.,etop.lv,5.49 € - 6.99 €,2.99,,,https://cdn.etop.lv/products/238210780000-328x328.png
KOŠĻĀJAMĀ GUMIJA FINI ARBŪZS 90G,etop.lv,1.35 € - 1.49 €,0.99,11.00,€/kg,https://cdn.etop.lv/products/8410525143403-328x328.png
GRAUDAINAIS BIEZPIENS BALTAIS 7% 500G,etop.lv,,2.99,5.98,€/kg,https://cdn.etop.lv/products/4750072127179-328x328.png
ZEMESRIEKSTI ESTRELLA SĀLĪTI AR MEDU 140G METĀLA BUNDŽĀ,etop.lv,2.79 € - 2.99 €,1.99,14.21,€/kg,https://cdn.etop.lv/products/7310532151549-328x328.png
BALTMAIZE FAZER KEFĪRA VĒRTĪGĀ 350G,etop.lv,,1.84,5.26,€/kg,https://cdn.etop.lv/products/4750212901447-328x328.png
KAFIJA ŠĶĪSTOŠĀ JACOBS CRONAT GOLD 200G STIKLS,etop.lv,10.99 € - 12.79 €,7.59,37.95,€/kg,https://cdn.etop.lv/products/8711000517918-328x328.png
JOGURTS SALDKRĒJUMA MUAH CREME BRULEE GARŠU 380G,etop.lv,,1.49,3.92,€/kg,https://cdn.etop.lv/products/4740125535839-328x328.png
JOGURTS SALDKRĒJUMA MUAH STRACCIATELLA 380G,etop.lv,,1.49,3.92,€/kg,https://cdn.etop.lv/products/4740125535853-328x328.png
JOGURTS VALIO GEFILUS BEZ PIEDEVĀM 380G,etop.lv,0.99 € - 1.09 €,0.89,2.34,€/kg,https://cdn.etop.lv/products/4740125536096-328x328.png
BIEZPIENA KRĒMS ALMA STRACIATELLA 150G,etop.lv,0.78 € - 0.85 €,0.69,4.60,€/kg,https://cdn.etop.lv/products/4740125631319-328x328.png
BARĪBA KAĶIEM KONS.GOURMET GOLD JĒRS ZAĻĀS PUPIŅAS 85G,etop.lv,,0.85,10.00,€/kg,https://cdn.etop.lv/products/7613035465695-328x328.png
TĪR.LĪDZEKLIS KH-7 KAĻĶAKMENIM 750ML,etop.lv,4.49 € - 6.99 €,4.19,5.59,€/l,https://cdn.etop.lv/products/8420822121066-328x328.png
TRAIPU TĪR.LĪDZ.KH-7 IZSMIDZINĀMS 750ML,etop.lv,6.99 € - 7.09 €,4.19,5.59,€/l,https://cdn.etop.lv/products/8420822121097-328x328.png
MEDUS LIEPKALNI ZIEDU 700G,etop.lv,8.69 € - 10.99 €,6.89,9.84,€/kg,https://cdn.etop.lv/products/4750154000192-328x328.png
TUALETES  PAPĪRS ZEWA DELUXE LAVANDER 3KĀRTAS 8RUĻĻI,etop.lv,6.19 € - 6.89 €,3.69,,,https://cdn.etop.lv/products/7322540409864-328x328.png
DEZODORANTS NIVEA BLACK WHITE IZSMIDZ.SIEV.150ML,etop.lv,5.39 € - 5.79 €,2.89,19.27,€/l,https://cdn.etop.lv/products/4005808729685-328x328.png
DEZODORANTS NIVEA BLACK WHITE IZSMIDZ.VĪR.150ML,etop.lv,5.39 € - 5.79 €,2.89,19.27,€/l,https://cdn.etop.lv/products/4005808729890-328x328.png
BIEZPUTRA PILNGRAUDU AUZU RŪDOLFS 4+ 190G,etop.lv,2.15 € - 2.69 €,1.59,8.37,€/kg,https://cdn.etop.lv/products/4751017940600-328x328.png
BIEZENIS RŪDOLFS DĀRZEŅU AR MAKARONIEM UN VISTU 8+ 190G,etop.lv,2.21 € - 2.59 €,1.59,8.37,€/kg,https://cdn.etop.lv/products/4751017940556-328x328.png
BIEZENIS RŪDOLFS DĀRZEŅU AR GRIĶIEM UN JAUNLOPA GAĻU 6+ 190G,etop.lv,2.21 € - 2.59 €,1.59,8.37,€/kg,https://cdn.etop.lv/products/4751017940563-328x328.png
BIEZENIS RŪDOLFS CUKINI ĶIRBIS KARTUPELIS AR VISTU 6+ 190G,etop.lv,2.21 € - 2.59 €,1.59,8.37,€/kg,https://cdn.etop.lv/products/4751017940549-328x328.png
TĒJA ZĀĻU HERBITUM BRONCHUS 1.5GX20,etop.lv,2.39 € - 2.69 €,1.59,,,https://cdn.etop.lv/products/4770161100296-328x328.png
KONFEKŠU KĀRBA LAIMA AR RĪGAS MELNO BALZAMU IZLASE 420G,etop.lv,13.99 € - 14.99 €,10.49,24.98,€/kg,https://cdn.etop.lv/products/4750001950038-328x328.png
TĒJA ZĀĻU HERBITUM NERVUS 1.5GX20,etop.lv,2.39 € - 2.69 €,1.59,,,https://cdn.etop.lv/products/4770161100302-328x328.png
TĒJA AUGĻU LOYD AR MEŽA OGU GARŠU PYRAMIDS 20GAB 2GX20,etop.lv,2.59 € - 2.99 €,2.09,,,https://cdn.etop.lv/products/5900396022455-328x328.png
SALD. KRUASĀNI IZCEP PATS MINI SVIESTA 9GAB 300G,etop.lv,,4.19,13.97,€/kg,https://cdn.etop.lv/products/4750192770491-328x328.png
VAFEĻU TORTE LAIMA LĀCĪTIS ĶEPAINĪTIS 350G,etop.lv,6.99 € - 7.99 €,5.39,15.40,€/kg,https://cdn.etop.lv/products/4750001955583-328x328.png
BIEZENIS RŪDOLFS VISTAS GAĻAS 6+ 120G,etop.lv,2.65 € - 2.99 €,2.05,17.08,€/kg,https://cdn.etop.lv/products/4751017940815-328x328.png
BIEZENIS RŪDOLFS JAUNLOPA GAĻAS 6+ 120G,etop.lv,2.79 € - 3.29 €,2.19,18.25,€/kg,https://cdn.etop.lv/products/4751017940808-328x328.png
PIENA ŠOKOLĀDE ALPINELLA AR ZEMESRIEKSTIEM 90G,etop.lv,1.09 € - 1.15 €,0.89,9.89,€/kg,https://cdn.etop.lv/products/5901806003026-328x328.png
RŪGTA ŠOKOLĀDE ALPINELLA 90G,etop.lv,1.09 € - 1.19 €,0.89,9.89,€/kg,https://cdn.etop.lv/products/5901806003002-328x328.png
PIENA ŠOKOLĀDE ALPINELLA 90G,etop.lv,1.09 € - 1.15 €,0.89,9.89,€/kg,https://cdn.etop.lv/products/5901806002975-328x328.png
GARDUMS SUŅIEM PEDIGREE DENTASTIX LARGE 7GAB 270G,etop.lv,4.99 € - 5.29 €,3.29,12.19,€/kg,https://cdn.etop.lv/products/5998749109113-328x328.png
SALDĒJUMS TIP TOP ŠOKOLĀDES GARŠAS VAFEĻU GLĀZĒ  65G,etop.lv,,0.49,7.54,€/kg,https://cdn.etop.lv/products/4751023451114-328x328.png
ŠOKOLĀDES KRĒMS NUTELLA RIEKSTU 600G,etop.lv,8.59 € - 9.55 €,6.79,11.32,€/kg,https://cdn.etop.lv/products/8000500179864-328x328.png
SALDĒJUMS MR.BIG VAN. KRĒJ. ŠOK. GLAZŪRĀ UZ KOCIŅA 90G,etop.lv,1.19 € - 1.39 €,0.79,8.78,€/kg,https://cdn.etop.lv/products/4740188017594-328x328.png
KAFIJAS PUPIŅAS JACOBS KRONUNG 1KG,etop.lv,29.79 € - 29.99 €,14.99,14.99,€/kg,https://cdn.etop.lv/products/8711000539330-328x328.png
KAFIJAS PUPIŅAS JACOBS CREMA 1KG,etop.lv,20.69 € - 29.99 €,14.99,14.99,€/kg,https://cdn.etop.lv/products/8711000539217-328x328.png
KAFIJAS KAPSULAS NESCAFE DG LATTE MACHIATTO 183.2G,etop.lv,8.69 € - 9.49 €,5.99,32.70,€/kg,https://cdn.etop.lv/products/7613037491159-328x328.png
KAKAO KAPSULAS NESCAFE DG NESQUIK 256G,etop.lv,8.59 € - 8.69 €,5.99,23.40,€/kg,https://cdn.etop.lv/products/7613033157776-328x328.png
PELMEŅI TIP TOP MINI 700G,etop.lv,,2.59,3.70,€/kg,https://cdn.etop.lv/products/4751023451367-328x328.png
TRAUKU MAZG.LĪDZ.FAIRY SENSITIVE TEA TREE MINT 900ML,etop.lv,4.99 € - 5.09 €,2.99,3.32,€/l,https://cdn.etop.lv/products/4015400958130-328x328.png
SIERS SMILTENE GRANISTER 12 MĒN. 250G,etop.lv,5.49 € - 6.19 €,3.99,15.96,€/kg,https://cdn.etop.lv/products/4750109018821-328x328.png
GALETES RICE UP BRŪNO RĪSU AR MELNAJIEM RĪSIEM BEZ SĀLS 120G,etop.lv,1.59 € - 1.69 €,1.29,10.75,€/kg,https://cdn.etop.lv/products/3800233070019-328x328.png
GALETES RICE UP BRŪNO RĪSU AR HIMALAJU SĀLI 120G,etop.lv,1.63 € - 1.69 €,1.29,10.75,€/kg,https://cdn.etop.lv/products/3800233070026-328x328.png
PIENA DZĒRIENS MÜLLERMILCH ŠOKOLĀDES 400ML,etop.lv,1.62 € - 1.65 €,0.99,2.48,€/l,https://cdn.etop.lv/products/4025500132477-328x328.png
PIENA DZĒRIENS MÜLLERMILCH ZEMEŅU 400ML,etop.lv,1.62 € - 1.65 €,0.99,2.48,€/l,https://cdn.etop.lv/products/4025500135645-328x328.png
BARĪBA KAĶIEM SAUSĀ PERFECT FIT AR CĀĻA G. KAĶĒNIEM 750G,etop.lv,,6.45,8.60,€/kg,https://cdn.etop.lv/products/5900951307768-328x328.png
BARĪBA KAĶIEM KONS.SHEBA MĀJPUTNU GAĻAS IZLASE 85GX4,etop.lv,3.42 € - 3.75 €,1.99,,,https://cdn.etop.lv/products/4770608257408-328x328.png
BARĪBA KAĶIEM KONS.SHEBA GAĻAS IZLASE 85GX4,etop.lv,3.42 € - 3.75 €,1.99,,,https://cdn.etop.lv/products/4770608257385-328x328.png
BARĪBA KAĶIEM KONS.SHEBA ZIVJU IZLASE 85GX4,etop.lv,3.42 € - 3.75 €,1.99,,,https://cdn.etop.lv/products/4770608257422-328x328.png
PIENS ALMA LAUKU 3.6-4.2% 1L,etop.lv,1.49 € - 1.67 €,1.19,1.19,€/l,https://cdn.etop.lv/products/4740125120233-328x328.png
DESA TIP TOP AUKSTI KŪPINĀTA ŠĶĒLĒS 90G,etop.lv,,1.19,13.22,€/kg,https://cdn.etop.lv/products/4770118413554-328x328.png
GARDUMS SUŅIEM ADVENTUROS NUGGETS 90G,etop.lv,,1.99,22.11,€/kg,https://cdn.etop.lv/products/7613035516458-328x328.png
GARDUMS SUŅIEM ADVENTUROS NŪJIŅAS 120G,etop.lv,,1.99,16.58,€/kg,https://cdn.etop.lv/products/7613035516335-328x328.png
GARDUMS SUŅIEM ADVENTUROS STRĒMELES 90G,etop.lv,,1.99,22.11,€/kg,https://cdn.etop.lv/products/7613035516472-328x328.png
PIENA DZĒRIENS MÜLLERMILCH BANĀNU 400ML,etop.lv,1.62 € - 1.65 €,0.99,2.48,€/l,https://cdn.etop.lv/products/4025500135614-328x328.png
ZEMESRIEKSTI ESTRELLA OWEN ROASTED SĀLĪTI 140G METĀLA BUNDŽĀ,etop.lv,2.87 € - 2.99 €,1.99,14.21,€/kg,https://cdn.etop.lv/products/4779028344774-328x328.png
PIENS TIP TOP 2.5% 1L,etop.lv,,0.78,0.78,€/l,https://cdn.etop.lv/products/4751023451602-328x328.png
GARDUMS KAĶIEM DREAMIES AR VISTU 60G,etop.lv,,2.09,34.83,€/kg,https://cdn.etop.lv/products/5998749130834-328x328.png
ČIPSI PRINGLES AR BBQ GARŠU 165G,etop.lv,,2.39,14.48,€/kg,https://cdn.etop.lv/products/5053990161966-328x328.png
BARĪBA KAĶIEM KONS.GOURMET GOLD SAVOURY VISTA BURKĀNI 85G,etop.lv,,0.85,10.00,€/kg,https://cdn.etop.lv/products/7613035465664-328x328.png
CIETE ALOJA KARTUPEĻU 400G,etop.lv,,1.09,2.72,€/kg,https://cdn.etop.lv/products/4750073221142-328x328.png
ZEMESRIEKSTI JEGA APVALKĀ AR SĪPOLU GARŠU 200G,etop.lv,1.98 € - 2.10 €,1.49,7.45,€/kg,https://cdn.etop.lv/products/4771173208390-328x328.png
ZOBU BIRSTE COLGATE ZIG-ZAG MEDIUM,etop.lv,2.09 € - 2.39 €,1.19,,,https://cdn.etop.lv/products/7610196003544-328x328.png
TĪR.LĪDZEKLIS AJAX LOGIEM ZILS 500ML,etop.lv,3.09 € - 3.69 €,2.39,4.78,€/l,https://cdn.etop.lv/products/8718951137615-328x328.png
TĪR.LĪDZEKLIS AJAX LOGIEM ZAĻŠ 500ML,etop.lv,3.09 € - 3.69 €,2.39,4.78,€/l,https://cdn.etop.lv/products/8714789576688-328x328.png
BARĪBA KAĶIEM KONS.GOURMET GOLD SAVOURY LIELL.TOMĀTI 85,etop.lv,,0.85,,,https://cdn.etop.lv/products/7613035464032-328x328.png
ŠOKOLĀDES BATONIŅŠ DAIM DUBULTAIS 56G,etop.lv,,1.85,33.04,€/kg,https://cdn.etop.lv/products/7310511257507-328x328.png
DESA ĶEKAVA DOKTORA CĀĻA 350G,etop.lv,2.45 € - 2.69 €,1.79,5.11,€/kg,https://cdn.etop.lv/products/4750303005924-328x328.png
SVECE ĀRA REZERVE PLASTMASAS BALTA 36H 13.5CM,etop.lv,1.59 € - 1.87 €,1.18,,,https://cdn.etop.lv/products/4771086347773-328x328.png
SVECE ĀRA STIKLA AR MAINĀMU REZERVI 36H 24CM,etop.lv,2.89 € - 3.99 €,2.22,,,https://cdn.etop.lv/products/4771086349074-328x328.png
GARDUMS KAĶIEM DREAMIES AR LASI 60G,etop.lv,,2.09,34.83,€/kg,https://cdn.etop.lv/products/5998749130858-328x328.png
ETIĶIS KUHNE BALTVĪNA VALRIEKSTU 250ML,etop.lv,1.99 € - 2.19 €,1.59,6.36,€/l,https://cdn.etop.lv/products/40737904-328x328.png
ADŽIKA RUNA ABHĀZU GAUMĒ 212G,etop.lv,1.69 € - 1.75 €,1.09,5.14,€/kg,https://cdn.etop.lv/products/4820015943880-328x328.png
ADŽIKA RUNA KAUKĀZA GAUMĒ 212G,etop.lv,1.49 € - 1.55 €,1.09,5.14,€/kg,https://cdn.etop.lv/products/4820015944016-328x328.png
SALDĒJUMS DRUVA VANIĻAS 500G,etop.lv,3.25 € - 3.85 €,2.59,5.18,€/kg,https://cdn.etop.lv/products/4751032250364-328x328.png
SALDĒJUMS DRUVA ŠOKOLĀDES 500G,etop.lv,3.25 € - 3.85 €,2.59,5.18,€/kg,https://cdn.etop.lv/products/4751032250272-328x328.png
KAFIJAS KAPSULAS NESCAFE DG ESPRESSO INTENSO 112G,etop.lv,7.69 € - 8.69 €,5.99,53.48,€/kg,https://cdn.etop.lv/products/7613036867436-328x328.png
KAFIJAS KAPSULAS NESCAFE DG CAPUCCINO 186.4G,etop.lv,7.69 € - 8.69 €,5.99,32.14,€/kg,https://cdn.etop.lv/products/7613036306270-328x328.png
RĪSI VALDO PARBOILED 125GX4,etop.lv,1.85 € - 1.95 €,1.49,,,https://cdn.etop.lv/products/4750133071021-328x328.png
RĪSI VALDO BRŪNIE 125GX4,etop.lv,1.65 € - 1.69 €,1.49,,,https://cdn.etop.lv/products/4750133074022-328x328.png
PIENS ALMA 2.5% 2L,etop.lv,2.30 € - 2.60 €,1.59,0.80,€/l,https://cdn.etop.lv/products/4740125120318-328x328.png
GRAUZDIŅI FLINT RUDZU SPICY 70G,etop.lv,0.77 € - 0.79 €,0.55,7.86,€/kg,https://cdn.etop.lv/products/4823127301920-328x328.png
PUSSPĀRNI ĶEKAVA CĀĻU AUGŠDAĻA A KAT. SVAIGI FAS. 500G,etop.lv,2.30 € - 2.36 €,1.69,3.38,€/kg,https://cdn.etop.lv/products/4750303007294-328x328.png
ZEMESRIEKSTI JEGA APVALKĀ AR SIERU UN SĪPOLU GARŠU 200G,etop.lv,1.99 € - 2.10 €,1.49,7.45,€/kg,https://cdn.etop.lv/products/4771173208758-328x328.png
BIEZPIENS LIMBAŽU PIENS VĀJPIENA 0.5% 170G,etop.lv,,1.19,7.00,€/kg,https://cdn.etop.lv/products/4750025897821-328x328.png
ZEMESRIEKSTI JEGA APVALKĀ AR KRĒJUMA UN SĪPOLU GARŠU 200G,etop.lv,2.09 € - 2.10 €,1.49,7.45,€/kg,https://cdn.etop.lv/products/4771173210126-328x328.png
SKĀBAIS KRĒJUMS SMILTENE 20% 400G,etop.lv,,1.69,4.22,€/kg,https://cdn.etop.lv/products/4750109000338-328x328.png
TOSTERMAIZE FAZER SĒKLU BAGĀTĪGĀ 450G,etop.lv,,1.84,4.09,€/kg,https://cdn.etop.lv/products/4750212902147-328x328.png
BIEZZUPA RŪDOLFS DĀRZEŅU AR VISTAS GAĻ.SIERU 8+190G,etop.lv,2.21 € - 2.59 €,1.59,8.37,€/kg,https://cdn.etop.lv/products/4751017940976-328x328.png
VAFELES SELGA MINI AR VANIĻAS GARŠU 250G,etop.lv,3.79 € - 3.99 €,2.19,8.76,€/kg,https://cdn.etop.lv/products/4750007790386-328x328.png
VAFELES SELGA MINI AR ŠOKOLĀDES GARŠU 250G,etop.lv,3.79 € - 3.99 €,2.19,8.76,€/kg,https://cdn.etop.lv/products/4750007790379-328x328.png
KONFEKŠU KĀRBA LINDT LINDOR ASORTI 200G,etop.lv,6.09 € - 6.99 €,4.99,24.95,€/kg,https://cdn.etop.lv/products/7610400112215-328x328.png
KONFEKŠU KĀRBA LINDT LINDOR 200G,etop.lv,9.99 € - 10.99 €,4.99,24.95,€/kg,https://cdn.etop.lv/products/7610400082549-328x328.png
MAKARONI PASTA ZARA FUSILLI SMALKĀS NR.64 500G,etop.lv,1.89 € - 1.95 €,1.39,2.78,€/kg,https://cdn.etop.lv/products/8004350130648-328x328.png
MAKARONI PASTA ZARA CORNETTI RIGATI NR.27 500G,etop.lv,1.89 € - 2.09 €,1.39,2.78,€/kg,https://cdn.etop.lv/products/8004350130273-328x328.png
KOKTEIĻĶIRŠI OPIES AR KĀT. SARKANI 125G,etop.lv,4.99 € - 6.09 €,3.99,31.92,€/kg,https://cdn.etop.lv/products/5010392002525-328x328.png
BULJONS GALLINA BLANCA DĀRZEŅU 8X10G,etop.lv,0.79 € - 0.85 €,0.69,69.00,€/kg,https://cdn.etop.lv/products/8410300230281-328x328.png
BULJONS GALLINA BLANKA BEKONA 8X10G,etop.lv,0.79 € - 0.89 €,0.69,69.00,€/kg,https://cdn.etop.lv/products/8410300104629-328x328.png
NEKTĀRS CIDO PERSIKU 1L,etop.lv,2.05 € - 2.15 €,1.39,1.39,€/l,https://cdn.etop.lv/products/4750042804277-328x328.png
NEKTĀRS CIDO PLŪMJU 1L,etop.lv,2.05 € - 2.15 €,1.39,1.39,€/l,https://cdn.etop.lv/products/4750042884668-328x328.png
TĒJA MELNĀ MOŽUMS CEILONAS 100G,etop.lv,2.77 € - 2.85 €,1.99,19.90,€/kg,https://cdn.etop.lv/products/4750536000024-328x328.png
TĒJA AUGĻU MOŽUMS KARKADE 100G,etop.lv,2.69 € - 2.85 €,1.99,19.90,€/kg,https://cdn.etop.lv/products/4750536000338-328x328.png
PORCIJU MAIZE HANZAS MAIZNĪCA RUDZU RIKAS 330G,etop.lv,1.39 € - 1.56 €,0.99,3.00,€/kg,https://cdn.etop.lv/products/4740072130613-328x328.png
DESIŅAS RGK KNAKERI PUSŽĀVĒTAS 415G,etop.lv,3.75 € - 3.87 €,2.69,6.48,€/kg,https://cdn.etop.lv/products/4751005450173-328x328.png
KEFĪRS LIMBAŽU PIENS 2.5% 1KG,etop.lv,,0.99,0.99,€/kg,https://cdn.etop.lv/products/4750025120011-328x328.png
BEKONS NOO BROKASTU 135G,etop.lv,,2.19,16.22,€/kg,https://cdn.etop.lv/products/4740574080553-328x328.png
SALAMI NOO VASAĻU VĀRĪTA ŠĶĒLĒS 105G,etop.lv,,1.79,17.05,€/kg,https://cdn.etop.lv/products/4740574009820-328x328.png
MĒRCE SANTA MARIA ASĀ PIPARU 85G,etop.lv,2.05 € - 2.19 €,1.49,17.53,€/kg,https://cdn.etop.lv/products/7311310038809-328x328.png
MILTU MAISĪJUMS DOBELE RAUGA MĪKLA 500G,etop.lv,,1.69,3.38,€/kg,https://cdn.etop.lv/products/4750020040284-328x328.png
ŠOKOLĀDES KRĒMS NUTELLA RIEKSTU 350G,etop.lv,5.29 € - 6.19 €,4.49,12.83,€/kg,https://cdn.etop.lv/products/80177173-328x328.png
BATONIŅŠ KINDER MILK SLICE 28G,etop.lv,0.67 € - 0.73 €,0.59,21.07,€/kg,https://cdn.etop.lv/products/40084725-328x328.png
DŪMDESA RĪGAS MIESNIEKS JUBILEJAS ŠĶĒLĒS 100G,etop.lv,1.95 € - 2.19 €,1.64,16.40,€/kg,https://cdn.etop.lv/products/4750174000806-328x328.png
AUTIŅBIKSĪTES PAMPERS PREMIUM CARE S2 4-8KG 68GAB,etop.lv,16.99 € - 21.99 €,13.99,1.75,€/kg,https://cdn.etop.lv/products/8001841104874-328x328.png
KOKOSRIEKSTU PIENS SANTA MARIA LIESAIS 250ML,etop.lv,,2.99,11.96,€/l,https://cdn.etop.lv/products/7311312005465-328x328.png
MALTĀS GAĻAS MASA FOREVERS CŪKGAĻAS UN LIELLOPA 500G,etop.lv,2.99 € - 3.59 €,1.99,3.98,€/kg,https://cdn.etop.lv/products/4751003400965-328x328.png
SAULESPUĶU SĒKLAS BAZARO MELNAS CEPTAS AR SĀLI 300G,etop.lv,3.39 € - 3.79 €,2.29,7.63,€/kg,https://cdn.etop.lv/products/4770266186348-328x328.png
PAPĪRA DVIELIS TIP TOP 2KĀRTAS 1RULLIS 400 LAPAS,etop.lv,,3.99,,,https://cdn.etop.lv/products/4751023451879-328x328.png
NŪDELES OYAKATA VISTA TERJAKI 96G,etop.lv,1.79 € - 2.49 €,1.35,14.06,€/kg,https://cdn.etop.lv/products/5901384507800-328x328.png
BULJONS MAGGI VISTAS 10GX12,etop.lv,1.25 € - 1.59 €,0.99,,,https://cdn.etop.lv/products/8585002413024-328x328.png
SALDĒJUMS RŪJIENAS ŠOK. AR BRŪKLEŅU PIED .ŠOK. KONUSS 65G,etop.lv,0.89 € - 0.99 €,0.59,9.08,€/kg,https://cdn.etop.lv/products/4750075901363-328x328.png
DESIŅAS RĪGAS MIESNIEKS MĀRTIŅA 300G,etop.lv,,2.99,9.97,€/kg,https://cdn.etop.lv/products/4750174000936-328x328.png
OLAS OLUKSNE KŪTĪ DĒTAS NR.2 A ML 10GAB.,etop.lv,2.77 € - 2.99 €,2.39,,,https://cdn.etop.lv/products/4751028930461-328x328.png
POPKORNS POPHOUSE CLASSIC KARAMELIZĒTS 180G,etop.lv,1.25 € - 1.29 €,0.97,5.39,€/kg,https://cdn.etop.lv/products/4751028310201-328x328.png
POPKORNS POPHOUSE SALDAIS 130G,etop.lv,1.09 € - 1.29 €,0.79,6.08,€/kg,https://cdn.etop.lv/products/4751028310195-328x328.png
POPKORNS POPHOUSE SĀĻAIS 50G,etop.lv,0.75 € - 0.79 €,0.59,11.80,€/kg,https://cdn.etop.lv/products/4751028310188-328x328.png
BIEZPIENA SIERIŅŠ JEPPI AR BISKVĪTA KRĒMA GARŠU 38G,etop.lv,,0.20,5.26,€/kg,https://cdn.etop.lv/products/47463141-328x328.png
BIEZPIENA SIERIŅŠ JEPPI AR KRĒMA BRULĒ GARŠAS PILDĪJUMU 38G,etop.lv,,0.20,5.26,€/kg,https://cdn.etop.lv/products/47464148-328x328.png
JOGURTS DZERAMAIS BALTAIS SKYR AR SĀĻO KARAMELI 700G,etop.lv,1.79 € - 2.15 €,1.59,2.27,€/kg,https://cdn.etop.lv/products/4750072513750-328x328.png
EĻĻA BORGES OLĪVU EXTRA VIRGIN 750ML,etop.lv,13.99 € - 16.99 €,9.59,12.79,€/l,https://cdn.etop.lv/products/8410179100043-328x328.png
KONSERVI LASIS BANGA EĻĻĀ 120G,etop.lv,2.99 € - 3.29 €,2.29,19.08,€/kg,https://cdn.etop.lv/products/4751017402825-328x328.png
KONSERVI LASIS BANGA EĻĻĀ AR CITRONU 120G,etop.lv,2.99 € - 3.29 €,2.29,19.08,€/kg,https://cdn.etop.lv/products/4751017402849-328x328.png
BIEZENIS RŪDOLFS DĀRZEŅU AR LASI 6+ 190G,etop.lv,2.24 € - 2.75 €,1.72,9.05,€/kg,https://cdn.etop.lv/products/4751017941744-328x328.png
RUDZU MAIZE ĶELMĒNI RANKAS RUPJĀ 460G,etop.lv,,1.79,3.89,€/kg,https://cdn.etop.lv/products/4751001080084-328x328.png
CUKURS DANSUKKER BRŪNAIS NIEDRU 750G,etop.lv,2.89 € - 3.19 €,1.99,2.65,€/kg,https://cdn.etop.lv/products/4770074472077-328x328.png
KARTUPEĻU BIEZENIS MAGGI AR DILLĒM 50G,etop.lv,1.99 € - 2.19 €,1.29,25.80,€/kg,https://cdn.etop.lv/products/7613037086546-328x328.png
SALDĒJUMS B&J VANIĻAS AR CEPUMIEM 425G,etop.lv,8.99 € - 9.99 €,4.99,11.74,€/kg,https://cdn.etop.lv/products/8711327373105-328x328.png
KONSERVI ŠPROTES TIP TOP ELĻĀ KŪPINĀTAS 240G EO,etop.lv,,1.95,8.12,€/kg,https://cdn.etop.lv/products/4751023451893-328x328.png
KONSERVI BRĒTLIŅAS TIP TOP TOMĀTU MĒRCĒ APCEPTAS 240G EO,etop.lv,,1.69,7.04,€/kg,https://cdn.etop.lv/products/4751023450179-328x328.png
KONSERVI MAKRELES TIP TOP TOMĀTU MĒRCĒ 240G EO,etop.lv,,2.39,9.96,€/kg,https://cdn.etop.lv/products/4751023451886-328x328.png
TORTILLAS KLASISKĀ LATVIJAS MAIZNIEKS KVIEŠU 360G,etop.lv,2.67 € - 2.68 €,1.69,4.69,€/kg,https://cdn.etop.lv/products/4750192758352-328x328.png
MINI KIJEVAS KOTLETES RĪGAS MIESNIEKS AR SIERA PILD. 300G,etop.lv,,3.49,11.63,€/kg,https://cdn.etop.lv/products/4750174001087-328x328.png
DEZODORANTS NIVEA BLACK&WHITE ORIGINAL RULLĪTIS VĪR.50ML,etop.lv,5.39 € - 5.79 €,2.89,57.80,€/l,https://cdn.etop.lv/products/42246954-328x328.png
DEZODERANTS RULLĪTIS SIEVIEŠU NIVEA PEARL BEAUTY 50ML,etop.lv,2.99 € - 5.29 €,2.89,57.80,€/l,https://cdn.etop.lv/products/42246992-328x328.png
KONSERVI SKUMBRIJA TIP TOP EĻĻĀ 240G EO,etop.lv,,2.39,9.96,€/kg,https://cdn.etop.lv/products/4751023451909-328x328.png
ZUPA NONGSHIM NŪDEĻU SHIN RAMYUN 120G,etop.lv,1.94 € - 2.19 €,1.59,13.25,€/kg,https://cdn.etop.lv/products/8801043150620-328x328.png
KAFIJAS KAPSULAS NESCAFE DG FLAT WHITE 187.2G,etop.lv,,8.69,46.42,€/kg,https://cdn.etop.lv/products/7613036595735-328x328.png
KĒKSS SIGULDAS MAIZNIEKS AR ROZĪNĒM 400G,etop.lv,2.79 € - 3.19 €,1.99,4.98,€/kg,https://cdn.etop.lv/products/4750432020232-328x328.png
SALD. FILEJAS FINDUS MINTAJA EXTRA CROUSTILLANT 250G,etop.lv,5.99 € - 6.69 €,2.99,11.96,€/kg,https://cdn.etop.lv/products/3599741004677-328x328.png
SALD. FILEJAS FINDUS MINTAJAS PANĒTAS AR ZAĻUMIEM 225G,etop.lv,5.99 € - 6.69 €,3.29,14.62,€/kg,https://cdn.etop.lv/products/3599741005612-328x328.png
SIERS SMILTENE KLASISKAIS ŠĶĒLĒS 150G,etop.lv,1.99 € - 2.29 €,1.69,11.27,€/kg,https://cdn.etop.lv/products/4750109000604-328x328.png
SIERS DŽIUGAS DELICATE 24MĒN.180G,etop.lv,,4.79,26.61,€/kg,https://cdn.etop.lv/products/4770299392990-328x328.png
ŠOKOLĀDES BATONIŅŠ TUPLA DOUBLE WHITE NOUGAT 48G,etop.lv,1.39 € - 1.49 €,0.89,18.54,€/kg,https://cdn.etop.lv/products/6420256015681-328x328.png
KRĒMSIERS PHILADELPHIA CLASSIC 200G,etop.lv,,3.49,17.45,€/kg,https://cdn.etop.lv/products/7622210582799-328x328.png
DZĒRIENS ODDLYGOOD AUZU BARISTA 1L UHT,etop.lv,2.99 € - 3.15 €,2.29,2.29,€/l,https://cdn.etop.lv/products/6430081490041-328x328.png
BIEZENIS RŪDOLFS DĀRZEŅU AR MAKARONIEM UN JAUNL.GAĻU 8+ 190G,etop.lv,2.01 € - 2.59 €,1.59,8.37,€/kg,https://cdn.etop.lv/products/4751017942109-328x328.png
ZOBU BIRSTE JORDAN CLEAN SMILE FSA SOFT 1GAB,etop.lv,,1.99,,,https://cdn.etop.lv/products/7046110070161-328x328.png
ZOBU PASTA SENSODYNE FLUORIDE 75ML,etop.lv,6.29 € - 6.69 €,2.99,39.87,€/l,https://cdn.etop.lv/products/5054563186904-328x328.png
KAFIJAS KAPSULAS NESCAFE DG CARAMEL LATTE MACCHIATO 145G,etop.lv,8.58 € - 8.69 €,5.99,41.31,€/kg,https://cdn.etop.lv/products/7613037788884-328x328.png
UZTURA BAGĀTINĀTĀJS KALCIJS+MAGNIJS+CINKS +D3VIT 30GAB,etop.lv,3.99 € - 4.59 €,3.19,,,https://cdn.etop.lv/products/4751022430417-328x328.png
UZTURA BAGĀTINĀTĀJS MAGNIJS B6 30GAB,etop.lv,3.89 € - 4.59 €,3.19,,,https://cdn.etop.lv/products/4751022430486-328x328.png
UZTURA BAGĀTINĀTĀJS VITAMĪNS D 4000IU KAPSULAS 60GAB,etop.lv,4.59 € - 5.29 €,3.29,,,https://cdn.etop.lv/products/4751022430707-328x328.png
BATONIŅŠ NESTLE PILNGRAUDU NESQUIK 25G,etop.lv,0.55 € - 0.62 €,0.45,18.00,€/kg,https://cdn.etop.lv/products/8593893007437-328x328.png
KROKETES RĪGAS MIESNIEKS CĀĻA 500G,etop.lv,2.99 € - 3.25 €,2.29,4.58,€/kg,https://cdn.etop.lv/products/4740003002996-328x328.png
UZTURA BAGĀTINĀTĀJS MULTIVITAMĪNI DR.VITT ŠĶĪSTOŠIE 86G,etop.lv,1.99 € - 2.69 €,1.39,16.16,€/kg,https://cdn.etop.lv/products/5902891170976-328x328.png
UZTURA BAGĀTINĀTĀJS VITAMĪNI DR.VITT ŠĶĪSTOŠIE C VIT.86G,etop.lv,1.99 € - 2.69 €,1.39,16.16,€/kg,https://cdn.etop.lv/products/5902891170990-328x328.png
KAKAO ŠĶĪSTOŠS VAN EXTRA 75G,etop.lv,1.87 € - 2.99 €,1.49,19.87,€/kg,https://cdn.etop.lv/products/5900910000075-328x328.png
IKDIENAS IELIKTNĪŠI NATURELLA LINERS IKDIENAS 20GAB.,etop.lv,,2.19,,,https://cdn.etop.lv/products/4015400240310-328x328.png
PUSSPĀRNI ĶEKAVA LIELISKIE CĀĻA 500G,etop.lv,,3.99,7.98,€/kg,https://cdn.etop.lv/products/4750303000660-328x328.png
LINEĻĻA CAPS 150 KAPSULAS 230MG,etop.lv,3.69 € - 3.89 €,3.39,,,https://cdn.etop.lv/products/4742987010455-328x328.png
UZTURA BAGĀTINĀTĀJS AKTIVĒTĀ OGLE 250MG 10GAB,etop.lv,0.29 € - 0.35 €,0.18,,,https://cdn.etop.lv/products/4820025747607-328x328.png
MUKALTĪNS 12 TAB.,etop.lv,0.59 € - 0.69 €,0.42,,,https://cdn.etop.lv/products/4820181981198-328x328.png
UZTURA BAGĀTINĀTĀJS VALIDOLS 10GAB,etop.lv,1.29 € - 1.35 €,0.90,,,https://cdn.etop.lv/products/4820007355950-328x328.png
BALTMAIZE LATVIJAS MAIZNIEKS LIELMAIZE KEFĪRA 500G,etop.lv,1.84 € - 1.85 €,1.29,2.58,€/kg,https://cdn.etop.lv/products/4750192732833-328x328.png
BALTMAIZE LATVIJAS MAIZNIEKS LIELMAIZE RUDZU 500G,etop.lv,1.84 € - 1.85 €,1.29,2.58,€/kg,https://cdn.etop.lv/products/4750192732802-328x328.png
BARĪBA KAĶIEM KONS.FELIX SENSATIONS GAĻAS IZLASE 85GX4,etop.lv,,2.35,,,https://cdn.etop.lv/products/7613039923016-328x328.png
BARĪBA KAĶIEM KONS.FELIX SENSATIONS JELLIES ZIVJU IZL. 85GX4,etop.lv,,2.35,,,https://cdn.etop.lv/products/7613039917626-328x328.png
BARĪBA KAĶIEM KONS.FELIX FANTASTIC JUNIOR AR VISTAS G.85GX4,etop.lv,2.35 € - 2.45 €,1.19,,,https://cdn.etop.lv/products/7613039917367-328x328.png
BARĪBA KAĶIEM KONS.FELIX SENSATIONS SAUCES GAĻAS IZL.85GX4,etop.lv,,2.35,,,https://cdn.etop.lv/products/7613039916629-328x328.png
ANANASI SEEBERGER GABALIŅI 200G,etop.lv,4.89 € - 4.99 €,3.99,19.95,€/kg,https://cdn.etop.lv/products/4008258414019-328x328.png
MĒRCE OAK'A BBQ SALDSKĀBĀ ČILI 600G,etop.lv,4.39 € - 4.85 €,3.29,5.48,€/kg,https://cdn.etop.lv/products/4751032370277-328x328.png
LEDENES EM-EUKAL INGVERS APELSĪNS BEZ CUKURA 50G,etop.lv,1.99 € - 2.19 €,1.39,27.80,€/kg,https://cdn.etop.lv/products/4009077072541-328x328.png
ASINSDESA RGK AR PĒRĻU GRŪBĀM CEPTA 450G,etop.lv,2.89 € - 3.45 €,2.39,5.31,€/kg,https://cdn.etop.lv/products/4750170001357-328x328.png
RULETE ĶEKAVA FILEJAS 450G,etop.lv,5.89 € - 5.99 €,3.99,8.87,€/kg,https://cdn.etop.lv/products/4750303014872-328x328.png
SVECE GLĀZĪTĒ AROM. DIANA LAVANDA 30H,etop.lv,2.49 € - 2.69 €,1.88,,,https://cdn.etop.lv/products/4750746021345-328x328.png
SVECE GLĀZĪTĒ AROM. DIANA OGAS TRAUCIŅĀ 30H,etop.lv,2.49 € - 2.69 €,1.88,,,https://cdn.etop.lv/products/4750746021352-328x328.png
SVECE GLĀZĪTĒ AROM. DIANA VANIĻA 30H,etop.lv,2.49 € - 2.69 €,1.88,,,https://cdn.etop.lv/products/4750746021369-328x328.png
SVECE CILINDRS LILLĀ 56H 6X18CM,etop.lv,2.79 € - 3.19 €,2.22,,,https://cdn.etop.lv/products/4750746005857-328x328.png
SVECE ĀRA STIKLĀ AR VĀCIŅU BALTA 24H 15CM,etop.lv,1.99 € - 2.99 €,1.59,,,https://cdn.etop.lv/products/4771086346547-328x328.png
SVECE GALDA PROVENCE VIOLETA 7.5H 25CM,etop.lv,0.59 € - 0.89 €,0.41,,,https://cdn.etop.lv/products/8591177067597-328x328.png
JOGURTS LIMBAŽU PIENS PERSIKU 320G,etop.lv,,0.99,3.09,€/kg,https://cdn.etop.lv/products/4750025901849-328x328.png
PAPĪRA DVIEĻI GRITE WHITE RABBIT 2KĀRTAS 1RULLIS 500LAPAS,etop.lv,4.99 € - 5.59 €,2.89,,,https://cdn.etop.lv/products/4770023346091-328x328.png
BARĪBA KAĶIEM KONS.ONE STERILIZ. AR LASIS. BURKĀNIEM 85GX4,etop.lv,4.29 € - 4.89 €,2.57,,,https://cdn.etop.lv/products/8445291743694-328x328.png
BARĪBA KAĶIEM KONS.ONE VISTA.ZAĻĀS PUPIŅAS 85GX4,etop.lv,4.29 € - 4.89 €,2.57,,,https://cdn.etop.lv/products/8445291743724-328x328.png
MUSLI BATONIŅŠ AXA AR RIEKSTIEM UN AUGĻIEM 23G,etop.lv,0.45 € - 0.55 €,0.35,15.22,€/kg,https://cdn.etop.lv/products/4820008125682-328x328.png
SALD. KARTUPEĻI AVIKO FRĪ ZIG ZAG 750G,etop.lv,3.35 € - 3.95 €,2.49,3.32,€/kg,https://cdn.etop.lv/products/8710449944583-328x328.png
KAFIJA MALTA MERRILD IN CUP 500G,etop.lv,,13.99,27.98,€/kg,https://cdn.etop.lv/products/8000070060333-328x328.png
TRAUKU MAZG.MAŠĪNAI SĀLS SOMAT 1.5KG,etop.lv,5.49 € - 6.19 €,3.29,2.19,€/kg,https://cdn.etop.lv/products/9000100147293-328x328.png
TRAUKU MAZG.MAŠĪNAI SKALOŠANAS LĪDZ.SOMAT EXTRA DRY 750ML,etop.lv,7.59 € - 8.75 €,4.99,6.65,€/l,https://cdn.etop.lv/products/9000100344098-328x328.png
KRĒMZUPA MAGGI VISTAS AR GRAUZDIŅIEM ŠĶĪSTOŠĀ 16G,etop.lv,0.59 € - 0.75 €,0.49,30.62,€/kg,https://cdn.etop.lv/products/7613032292232-328x328.png
SALDĒJUMS RŪJIENAS DZĒRVEŅU KONUSS  65G,etop.lv,0.89 € - 0.99 €,0.59,9.08,€/kg,https://cdn.etop.lv/products/4750075132064-328x328.png
BATONIŅŠ KINDER MAXI KING 35G,etop.lv,,0.89,25.43,€/kg,https://cdn.etop.lv/products/4008400553023-328x328.png
KAFIJA ŠĶĪSTOŠĀ NESCAFE CLASSIC 200G STIKLS,etop.lv,12.49 € - 12.59 €,6.99,34.95,€/kg,https://cdn.etop.lv/products/7613031918881-328x328.png
SALDĒJUMS SNICKERS ICE BAR SINGLE 48G,etop.lv,1.29 € - 1.49 €,0.79,16.46,€/kg,https://cdn.etop.lv/products/5000159343961-328x328.png
SALDĒJUMS MARS ICE BAR SINGLE 42G,etop.lv,1.29 € - 1.35 €,0.79,18.81,€/kg,https://cdn.etop.lv/products/5000159397360-328x328.png
KAFIJA MALTA DALLMAYR PRODOMO 500G,etop.lv,16.79 € - 19.39 €,9.99,19.98,€/kg,https://cdn.etop.lv/products/4008167103714-328x328.png
EĻĻA IECAVNIEKS LINSĒKLU AUKSTI SP.200ML,etop.lv,2.45 € - 2.79 €,1.96,9.80,€/l,https://cdn.etop.lv/products/4751002420476-328x328.png
DESA RĪGAS MIESNIEKS AR SIERU 400G,etop.lv,1.99 € - 2.19 €,1.59,3.98,€/kg,https://cdn.etop.lv/products/4740003010168-328x328.png
RUDZU MAIZE LĀČI ĪSTA NO LIELĀ KUKUĻA 400G,etop.lv,2.19 € - 2.27 €,1.69,4.22,€/kg,https://cdn.etop.lv/products/4751004795046-328x328.png
ŠĶILTAVAS TIP TOP ELEKTRONISKĀS,etop.lv,,0.41,,,https://cdn.etop.lv/products/4751010890056-328x328.png
KRUASĀNS 7DAYS AR KAKAO PILDĪJUMU MINI 185G,etop.lv,2.09 € - 2.19 €,1.59,8.59,€/kg,https://cdn.etop.lv/products/5201360543205-328x328.png
KRUASĀNS 7DAYS AR KAKAO PILDĪJUMU 60G,etop.lv,0.89 € - 0.99 €,0.69,11.50,€/kg,https://cdn.etop.lv/products/5201360521210-328x328.png
KRUASĀNS 7DAYS AR KAKAO UN VANIĻAS PILDĪJUMU 60G,etop.lv,0.95 € - 0.99 €,0.69,11.50,€/kg,https://cdn.etop.lv/products/5201360522712-328x328.png
ŠOKOLĀDES BATONIŅŠ KIT KAT CHANKY 40G,etop.lv,1.29 € - 1.35 €,0.79,19.75,€/kg,https://cdn.etop.lv/products/3800020423578-328x328.png
MATU KRĀSA PALETTE 3-0 TUMŠI BRŪNS,etop.lv,5.69 € - 6.39 €,2.99,,,https://cdn.etop.lv/products/3838824159454-328x328.png
MATU KRĀSA PALETTE 4-0 VIDĒJI BRŪNS,etop.lv,5.69 € - 6.39 €,2.99,,,https://cdn.etop.lv/products/3838824159492-328x328.png
MATU KRĀSA PALETTE 7-0 VIDĒJI BLONDS,etop.lv,5.69 € - 6.39 €,2.99,,,https://cdn.etop.lv/products/3838824159614-328x328.png
MATU KRĀSA PALETTE 4-89 INTENSĪVI VIOLETI SARKANS,etop.lv,5.69 € - 5.79 €,2.99,,,https://cdn.etop.lv/products/3838824159850-328x328.png
MATU KRĀSA PALETTE 6-88 INTENSĪVI SARKANS,etop.lv,5.69 € - 6.39 €,2.99,,,https://cdn.etop.lv/products/3838824159898-328x328.png
MATU KRĀSA PALETTE R2 TUMŠS SARKANKOKS,etop.lv,5.69 € - 6.39 €,2.99,,,https://cdn.etop.lv/products/3838824218557-328x328.png
MĒRCE KIKKOMAN SOJAS 150G,etop.lv,2.99 € - 3.99 €,2.30,15.33,€/kg,https://cdn.etop.lv/products/8715035110205-328x328.png
DESA JELGAVA BRENČA 550G,etop.lv,,2.89,5.25,€/kg,https://cdn.etop.lv/products/4751002209613-328x328.png
DESA JELGAVA KRAKOVAS 450G,etop.lv,3.45 € - 3.52 €,2.59,5.76,€/kg,https://cdn.etop.lv/products/4751002201730-328x328.png
PASTĒTE LIDO SVĒTKU LIELLOPU AKNU 120G,etop.lv,1.29 € - 1.45 €,0.89,7.42,€/kg,https://cdn.etop.lv/products/4750077100375-328x328.png
PASTĒTE LIDO CĀĻA 120G,etop.lv,1.09 € - 1.29 €,0.89,7.42,€/kg,https://cdn.etop.lv/products/4750077100382-328x328.png
VAFELES SELGA AR ŠOKOLĀDES GARŠU 90G,etop.lv,1.15 € - 1.35 €,0.75,8.33,€/kg,https://cdn.etop.lv/products/4750007817793-328x328.png
VAFELES SELGA AR CITRONU GARŠU 90G,etop.lv,1.15 € - 1.35 €,0.75,8.33,€/kg,https://cdn.etop.lv/products/4750007817748-328x328.png
SVECE CILINDRS ZILOŅKAULA 23H 5X10CM,etop.lv,1.19 € - 1.39 €,0.83,,,https://cdn.etop.lv/products/4750746003402-328x328.png
RAUDZĒTS PIENA PRODUKTS LAKTO SMILTSĒRKŠĶU 450G,etop.lv,,1.79,3.98,€/kg,https://cdn.etop.lv/products/4750025110616-328x328.png
KAUSĒTAIS SIERS DZINTARS AR BARAVIKĀM 200G,etop.lv,,2.35,11.75,€/kg,https://cdn.etop.lv/products/4750050526185-328x328.png
MĒRCE SPILVA ĶĪNAS SALDSKĀBĀ 500G,etop.lv,3.49 € - 4.09 €,2.19,4.38,€/kg,https://cdn.etop.lv/products/4750022019110-328x328.png
TOMĀTU PASTA SPILVA 265G,etop.lv,,1.99,7.51,€/kg,https://cdn.etop.lv/products/4750022000224-328x328.png
MĒRCE SPILVA SALĀTU 385G,etop.lv,2.15 € - 2.19 €,1.49,3.87,€/kg,https://cdn.etop.lv/products/4750022021014-328x328.png
SINEPES SPILVA FRANČU 200G,etop.lv,1.79 € - 1.85 €,1.39,6.95,€/kg,https://cdn.etop.lv/products/4750022174239-328x328.png
SINEPES SPILVA ANGĻU 200G,etop.lv,1.59 € - 1.75 €,1.39,6.95,€/kg,https://cdn.etop.lv/products/4750022175236-328x328.png
LUPATIŅA VILEDA MITRUMU UZSŪCOŠĀ 3GAB,etop.lv,3.79 € - 3.99 €,2.45,,,https://cdn.etop.lv/products/4003790028199-328x328.png
PUPIŅAS SPILVA TOMĀTU MĒRCĒ 580G,etop.lv,2.65 € - 2.89 €,1.99,3.43,€/kg,https://cdn.etop.lv/products/4750022184092-328x328.png
PUPAS SPILVA AR DĀRZEŅIEM 570G,etop.lv,2.99 € - 3.09 €,2.24,3.93,€/kg,https://cdn.etop.lv/products/4750022185099-328x328.png
IEVĀRĪJUMS PŪRE ZEMEŅU 410G,etop.lv,3.46 € - 3.59 €,2.51,6.12,€/kg,https://cdn.etop.lv/products/4750145022578-328x328.png
IEVĀRĪJUMS PŪRE AVEŅU 410G,etop.lv,4.49 € - 4.65 €,3.18,7.76,€/kg,https://cdn.etop.lv/products/4750145022356-328x328.png
IEVĀRĪJUMS PŪRE APELSĪNU UN SMILTSĒRKŠĶU 420G,etop.lv,4.39 € - 4.99 €,2.79,6.64,€/kg,https://cdn.etop.lv/products/4750145022318-328x328.png
SALAMI BIOVELA AUKSTI KŪPINĀTA 230G,etop.lv,2.49 € - 3.89 €,2.19,9.52,€/kg,https://cdn.etop.lv/products/4770118401384-328x328.png
CŪKGAĻAS ŠĶIŅĶIS BEZ KAULA AR ĀDU SVER. KGS,etop.lv,5.49 € - 6.99 €,2.99,,,https://cdn.etop.lv/products/238210140000-328x328.png
BIEZPIENS VALMIERA 5% 180G,etop.lv,,0.75,4.17,€/kg,https://cdn.etop.lv/products/4750074006823-328x328.png
GURĶI MUIŽKUNGU MARINĒTI 1KG,etop.lv,2.99 € - 3.39 €,2.37,2.37,€/kg,https://cdn.etop.lv/products/4751010861155-328x328.png
SVECE ĀRA PLASTMASAS AR VĀCIŅU BALTA 8H 8CM,etop.lv,0.37 € - 0.69 €,0.29,,,https://cdn.etop.lv/products/4771086346011-328x328.png
AUTIŅBIKSĪTES PAMPERS PREMIUM CARE S5 11-16KG 44GAB,etop.lv,19.99 € - 21.99 €,15.99,1.00,€/kg,https://cdn.etop.lv/products/4015400278870-328x328.png
AUTIŅBIKSĪTES PAMPERS PREMIUM CARE S3 5-9KG 60GAB,etop.lv,19.99 € - 21.99 €,15.99,1.78,€/kg,https://cdn.etop.lv/products/4015400274780-328x328.png
AUTIŅBIKSĪTES PAMPERS PREMIUM CARE S4 8-14KG 52GAB,etop.lv,19.99 € - 21.99 €,15.99,1.14,€/kg,https://cdn.etop.lv/products/4015400278818-328x328.png
AUKSTĀ GAĻA ĀDAŽI 450G,etop.lv,,2.39,5.31,€/kg,https://cdn.etop.lv/products/4751015680874-328x328.png
KŪKA KŪKO MEDUS 1KG,etop.lv,10.99 € - 11.99 €,8.99,8.99,€/kg,https://cdn.etop.lv/products/4750192243209-328x328.png
OLAS TIP TOP KŪTĪ DĒTAS NR.2 A ML 10GAB.,etop.lv,,2.39,,,https://cdn.etop.lv/products/4751023452425-328x328.png
KRĒMSIERS BALTAIS KLASISKAIS 400G,etop.lv,,3.39,8.48,€/kg,https://cdn.etop.lv/products/4750072112441-328x328.png
DZĒRIENS ORGANISKAIS MARGE MANDEĻU 1L,etop.lv,1.99 € - 2.19 €,1.79,1.79,€/l,https://cdn.etop.lv/products/4771459693759-328x328.png
KOŠĻĀJAMĀ GUMIJA ORBIT REFRESHERS TROPICAL BOTTLE 30GAB,etop.lv,,4.29,,,https://cdn.etop.lv/products/4009900540551-328x328.png
UZTURA BAGĀTINĀTĀJS CINKS 25 MG 60GAB,etop.lv,4.49 € - 5.09 €,3.14,,,https://cdn.etop.lv/products/4751022437522-328x328.png
UZTURA BAGĀTINĀTĀJS  KURKUMĪNS+INGVERS+MELNAIS PIPARS 30GAB,etop.lv,4.49 € - 4.59 €,3.35,,,https://cdn.etop.lv/products/4751022432480-328x328.png
UZTURA BAGĀTINĀTĀJS KOLAGĒNS 400MG 30GAB,etop.lv,4.49 € - 4.99 €,3.35,,,https://cdn.etop.lv/products/4751022432459-328x328.png
UZTURA BAGĀTINĀTĀJS JODS 200 UG 60GAB,etop.lv,4.49 € - 5.09 €,3.35,,,https://cdn.etop.lv/products/4751022437546-328x328.png
GĒLS DEGUNAM RINOGEL DROPS 15ML,etop.lv,6.99 € - 7.99 €,4.79,319.33,€/l,https://cdn.etop.lv/products/4751008082937-328x328.png
LĪDEZKLIS IESNU ĀRSTĒŠANAI RINOGĒLS SILVANOLS 20G,etop.lv,6.77 € - 6.95 €,4.25,212.50,€/kg,https://cdn.etop.lv/products/4751008084429-328x328.png
UZTURA BAGĀTINĀTAJS KAPSULAS GORESPIRO ELPCEĻIEM 15GAB,etop.lv,7.29 € - 8.49 €,5.09,,,https://cdn.etop.lv/products/4751008084931-328x328.png
UZTURA BAGĀTINĀTĀJS FARINGO'S LOLLIPOPS 5GAB,etop.lv,5.29 € - 5.49 €,3.69,,,https://cdn.etop.lv/products/4751008082968-328x328.png
D SĪRUPS SPILVA AR AVEŅU GARŠU 340ML,etop.lv,1.69 € - 1.79 €,1.29,3.79,€/l,https://cdn.etop.lv/products/4750022002662-328x328.png
D SĪRUPS SPILVA AR ĶIRŠU GARŠU 340ML,etop.lv,1.69 € - 1.79 €,1.29,3.79,€/l,https://cdn.etop.lv/products/4750022002679-328x328.png
D SĪRUPS SPILVA AR DZĒRVEŅU GARŠU 340ML,etop.lv,1.69 € - 1.79 €,1.29,3.79,€/l,https://cdn.etop.lv/products/4750022002655-328x328.png
D SĪRUPS SPILVA GRENADĪNA 340ML,etop.lv,1.69 € - 1.79 €,1.29,3.79,€/l,https://cdn.etop.lv/products/4750022002624-328x328.png
POPKORNS POPHOUSE RAINBOW SALDAIS 130G,etop.lv,1.25 € - 1.29 €,0.97,7.46,€/kg,https://cdn.etop.lv/products/4751028310614-328x328.png
SALDĒJUMS MĀJAS RUMA ROZĪŅU GLĀZĪTE 68G,etop.lv,1.09 € - 1.29 €,0.79,11.62,€/kg,https://cdn.etop.lv/products/8711327651272-328x328.png
BARĪBA KAĶIEM SAUSĀ PERFECT FIT STERILIZ. AR VISTU 1.4KG,etop.lv,10.99 € - 11.39 €,7.29,5.21,€/kg,https://cdn.etop.lv/products/4008429160417-328x328.png
BARĪBA KAĶIEM SAUSĀ PERFECT FIT INDOOR AR VISTAS GAĻU 1.4KG,etop.lv,10.99 € - 11.39 €,7.29,5.21,€/kg,https://cdn.etop.lv/products/5900951307713-328x328.png
GARDUMS SUŅIEM PEDIGREE RODEO DUOS VISTA/BEKONA G. 123G,etop.lv,1.89 € - 2.49 €,1.75,14.23,€/kg,https://cdn.etop.lv/products/5998749144299-328x328.png
D ALUS BEZALK.VALMIERMUIŽA 0% 0.5L STIKLS,etop.lv,1.99 € - 2.07 €,1.45,2.90,€/l,https://cdn.etop.lv/products/4751012097507-328x328.png
BARĪBA SUŅIEM KONS. RAFI AR MEDĪJUMU 800G,etop.lv,,2.99,3.74,€/kg,https://cdn.etop.lv/products/5902921305002-328x328.png
TUMŠĀ ŠOKOLĀDE PERGALE 85G,etop.lv,,2.69,31.65,€/kg,https://cdn.etop.lv/products/4770179994719-328x328.png
PIENA ŠOKOLĀDE PERGALE 85G,etop.lv,,2.49,29.29,€/kg,https://cdn.etop.lv/products/4770179994603-328x328.png
D ENERĢIJAS DZĒR.CULT BLUEBERRY COCONUT 500ML CAN,etop.lv,,1.55,3.10,€/l,https://cdn.etop.lv/products/4770477232650-328x328.png
SAUSĀS BROKASTIS NESTLE KIT KAT 330G,etop.lv,4.49 € - 5.09 €,2.89,8.76,€/kg,https://cdn.etop.lv/products/5900020043191-328x328.png
SALD. DĀRZEŅI FROZANA CEPŠANAI KLASISKĀ GAUMĒ 400G,etop.lv,1.69 € - 1.89 €,1.49,3.72,€/kg,https://cdn.etop.lv/products/5900652854011-328x328.png
SALD. DĀRZEŅI FROZANA CEPŠANAI ITAĻU GAUMĒ 400G,etop.lv,1.89 € - 2.19 €,1.49,3.72,€/kg,https://cdn.etop.lv/products/5907513020271-328x328.png
D SULAS DZĒRIENS GRANINI APELSĪNU MANGO 43% 1L PET,etop.lv,3.69 € - 3.75 €,2.99,2.99,€/l,https://cdn.etop.lv/products/4770569915690-328x328.png
SULAS DZĒRIENS ELMENHORSTER SARKANO VĪNOGU 15% 2L,etop.lv,2.89 € - 3.49 €,2.39,1.20,€/l,https://cdn.etop.lv/products/4770569915591-328x328.png
KAUSĒTAIS SIERS HOCHLAND TOST 130G,etop.lv,1.68 € - 2.09 €,1.39,10.69,€/kg,https://cdn.etop.lv/products/5902899146386-328x328.png
KAUSĒTAIS SIERS HOCHLAND CHEDDAR 130G,etop.lv,1.69 € - 2.09 €,1.39,10.69,€/kg,https://cdn.etop.lv/products/5902899146362-328x328.png
JOGURTS BALTAIS SALDĀ KRĒJUMA AR MELNAJIEM ĶIRŠIEM 400G,etop.lv,1.49 € - 1.62 €,1.25,3.12,€/kg,https://cdn.etop.lv/products/4750072411247-328x328.png
RAUDZĒTS PIENA PRODUKTS LAKTO MEŽA ZEMEŅU 450G,etop.lv,,1.79,3.98,€/kg,https://cdn.etop.lv/products/4750025893960-328x328.png
ČIPSI PRINGLES ORIGINAL 165G,etop.lv,,2.39,14.48,€/kg,https://cdn.etop.lv/products/5053990101573-328x328.png
ČIPSI PRINGLES AR KRĒJUMU UN SĪPOLIEM 165G,etop.lv,,2.39,14.48,€/kg,https://cdn.etop.lv/products/5053990101597-328x328.png
ČIPSI PRINGLES AR SIERU UN SĪPOLIEM 165G,etop.lv,,2.39,14.48,€/kg,https://cdn.etop.lv/products/5053990101535-328x328.png
BIEZENIS RŪDOLFS DĀRZEŅU AR JAUNLOPA GAĻU 6+ 190G,etop.lv,2.21 € - 2.59 €,1.59,8.37,€/kg,https://cdn.etop.lv/products/4751017940235-328x328.png
BIEZENIS RŪDOLFS DĀRZEŅU AR RĪSIEM UN JĒRA GAĻU 8+ 190G,etop.lv,2.24 € - 2.79 €,1.72,9.05,€/kg,https://cdn.etop.lv/products/4751017940242-328x328.png
MĒRCE KUHNE SALĀTU JOGURTA 500G,etop.lv,4.59 € - 5.19 €,3.69,7.38,€/kg,https://cdn.etop.lv/products/4012200331125-328x328.png
ETIĶIS KUHNE ĀBOLU 5% 750ML,etop.lv,3.49 € - 3.99 €,3.19,4.25,€/l,https://cdn.etop.lv/products/40122083-328x328.png
ETIĶIS KUHNE BALTVĪNA 250ml,etop.lv,2.35 € - 2.65 €,1.89,7.56,€/l,https://cdn.etop.lv/products/4012200194225-328x328.png
ETIĶIS KUHNE DI VINO ROSSO SARKANĀ VĪNA 250ML,etop.lv,2.19 € - 2.59 €,1.75,7.00,€/l,https://cdn.etop.lv/products/4012200194010-328x328.png
ETIĶIS KUHNE DI MELE ĀBOLU VĪNA 250ML,etop.lv,1.99 € - 2.35 €,1.59,6.36,€/l,https://cdn.etop.lv/products/4012200168615-328x328.png
BATERIJAS DURACELL CB AA 4GAB.,etop.lv,,3.99,,,https://cdn.etop.lv/products/5000394076952-328x328.png
BATERIJAS DURACELL CB AAA 4GAB.,etop.lv,,3.99,,,https://cdn.etop.lv/products/5000394077164-328x328.png
ĪRISS ROSHEN MILKY SPLASH TOFFEE SVER.,etop.lv,6.49 € - 7.59 €,5.49,,,https://cdn.etop.lv/products/4823077608810-328x328.png
MĒRCE KIKKOMAN SOJAS AR SAMAZ.SĀLS DAUDZ.150G,etop.lv,4.55 € - 4.89 €,3.40,22.67,€/kg,https://cdn.etop.lv/products/8715035130104-328x328.png
ZOBU PASTA SENSODYNE EXTRA WHITENING 75ML,etop.lv,6.69 € - 7.29 €,2.99,39.87,€/l,https://cdn.etop.lv/products/5054563233585-328x328.png
TORTILLAS SANTA MARIA KVIEŠU MAZĀS 200G,etop.lv,2.30 € - 2.60 €,1.49,7.45,€/kg,https://cdn.etop.lv/products/7311311021121-328x328.png
LINSĒKLAS IECAVNIEKS SMALCINĀTAS 500G,etop.lv,2.39 € - 2.99 €,1.67,3.34,€/kg,https://cdn.etop.lv/products/4751002420247-328x328.png
LINSĒKLAS IECAVNIEKS SMALCINĀTĀS AR INULĪNU 250G,etop.lv,2.48 € - 2.75 €,1.71,6.84,€/kg,https://cdn.etop.lv/products/4751002420407-328x328.png
D MINERĀLŪDENS MANGAĻI DABĪGAIS GĀZ.1.5L PET,etop.lv,,0.79,0.53,€/l,https://cdn.etop.lv/products/4750042001881-328x328.png
D DZĒRIENS MANGAĻI VITAFRUIT CITRONU LAIMA NEGĀZ.1.5L PET,etop.lv,,1.69,1.13,€/l,https://cdn.etop.lv/products/4750042001966-328x328.png
D MINERĀLŪDENS MANGAĻI DABĪGAIS NEGĀZ.1.5L PET,etop.lv,,0.79,0.53,€/l,https://cdn.etop.lv/products/4750042001898-328x328.png
D DZĒRIENS MANGAĻI VITAFRUIT CITRUSU GĀZ.1.5L PET,etop.lv,,1.69,1.13,€/l,https://cdn.etop.lv/products/4750042001928-328x328.png
D MINERĀLŪDENS MANGAĻI 1 VIEGLI GĀZ.1.5L PET,etop.lv,,0.79,0.53,€/l,https://cdn.etop.lv/products/4750042001904-328x328.png
TUALETES PAPĪRS ZEWA DELUXE PURE WHITE 3KĀRTAS 8RUĻĻI,etop.lv,5.99 € - 6.35 €,3.69,,,https://cdn.etop.lv/products/7322540313345-328x328.png
BIEZPIENA SIERIŅŠ JEPPI AR KAKAO UN ŠOKOLĀDES PILDĪJUMU 38G,etop.lv,,0.20,5.26,€/kg,https://cdn.etop.lv/products/47428140-328x328.png
BIEZPIENA KRĒMS PRESIDENT VANIĻAS 400G,etop.lv,2.49 € - 2.79 €,1.89,4.72,€/kg,https://cdn.etop.lv/products/5908250800980-328x328.png
BIEZPIENA SIERIŅŠ KĀRUMS AR RIEKSTIEM 45G,etop.lv,,0.52,11.56,€/kg,https://cdn.etop.lv/products/4750050341498-328x328.png
BIEZPIENA SIERIŅŠ KĀRUMS KOKOSA 45G,etop.lv,,0.52,11.56,€/kg,https://cdn.etop.lv/products/4750050341412-328x328.png
BIEZPIENA SIERIŅŠ KĀRUMS MANGO 45G,etop.lv,,0.52,11.56,€/kg,https://cdn.etop.lv/products/4750050342174-328x328.png
EKLĒRI BALTAIS AR BIEZPIENA KRĒMU 135G,etop.lv,2.19 € - 2.49 €,1.85,13.70,€/kg,https://cdn.etop.lv/products/4750072590652-328x328.png
EKLĒRI BALTAIS AR KAKAO KRĒMU 135G,etop.lv,2.19 € - 2.49 €,1.85,13.70,€/kg,https://cdn.etop.lv/products/4750072590669-328x328.png
TOSTERMAIZE LATVIJAS TOST 100% RUDZU 390G,etop.lv,1.84 € - 1.85 €,1.29,3.31,€/kg,https://cdn.etop.lv/products/4750192758413-328x328.png
D SULA RŪDOLFS ĀBOLU VĪNOGU 4+ 260ML,etop.lv,1.69 € - 2.19 €,1.29,4.96,€/l,https://cdn.etop.lv/products/4751017942857-328x328.png
D SULA RŪDOLFS ĀBOLU PERSIKU 4+ 260ML,etop.lv,1.69 € - 2.19 €,1.29,4.96,€/l,https://cdn.etop.lv/products/4751017942840-328x328.png
SIERS CHEDDAR TRULY IRISH 200G,etop.lv,3.49 € - 4.59 €,3.29,16.45,€/kg,https://cdn.etop.lv/products/5391519148754-328x328.png
SIERS CHEDDAR RED TRULY IRISH 200G,etop.lv,3.49 € - 4.59 €,3.29,16.45,€/kg,https://cdn.etop.lv/products/5391519148655-328x328.png
SIERS CEPŠANAI COBURGER MOZARELLA TOMĀTI PAPRIKA 300G,etop.lv,,4.29,14.30,€/kg,https://cdn.etop.lv/products/4003655015821-328x328.png
SALD. DĀRZEŅI HORTEX PAVASARA MIX 400G,etop.lv,2.19 € - 2.49 €,1.39,3.48,€/kg,https://cdn.etop.lv/products/5900477000198-328x328.png
D ENERĢIJAS DZĒR.MONSTER MANGO LOCO 500ML CAN,etop.lv,,1.79,3.58,€/l,https://cdn.etop.lv/products/5060896622002-328x328.png
D ENERĢIJAS DZĒR.MONSTER ENERGY 500ML CAN,etop.lv,,1.59,3.18,€/l,https://cdn.etop.lv/products/5060896621913-328x328.png
PASTĒTE ARGETA TĪTARA GAĻAS 95G,etop.lv,1.79 € - 1.89 €,1.39,14.63,€/kg,https://cdn.etop.lv/products/3838975567023-328x328.png
PASTĒTE ARGETA VISTAS GAĻAS 95G,etop.lv,1.79 € - 1.89 €,1.39,14.63,€/kg,https://cdn.etop.lv/products/3838975567009-328x328.png
CEPUMI PIACELLI TIRAMISU DĀMU PIRKSTIŅI 200G,etop.lv,1.68 € - 1.89 €,1.39,6.95,€/kg,https://cdn.etop.lv/products/9002859041860-328x328.png
MALTĀS GAĻAS MASA ĶEKAVA CĀĻA FILEJAS 450G,etop.lv,,2.39,5.31,€/kg,https://cdn.etop.lv/products/4750303015718-328x328.png
DESIŅAS ĶEKAVA CEPAMĀS AR SIERU 400G,etop.lv,,3.79,9.48,€/kg,https://cdn.etop.lv/products/4750303703387-328x328.png
KAFIJA ŠĶĪSTOŠĀ NESCAFE GOLD AR GRAUZDĒTU MALTO KAFIJU 200G,etop.lv,,15.99,79.95,€/kg,https://cdn.etop.lv/products/7613036299459-328x328.png
KAFIJA ŠĶĪSTOŠĀ MERRILD CLASSIC 100G STIKLS,etop.lv,6.95 € - 6.99 €,3.99,39.90,€/kg,https://cdn.etop.lv/products/8000070060890-328x328.png
KAFIJA ŠĶĪSTOŠĀ MERRILD CLASSIC 200G STIKLS,etop.lv,,11.49,57.45,€/kg,https://cdn.etop.lv/products/8000070060876-328x328.png
KĀPOSTI TIP TOP ŠTOVĒTI 1KG,etop.lv,,3.29,3.29,€/kg,https://cdn.etop.lv/products/4751023452388-328x328.png
TOSTERMAIZE HANZAS MAIZNĪCA TOSTĒ MAZĀ KLASISKĀ 250G,etop.lv,1.19 € - 1.39 €,0.89,3.56,€/kg,https://cdn.etop.lv/products/4750038146213-328x328.png
KAFIJAS KAPSULAS AROMA GOLD DG GRANDE INTENSO 128G,etop.lv,,7.59,59.30,€/kg,https://cdn.etop.lv/products/4771632313238-328x328.png
MĒRCE KIKKOMAN TERIJAKI AR GRAUZDĒTĀM SEZAMA SĒKLĀM 250ML,etop.lv,5.49 € - 5.79 €,3.79,15.16,€/l,https://cdn.etop.lv/products/8715035280304-328x328.png
ANANĀSI BLIK GABALIŅI SĪRUPĀ 850G,etop.lv,3.35 € - 3.39 €,2.19,2.58,€/kg,https://cdn.etop.lv/products/4750234101665-328x328.png
UZTURA BAGĀTINĀTĀJS DZELZS 30GAB,etop.lv,4.49 € - 6.99 €,3.14,,,https://cdn.etop.lv/products/4751022430981-328x328.png
UZTURA BAGĀTINĀTĀJS GINKGO BILOBA 1000 MG 30GAB,etop.lv,4.59 € - 4.89 €,3.14,,,https://cdn.etop.lv/products/4751022432411-328x328.png
PUSSPĀRNI LIDO CĀĻA BRŪKLEŅU MARINĀDĒ 400G,etop.lv,3.39 € - 3.99 €,2.39,5.98,€/kg,https://cdn.etop.lv/products/4750077003218-328x328.png
SALDĒJUMS MR.BIG BALBINO CITRONU GLAZŪRĀ UZ KOCIŅA 84G,etop.lv,1.19 € - 1.39 €,0.79,9.40,€/kg,https://cdn.etop.lv/products/4740188012384-328x328.png
KREKERI ELEPHANT SĀLĪTI 80G,etop.lv,1.39 € - 1.45 €,0.99,12.38,€/kg,https://cdn.etop.lv/products/5949040201044-328x328.png
KREKERI ELEPHANT MEDUS SINEPES UN SĪPOLS 70G,etop.lv,1.39 € - 1.45 €,0.99,14.14,€/kg,https://cdn.etop.lv/products/5949040202058-328x328.png
AUTIŅBIKSĪTES PAMPERS PREMIUM CARE S1 2-5KG 26GAB,etop.lv,7.99 € - 8.56 €,5.68,1.14,€/kg,https://cdn.etop.lv/products/8001841104614-328x328.png
GALERTS LIDO CŪKGAĻAS MĀJAS GAUMĒ 200G,etop.lv,2.79 € - 2.98 €,1.99,9.95,€/kg,https://cdn.etop.lv/products/4750077004376-328x328.png
SIERS MOZZARELLA MINI SMILTENE 125G,etop.lv,1.49 € - 1.69 €,1.29,10.32,€/kg,https://cdn.etop.lv/products/4750109018579-328x328.png
MĒRCE SANTA MARIA DIP MAISĪJUMS AR SIERU 16G,etop.lv,1.29 € - 1.35 €,0.87,54.38,€/kg,https://cdn.etop.lv/products/7311311003097-328x328.png
GARDUMS SUŅIEM FRISKIES PICNIC AR LIELLOPA G. 42G,etop.lv,0.89 € - 0.95 €,0.65,15.48,€/kg,https://cdn.etop.lv/products/7613034749284-328x328.png
SALDĒJUMS TIP TOP VANIĻAS GARŠAS VAFEĻU GLĀZE 65G,etop.lv,,0.49,7.54,€/kg,https://cdn.etop.lv/products/4751023451107-328x328.png
TRAUKU MAZG.LĪDZ.FAIRY LEMON 900ML,etop.lv,4.99 € - 5.09 €,2.99,3.32,€/l,https://cdn.etop.lv/products/4015400957973-328x328.png
IKDIENAS IELIKTNĪŠI LIBRESSE BLACK NORMAL 30GAB,etop.lv,2.69 € - 2.75 €,1.79,,,https://cdn.etop.lv/products/7322540919516-328x328.png
HIGIĒNISKĀS PAKETES BELLA TEENS ULTRA RELAX MEITENĒM 10GAB.,etop.lv,1.69 € - 1.99 €,1.29,,,https://cdn.etop.lv/products/5900516302382-328x328.png
MAKARONI PASTA ZARA SPAGETTI NR.1 500G PACIŅĀ,etop.lv,1.89 € - 2.09 €,1.39,2.78,€/kg,https://cdn.etop.lv/products/8004350130013-328x328.png
KAFIJAS KAPSULAS NESCAFE DG CAFE AULAIT 160G,etop.lv,,8.69,54.31,€/kg,https://cdn.etop.lv/products/7613033174704-328x328.png
AUZU KULINĀRIJAS KRĒMS TERE 15% 250ML,etop.lv,,1.69,6.76,€/l,https://cdn.etop.lv/products/4740036014676-328x328.png
SIERS DŽIUGAS DELICATE 24MĒN.180G,etop.lv,,4.79,26.61,€/kg,https://cdn.etop.lv/products/4770299392990-328x328.png
SAUSĀS BROKASTIS NESTLE CINI MINIS 645G,etop.lv,,5.99,9.29,€/kg,https://cdn.etop.lv/products/5900020027061-328x328.png
SAUSĀS BROKASTIS NESTLE COOKIE CRISP 625G,etop.lv,,5.99,9.58,€/kg,https://cdn.etop.lv/products/5900020018342-328x328.png
SAUSĀS BROKASTIS NESTLE NESQUIK 625G,etop.lv,,5.99,9.58,€/kg,https://cdn.etop.lv/products/5900020018403-328x328.png
NAGETI ĀDAŽI BĒRNU CĀĻA GAĻAS 300G,etop.lv,2.39 € - 2.99 €,2.19,7.30,€/kg,https://cdn.etop.lv/products/4751015685367-328x328.png
SKĀBAIS KRĒJUMS SMILTENE 15% 400G,etop.lv,1.79 € - 1.92 €,1.39,3.48,€/kg,https://cdn.etop.lv/products/4750109000345-328x328.png
BIEZENIS RŪDOLFS ĀBOLU BANĀNU APRIKOŽU 4+ 190G,etop.lv,2.24 € - 2.55 €,1.59,8.37,€/kg,https://cdn.etop.lv/products/4751017942178-328x328.png
BIEZENIS RŪDOLFS DĀRZEŅU AR TĪTARA GAĻU 4+ 190G,etop.lv,2.01 € - 2.59 €,1.59,8.37,€/kg,https://cdn.etop.lv/products/4751017942185-328x328.png
DESA VIGESTA GARDUTE VĀRĪTA 800G,etop.lv,,1.99,2.49,€/kg,https://cdn.etop.lv/products/4771183162750-328x328.png
MĒRCE OAK'A BBQ ORIĢINĀLĀ MAIGA 270G,etop.lv,3.49 € - 3.99 €,2.61,9.67,€/kg,https://cdn.etop.lv/products/4751032370017-328x328.png
MATU KONDIC.ELSEVE COLOR VIVE 200ML,etop.lv,,5.69,28.45,€/l,https://cdn.etop.lv/products/3600520214931-328x328.png
SĀLS SALDVA SVANETIIJAS GRUZIJAS GARŠVIELA 110G,etop.lv,1.05 € - 1.39 €,0.89,8.09,€/kg,https://cdn.etop.lv/products/4770173822865-328x328.png
SĀLS SALDVA ADIGEJAS AR ZAĻUMIEM 130G,etop.lv,1.05 € - 1.39 €,0.89,6.85,€/kg,https://cdn.etop.lv/products/4770173822841-328x328.png
MAKARONI DOBELE FUSILLI TRĪSKRĀS 500G,etop.lv,1.45 € - 1.49 €,0.99,1.98,€/kg,https://cdn.etop.lv/products/4750020053833-328x328.png
POPKORNS POPHOUSE AR ČEDARAS SIERU 65G,etop.lv,1.25 € - 1.45 €,0.94,14.46,€/kg,https://cdn.etop.lv/products/4751028310294-328x328.png
GALETES RICE UP BRŪNO RĪSU ČIPSI AR KARAM. BUMBIERU GAR. 60G,etop.lv,1.55 € - 1.69 €,1.19,19.83,€/kg,https://cdn.etop.lv/products/3800233074062-328x328.png
KARAMELES ZOZOLE AR ĀBOLU ĶIRŠU ZEMEŅU GARŠU 75G,etop.lv,0.89 € - 1.29 €,0.69,9.20,€/kg,https://cdn.etop.lv/products/5900353555705-328x328.png
BATONIŅŠ NESTLE PILNGRAUDU CINI MINI 25G,etop.lv,0.55 € - 0.62 €,0.45,18.00,€/kg,https://cdn.etop.lv/products/8593893007499-328x328.png
BIEZPIENA SIERIŅŠ KĀRUMS KARAMEĻU GLAZŪRĀ 45G,etop.lv,,0.52,11.56,€/kg,https://cdn.etop.lv/products/4750050341481-328x328.png
KAUSĒTAIS SIERS DZINTARS KLASISKAIS 200G,etop.lv,,2.29,11.45,€/kg,https://cdn.etop.lv/products/4750050526000-328x328.png
KAUSĒTAIS SIERS DZINTARS AR ŠĶIŅĶI 200G,etop.lv,,2.35,11.75,€/kg,https://cdn.etop.lv/products/4750050526031-328x328.png
DESA RĪGAS MIESNIEKS DOKTORA KLASISKĀ ŠĶĒLĒS 190G,etop.lv,,1.35,7.11,€/kg,https://cdn.etop.lv/products/4740003002750-328x328.png
ZUPA KOK RASOĻNIKS 500G,etop.lv,2.29 € - 2.35 €,1.79,3.58,€/kg,https://cdn.etop.lv/products/4751010860080-328x328.png
ZUPA KOK BORŠČS SVAIGU KĀPOSTU 500G,etop.lv,2.12 € - 2.39 €,1.79,3.58,€/kg,https://cdn.etop.lv/products/4751010860127-328x328.png
UZTURA BAGĀTINĀTĀJS MULTIVITAMĪNI UN MINERĀLVIELAS 30GAB.,etop.lv,3.99 € - 4.69 €,3.19,,,https://cdn.etop.lv/products/4751022430721-328x328.png
UZTURA BAGĀTINĀTĀJS MELATONĪNS SLEEP 30GAB.,etop.lv,3.79 € - 4.59 €,3.19,,,https://cdn.etop.lv/products/4751022430448-328x328.png
MAJONĒZE HELLMANNS LIGHT  414G,etop.lv,4.65 € - 4.69 €,2.69,6.50,€/kg,https://cdn.etop.lv/products/8720182108739-328x328.png
SVECE CILINDRS AROM. BOLSIUS OUD WOOD 33H 6X12CM,etop.lv,2.39 € - 3.99 €,1.79,,,https://cdn.etop.lv/products/8717847138606-328x328.png
SVECE CILINDRS AROM.BOLSIUS GRANĀTĀBOLU 33H 6X12CM,etop.lv,2.39 € - 3.99 €,1.79,,,https://cdn.etop.lv/products/8717847138460-328x328.png
SVECE CILINDRS AROM. BOLSIUS LAVANDAS 33H 6X12CM,etop.lv,2.39 € - 3.59 €,1.79,,,https://cdn.etop.lv/products/8717847138408-328x328.png
SVECE CILINDRS AROM. BOLSIUS MAGNOLIJA 33H 6X12CM,etop.lv,2.39 € - 3.99 €,1.79,,,https://cdn.etop.lv/products/8717847138545-328x328.png
SVECE CILINDRS AROM. BOLSIUS VANIĻAS 33H 6X12CM,etop.lv,2.39 € - 3.99 €,1.79,,,https://cdn.etop.lv/products/8717847138385-328x328.png
SVECE CILINDRS ZILOŅKAULA 36H 6X12CM,etop.lv,1.79 € - 1.89 €,1.32,,,https://cdn.etop.lv/products/4750746008711-328x328.png
SVECE LODE BALTA 20H 8CM,etop.lv,1.99 € - 2.19 €,1.53,,,https://cdn.etop.lv/products/4750746005246-328x328.png
SVECE LODE SARKANA 20H 8CM,etop.lv,1.99 € - 3.99 €,1.53,,,https://cdn.etop.lv/products/4750746005291-328x328.png
SVECE LODE ZILOŅKAULA 20H 8CM,etop.lv,2.19 € - 2.49 €,1.53,,,https://cdn.etop.lv/products/4750746005321-328x328.png
SVECE CILINDRS RILLĒTA BALTA 45H 6X15CM,etop.lv,2.59 € - 2.89 €,2.09,,,https://cdn.etop.lv/products/4750746025886-328x328.png
SVECE CILINDRS RILLĒTA SARKANA 45H 6X15CM,etop.lv,2.59 € - 2.79 €,2.09,,,https://cdn.etop.lv/products/4750746025572-328x328.png
BARĪBA SUŅIEM KONS.PIPER AR JĒRU.BURKĀNIEM.RĪSIEM 800G,etop.lv,3.69 € - 3.72 €,2.79,3.49,€/kg,https://cdn.etop.lv/products/5902921306665-328x328.png
BARĪBA SUŅIEM KONS.PIPER AR LIELLOPU.AKNĀM.KARTUPEĻIEM 800G,etop.lv,3.69 € - 3.72 €,2.79,3.49,€/kg,https://cdn.etop.lv/products/5902921306658-328x328.png
TĪR.LĪDZEKLIS HARPIC POWER PLUS TUALETEI CITRUS 750ML,etop.lv,,4.89,6.52,€/l,https://cdn.etop.lv/products/5908252014057-328x328.png
DESA RĪGAS MIESNIEKS DOKTORA EKSTRA 350G,etop.lv,,3.09,8.83,€/kg,https://cdn.etop.lv/products/4750174441708-328x328.png
CUKURA GRAUDI DANSUKKER BRŪNIE 500G,etop.lv,3.29 € - 3.59 €,1.99,3.98,€/kg,https://cdn.etop.lv/products/6414000003079-328x328.png
CĪSIŅI RĪGAS MIESNIEKS RAKVERES 500G,etop.lv,,3.59,7.18,€/kg,https://cdn.etop.lv/products/4750174056360-328x328.png
GARŠVIELA SANTA MARIA FAHITAS 28G,etop.lv,1.25 € - 1.29 €,0.81,28.93,€/kg,https://cdn.etop.lv/products/7311310313647-328x328.png
GARŠVIELA SANTA MARIA GAĻAS KOPĒJĀ 70G,etop.lv,,2.09,29.86,€/kg,https://cdn.etop.lv/products/7311311005527-328x328.png
DESA NĀKOTNE IECIENĪTĀ TĒJAS 500G,etop.lv,,2.99,5.98,€/kg,https://cdn.etop.lv/products/4751003570583-328x328.png
ŠOKOLĀDES BATONIŅŠ TUPLA MAXI 50G,etop.lv,1.35 € - 1.39 €,0.89,17.80,€/kg,https://cdn.etop.lv/products/6420256014295-328x328.png
EĻĻA IECAVNIEKS RAPŠU EXTRA VIRGIN 1L,etop.lv,4.49 € - 4.55 €,3.59,3.59,€/l,https://cdn.etop.lv/products/4751002420018-328x328.png
KŪKA STABURADZE SELGAS CEPUMU AR ŠOKOLĀDI 550G,etop.lv,5.99 € - 6.59 €,4.99,9.07,€/kg,https://cdn.etop.lv/products/4751008074994-328x328.png
KAFIJA MALTA LOFBERGS KHARISMA RA 500G,etop.lv,13.99 € - 15.29 €,6.99,13.98,€/kg,https://cdn.etop.lv/products/7310050001692-328x328.png
DESA FOREVERS SVIESTMAIŽU 900G,etop.lv,3.99 € - 4.29 €,2.49,2.77,€/kg,https://cdn.etop.lv/products/4751003400835-328x328.png
CĪSIŅI NĀKOTNE TĪĢERĪŠI BĒRNIEM 310G,etop.lv,,2.19,7.06,€/kg,https://cdn.etop.lv/products/4751003570903-328x328.png
KONFEKŠU KĀRBA AFTER EIGHT 200G,etop.lv,5.29 € - 5.39 €,3.49,17.45,€/kg,https://cdn.etop.lv/products/7613034955098-328x328.png
SIĻĶU FILEJA ELANDERS MĀJAS GAUMĒ 200G,etop.lv,,2.19,10.95,€/kg,https://cdn.etop.lv/products/4750240230298-328x328.png
TUALETES BLOKS BREF POWER AKTIV LEMON 2X50G,etop.lv,4.59 € - 5.19 €,3.39,67.80,€/kg,https://cdn.etop.lv/products/9000100656832-328x328.png
SALĀTI VIČI ENSALADA KRABJU GARŠAS NŪJIŅAS AR DĀRZEŅIEM 400G,etop.lv,2.99 € - 3.35 €,2.29,5.72,€/kg,https://cdn.etop.lv/products/4770190065528-328x328.png
BIEZPIENA KRĒMS ALMA AR CREME BRULĒ GARŠU 150G,etop.lv,0.78 € - 0.99 €,0.69,4.60,€/kg,https://cdn.etop.lv/products/4740125631326-328x328.png
FILEJA NOO TĪTARA 105G,etop.lv,,1.99,18.95,€/kg,https://cdn.etop.lv/products/4740574090002-328x328.png
MEŽROZĪŠU PULVERIS 50G,etop.lv,4.99 € - 5.09 €,4.09,81.80,€/kg,https://cdn.etop.lv/products/4751029840257-328x328.png
KAFIJAS KAPSULAS NESCAFE DG CORTADO ESPRES.MACHIATTO 100.8G,etop.lv,8.69 € - 9.49 €,5.99,59.42,€/kg,https://cdn.etop.lv/products/7613032827014-328x328.png
GARŠVIELA MAGGI IDEJA VISTAS GAĻAI ČETRU SIERU MĒRCĒ 32G,etop.lv,1.29 € - 1.39 €,0.89,27.81,€/kg,https://cdn.etop.lv/products/8585002469663-328x328.png
TĒJA AUGĻU LOYD AR ANANASU BUMBIERU GARŠU PYRAMIDS 2GX20,etop.lv,2.59 € - 2.99 €,2.09,,,https://cdn.etop.lv/products/5900396017277-328x328.png
SĒRKOCIŅI TIP TOP SAFETY MATCHES TOP LOGO LIELIE 30GAB,etop.lv,,0.39,,,https://cdn.etop.lv/products/4751023452890-328x328.png
KONFEKŠU KĀRBA FAZER GEISHA TUMŠĀ 150G,etop.lv,,5.69,37.93,€/kg,https://cdn.etop.lv/products/6416453072817-328x328.png
VAIDZIŅŠ NĀKOTNE MĀJAS GAUMĒ FAS. SVER.,etop.lv,7.59 € - 7.99 €,5.99,,,https://cdn.etop.lv/products/2312126200000-328x328.png
GRAUDU MAIZE FAZER DZĪVĀ SAULESPUĶU 500G,etop.lv,1.79 € - 1.84 €,1.29,2.58,€/kg,https://cdn.etop.lv/products/4750212900839-328x328.png
VEĻAS PULVERIS KASTANIS COLOR 400G,etop.lv,2.59 € - 2.65 €,1.59,3.98,€/kg,https://cdn.etop.lv/products/4750104208135-328x328.png
VEĻAS PULVERIS KASTANIS COLOR 1.5KG,etop.lv,5.99 € - 7.35 €,3.95,2.63,€/kg,https://cdn.etop.lv/products/4750104001309-328x328.png
VEĻAS PULVERIS KASTANIS UNIVERSAL 1.5KG,etop.lv,5.99 € - 7.35 €,3.95,2.63,€/kg,https://cdn.etop.lv/products/4750104001316-328x328.png
SKĀBAIS KRĒJUMS VALMIERA 20% 450G,etop.lv,,1.49,3.31,€/kg,https://cdn.etop.lv/products/4750074006663-328x328.png
RUDZU MAIZE FAZER GARDĀ MELLĀ AR SAULESPUĶU SĒKLĀM 280G,etop.lv,1.55 € - 1.56 €,0.99,3.54,€/kg,https://cdn.etop.lv/products/4750212901621-328x328.png
SVECE CILINDRS BALTA 36H 6X12CM,etop.lv,1.79 € - 2.35 €,1.32,,,https://cdn.etop.lv/products/4750746007721-328x328.png
SVECE CILINDRS ZAĻA 36H 6X12CM,etop.lv,1.79 € - 2.35 €,1.32,,,https://cdn.etop.lv/products/4750746007745-328x328.png
SVECE CILINDRS BALTS 56H 6X18CM,etop.lv,2.79 € - 3.19 €,2.22,,,https://cdn.etop.lv/products/4750746007790-328x328.png
SVECE CILINDRS DZELTENA 36H 6X12CM,etop.lv,1.79 € - 1.89 €,1.32,,,https://cdn.etop.lv/products/4750746007738-328x328.png
SVECE CILINDRS SARKANA 36H 6X12CM,etop.lv,1.89 € - 2.09 €,1.32,,,https://cdn.etop.lv/products/4750746007752-328x328.png
PUPIŅAS SPILVA MEKSIKĀŅU 560G,etop.lv,3.65 € - 3.75 €,2.74,4.89,€/kg,https://cdn.etop.lv/products/4750022154101-328x328.png
KAŅEPJU PAVALGS IECAVNIEKS 100G,etop.lv,2.35 € - 2.79 €,1.59,15.90,€/kg,https://cdn.etop.lv/products/4751002420667-328x328.png
SALDĒJUMS MĀJAS KONFEKTE GOTIŅA 500G,etop.lv,,8.19,16.38,€/kg,https://cdn.etop.lv/products/4770071217459-328x328.png
TUALETES PAPĪRS TIP TOP 3 KĀRTAS 8 RUĻĻI,etop.lv,,2.49,,,https://cdn.etop.lv/products/4751023450636-328x328.png
GRIĶI VALDO 125GX4,etop.lv,1.95 € - 2.05 €,1.39,,,https://cdn.etop.lv/products/4750133001028-328x328.png
AUZU PĀRSLAS DOBELE PILNGRAUDU 500G,etop.lv,1.30 € - 1.45 €,0.89,1.78,€/kg,https://cdn.etop.lv/products/4750020042387-328x328.png
AUZU PĀRSLAS DOBELE ĀTRI VĀRĀMĀS 500G,etop.lv,1.15 € - 1.25 €,0.89,1.78,€/kg,https://cdn.etop.lv/products/4750020042394-328x328.png
D ENERĢIJAS DZĒR.CULT ORIGINAL 500ML CAN,etop.lv,,1.55,3.10,€/l,https://cdn.etop.lv/products/4770477231806-328x328.png
D DZĒRIENS PEPSI GĀZ.1.5L PET,etop.lv,,2.29,1.53,€/l,https://cdn.etop.lv/products/4770477231615-328x328.png
ŠĶIŅĶIS COSTA BRAVA JAMON SERRANO VĪTINĀTS ŠĶĒLĒS 250G,etop.lv,6.25 € - 6.99 €,4.99,19.96,€/kg,https://cdn.etop.lv/products/8421395337540-328x328.png
DESA COSTA BRAVA CHORIZO EXTRA ŠĶĒLĒS 100G,etop.lv,1.99 € - 2.29 €,1.69,16.90,€/kg,https://cdn.etop.lv/products/8421395336901-328x328.png
DESA COSTA BRAVA SALCHICHON EXTRA ŠĶĒLĒS 100G,etop.lv,1.99 € - 2.39 €,1.59,15.90,€/kg,https://cdn.etop.lv/products/8421395338103-328x328.png
DESA COSTA BRAVA FUET IBERICO 150G,etop.lv,,3.59,23.93,€/kg,https://cdn.etop.lv/products/8421395334228-328x328.png
D DZĒRIENS COCA COLA GĀZ.2L PET,etop.lv,,3.19,1.60,€/l,https://cdn.etop.lv/products/5000112677867-328x328.png
BIEZPIENA SIERIŅŠ KĀRUMS AR ZEMEŅU GARŠAS GLAZŪRU 45G,etop.lv,,0.52,11.56,€/kg,https://cdn.etop.lv/products/4750025000528-328x328.png
D ENERĢIJAS DZĒR.DYNAMI:T 500ML PET,etop.lv,,1.55,3.10,€/l,https://cdn.etop.lv/products/4750142008797-328x328.png
D DZĒRIENS GARDU MUTI ZELTERIS CIDONIJU GĀZ.500ML STIKLS,etop.lv,2.28 € - 2.29 €,1.75,3.50,€/l,https://cdn.etop.lv/products/4751012094810-328x328.png
SALDAIS KRĒJUMS EXPORTA 35% 200G,etop.lv,,1.79,8.95,€/kg,https://cdn.etop.lv/products/4750072030325-328x328.png
SALDĒJUMS POLS ZEMESRIEKSTI AR KARAMELI 48G,etop.lv,1.09 € - 1.29 €,0.79,16.46,€/kg,https://cdn.etop.lv/products/4750025902303-328x328.png
KAFIJA MALTA PAULIG IN CUP 500G,etop.lv,,13.99,27.98,€/kg,https://cdn.etop.lv/products/6411300178452-328x328.png
DRAŽEJAS M&MS ŠOKOLĀDES 200G,etop.lv,3.99 € - 4.75 €,2.99,14.95,€/kg,https://cdn.etop.lv/products/5900951141638-328x328.png
GROZIŅI MAZIE BALTAIS AR VĀRĪTO KREMU UN BRŪKLENĒM 204G,etop.lv,4.17 € - 4.59 €,3.49,17.11,€/kg,https://cdn.etop.lv/products/4750072590706-328x328.png
GROZIŅI MAZIE BALTAIS KARAMEĻU KREMU UN APELSĪNU PILD. 204G,etop.lv,4.17 € - 4.59 €,3.49,17.11,€/kg,https://cdn.etop.lv/products/4750072590713-328x328.png
DZĒRIENS DEARY AUZU BARISTA 1L UHT,etop.lv,,2.45,2.45,€/l,https://cdn.etop.lv/products/4740036016229-328x328.png
KĀPOSTI DIMDIŅI SKĀBĒTI AR BURKĀNIEM 550G,etop.lv,1.49 € - 1.59 €,0.89,1.62,€/kg,https://cdn.etop.lv/products/4751001623403-328x328.png
PIENS BALTAIS 2% 1L PUDELĒ,etop.lv,,0.89,0.89,€/l,https://cdn.etop.lv/products/4750072012635-328x328.png
SVIESTS LATGALE SĀLĪTS 81%  200G,etop.lv,,2.59,12.95,€/kg,https://cdn.etop.lv/products/4750467000025-328x328.png
ZOBU PASTA SENSODYNE  MULTI CARE 75ML,etop.lv,5.49 € - 5.99 €,2.99,39.87,€/l,https://cdn.etop.lv/products/5054563187253-328x328.png
ZUPA MAGGI BORŠČS AR GRAUZDIŅIEM ŠĶĪSTOŠĀ 16G,etop.lv,0.69 € - 0.75 €,0.49,30.62,€/kg,https://cdn.etop.lv/products/7613032292799-328x328.png
SERVELĀDE ĀDAŽI LIELVĀRDES 700G,etop.lv,4.89 € - 4.99 €,2.99,4.27,€/kg,https://cdn.etop.lv/products/4751015687828-328x328.png
SĪPOLI SMAK KONSERVĒTI MARINĒTI PĒRĻU 290G,etop.lv,1.99 € - 2.05 €,1.65,5.69,€/kg,https://cdn.etop.lv/products/5901871002337-328x328.png
DUŠAS ŽELEJA NIVEA CRÈME SOFT 500ML,etop.lv,5.55 € - 6.95 €,3.69,7.38,€/l,https://cdn.etop.lv/products/9005800282503-328x328.png
DUŠAS ŽELEJA NIVEA MEN SPORT VĪR.500ML,etop.lv,6.59 € - 6.99 €,3.69,7.38,€/l,https://cdn.etop.lv/products/4005808782734-328x328.png
BARĪBA KAĶIEM KONS.WHISKAS AR MĀJPUTNU GAĻAS IZLASE 7+85GX4,etop.lv,,2.45,,,https://cdn.etop.lv/products/5900951301827-328x328.png
MAKARONI DOBELE DURUM FARFALLE NR.103 500G,etop.lv,1.29 € - 1.49 €,0.99,1.98,€/kg,https://cdn.etop.lv/products/4750020053826-328x328.png
KABATLAKATIŅI TIP TOP 3 KĀRTAS 1GAB,etop.lv,,0.25,,,https://cdn.etop.lv/products/4751023452234-328x328.png
KABATLAKATIŅI TIP TOP 3KĀRTAS 10X10GAB,etop.lv,,1.59,,,https://cdn.etop.lv/products/4751023452227-328x328.png
SVECE GLĀZĪTĒ AROM. AURA VANILLA 18H 7X7X6CM,etop.lv,1.99 € - 2.99 €,1.59,,,https://cdn.etop.lv/products/5906927040264-328x328.png
TĒJAS SVECES AROM. AURA CERIŅI 4H 6GAB,etop.lv,1.15 € - 1.69 €,0.83,,,https://cdn.etop.lv/products/5906927015385-328x328.png
TĒJAS SVECES AROM. AURA KANĒLIS 4H 6GAB,etop.lv,1.15 € - 1.69 €,0.83,,,https://cdn.etop.lv/products/5906927015651-328x328.png
TĒJAS SVECES AROM. AURA ZEMENES 6GAB,etop.lv,1.15 € - 1.69 €,0.83,,,https://cdn.etop.lv/products/5906927015736-328x328.png
TĒJAS SVECES AROM. AURA VANIĻA 4H 6GAB.,etop.lv,1.15 € - 1.69 €,0.83,,,https://cdn.etop.lv/products/5906927015675-328x328.png
TĒJAS SVECES PROVENECE BALTAS 30GAB.,etop.lv,2.69 € - 3.99 €,1.89,,,https://cdn.etop.lv/products/8591177011934-328x328.png
SVECE CILINDRS RUSTIKA BOLSIUS AUKSTĀ LAVANDA 60H 6.8X13CM,etop.lv,3.99 € - 4.59 €,2.99,,,https://cdn.etop.lv/products/8717847142979-328x328.png
SVECE CILINDRS RUSTIKA BOLSIUS OLĪVZAĻA 60H 6.8X13CM,etop.lv,3.99 € - 4.59 €,2.99,,,https://cdn.etop.lv/products/8717847146656-328x328.png
SVECE CILINDRS RUSTIKA BOLSIUS OLĪVZAĻA 30H 5X10CM,etop.lv,2.49 € - 3.50 €,1.87,,,https://cdn.etop.lv/products/8717847146458-328x328.png
SVECE CILINDRS RUSTIKA BOLSIUS PELNU ROZĀ 60H 6.8X13CM,etop.lv,3.99 € - 4.59 €,2.99,,,https://cdn.etop.lv/products/8717847149329-328x328.png
SVECE CILINDRS RUSTIKA BOLSIUS PELNU ROZĀ 30H 5X10CM,etop.lv,2.49 € - 3.50 €,1.87,,,https://cdn.etop.lv/products/8717847149183-328x328.png
SVECE CILINDRS BALTA 23H 5X10CM,etop.lv,1.19 € - 1.79 €,0.83,,,https://cdn.etop.lv/products/4750746007653-328x328.png
SVECE CILINDRS LILLĀ 23H 5X10CM,etop.lv,1.19 € - 1.39 €,0.83,,,https://cdn.etop.lv/products/4750746011360-328x328.png
SVECE CILINDRS ZAĻA 23H 5X10CM,etop.lv,1.19 € - 1.79 €,0.83,,,https://cdn.etop.lv/products/4750746007677-328x328.png
SVECE CILINDRS SARKANA 23H 5X10CM,etop.lv,1.79 € - 1.99 €,0.83,,,https://cdn.etop.lv/products/4750746007684-328x328.png
SAUSĀS BROKASTIS NESTLE LION 400G,etop.lv,3.99 € - 4.59 €,2.89,7.22,€/kg,https://cdn.etop.lv/products/5900020019530-328x328.png
EĻĻA TIP TOP RAPŠU 1L,etop.lv,,1.99,1.99,€/l,https://cdn.etop.lv/products/4751023452524-328x328.png
SALD. PICA DR. OETKER RISTORANTE PROSCIUTTO 340G,etop.lv,4.99 € - 5.29 €,2.79,8.21,€/kg,https://cdn.etop.lv/products/4001724037606-328x328.png
SVAIGAIS SIERS SMILTENE KLASISKAIS 200G,etop.lv,1.69 € - 2.15 €,1.39,6.95,€/kg,https://cdn.etop.lv/products/4750109018227-328x328.png
SVAIGAIS SIERS SMILTENE PIKANTAIS 200G,etop.lv,1.69 € - 2.15 €,1.39,6.95,€/kg,https://cdn.etop.lv/products/4750109018258-328x328.png
DEZODORANTS REXONA BLACK&WHITE IZSMIDZ.VĪR.150ML,etop.lv,,4.89,32.60,€/l,https://cdn.etop.lv/products/8712561534444-328x328.png
HIGIĒNISKĀS PAKETES LIBRESSE MAXI NIGHT SUPER 10GAB.,etop.lv,2.35 € - 2.45 €,1.69,,,https://cdn.etop.lv/products/7322540576474-328x328.png
HIGIĒNISKĀS PAKETES LIBRESSE ULTRA THIN 10GAB.,etop.lv,2.29 € - 2.35 €,1.59,,,https://cdn.etop.lv/products/7310790088731-328x328.png
HIGIĒNISKĀS PAKETES LIBRESSE INVISIBLE NIGHT SUPER 8GAB.,etop.lv,2.59 € - 2.69 €,1.59,,,https://cdn.etop.lv/products/7322540960235-328x328.png
IKDIENAS IELIKTNĪŠI LIBRESSE EXTRA NORMAL 40GAB,etop.lv,2.55 € - 2.99 €,1.79,,,https://cdn.etop.lv/products/7322540086201-328x328.png
TUALETES  PAPĪRS ZEWA DELUXE PURE WHITE 3KĀRTAS 4RUĻĻI,etop.lv,3.19 € - 3.79 €,1.99,,,https://cdn.etop.lv/products/7322540313369-328x328.png
SKŪŠANĀS PUTAS NIVEA MEN SENSITIVE 200ML,etop.lv,5.49 € - 6.15 €,3.59,17.95,€/l,https://cdn.etop.lv/products/4005808222742-328x328.png
SKŪŠANĀS ŽELEJA NIVEA FOR MEN SENSITIVE 200ML,etop.lv,6.99 € - 7.15 €,3.99,19.95,€/l,https://cdn.etop.lv/products/4005808222964-328x328.png
ŠAMPŪNS NIVEA COLOR PROTECT KRĀSOTIEM MATIEM 250ML,etop.lv,4.79 € - 5.49 €,2.99,11.96,€/l,https://cdn.etop.lv/products/9005800235196-328x328.png
ŠAMPŪNS NIVEA MEN STRONG POWER NORMĀLIEM MATIEM VĪR. 250ML,etop.lv,4.79 € - 4.99 €,2.99,11.96,€/l,https://cdn.etop.lv/products/9005800388878-328x328.png
KRĒMS NIVEA SOFT MITRINOŠS TŪBIŅA 75ML,etop.lv,4.29 € - 4.59 €,2.69,35.87,€/l,https://cdn.etop.lv/products/4005900008800-328x328.png
KRĒMS NIVEA SOFT MITRINOŠS 200ML,etop.lv,7.99 € - 8.15 €,4.39,21.95,€/l,https://cdn.etop.lv/products/4005900008299-328x328.png
BALTMAIZE TIP TOP 500G,etop.lv,,0.52,1.04,€/kg,https://cdn.etop.lv/products/4751023451343-328x328.png
GARŠVIELA VEGETA UNIVERSĀLĀ 75G,etop.lv,0.75 € - 1.15 €,0.65,8.67,€/kg,https://cdn.etop.lv/products/3850104008054-328x328.png
BIEZPIENA SIERIŅŠ MAGIJA AR ŽELEJAS GABALIŅIEM 45G,etop.lv,0.54 € - 0.59 €,0.35,7.78,€/kg,https://cdn.etop.lv/products/4770299046756-328x328.png
SARDELES FOREVERS BĒRNU EKSPRESS VĀRĪTAS 450G,etop.lv,3.19 € - 3.96 €,2.19,4.87,€/kg,https://cdn.etop.lv/products/4751003400026-328x328.png
KONFEKŠU KĀRBA ROSHEN PIENA ŠOK. ASORTI AR PILDĪJUMU 145G,etop.lv,4.99 € - 5.59 €,2.99,20.62,€/kg,https://cdn.etop.lv/products/4823077611933-328x328.png
KONFEKŠU KĀRBA ROSHEN TUMŠĀS ŠOK. ASORTI AR PILDĪJUMU 154G,etop.lv,4.99 € - 5.59 €,2.99,19.42,€/kg,https://cdn.etop.lv/products/4823077611940-328x328.png
BARĪBA KAĶIEM SAUSĀ TIP TOP AR VISTU 500G,etop.lv,,1.09,2.18,€/kg,https://cdn.etop.lv/products/4751023451756-328x328.png
BARĪBA KAĶIEM SAUSĀ TIP TOP AR GAĻU 500G,etop.lv,,1.09,2.18,€/kg,https://cdn.etop.lv/products/4751023451787-328x328.png
SMILTIS KAĶIEM TIP TOP NECEMENTĒJOŠAS 5KG,etop.lv,,2.59,0.52,€/kg,https://cdn.etop.lv/products/8588001495749-328x328.png
KAFIJAS PUPIŅAS MERRILD CREMA 1KG,etop.lv,26.99 € - 33.99 €,15.99,15.99,€/kg,https://cdn.etop.lv/products/8000070022904-328x328.png
JOGURTS MÜLLER MIX MAKADĀMIJAS AR ŠOKOLĀDES ZVAIGZNĪTĒM 130G,etop.lv,,0.99,7.62,€/kg,https://cdn.etop.lv/products/42373308-328x328.png
JOGURTS MÜLLER MIX AR ŠOKOLĀDES BUMBIŅĀM 130G,etop.lv,,0.99,7.62,€/kg,https://cdn.etop.lv/products/42373261-328x328.png
ZOBU BIRSTE COLGATE SLIM SOFT BLACK,etop.lv,4.89 € - 5.49 €,2.89,,,https://cdn.etop.lv/products/8714789954431-328x328.png
SVECE ĀRA STIKLA AR VĀCIŅU SARKANA 8H 11.5CM,etop.lv,0.75 € - 1.19 €,0.65,,,https://cdn.etop.lv/products/4771086347100-328x328.png
STILBI ĶEKAVA CĀĻU  A KAT. 500G,etop.lv,,2.08,4.16,€/kg,https://cdn.etop.lv/products/4750303003272-328x328.png
RĪSI VALDO EKSTRA 125GX4,etop.lv,1.99 € - 2.19 €,1.49,,,https://cdn.etop.lv/products/4750133070024-328x328.png
TOMĀTU MĒRCE KOK KLASISKĀ 500G STĀVPAKĀ,etop.lv,1.99 € - 2.19 €,1.49,2.98,€/kg,https://cdn.etop.lv/products/4751010864798-328x328.png
BARĪBA KAĶIEM KONS.FELIX GAĻAS IZLASE 85GX4,etop.lv,2.35 € - 2.39 €,1.19,,,https://cdn.etop.lv/products/7613039894361-328x328.png
BARĪBA KAĶIEM KONS.FELIX ZIVJU IZLASE 85GX4,etop.lv,2.35 € - 2.39 €,1.19,,,https://cdn.etop.lv/products/7613039894774-328x328.png
SIERS SMILTENE RĪVĒTS 250G,etop.lv,3.75 € - 3.89 €,2.99,11.96,€/kg,https://cdn.etop.lv/products/4750109001182-328x328.png
BIEZPIENA SIERIŅŠ KĀRUMS AR ŠOKOLĀDES GABALIŅIEM 45G,etop.lv,,0.52,11.56,€/kg,https://cdn.etop.lv/products/4750050341511-328x328.png
BIEZPIENA SIERIŅŠ KĀRUMS VANILLA 45G,etop.lv,,0.52,11.56,€/kg,https://cdn.etop.lv/products/4750050341405-328x328.png
GARŠVIELA MAGGI IDEJA VISTAI KRĒJUMA MĒRCĒ 30G,etop.lv,1.29 € - 1.39 €,0.89,29.67,€/kg,https://cdn.etop.lv/products/7613032293611-328x328.png
GARŠVIELA MAGGI IDEJA SPAGETTI BOLOGNESE 44G,etop.lv,1.29 € - 1.39 €,0.89,20.23,€/kg,https://cdn.etop.lv/products/7613032293765-328x328.png
PELMEŅI MĀJAS ĢIMENES PAKA AR KŪPINĀTU GAĻU 1KG,etop.lv,4.69 € - 4.79 €,2.99,2.99,€/kg,https://cdn.etop.lv/products/4750385000626-328x328.png
GARDUMS SUŅIEM FRISKIES PICNIC AR VISTAS GAĻU 42G,etop.lv,0.89 € - 0.95 €,0.65,15.48,€/kg,https://cdn.etop.lv/products/7613035236936-328x328.png
SVECE ĀRA STIKLA AR VĀCIŅU BALTA S-19 8H 11.5CM,etop.lv,0.75 € - 1.19 €,0.65,,,https://cdn.etop.lv/products/4771086346233-328x328.png
GURĶI SPILVA MARINĒTI 3-6CM 670G,etop.lv,3.49 € - 3.85 €,2.79,4.16,€/kg,https://cdn.etop.lv/products/4750022074096-328x328.png
RUDZU MAIZE LATVIJAS ZELTENE PILNGRAUDU 800G,etop.lv,1.80 € - 1.83 €,1.25,1.56,€/kg,https://cdn.etop.lv/products/4750192720892-328x328.png
SALĀTI SPILVA GURĶU-SINEPJU 390G,etop.lv,3.79 € - 3.85 €,2.89,7.41,€/kg,https://cdn.etop.lv/products/4750022056153-328x328.png
PELMEŅI RGK MĀJAS AR CŪKGAĻU 500G,etop.lv,2.99 € - 3.29 €,1.99,3.98,€/kg,https://cdn.etop.lv/products/4750170012032-328x328.png
SULAS DZĒRIENS TYMBARK MANGO 1L,etop.lv,2.09 € - 2.23 €,1.49,1.49,€/l,https://cdn.etop.lv/products/5900334007780-328x328.png
KAFIJAS PUPIŅAS PAULIG ARABICA 1KG,etop.lv,,31.99,31.99,€/kg,https://cdn.etop.lv/products/6418474039008-328x328.png
KAFIJA MALTA DALLMAYR CLASSIC 500G,etop.lv,10.99 € - 17.99 €,9.49,18.98,€/kg,https://cdn.etop.lv/products/4008167023609-328x328.png
UZTURA BAGĀTINĀTAJS KONF.ASKORBINKA VITAMĪNS C 30G 10GAB,etop.lv,0.49 € - 0.55 €,0.37,12.33,€/kg,https://cdn.etop.lv/products/4820011182245-328x328.png
UZTURA BAGĀTINĀTAJS KONFEKTES VITAMĪNS C  APELSĪNU 30G 10GAB,etop.lv,0.49 € - 0.55 €,0.37,12.33,€/kg,https://cdn.etop.lv/products/4820011183068-328x328.png
UZTURA BAGĀTINĀTAJS KONFEKTES VITAMĪNS C  CITRONU 30G 10GAB,etop.lv,0.53 € - 0.55 €,0.37,12.33,€/kg,https://cdn.etop.lv/products/4820011182207-328x328.png
KONSERVI RGK AUGSTĀKĀ LABUMA CŪKGAĻA SAUTĒTA 325G,etop.lv,,2.49,7.66,€/kg,https://cdn.etop.lv/products/4751005454812-328x328.png
SĒRKOCIŅI TIP TOP SAFETY MATCHES TOP LOGO,etop.lv,,0.04,,,https://cdn.etop.lv/products/4751023453194-328x328.png
ZAĻIE ZIRNĪŠI BONDUELLE 800G,etop.lv,,4.19,5.24,€/kg,https://cdn.etop.lv/products/3083680004275-328x328.png
KUKURŪZA BONDUELLE 670G,etop.lv,,4.59,6.85,€/kg,https://cdn.etop.lv/products/3083680009836-328x328.png
UZTURA BAGĀTINĀTĀJS SĪRUPS BRONHOSIL 100ML,etop.lv,7.49 € - 7.99 €,4.89,48.90,€/l,https://cdn.etop.lv/products/4751008081800-328x328.png
D SĪRUPS SPILVA MOJITO 360ML,etop.lv,1.69 € - 1.79 €,1.29,3.58,€/l,https://cdn.etop.lv/products/4750022002648-328x328.png
D SĪRUPS SPILVA MEŽROZĪŠU 400ML,etop.lv,3.79 € - 4.19 €,2.89,7.22,€/l,https://cdn.etop.lv/products/4750022002693-328x328.png
PIENA ŠOKOLĀDE MILKA PEANUT CARAMEL 276G,etop.lv,6.49 € - 6.65 €,4.29,15.54,€/kg,https://cdn.etop.lv/products/7622210604187-328x328.png
TUMŠĀ ŠOKOLĀDE VALOR BEZ CUKURA 70% 100G,etop.lv,4.29 € - 4.59 €,3.69,36.90,€/kg,https://cdn.etop.lv/products/8410109050882-328x328.png
BIEZPIENA SIERIŅŠ KĀRUMS AR MAGONĒM UN PLOMBĪRA GARŠU 45G,etop.lv,,0.52,11.56,€/kg,https://cdn.etop.lv/products/4750025000665-328x328.png
KRUASĀNS 7DAYS DOUBLE COCOA VANILLA MINI 185G,etop.lv,1.99 € - 2.29 €,1.59,8.59,€/kg,https://cdn.etop.lv/products/7622202215537-328x328.png
KOKOSRIEKSTU PIENS DECHOICE 400ML,etop.lv,,1.69,4.22,€/l,https://cdn.etop.lv/products/8858871800197-328x328.png
D LIMONĀDE MEŽA OGA GĀZ. 1.5L PET,etop.lv,1.75 € - 1.77 €,1.09,0.73,€/l,https://cdn.etop.lv/products/4750142006823-328x328.png
D LIMONĀDE ZVANIŅŠ GĀZ. 1.5L PET,etop.lv,1.75 € - 1.77 €,1.09,0.73,€/l,https://cdn.etop.lv/products/4750142006915-328x328.png
SAUSĀS BROKASTIS TIP TOP PĀRSLAS AR KAKAO 200G,etop.lv,,0.89,4.45,€/kg,https://cdn.etop.lv/products/4751023452579-328x328.png
SAUSĀS BROKASTIS TIP TOP SPILVENTIŅI AR VANIĻAS GARŠU 175G,etop.lv,,0.99,5.66,€/kg,https://cdn.etop.lv/products/4751023452609-328x328.png
SAUSĀS BROKASTIS TIP TOP BUMBIŅAS AR KAKAO 200G,etop.lv,,0.89,4.45,€/kg,https://cdn.etop.lv/products/4751023452586-328x328.png
SAUSĀS BROKASTIS TIP TOP KVIEŠI AR MEDU 200G,etop.lv,,0.99,4.95,€/kg,https://cdn.etop.lv/products/4751023452562-328x328.png
SAUSĀS BROKASTIS TIP TOP SPILVENTIŅI AR ŠOK.GARŠU 175G,etop.lv,,0.99,5.66,€/kg,https://cdn.etop.lv/products/4751023452593-328x328.png
KONSERVI TUNCIS BLIK GABALIŅOS SAVĀ SULĀ 185G,etop.lv,1.79 € - 1.99 €,1.49,8.05,€/kg,https://cdn.etop.lv/products/4750234101757-328x328.png
KONSERVI TUNCIS BLIK GABALIŅOS EĻĻĀ 185G,etop.lv,1.79 € - 1.99 €,1.49,8.05,€/kg,https://cdn.etop.lv/products/4750234101740-328x328.png
KONSERVI LASIS BANGA TERYAKI MERCĒ 120G,etop.lv,2.99 € - 3.29 €,2.29,19.08,€/kg,https://cdn.etop.lv/products/4751017404270-328x328.png
ČIPSI LAY'S OVEN BAKED AR JOGURTA UN ZAĻUMU GARŠU 110G,etop.lv,2.69 € - 2.99 €,1.59,14.45,€/kg,https://cdn.etop.lv/products/5900259128843-328x328.png
KAFIJAS KAPSULAS NESCAFE DG GRANDE INTENSO 132.8G,etop.lv,,8.69,65.44,€/kg,https://cdn.etop.lv/products/8445290448668-328x328.png
SKĀBAIS KRĒMS TUKUMA 20% 400G POLIPAKA,etop.lv,1.19 € - 1.35 €,0.99,2.48,€/kg,https://cdn.etop.lv/products/4750072041864-328x328.png
TĪR.LĪDZEKLIS KH-7 VIRTUVES UN TAUKU TĪRĪTĀJS 750ML,etop.lv,4.49 € - 7.09 €,4.19,5.59,€/l,https://cdn.etop.lv/products/8420822121080-328x328.png
D DZĒRIENS SCHWEPPES PINK MIXER GĀZ. 1.5L PET,etop.lv,,3.25,2.17,€/l,https://cdn.etop.lv/products/5000112664638-328x328.png
PAPĪRA DVIELIS OOOPS! EXPRESS 2KĀRTAS 1RULLIS 375LAPAS,etop.lv,4.29 € - 4.45 €,3.09,,,https://cdn.etop.lv/products/5998648706086-328x328.png
SIERS HOLANDES SMILTENE ŠĶĒLĒS 150G,etop.lv,1.99 € - 2.29 €,1.69,11.27,€/kg,https://cdn.etop.lv/products/4750109001878-328x328.png
KREKERI STIRATINI AR SEZAMU 250G,etop.lv,1.89 € - 2.35 €,1.49,5.96,€/kg,https://cdn.etop.lv/products/9002859063770-328x328.png
KREKERI STIRATINI AR OLĪVU EĻĻU UN ROZMARĪNU 250G,etop.lv,1.89 € - 2.35 €,1.49,5.96,€/kg,https://cdn.etop.lv/products/9002859038419-328x328.png
MĒRCE OAK'A BBQ MANGO SALĀTU 370G,etop.lv,3.99 € - 4.99 €,3.19,8.62,€/kg,https://cdn.etop.lv/products/4751032370482-328x328.png
TOMĀTU MĒRCE KOK AR ZAĻUMIEM 500G STĀVPAKĀ,etop.lv,1.99 € - 2.19 €,1.49,2.98,€/kg,https://cdn.etop.lv/products/4751010864965-328x328.png
SIERS HOLANDES TIP TOP ŠĶĒLĒS 150G,etop.lv,,1.39,9.27,€/kg,https://cdn.etop.lv/products/4751023452623-328x328.png
SIERS TILZĪTES TIP TOP 200G,etop.lv,,1.99,9.95,€/kg,https://cdn.etop.lv/products/4751023452661-328x328.png
SIERS TILZĪTES TIP TOP ŠĶĒLĒS 150G,etop.lv,,1.39,9.27,€/kg,https://cdn.etop.lv/products/4751023452616-328x328.png
SIERS HOLANDES TIP TOP 200G,etop.lv,,1.99,9.95,€/kg,https://cdn.etop.lv/products/4751023452654-328x328.png
AUTIŅBIKSĪTES HAPPY MINI S2 3-6 KG 38GAB,etop.lv,8.99 € - 10.59 €,5.99,1.00,€/kg,https://cdn.etop.lv/products/5900516605353-328x328.png
AUTIŅBIKSĪTES HAPPY MIDI S3 5-9KG 50GAB,etop.lv,11.99 € - 14.99 €,7.99,0.89,€/kg,https://cdn.etop.lv/products/5900516605391-328x328.png
AUTIŅBIKSĪTES HAPPY MAXI S4 8-18KG 44GAB,etop.lv,11.99 € - 14.99 €,7.99,0.44,€/kg,https://cdn.etop.lv/products/5900516605438-328x328.png
